invoice_id,order_id,customer_id,merchant_id,amount,currency,status,issued_at,due_at
INV_000001,ORD_000001,CUST_001023,MERCH_0075,23.00,USD,PAID,2026-01-09 15:05:37,2026-02-08 15:05:37
INV_000002,ORD_000002,CUST_003538,MERCH_0079,382.00,EUR,PAID,2026-01-07 16:49:08,2026-02-06 16:49:08
INV_000003,ORD_000003,CUST_000087,MERCH_0077,184.80,EUR,PAID,2026-02-14 07:45:29,2026-03-16 07:45:29
INV_000004,ORD_000004,CUST_002689,MERCH_0067,23.49,CAD,PAID,2026-02-27 08:47:15,2026-03-29 08:47:15
INV_000005,ORD_000005,CUST_003449,MERCH_0046,32.80,EUR,PAID,2026-02-17 01:37:30,2026-03-19 01:37:30
INV_000006,ORD_000006,CUST_002931,MERCH_0066,54.50,USD,PAID,2026-01-31 12:41:16,2026-03-02 12:41:16
INV_000008,ORD_000008,CUST_003898,MERCH_0025,2969.99,USD,PAID,2026-03-09 18:13:30,2026-04-08 18:13:30
INV_000009,ORD_000009,CUST_003722,MERCH_0014,15.80,USD,PAID,2026-03-27 09:09:25,2026-04-26 09:09:25
INV_000010,ORD_000010,CUST_001959,MERCH_0028,38.25,USD,PAID,2026-02-17 00:08:11,2026-03-19 00:08:11
INV_000011,ORD_000011,CUST_000944,MERCH_0072,61.80,USD,PAID,2026-01-15 03:43:14,2026-02-14 03:43:14
INV_000012,ORD_000012,CUST_002147,MERCH_0029,332.99,GBP,PAID,2026-03-12 02:43:39,2026-04-11 02:43:39
INV_000013,ORD_000013,CUST_001125,MERCH_0003,41.49,GBP,PAID,2026-02-07 02:23:14,2026-03-09 02:23:14
INV_000014,ORD_000014,CUST_000536,MERCH_0092,277.50,EUR,PAID,2026-01-12 19:37:34,2026-02-11 19:37:34
INV_000015,ORD_000015,CUST_002004,MERCH_0082,1855.75,USD,PAID,2026-03-31 17:53:02,2026-04-30 17:53:02
INV_000017,ORD_000017,CUST_003180,MERCH_0066,556.99,GBP,PAID,2026-03-15 06:15:28,2026-04-14 06:15:28
INV_000018,ORD_000018,CUST_004054,MERCH_0092,15000.00,INR,PAID,2026-02-16 07:14:11,2026-03-18 07:14:11
INV_000019,ORD_000019,CUST_003704,MERCH_0026,999.00,INR,PAID,2026-03-26 02:47:40,2026-04-25 02:47:40
INV_000020,ORD_000020,CUST_004511,MERCH_0033,60.49,EUR,PAID,2026-01-09 12:48:09,2026-02-08 12:48:09
INV_000021,ORD_000021,CUST_003696,MERCH_0055,78.25,GBP,PAID,2026-02-15 17:06:21,2026-03-17 17:06:21
INV_000022,ORD_000022,CUST_002176,MERCH_0030,1857.99,USD,PAID,2026-03-04 23:10:08,2026-04-03 23:10:08
INV_000023,ORD_000023,CUST_002952,MERCH_0010,57.75,GBP,PAID,2026-01-05 00:48:07,2026-02-04 00:48:07
INV_000024,ORD_000024,CUST_004450,MERCH_0097,1499.00,INR,PAID,2026-03-30 21:03:19,2026-04-29 21:03:19
INV_000025,ORD_000025,CUST_004200,MERCH_0061,41.25,EUR,PAID,2026-03-16 05:18:57,2026-04-15 05:18:57
INV_000026,ORD_000026,CUST_000704,MERCH_0044,508.25,CAD,PAID,2026-01-31 16:58:02,2026-03-02 16:58:02
INV_000027,ORD_000027,CUST_004731,MERCH_0018,690.95,EUR,PAID,2026-03-27 03:03:08,2026-04-26 03:03:08
INV_000029,ORD_000029,CUST_004940,MERCH_0073,1487.25,EUR,PAID,2026-03-31 01:02:48,2026-04-30 01:02:48
INV_000030,ORD_000030,CUST_002694,MERCH_0014,28.95,USD,PAID,2026-02-25 14:23:58,2026-03-27 14:23:58
INV_000031,ORD_000031,CUST_002326,MERCH_0050,15000.00,INR,PAID,2026-01-21 07:36:49,2026-02-20 07:36:49
INV_000032,ORD_000032,CUST_002677,MERCH_0022,29.25,GBP,PAID,2026-03-25 18:36:47,2026-04-24 18:36:47
INV_000033,ORD_000033,CUST_001065,MERCH_0027,567.95,CAD,PAID,2026-03-26 19:34:36,2026-04-25 19:34:36
INV_000034,ORD_000034,CUST_001653,MERCH_0036,66.80,EUR,PAID,2026-01-02 00:24:38,2026-02-01 00:24:38
INV_000035,ORD_000035,CUST_003791,MERCH_0059,73.49,USD,PAID,2026-02-26 05:40:11,2026-03-28 05:40:11
INV_000036,ORD_000036,CUST_001435,MERCH_0079,9999.00,INR,PAID,2026-02-10 14:36:34,2026-03-12 14:36:34
INV_000037,ORD_000037,CUST_000358,MERCH_0051,2853.95,GBP,PAID,2026-01-24 13:44:49,2026-02-23 13:44:49
INV_000038,ORD_000038,CUST_000862,MERCH_0010,339.25,USD,PAID,2026-02-19 06:42:30,2026-03-21 06:42:30
INV_000039,ORD_000039,CUST_003784,MERCH_0082,2275.25,USD,PAID,2026-02-07 08:04:24,2026-03-09 08:04:24
INV_000040,ORD_000040,CUST_003804,MERCH_0086,46.49,USD,PAID,2026-02-17 09:01:15,2026-03-19 09:01:15
INV_000041,ORD_000041,CUST_000148,MERCH_0022,65.50,EUR,PAID,2026-03-01 06:14:09,2026-03-31 06:14:09
INV_000042,ORD_000042,CUST_002934,MERCH_0057,2831.00,CAD,PAID,2026-01-18 14:04:50,2026-02-17 14:04:50
INV_000043,ORD_000043,CUST_002526,MERCH_0050,63.00,USD,PAID,2026-02-13 10:16:50,2026-03-15 10:16:50
INV_000044,ORD_000044,CUST_000132,MERCH_0012,39.00,USD,PAID,2026-02-11 05:48:31,2026-03-13 05:48:31
INV_000045,ORD_000045,CUST_001369,MERCH_0022,411.49,GBP,PAID,2026-01-05 13:48:23,2026-02-04 13:48:23
INV_000046,ORD_000046,CUST_000990,MERCH_0055,37.49,CAD,PAID,2026-01-23 21:03:00,2026-02-22 21:03:00
INV_000047,ORD_000047,CUST_003759,MERCH_0028,458.95,USD,PAID,2026-01-22 16:42:40,2026-02-21 16:42:40
INV_000048,ORD_000048,CUST_000835,MERCH_0064,27.50,GBP,PAID,2026-03-11 11:54:04,2026-04-10 11:54:04
INV_000049,ORD_000049,CUST_002605,MERCH_0023,499.00,INR,PAID,2026-03-25 00:09:54,2026-04-24 00:09:54
INV_000050,ORD_000050,CUST_001905,MERCH_0066,30.00,USD,PAID,2026-02-19 04:43:13,2026-03-21 04:43:13
INV_000051,ORD_000051,CUST_000491,MERCH_0011,34.80,EUR,PAID,2026-01-14 16:13:39,2026-02-13 16:13:39
INV_000052,ORD_000052,CUST_002693,MERCH_0095,15000.00,INR,PAID,2026-01-14 07:58:53,2026-02-13 07:58:53
INV_000053,ORD_000053,CUST_000195,MERCH_0097,21.99,USD,PAID,2026-01-23 13:17:55,2026-02-22 13:17:55
INV_000054,ORD_000054,CUST_001504,MERCH_0042,77.00,GBP,PAID,2026-02-13 06:29:32,2026-03-15 06:29:32
INV_000055,ORD_000055,CUST_004855,MERCH_0023,517.75,CAD,PAID,2026-02-23 14:20:23,2026-03-25 14:20:23
INV_000056,ORD_000056,CUST_001446,MERCH_0055,1499.00,INR,PAID,2026-03-01 03:11:08,2026-03-31 03:11:08
INV_000057,ORD_000057,CUST_002946,MERCH_0011,513.50,EUR,PAID,2026-02-08 23:14:36,2026-03-10 23:14:36
INV_000058,ORD_000058,CUST_003125,MERCH_0003,237.95,USD,PAID,2026-02-11 19:03:28,2026-03-13 19:03:28
INV_000059,ORD_000059,CUST_002321,MERCH_0059,32.80,GBP,PAID,2026-02-06 17:34:20,2026-03-08 17:34:20
INV_000060,ORD_000060,CUST_004102,MERCH_0002,506.80,EUR,PAID,2026-03-13 05:00:56,2026-04-12 05:00:56
INV_000061,ORD_000061,CUST_004820,MERCH_0083,1160.00,GBP,PAID,2026-01-08 05:18:17,2026-02-07 05:18:17
INV_000062,ORD_000062,CUST_002856,MERCH_0099,475.99,EUR,PAID,2026-02-19 18:36:24,2026-03-21 18:36:24
INV_000063,ORD_000063,CUST_000232,MERCH_0047,1499.00,INR,PAID,2026-03-10 00:39:34,2026-04-09 00:39:34
INV_000064,ORD_000064,CUST_004738,MERCH_0078,26.00,GBP,PAID,2026-03-06 15:08:50,2026-04-05 15:08:50
INV_000065,ORD_000065,CUST_001359,MERCH_0055,593.95,GBP,PAID,2026-03-22 20:40:23,2026-04-21 20:40:23
INV_000066,ORD_000066,CUST_000729,MERCH_0097,356.99,GBP,PAID,2026-01-11 22:19:37,2026-02-10 22:19:37
INV_000067,ORD_000067,CUST_004029,MERCH_0022,508.49,EUR,PAID,2026-01-01 11:09:42,2026-01-31 11:09:42
INV_000068,ORD_000068,CUST_003070,MERCH_0023,595.75,EUR,PAID,2026-01-19 09:47:36,2026-02-18 09:47:36
INV_000069,ORD_000069,CUST_001497,MERCH_0008,2325.95,CAD,PAID,2026-03-20 20:46:22,2026-04-19 20:46:22
INV_000070,ORD_000070,CUST_000703,MERCH_0038,18.95,EUR,PAID,2026-02-06 23:50:16,2026-03-08 23:50:16
INV_000071,ORD_000071,CUST_004772,MERCH_0086,15.49,USD,PAID,2026-03-18 22:16:09,2026-04-17 22:16:09
INV_000072,ORD_000072,CUST_003038,MERCH_0044,450.99,USD,PAID,2026-03-08 12:20:56,2026-04-07 12:20:56
INV_000073,ORD_000073,CUST_000821,MERCH_0043,223.25,USD,PAID,2026-01-01 14:28:16,2026-01-31 14:28:16
INV_000074,ORD_000074,CUST_003893,MERCH_0058,56.75,GBP,PAID,2026-02-20 07:05:11,2026-03-22 07:05:11
INV_000075,ORD_000075,CUST_004971,MERCH_0030,75.49,EUR,PAID,2026-02-17 08:04:03,2026-03-19 08:04:03
INV_000076,ORD_000076,CUST_001599,MERCH_0078,26.00,EUR,PAID,2026-03-11 09:58:42,2026-04-10 09:58:42
INV_000077,ORD_000077,CUST_000948,MERCH_0058,999.00,INR,PAID,2026-02-17 03:17:02,2026-03-19 03:17:02
INV_000078,ORD_000078,CUST_003142,MERCH_0042,1499.00,INR,PAID,2026-03-16 17:02:44,2026-04-15 17:02:44
INV_000079,ORD_000079,CUST_002727,MERCH_0012,15000.00,INR,PAID,2026-03-26 23:17:07,2026-04-25 23:17:07
INV_000080,ORD_000080,CUST_001832,MERCH_0030,26.95,EUR,PAID,2026-01-26 10:51:57,2026-02-25 10:51:57
INV_000081,ORD_000081,CUST_002568,MERCH_0017,39.00,USD,PAID,2026-02-07 05:26:07,2026-03-09 05:26:07
INV_000082,ORD_000082,CUST_001035,MERCH_0087,499.00,INR,PAID,2026-02-20 19:01:30,2026-03-22 19:01:30
INV_000083,ORD_000083,CUST_003734,MERCH_0064,19.95,EUR,PAID,2026-01-15 15:06:33,2026-02-14 15:06:33
INV_000084,ORD_000084,CUST_004702,MERCH_0091,466.75,GBP,PAID,2026-02-16 17:32:46,2026-03-18 17:32:46
INV_000085,ORD_000085,CUST_000431,MERCH_0090,387.80,GBP,PAID,2026-03-31 22:19:49,2026-04-30 22:19:49
INV_000086,ORD_000086,CUST_003214,MERCH_0071,2254.80,GBP,PAID,2026-02-03 02:04:21,2026-03-05 02:04:21
INV_000087,ORD_000087,CUST_004490,MERCH_0090,21.50,EUR,PAID,2026-02-08 12:43:22,2026-03-10 12:43:22
INV_000088,ORD_000088,CUST_003953,MERCH_0057,40.75,EUR,PAID,2026-01-29 13:30:09,2026-02-28 13:30:09
INV_000089,ORD_000089,CUST_003499,MERCH_0049,75.00,GBP,PAID,2026-03-08 07:05:19,2026-04-07 07:05:19
INV_000090,ORD_000090,CUST_003310,MERCH_0020,77.49,USD,PAID,2026-01-25 02:04:37,2026-02-24 02:04:37
INV_000091,ORD_000091,CUST_000735,MERCH_0086,71.25,USD,PAID,2026-03-17 20:09:38,2026-04-16 20:09:38
INV_000092,ORD_000092,CUST_004176,MERCH_0063,27.80,USD,PAID,2026-01-23 03:26:11,2026-02-22 03:26:11
INV_000093,ORD_000093,CUST_003553,MERCH_0090,23.50,USD,PAID,2026-01-30 06:14:13,2026-03-01 06:14:13
INV_000094,ORD_000094,CUST_000162,MERCH_0090,30.80,GBP,PAID,2026-02-08 12:43:44,2026-03-10 12:43:44
INV_000095,ORD_000095,CUST_004545,MERCH_0001,41.49,USD,PAID,2026-02-13 17:52:41,2026-03-15 17:52:41
INV_000096,ORD_000096,CUST_002979,MERCH_0039,3346.25,GBP,PAID,2026-02-23 04:16:25,2026-03-25 04:16:25
INV_000097,ORD_000097,CUST_004728,MERCH_0018,603.99,USD,PAID,2026-02-17 21:59:52,2026-03-19 21:59:52
INV_000098,ORD_000098,CUST_001161,MERCH_0025,302.50,CAD,PAID,2026-01-30 09:55:23,2026-03-01 09:55:23
INV_000099,ORD_000099,CUST_002089,MERCH_0071,166.50,EUR,PAID,2026-01-26 14:36:55,2026-02-25 14:36:55
INV_000100,ORD_000100,CUST_002207,MERCH_0010,604.75,GBP,PAID,2026-03-03 19:01:34,2026-04-02 19:01:34
INV_000101,ORD_000101,CUST_000213,MERCH_0049,1499.00,INR,PAID,2026-02-28 21:51:24,2026-03-30 21:51:24
INV_000102,ORD_000102,CUST_002699,MERCH_0009,1770.99,USD,PAID,2026-03-04 10:43:18,2026-04-03 10:43:18
INV_000103,ORD_000103,CUST_003090,MERCH_0013,207.49,EUR,PAID,2026-01-22 21:11:23,2026-02-21 21:11:23
INV_000104,ORD_000104,CUST_002859,MERCH_0068,182.95,USD,PAID,2026-03-10 07:55:46,2026-04-09 07:55:46
INV_000105,ORD_000105,CUST_004356,MERCH_0095,211.25,EUR,PAID,2026-02-23 21:24:17,2026-03-25 21:24:17
INV_000106,ORD_000106,CUST_003104,MERCH_0019,15000.00,INR,PAID,2026-02-25 09:40:44,2026-03-27 09:40:44
INV_000107,ORD_000107,CUST_003596,MERCH_0024,69.95,USD,PAID,2026-02-04 16:02:59,2026-03-06 16:02:59
INV_000108,ORD_000108,CUST_002504,MERCH_0012,159.49,USD,OVERPAID,2026-02-09 18:54:53,2026-03-11 18:54:53
INV_000109,ORD_000109,CUST_004540,MERCH_0037,220.25,USD,PAID,2026-02-18 03:49:29,2026-03-20 03:49:29
INV_000110,ORD_000110,CUST_001558,MERCH_0002,434.25,USD,PAID,2026-03-30 17:39:08,2026-04-29 17:39:08
INV_000111,ORD_000111,CUST_001381,MERCH_0058,61.75,CAD,PAID,2026-03-07 19:32:02,2026-04-06 19:32:02
INV_000112,ORD_000112,CUST_003106,MERCH_0064,46.49,EUR,PAID,2026-01-17 20:36:23,2026-02-16 20:36:23
INV_000113,ORD_000113,CUST_002405,MERCH_0062,484.00,CAD,PAID,2026-01-27 00:30:50,2026-02-26 00:30:50
INV_000114,ORD_000114,CUST_002915,MERCH_0008,60.80,EUR,PAID,2026-01-01 21:38:38,2026-01-31 21:38:38
INV_000115,ORD_000115,CUST_000831,MERCH_0002,80.75,EUR,PAID,2026-02-12 03:19:44,2026-03-14 03:19:44
INV_000116,ORD_000116,CUST_002050,MERCH_0099,61.25,EUR,PAID,2026-01-23 06:34:24,2026-02-22 06:34:24
INV_000117,ORD_000117,CUST_003600,MERCH_0085,86.99,EUR,PAID,2026-01-17 00:06:04,2026-02-16 00:06:04
INV_000118,ORD_000118,CUST_000330,MERCH_0037,113.25,EUR,PAID,2026-01-14 06:42:51,2026-02-13 06:42:51
INV_000119,ORD_000119,CUST_004007,MERCH_0054,66.50,EUR,PAID,2026-02-23 17:01:51,2026-03-25 17:01:51
INV_000120,ORD_000120,CUST_000174,MERCH_0014,323.99,EUR,PAID,2026-01-13 13:05:21,2026-02-12 13:05:21
INV_000121,ORD_000121,CUST_003934,MERCH_0056,69.80,USD,PAID,2026-01-29 09:46:22,2026-02-28 09:46:22
INV_000122,ORD_000122,CUST_000943,MERCH_0036,15000.00,INR,PAID,2026-03-26 05:07:16,2026-04-25 05:07:16
INV_000124,ORD_000124,CUST_001636,MERCH_0003,394.25,USD,PAID,2026-01-10 03:08:41,2026-02-09 03:08:41
INV_000125,ORD_000125,CUST_004177,MERCH_0008,49.00,GBP,PAID,2026-02-11 18:47:06,2026-03-13 18:47:06
INV_000126,ORD_000126,CUST_001489,MERCH_0007,410.00,USD,PAID,2026-01-05 06:53:42,2026-02-04 06:53:42
INV_000127,ORD_000127,CUST_004025,MERCH_0033,16.95,USD,PAID,2026-02-05 14:32:20,2026-03-07 14:32:20
INV_000128,ORD_000128,CUST_002961,MERCH_0095,50.99,USD,PAID,2026-03-14 10:27:25,2026-04-13 10:27:25
INV_000129,ORD_000129,CUST_004931,MERCH_0081,72.75,USD,PAID,2026-01-13 00:17:45,2026-02-12 00:17:45
INV_000130,ORD_000130,CUST_003885,MERCH_0093,39.50,CAD,PAID,2026-03-16 04:33:50,2026-04-15 04:33:50
INV_000131,ORD_000131,CUST_003674,MERCH_0047,68.25,EUR,PAID,2026-03-03 11:04:27,2026-04-02 11:04:27
INV_000132,ORD_000132,CUST_004639,MERCH_0006,626.25,CAD,PAID,2026-01-07 05:30:31,2026-02-06 05:30:31
INV_000133,ORD_000133,CUST_003197,MERCH_0072,15.95,EUR,PAID,2026-02-09 05:21:44,2026-03-11 05:21:44
INV_000134,ORD_000134,CUST_004302,MERCH_0065,49.75,USD,PAID,2026-01-26 10:55:42,2026-02-25 10:55:42
INV_000135,ORD_000135,CUST_002391,MERCH_0031,1788.50,GBP,PAID,2026-01-05 02:43:16,2026-02-04 02:43:16
INV_000136,ORD_000136,CUST_000952,MERCH_0069,458.99,GBP,PAID,2026-01-01 11:05:43,2026-01-31 11:05:43
INV_000137,ORD_000137,CUST_002416,MERCH_0053,305.00,USD,PAID,2026-02-01 20:05:16,2026-03-03 20:05:16
INV_000138,ORD_000138,CUST_004779,MERCH_0100,3249.95,EUR,PAID,2026-01-11 15:21:46,2026-02-10 15:21:46
INV_000139,ORD_000139,CUST_004765,MERCH_0027,525.50,EUR,PAID,2026-03-03 11:18:30,2026-04-02 11:18:30
INV_000140,ORD_000140,CUST_001516,MERCH_0059,265.75,GBP,OVERPAID,2026-03-21 12:05:51,2026-04-20 12:05:51
INV_000141,ORD_000141,CUST_004980,MERCH_0088,46.50,USD,PAID,2026-01-19 12:57:03,2026-02-18 12:57:03
INV_000142,ORD_000142,CUST_000097,MERCH_0094,29.25,EUR,PAID,2026-02-28 21:41:32,2026-03-30 21:41:32
INV_000143,ORD_000143,CUST_000685,MERCH_0099,90.00,EUR,PAID,2026-01-27 07:30:05,2026-02-26 07:30:05
INV_000144,ORD_000144,CUST_003936,MERCH_0018,395.80,USD,PAID,2026-03-16 01:34:48,2026-04-15 01:34:48
INV_000145,ORD_000145,CUST_002192,MERCH_0089,20.49,GBP,PAID,2026-03-03 05:29:52,2026-04-02 05:29:52
INV_000146,ORD_000146,CUST_001838,MERCH_0001,2499.00,INR,PAID,2026-01-03 15:28:33,2026-02-02 15:28:33
INV_000147,ORD_000147,CUST_000921,MERCH_0088,51.49,GBP,PAID,2026-02-18 01:52:30,2026-03-20 01:52:30
INV_000148,ORD_000148,CUST_000356,MERCH_0011,423.50,EUR,PAID,2026-03-01 00:20:07,2026-03-31 00:20:07
INV_000149,ORD_000149,CUST_002352,MERCH_0080,3361.95,EUR,PAID,2026-02-04 03:26:50,2026-03-06 03:26:50
INV_000150,ORD_000150,CUST_001201,MERCH_0100,570.25,EUR,PAID,2026-02-01 10:06:02,2026-03-03 10:06:02
INV_000151,ORD_000151,CUST_000741,MERCH_0019,442.50,EUR,PAID,2026-02-01 16:10:08,2026-03-03 16:10:08
INV_000152,ORD_000152,CUST_002015,MERCH_0018,585.80,GBP,PAID,2026-02-07 12:14:10,2026-03-09 12:14:10
INV_000153,ORD_000153,CUST_003456,MERCH_0075,321.75,USD,PAID,2026-02-21 11:47:22,2026-03-23 11:47:22
INV_000154,ORD_000154,CUST_001095,MERCH_0061,2129.00,EUR,PAID,2026-03-31 16:52:43,2026-04-30 16:52:43
INV_000155,ORD_000155,CUST_004518,MERCH_0019,43.75,GBP,PAID,2026-03-30 22:28:12,2026-04-29 22:28:12
INV_000156,ORD_000156,CUST_000216,MERCH_0094,28.99,GBP,PAID,2026-03-09 21:22:59,2026-04-08 21:22:59
INV_000157,ORD_000157,CUST_001204,MERCH_0004,16.49,EUR,PAID,2026-02-05 18:06:50,2026-03-07 18:06:50
INV_000158,ORD_000158,CUST_001148,MERCH_0061,426.95,CAD,PAID,2026-03-14 22:17:57,2026-04-13 22:17:57
INV_000159,ORD_000159,CUST_001278,MERCH_0015,258.00,GBP,PAID,2026-01-07 03:33:43,2026-02-06 03:33:43
INV_000160,ORD_000160,CUST_002114,MERCH_0071,514.95,USD,PAID,2026-03-31 13:24:30,2026-04-30 13:24:30
INV_000161,ORD_000161,CUST_001736,MERCH_0017,38.00,EUR,PAID,2026-02-09 04:08:18,2026-03-11 04:08:18
INV_000162,ORD_000162,CUST_003319,MERCH_0041,62.50,EUR,PAID,2026-03-22 15:06:26,2026-04-21 15:06:26
INV_000163,ORD_000163,CUST_002972,MERCH_0010,35.00,USD,PAID,2026-02-28 21:21:05,2026-03-30 21:21:05
INV_000164,ORD_000164,CUST_004520,MERCH_0025,25.00,GBP,PAID,2026-01-20 21:22:19,2026-02-19 21:22:19
INV_000165,ORD_000165,CUST_002578,MERCH_0007,1807.00,USD,PAID,2026-01-10 08:34:49,2026-02-09 08:34:49
INV_000166,ORD_000166,CUST_002916,MERCH_0093,1999.00,INR,PAID,2026-01-13 20:55:46,2026-02-12 20:55:46
INV_000167,ORD_000167,CUST_004811,MERCH_0004,119.80,EUR,PAID,2026-03-19 14:43:33,2026-04-18 14:43:33
INV_000168,ORD_000168,CUST_001898,MERCH_0092,245.50,CAD,PAID,2026-03-28 04:10:22,2026-04-27 04:10:22
INV_000169,ORD_000169,CUST_001075,MERCH_0058,522.99,USD,PAID,2026-02-03 05:08:31,2026-03-05 05:08:31
INV_000170,ORD_000170,CUST_004972,MERCH_0079,16.80,EUR,PAID,2026-01-08 13:51:31,2026-02-07 13:51:31
INV_000171,ORD_000171,CUST_004088,MERCH_0012,52.99,USD,OVERPAID,2026-01-10 11:09:05,2026-02-09 11:09:05
INV_000172,ORD_000172,CUST_001468,MERCH_0010,1699.95,USD,OVERPAID,2026-03-11 07:23:46,2026-04-10 07:23:46
INV_000173,ORD_000173,CUST_002978,MERCH_0006,213.25,USD,PAID,2026-03-25 17:09:21,2026-04-24 17:09:21
INV_000174,ORD_000174,CUST_003385,MERCH_0088,3446.95,USD,PAID,2026-02-19 10:11:52,2026-03-21 10:11:52
INV_000175,ORD_000175,CUST_000863,MERCH_0020,155.50,EUR,PAID,2026-01-29 12:48:17,2026-02-28 12:48:17
INV_000176,ORD_000176,CUST_003838,MERCH_0060,38.80,GBP,PAID,2026-03-04 16:54:50,2026-04-03 16:54:50
INV_000178,ORD_000178,CUST_001193,MERCH_0061,470.99,CAD,PAID,2026-03-04 10:52:44,2026-04-03 10:52:44
INV_000179,ORD_000179,CUST_001733,MERCH_0007,37.25,USD,PAID,2026-03-26 14:24:04,2026-04-25 14:24:04
INV_000180,ORD_000180,CUST_003699,MERCH_0092,346.75,GBP,PAID,2026-03-26 21:17:02,2026-04-25 21:17:02
INV_000181,ORD_000181,CUST_001627,MERCH_0022,245.80,GBP,PAID,2026-02-04 05:20:21,2026-03-06 05:20:21
INV_000182,ORD_000182,CUST_004892,MERCH_0072,55.50,USD,PAID,2026-01-20 14:26:41,2026-02-19 14:26:41
INV_000183,ORD_000183,CUST_003330,MERCH_0015,1165.00,CAD,PAID,2026-01-26 19:49:28,2026-02-25 19:49:28
INV_000184,ORD_000184,CUST_001538,MERCH_0028,302.50,GBP,PAID,2026-02-11 02:46:52,2026-03-13 02:46:52
INV_000185,ORD_000185,CUST_000133,MERCH_0047,547.49,USD,PAID,2026-01-30 15:03:53,2026-03-01 15:03:53
INV_000186,ORD_000186,CUST_002752,MERCH_0067,262.80,GBP,PAID,2026-01-12 07:28:40,2026-02-11 07:28:40
INV_000187,ORD_000187,CUST_003584,MERCH_0037,1076.49,USD,PAID,2026-03-03 20:48:37,2026-04-02 20:48:37
INV_000188,ORD_000188,CUST_004463,MERCH_0064,114.80,GBP,PAID,2026-01-10 23:56:21,2026-02-09 23:56:21
INV_000189,ORD_000189,CUST_003725,MERCH_0029,75.49,EUR,PAID,2026-02-23 20:50:34,2026-03-25 20:50:34
INV_000190,ORD_000190,CUST_003070,MERCH_0001,1499.00,INR,PAID,2026-03-18 06:17:56,2026-04-17 06:17:56
INV_000191,ORD_000191,CUST_000268,MERCH_0054,612.50,USD,PAID,2026-01-02 19:19:15,2026-02-01 19:19:15
INV_000192,ORD_000192,CUST_003523,MERCH_0074,65.25,GBP,OVERPAID,2026-01-24 19:22:26,2026-02-23 19:22:26
INV_000193,ORD_000193,CUST_001424,MERCH_0094,182.50,USD,PAID,2026-02-09 10:24:07,2026-03-11 10:24:07
INV_000194,ORD_000194,CUST_003212,MERCH_0074,243.95,GBP,PAID,2026-03-24 04:06:14,2026-04-23 04:06:14
INV_000195,ORD_000195,CUST_004861,MERCH_0002,106.49,USD,PAID,2026-01-16 03:46:44,2026-02-15 03:46:44
INV_000196,ORD_000196,CUST_001817,MERCH_0031,468.75,CAD,PAID,2026-01-30 03:31:46,2026-03-01 03:31:46
INV_000197,ORD_000197,CUST_004747,MERCH_0082,206.49,EUR,PAID,2026-03-26 11:52:51,2026-04-25 11:52:51
INV_000198,ORD_000198,CUST_004049,MERCH_0010,77.75,EUR,PAID,2026-03-24 08:00:56,2026-04-23 08:00:56
INV_000199,ORD_000199,CUST_003440,MERCH_0027,265.80,USD,OVERPAID,2026-02-06 18:19:21,2026-03-08 18:19:21
INV_000200,ORD_000200,CUST_003965,MERCH_0045,47.00,EUR,PAID,2026-03-01 22:27:07,2026-03-31 22:27:07
INV_000202,ORD_000202,CUST_001633,MERCH_0062,588.95,EUR,PAID,2026-01-10 05:41:18,2026-02-09 05:41:18
INV_000203,ORD_000203,CUST_002303,MERCH_0026,41.95,EUR,PAID,2026-02-08 10:45:02,2026-03-10 10:45:02
INV_000204,ORD_000204,CUST_000882,MERCH_0041,60.25,EUR,PAID,2026-03-01 06:21:05,2026-03-31 06:21:05
INV_000205,ORD_000205,CUST_004190,MERCH_0005,60.25,USD,PAID,2026-01-25 21:34:51,2026-02-24 21:34:51
INV_000206,ORD_000206,CUST_002931,MERCH_0024,461.75,USD,PAID,2026-01-25 02:43:57,2026-02-24 02:43:57
INV_000207,ORD_000207,CUST_000090,MERCH_0089,410.75,USD,PAID,2026-03-11 21:36:16,2026-04-10 21:36:16
INV_000208,ORD_000208,CUST_004320,MERCH_0028,157.95,EUR,PAID,2026-01-22 09:57:35,2026-02-21 09:57:35
INV_000209,ORD_000209,CUST_004047,MERCH_0007,208.95,USD,PAID,2026-02-18 17:41:27,2026-03-20 17:41:27
INV_000210,ORD_000210,CUST_000175,MERCH_0074,1815.00,USD,PAID,2026-01-28 23:13:02,2026-02-27 23:13:02
INV_000211,ORD_000211,CUST_002764,MERCH_0006,506.49,USD,PAID,2026-03-04 22:02:10,2026-04-03 22:02:10
INV_000212,ORD_000212,CUST_004559,MERCH_0011,483.80,USD,PAID,2026-03-17 12:09:48,2026-04-16 12:09:48
INV_000213,ORD_000213,CUST_000842,MERCH_0080,299.00,INR,PAID,2026-01-04 04:03:47,2026-02-03 04:03:47
INV_000214,ORD_000214,CUST_001566,MERCH_0012,866.00,EUR,PAID,2026-03-12 14:22:37,2026-04-11 14:22:37
INV_000215,ORD_000215,CUST_002698,MERCH_0034,36.25,EUR,PAID,2026-03-09 02:16:24,2026-04-08 02:16:24
INV_000216,ORD_000216,CUST_004786,MERCH_0019,615.80,GBP,PAID,2026-03-28 12:23:12,2026-04-27 12:23:12
INV_000217,ORD_000217,CUST_003955,MERCH_0042,165.95,USD,PAID,2026-01-23 05:33:23,2026-02-22 05:33:23
INV_000218,ORD_000218,CUST_004052,MERCH_0010,560.00,CAD,PAID,2026-01-07 03:56:55,2026-02-06 03:56:55
INV_000219,ORD_000219,CUST_004838,MERCH_0027,400.99,CAD,PAID,2026-03-16 06:05:45,2026-04-15 06:05:45
INV_000220,ORD_000220,CUST_001066,MERCH_0014,3192.25,EUR,PAID,2026-01-22 13:31:20,2026-02-21 13:31:20
INV_000221,ORD_000221,CUST_003466,MERCH_0036,9999.00,INR,PAID,2026-01-17 06:25:18,2026-02-16 06:25:18
INV_000222,ORD_000222,CUST_000136,MERCH_0031,75.50,USD,PAID,2026-03-29 02:45:58,2026-04-28 02:45:58
INV_000223,ORD_000223,CUST_004509,MERCH_0016,65.25,EUR,PAID,2026-01-09 11:21:23,2026-02-08 11:21:23
INV_000224,ORD_000224,CUST_002234,MERCH_0057,513.00,EUR,OVERPAID,2026-02-06 05:16:05,2026-03-08 05:16:05
INV_000225,ORD_000225,CUST_004977,MERCH_0068,21.25,CAD,PAID,2026-02-18 05:52:33,2026-03-20 05:52:33
INV_000226,ORD_000226,CUST_004713,MERCH_0005,4999.00,INR,PAID,2026-01-27 03:52:24,2026-02-26 03:52:24
INV_000227,ORD_000227,CUST_002198,MERCH_0094,436.50,CAD,PAID,2026-02-18 09:27:00,2026-03-20 09:27:00
INV_000229,ORD_000229,CUST_003730,MERCH_0043,102.80,USD,PAID,2026-01-15 02:08:46,2026-02-14 02:08:46
INV_000230,ORD_000230,CUST_002885,MERCH_0077,334.00,USD,PAID,2026-02-16 07:54:15,2026-03-18 07:54:15
INV_000231,ORD_000231,CUST_001201,MERCH_0097,57.49,EUR,PAID,2026-03-17 13:52:43,2026-04-16 13:52:43
INV_000232,ORD_000232,CUST_003986,MERCH_0085,60.80,EUR,PAID,2026-01-25 21:57:01,2026-02-24 21:57:01
INV_000233,ORD_000233,CUST_004255,MERCH_0035,67.00,GBP,PAID,2026-03-13 00:32:54,2026-04-12 00:32:54
INV_000234,ORD_000234,CUST_002002,MERCH_0004,26.99,GBP,PAID,2026-02-26 09:23:07,2026-03-28 09:23:07
INV_000235,ORD_000235,CUST_001434,MERCH_0068,1999.00,INR,PAID,2026-01-27 01:30:55,2026-02-26 01:30:55
INV_000236,ORD_000236,CUST_004748,MERCH_0006,546.49,USD,PAID,2026-02-20 18:57:08,2026-03-22 18:57:08
INV_000237,ORD_000237,CUST_004088,MERCH_0002,616.80,EUR,PAID,2026-03-08 20:39:34,2026-04-07 20:39:34
INV_000238,ORD_000238,CUST_000530,MERCH_0037,303.00,USD,PAID,2026-03-19 22:41:03,2026-04-18 22:41:03
INV_000239,ORD_000239,CUST_000042,MERCH_0040,32.00,EUR,PAID,2026-02-12 02:20:29,2026-03-14 02:20:29
INV_000240,ORD_000240,CUST_002218,MERCH_0012,163.25,CAD,PAID,2026-01-15 04:04:06,2026-02-14 04:04:06
INV_000241,ORD_000241,CUST_003165,MERCH_0087,1888.49,EUR,PAID,2026-02-11 08:14:37,2026-03-13 08:14:37
INV_000242,ORD_000242,CUST_001141,MERCH_0075,40.95,CAD,PAID,2026-03-08 15:51:13,2026-04-07 15:51:13
INV_000243,ORD_000243,CUST_003580,MERCH_0049,596.80,EUR,PAID,2026-01-10 14:57:41,2026-02-09 14:57:41
INV_000244,ORD_000244,CUST_003445,MERCH_0060,759.00,USD,PAID,2026-02-10 03:27:18,2026-03-12 03:27:18
INV_000245,ORD_000245,CUST_004196,MERCH_0075,65.95,EUR,PAID,2026-02-06 12:54:43,2026-03-08 12:54:43
INV_000246,ORD_000246,CUST_004244,MERCH_0098,28.49,USD,PAID,2026-02-14 23:40:31,2026-03-16 23:40:31
INV_000247,ORD_000247,CUST_002715,MERCH_0089,604.49,USD,PAID,2026-03-26 05:09:52,2026-04-25 05:09:52
INV_000248,ORD_000248,CUST_004058,MERCH_0072,1499.00,INR,PAID,2026-01-14 13:26:29,2026-02-13 13:26:29
INV_000249,ORD_000249,CUST_000001,MERCH_0009,334.49,EUR,PAID,2026-01-16 04:23:02,2026-02-15 04:23:02
INV_000250,ORD_000250,CUST_000998,MERCH_0008,1613.80,EUR,PAID,2026-01-30 09:53:22,2026-03-01 09:53:22
INV_000251,ORD_000251,CUST_001199,MERCH_0056,45.50,USD,PAID,2026-03-04 01:49:48,2026-04-03 01:49:48
INV_000252,ORD_000252,CUST_002372,MERCH_0038,50.80,EUR,PAID,2026-03-07 02:59:13,2026-04-06 02:59:13
INV_000253,ORD_000253,CUST_000230,MERCH_0019,92.49,USD,PAID,2026-01-28 20:01:17,2026-02-27 20:01:17
INV_000254,ORD_000254,CUST_001142,MERCH_0046,35.95,USD,PAID,2026-02-15 17:41:09,2026-03-17 17:41:09
INV_000255,ORD_000255,CUST_004302,MERCH_0091,34.49,CAD,PAID,2026-02-08 05:27:14,2026-03-10 05:27:14
INV_000256,ORD_000256,CUST_001148,MERCH_0092,2499.00,INR,PAID,2026-01-28 07:36:46,2026-02-27 07:36:46
INV_000257,ORD_000257,CUST_004154,MERCH_0074,799.00,INR,PAID,2026-03-17 14:23:29,2026-04-16 14:23:29
INV_000258,ORD_000258,CUST_000369,MERCH_0009,28.75,GBP,PAID,2026-01-04 03:59:27,2026-02-03 03:59:27
INV_000259,ORD_000259,CUST_001426,MERCH_0014,904.25,EUR,PAID,2026-03-13 00:23:35,2026-04-12 00:23:35
INV_000260,ORD_000260,CUST_000242,MERCH_0078,72.99,GBP,PAID,2026-03-31 23:48:46,2026-04-30 23:48:46
INV_000261,ORD_000261,CUST_004024,MERCH_0033,999.00,INR,OVERPAID,2026-02-12 18:37:00,2026-03-14 18:37:00
INV_000262,ORD_000262,CUST_000199,MERCH_0075,999.00,INR,PAID,2026-03-03 09:00:44,2026-04-02 09:00:44
INV_000263,ORD_000263,CUST_004478,MERCH_0073,78.99,USD,PAID,2026-03-26 05:26:37,2026-04-25 05:26:37
INV_000265,ORD_000265,CUST_000967,MERCH_0013,9999.00,INR,PAID,2026-02-18 17:39:01,2026-03-20 17:39:01
INV_000266,ORD_000266,CUST_002932,MERCH_0050,45.95,GBP,PAID,2026-01-07 21:42:29,2026-02-06 21:42:29
INV_000267,ORD_000267,CUST_000465,MERCH_0080,1728.80,EUR,PAID,2026-02-23 08:02:10,2026-03-25 08:02:10
INV_000268,ORD_000268,CUST_002741,MERCH_0026,57.50,USD,PAID,2026-03-28 12:28:19,2026-04-27 12:28:19
INV_000269,ORD_000269,CUST_004998,MERCH_0073,2355.99,USD,PAID,2026-03-10 13:27:13,2026-04-09 13:27:13
INV_000270,ORD_000270,CUST_002217,MERCH_0017,79.49,USD,PAID,2026-03-12 12:42:49,2026-04-11 12:42:49
INV_000271,ORD_000271,CUST_000176,MERCH_0030,469.75,USD,PAID,2026-01-06 16:11:24,2026-02-05 16:11:24
INV_000272,ORD_000272,CUST_003172,MERCH_0007,518.50,EUR,PAID,2026-03-16 15:57:02,2026-04-15 15:57:02
INV_000273,ORD_000273,CUST_001587,MERCH_0046,26.00,GBP,PAID,2026-02-03 15:27:26,2026-03-05 15:27:26
INV_000274,ORD_000274,CUST_002048,MERCH_0002,71.49,USD,PAID,2026-03-21 05:09:46,2026-04-20 05:09:46
INV_000275,ORD_000275,CUST_002001,MERCH_0084,206.25,EUR,PAID,2026-01-29 17:13:15,2026-02-28 17:13:15
INV_000276,ORD_000276,CUST_002925,MERCH_0091,1499.00,INR,PAID,2026-03-29 10:45:11,2026-04-28 10:45:11
INV_000277,ORD_000277,CUST_004436,MERCH_0041,67.00,EUR,PAID,2026-02-19 04:22:46,2026-03-21 04:22:46
INV_000278,ORD_000278,CUST_004268,MERCH_0018,33.75,USD,PAID,2026-01-23 16:51:15,2026-02-22 16:51:15
INV_000280,ORD_000280,CUST_004058,MERCH_0050,310.25,EUR,PAID,2026-01-03 03:26:12,2026-02-02 03:26:12
INV_000281,ORD_000281,CUST_002500,MERCH_0085,3144.99,GBP,PAID,2026-01-04 08:30:54,2026-02-03 08:30:54
INV_000282,ORD_000282,CUST_003556,MERCH_0044,647.00,GBP,PAID,2026-03-26 08:28:32,2026-04-25 08:28:32
INV_000283,ORD_000283,CUST_004656,MERCH_0074,63.95,CAD,PAID,2026-03-16 23:03:43,2026-04-15 23:03:43
INV_000284,ORD_000284,CUST_002248,MERCH_0036,1999.00,INR,PAID,2026-01-09 14:48:55,2026-02-08 14:48:55
INV_000285,ORD_000285,CUST_002053,MERCH_0035,56.00,GBP,PAID,2026-03-18 06:50:07,2026-04-17 06:50:07
INV_000286,ORD_000286,CUST_000073,MERCH_0057,650.99,USD,OVERPAID,2026-02-15 14:21:58,2026-03-17 14:21:58
INV_000287,ORD_000287,CUST_002573,MERCH_0071,50.50,USD,PAID,2026-01-07 12:13:55,2026-02-06 12:13:55
INV_000288,ORD_000288,CUST_001204,MERCH_0023,19.00,EUR,PAID,2026-03-26 21:20:03,2026-04-25 21:20:03
INV_000289,ORD_000289,CUST_001868,MERCH_0071,299.00,INR,PAID,2026-01-07 04:43:15,2026-02-06 04:43:15
INV_000291,ORD_000291,CUST_003408,MERCH_0088,1237.25,GBP,PAID,2026-01-08 05:56:29,2026-02-07 05:56:29
INV_000292,ORD_000292,CUST_003070,MERCH_0084,20.00,USD,PAID,2026-02-16 00:32:32,2026-03-18 00:32:32
INV_000293,ORD_000293,CUST_004185,MERCH_0041,2202.99,CAD,PAID,2026-03-11 19:09:36,2026-04-10 19:09:36
INV_000294,ORD_000294,CUST_001840,MERCH_0010,205.25,CAD,PAID,2026-02-25 04:50:58,2026-03-27 04:50:58
INV_000295,ORD_000295,CUST_002206,MERCH_0041,1997.95,USD,PAID,2026-01-20 05:30:16,2026-02-19 05:30:16
INV_000296,ORD_000296,CUST_000946,MERCH_0041,2499.00,INR,PAID,2026-03-09 14:48:38,2026-04-08 14:48:38
INV_000297,ORD_000297,CUST_003967,MERCH_0047,2499.00,INR,PAID,2026-03-01 01:34:41,2026-03-31 01:34:41
INV_000298,ORD_000298,CUST_002133,MERCH_0078,25.99,USD,PAID,2026-03-19 13:57:43,2026-04-18 13:57:43
INV_000299,ORD_000299,CUST_001623,MERCH_0099,30.80,GBP,PAID,2026-03-29 16:30:17,2026-04-28 16:30:17
INV_000300,ORD_000300,CUST_000828,MERCH_0096,36.25,USD,PAID,2026-01-13 14:18:42,2026-02-12 14:18:42
INV_000301,ORD_000301,CUST_001045,MERCH_0046,202.75,GBP,PAID,2026-02-09 08:31:03,2026-03-11 08:31:03
INV_000302,ORD_000302,CUST_002908,MERCH_0010,527.80,GBP,PAID,2026-02-13 21:07:07,2026-03-15 21:07:07
INV_000303,ORD_000303,CUST_000064,MERCH_0020,545.99,USD,PAID,2026-02-27 22:39:45,2026-03-29 22:39:45
INV_000304,ORD_000304,CUST_002289,MERCH_0076,58.75,EUR,PAID,2026-03-17 08:33:07,2026-04-16 08:33:07
INV_000305,ORD_000305,CUST_002645,MERCH_0037,822.50,USD,PAID,2026-02-07 14:04:33,2026-03-09 14:04:33
INV_000306,ORD_000306,CUST_004712,MERCH_0036,51.99,EUR,PAID,2026-03-27 17:22:43,2026-04-26 17:22:43
INV_000307,ORD_000307,CUST_001388,MERCH_0029,999.00,INR,PAID,2026-01-29 07:50:15,2026-02-28 07:50:15
INV_000308,ORD_000308,CUST_004903,MERCH_0004,18.75,USD,PAID,2026-03-29 22:46:25,2026-04-28 22:46:25
INV_000309,ORD_000309,CUST_001034,MERCH_0067,1142.95,USD,PAID,2026-03-22 23:55:30,2026-04-21 23:55:30
INV_000310,ORD_000310,CUST_000955,MERCH_0036,415.75,USD,PAID,2026-02-04 15:36:48,2026-03-06 15:36:48
INV_000311,ORD_000311,CUST_004202,MERCH_0095,808.99,USD,PAID,2026-03-07 13:52:48,2026-04-06 13:52:48
INV_000312,ORD_000312,CUST_000292,MERCH_0072,63.00,GBP,PAID,2026-03-03 21:41:07,2026-04-02 21:41:07
INV_000313,ORD_000313,CUST_001080,MERCH_0037,1528.49,GBP,PAID,2026-01-20 14:10:30,2026-02-19 14:10:30
INV_000314,ORD_000314,CUST_001460,MERCH_0091,321.95,GBP,PAID,2026-01-05 01:59:24,2026-02-04 01:59:24
INV_000315,ORD_000315,CUST_002394,MERCH_0030,482.80,EUR,PAID,2026-03-07 04:02:47,2026-04-06 04:02:47
INV_000316,ORD_000316,CUST_000921,MERCH_0029,1983.25,USD,PAID,2026-03-27 19:51:04,2026-04-26 19:51:04
INV_000317,ORD_000317,CUST_002613,MERCH_0060,212.99,EUR,PAID,2026-03-06 10:45:22,2026-04-05 10:45:22
INV_000318,ORD_000318,CUST_002384,MERCH_0004,2326.75,CAD,PAID,2026-01-27 07:38:28,2026-02-26 07:38:28
INV_000319,ORD_000319,CUST_003207,MERCH_0053,21.25,USD,PAID,2026-03-20 20:34:40,2026-04-19 20:34:40
INV_000320,ORD_000320,CUST_002528,MERCH_0006,251.75,GBP,PAID,2026-02-13 18:46:05,2026-03-15 18:46:05
INV_000321,ORD_000321,CUST_004422,MERCH_0078,57.25,USD,PAID,2026-01-03 05:31:00,2026-02-02 05:31:00
INV_000322,ORD_000322,CUST_004249,MERCH_0007,2845.75,EUR,PAID,2026-01-21 17:24:54,2026-02-20 17:24:54
INV_000323,ORD_000323,CUST_002716,MERCH_0048,798.75,CAD,PAID,2026-02-10 11:10:50,2026-03-12 11:10:50
INV_000324,ORD_000324,CUST_000347,MERCH_0063,46.95,USD,PAID,2026-01-16 13:20:34,2026-02-15 13:20:34
INV_000325,ORD_000325,CUST_001075,MERCH_0052,499.00,INR,PAID,2026-03-21 18:09:03,2026-04-20 18:09:03
INV_000326,ORD_000326,CUST_004438,MERCH_0096,481.49,EUR,PAID,2026-03-01 00:29:12,2026-03-31 00:29:12
INV_000327,ORD_000327,CUST_000192,MERCH_0066,999.00,INR,PAID,2026-01-30 15:43:11,2026-03-01 15:43:11
INV_000328,ORD_000328,CUST_001821,MERCH_0012,627.95,GBP,PAID,2026-02-09 18:29:09,2026-03-11 18:29:09
INV_000329,ORD_000329,CUST_004478,MERCH_0048,18.80,EUR,PAID,2026-03-11 16:11:20,2026-04-10 16:11:20
INV_000330,ORD_000330,CUST_002545,MERCH_0083,36.49,EUR,PAID,2026-02-02 13:37:50,2026-03-04 13:37:50
INV_000331,ORD_000331,CUST_003303,MERCH_0019,78.75,EUR,PAID,2026-03-02 04:00:20,2026-04-01 04:00:20
INV_000332,ORD_000332,CUST_004632,MERCH_0042,41.00,GBP,PAID,2026-02-28 10:28:32,2026-03-30 10:28:32
INV_000333,ORD_000333,CUST_001932,MERCH_0041,164.80,USD,PAID,2026-02-01 13:24:12,2026-03-03 13:24:12
INV_000334,ORD_000334,CUST_000112,MERCH_0097,71.49,CAD,PAID,2026-01-17 01:35:15,2026-02-16 01:35:15
INV_000335,ORD_000335,CUST_004482,MERCH_0018,70.00,EUR,PAID,2026-02-10 21:30:14,2026-03-12 21:30:14
INV_000336,ORD_000336,CUST_003045,MERCH_0079,41.50,GBP,PAID,2026-02-25 01:02:24,2026-03-27 01:02:24
INV_000337,ORD_000337,CUST_003792,MERCH_0061,75.50,USD,PAID,2026-01-21 18:21:24,2026-02-20 18:21:24
INV_000338,ORD_000338,CUST_000046,MERCH_0009,631.75,CAD,PAID,2026-01-31 14:12:27,2026-03-02 14:12:27
INV_000339,ORD_000339,CUST_002871,MERCH_0009,16.75,GBP,PAID,2026-03-04 02:25:16,2026-04-03 02:25:16
INV_000340,ORD_000340,CUST_004433,MERCH_0072,499.00,INR,PAID,2026-03-04 14:48:05,2026-04-03 14:48:05
INV_000341,ORD_000341,CUST_004618,MERCH_0034,50.25,EUR,PAID,2026-01-11 05:33:40,2026-02-10 05:33:40
INV_000342,ORD_000342,CUST_000022,MERCH_0022,499.00,INR,PAID,2026-03-18 08:38:21,2026-04-17 08:38:21
INV_000343,ORD_000343,CUST_002649,MERCH_0001,531.50,USD,PAID,2026-01-08 20:28:28,2026-02-07 20:28:28
INV_000344,ORD_000344,CUST_000961,MERCH_0098,64.25,GBP,PAID,2026-01-24 16:27:29,2026-02-23 16:27:29
INV_000345,ORD_000345,CUST_000641,MERCH_0068,3246.75,EUR,PAID,2026-03-28 01:50:16,2026-04-27 01:50:16
INV_000346,ORD_000346,CUST_002053,MERCH_0063,263.25,EUR,PAID,2026-03-08 20:01:20,2026-04-07 20:01:20
INV_000347,ORD_000347,CUST_004586,MERCH_0028,16.25,CAD,PAID,2026-03-27 09:21:53,2026-04-26 09:21:53
INV_000348,ORD_000348,CUST_002543,MERCH_0076,2710.99,EUR,PAID,2026-02-02 04:37:51,2026-03-04 04:37:51
INV_000349,ORD_000349,CUST_000360,MERCH_0051,15000.00,INR,PAID,2026-03-09 19:56:49,2026-04-08 19:56:49
INV_000350,ORD_000350,CUST_001424,MERCH_0063,18.49,GBP,PAID,2026-02-16 06:22:53,2026-03-18 06:22:53
INV_000351,ORD_000351,CUST_000979,MERCH_0054,50.00,USD,PAID,2026-01-06 18:19:04,2026-02-05 18:19:04
INV_000352,ORD_000352,CUST_002593,MERCH_0087,493.99,GBP,PAID,2026-03-29 10:54:39,2026-04-28 10:54:39
INV_000353,ORD_000353,CUST_004109,MERCH_0098,799.00,INR,PAID,2026-01-15 15:36:56,2026-02-14 15:36:56
INV_000354,ORD_000354,CUST_002243,MERCH_0040,26.49,EUR,PAID,2026-02-24 17:37:52,2026-03-26 17:37:52
INV_000355,ORD_000355,CUST_002601,MERCH_0024,91.00,GBP,PAID,2026-02-27 16:43:33,2026-03-29 16:43:33
INV_000356,ORD_000356,CUST_001566,MERCH_0040,51.95,EUR,PAID,2026-03-14 21:13:16,2026-04-13 21:13:16
INV_000357,ORD_000357,CUST_001543,MERCH_0029,1713.50,CAD,PAID,2026-01-27 19:07:07,2026-02-26 19:07:07
INV_000358,ORD_000358,CUST_002979,MERCH_0075,255.80,GBP,PAID,2026-02-04 03:56:03,2026-03-06 03:56:03
INV_000359,ORD_000359,CUST_003555,MERCH_0090,79.95,GBP,PAID,2026-02-03 23:25:08,2026-03-05 23:25:08
INV_000360,ORD_000360,CUST_001788,MERCH_0034,499.00,INR,PAID,2026-02-15 17:00:32,2026-03-17 17:00:32
INV_000361,ORD_000361,CUST_004808,MERCH_0060,115.25,EUR,OVERPAID,2026-02-01 15:48:24,2026-03-03 15:48:24
INV_000362,ORD_000362,CUST_002742,MERCH_0061,60.49,GBP,PAID,2026-02-03 00:15:08,2026-03-05 00:15:08
INV_000363,ORD_000363,CUST_003740,MERCH_0057,565.25,USD,PAID,2026-02-27 22:47:45,2026-03-29 22:47:45
INV_000364,ORD_000364,CUST_003287,MERCH_0087,600.75,USD,PAID,2026-01-30 10:56:16,2026-03-01 10:56:16
INV_000365,ORD_000365,CUST_001344,MERCH_0004,2797.95,GBP,PAID,2026-02-20 00:50:21,2026-03-22 00:50:21
INV_000366,ORD_000366,CUST_000741,MERCH_0007,250.99,EUR,PAID,2026-01-31 08:34:34,2026-03-02 08:34:34
INV_000367,ORD_000367,CUST_002520,MERCH_0039,2439.75,GBP,PAID,2026-01-09 02:26:16,2026-02-08 02:26:16
INV_000368,ORD_000368,CUST_003911,MERCH_0001,484.49,EUR,PAID,2026-01-16 18:57:55,2026-02-15 18:57:55
INV_000369,ORD_000369,CUST_000785,MERCH_0098,217.99,EUR,PAID,2026-02-07 22:12:45,2026-03-09 22:12:45
INV_000370,ORD_000370,CUST_000588,MERCH_0069,37.00,EUR,PAID,2026-02-03 23:55:32,2026-03-05 23:55:32
INV_000371,ORD_000371,CUST_004909,MERCH_0079,222.49,EUR,PAID,2026-03-15 07:16:06,2026-04-14 07:16:06
INV_000372,ORD_000372,CUST_002782,MERCH_0012,372.50,GBP,PAID,2026-02-07 14:27:23,2026-03-09 14:27:23
INV_000373,ORD_000373,CUST_001471,MERCH_0054,165.49,EUR,PAID,2026-01-17 04:16:57,2026-02-16 04:16:57
INV_000374,ORD_000374,CUST_002614,MERCH_0021,92.25,USD,PAID,2026-01-13 19:13:05,2026-02-12 19:13:05
INV_000375,ORD_000375,CUST_002119,MERCH_0055,542.49,GBP,PAID,2026-03-14 08:40:12,2026-04-13 08:40:12
INV_000376,ORD_000376,CUST_003474,MERCH_0023,58.49,EUR,PAID,2026-02-21 22:16:40,2026-03-23 22:16:40
INV_000377,ORD_000377,CUST_000398,MERCH_0056,77.00,USD,PAID,2026-02-15 10:30:36,2026-03-17 10:30:36
INV_000378,ORD_000378,CUST_002765,MERCH_0055,264.00,USD,PAID,2026-03-07 20:24:19,2026-04-06 20:24:19
INV_000379,ORD_000379,CUST_000292,MERCH_0039,625.99,EUR,PAID,2026-02-28 03:45:55,2026-03-30 03:45:55
INV_000380,ORD_000380,CUST_001185,MERCH_0017,2065.25,EUR,PAID,2026-03-03 17:59:37,2026-04-02 17:59:37
INV_000381,ORD_000381,CUST_000627,MERCH_0006,27.00,EUR,PAID,2026-02-02 00:23:22,2026-03-04 00:23:22
INV_000382,ORD_000382,CUST_003283,MERCH_0055,162.95,GBP,OVERPAID,2026-01-03 11:37:26,2026-02-02 11:37:26
INV_000383,ORD_000383,CUST_000401,MERCH_0089,70.80,USD,PAID,2026-02-06 15:10:02,2026-03-08 15:10:02
INV_000384,ORD_000384,CUST_004954,MERCH_0006,67.95,GBP,PAID,2026-02-09 00:52:11,2026-03-11 00:52:11
INV_000385,ORD_000385,CUST_003789,MERCH_0035,43.99,GBP,PAID,2026-02-28 11:07:22,2026-03-30 11:07:22
INV_000386,ORD_000386,CUST_004992,MERCH_0094,417.25,USD,PAID,2026-03-22 14:30:28,2026-04-21 14:30:28
INV_000387,ORD_000387,CUST_002619,MERCH_0044,591.50,USD,PAID,2026-02-03 22:26:31,2026-03-05 22:26:31
INV_000388,ORD_000388,CUST_000265,MERCH_0052,434.49,USD,PAID,2026-03-06 11:14:20,2026-04-05 11:14:20
INV_000389,ORD_000389,CUST_002584,MERCH_0038,299.00,INR,PAID,2026-02-14 03:20:09,2026-03-16 03:20:09
INV_000390,ORD_000390,CUST_000192,MERCH_0054,2188.80,USD,PAID,2026-03-15 06:38:42,2026-04-14 06:38:42
INV_000391,ORD_000391,CUST_001789,MERCH_0051,35.95,EUR,PAID,2026-01-21 19:28:36,2026-02-20 19:28:36
INV_000392,ORD_000392,CUST_001784,MERCH_0046,61.95,EUR,PAID,2026-02-10 22:14:48,2026-03-12 22:14:48
INV_000393,ORD_000393,CUST_003310,MERCH_0029,541.95,USD,PAID,2026-02-18 08:02:41,2026-03-20 08:02:41
INV_000395,ORD_000395,CUST_000238,MERCH_0025,9999.00,INR,PAID,2026-03-02 09:28:07,2026-04-01 09:28:07
INV_000396,ORD_000396,CUST_002048,MERCH_0079,460.80,USD,PAID,2026-01-17 11:00:38,2026-02-16 11:00:38
INV_000397,ORD_000397,CUST_001323,MERCH_0025,40.75,EUR,PAID,2026-02-14 18:27:43,2026-03-16 18:27:43
INV_000399,ORD_000399,CUST_002006,MERCH_0021,497.00,USD,PAID,2026-02-15 04:26:57,2026-03-17 04:26:57
INV_000400,ORD_000400,CUST_004402,MERCH_0034,142.00,EUR,PAID,2026-01-13 00:58:30,2026-02-12 00:58:30
INV_000401,ORD_000401,CUST_004191,MERCH_0092,208.80,GBP,PAID,2026-03-03 10:04:04,2026-04-02 10:04:04
INV_000402,ORD_000402,CUST_003383,MERCH_0047,2627.50,USD,PAID,2026-03-06 01:29:31,2026-04-05 01:29:31
INV_000403,ORD_000403,CUST_002005,MERCH_0097,1499.00,INR,PAID,2026-03-15 19:20:33,2026-04-14 19:20:33
INV_000404,ORD_000404,CUST_000293,MERCH_0077,107.50,EUR,PAID,2026-03-16 05:32:38,2026-04-15 05:32:38
INV_000405,ORD_000405,CUST_001297,MERCH_0092,531.95,GBP,PAID,2026-02-25 10:18:48,2026-03-27 10:18:48
INV_000406,ORD_000406,CUST_002108,MERCH_0050,999.00,INR,PAID,2026-03-04 03:21:49,2026-04-03 03:21:49
INV_000407,ORD_000407,CUST_004167,MERCH_0047,255.25,CAD,PAID,2026-03-14 16:16:28,2026-04-13 16:16:28
INV_000408,ORD_000408,CUST_001386,MERCH_0063,63.80,CAD,PAID,2026-03-26 20:17:11,2026-04-25 20:17:11
INV_000409,ORD_000409,CUST_001838,MERCH_0027,15000.00,INR,PAID,2026-01-15 21:16:53,2026-02-14 21:16:53
INV_000410,ORD_000410,CUST_001660,MERCH_0095,2499.00,INR,PAID,2026-02-05 14:58:25,2026-03-07 14:58:25
INV_000412,ORD_000412,CUST_001497,MERCH_0095,73.75,GBP,PAID,2026-03-09 06:59:54,2026-04-08 06:59:54
INV_000413,ORD_000413,CUST_001557,MERCH_0012,143.50,USD,PAID,2026-03-13 12:28:58,2026-04-12 12:28:58
INV_000414,ORD_000414,CUST_004399,MERCH_0013,155.99,USD,PAID,2026-03-27 21:47:18,2026-04-26 21:47:18
INV_000415,ORD_000415,CUST_004444,MERCH_0013,16.80,CAD,PAID,2026-02-27 12:48:43,2026-03-29 12:48:43
INV_000416,ORD_000416,CUST_003738,MERCH_0076,9999.00,INR,PAID,2026-01-01 08:33:13,2026-01-31 08:33:13
INV_000417,ORD_000417,CUST_002325,MERCH_0066,1670.95,USD,PAID,2026-03-04 23:14:37,2026-04-03 23:14:37
INV_000418,ORD_000418,CUST_003605,MERCH_0040,80.80,GBP,PAID,2026-01-12 03:08:38,2026-02-11 03:08:38
INV_000419,ORD_000419,CUST_002496,MERCH_0087,632.99,USD,PAID,2026-01-10 12:05:33,2026-02-09 12:05:33
INV_000420,ORD_000420,CUST_004111,MERCH_0040,53.80,USD,PAID,2026-01-30 23:17:45,2026-03-01 23:17:45
INV_000421,ORD_000421,CUST_003246,MERCH_0025,241.50,GBP,PAID,2026-03-18 14:26:21,2026-04-17 14:26:21
INV_000422,ORD_000422,CUST_002154,MERCH_0030,57.99,USD,PAID,2026-02-16 03:20:49,2026-03-18 03:20:49
INV_000423,ORD_000423,CUST_004615,MERCH_0055,494.00,GBP,PAID,2026-02-08 12:30:11,2026-03-10 12:30:11
INV_000424,ORD_000424,CUST_001657,MERCH_0003,1499.00,INR,PAID,2026-01-21 13:37:39,2026-02-20 13:37:39
INV_000425,ORD_000425,CUST_004572,MERCH_0042,531.75,CAD,PAID,2026-02-24 16:27:47,2026-03-26 16:27:47
INV_000426,ORD_000426,CUST_003930,MERCH_0042,839.80,USD,PAID,2026-03-12 07:53:00,2026-04-11 07:53:00
INV_000427,ORD_000427,CUST_004802,MERCH_0078,58.49,USD,PAID,2026-02-06 17:12:27,2026-03-08 17:12:27
INV_000428,ORD_000428,CUST_000607,MERCH_0018,3066.50,GBP,PAID,2026-02-01 19:33:45,2026-03-03 19:33:45
INV_000429,ORD_000429,CUST_002686,MERCH_0032,379.95,GBP,PAID,2026-02-25 22:27:54,2026-03-27 22:27:54
INV_000430,ORD_000430,CUST_003653,MERCH_0099,44.50,CAD,PAID,2026-03-14 20:48:21,2026-04-13 20:48:21
INV_000431,ORD_000431,CUST_000190,MERCH_0078,579.25,EUR,PAID,2026-01-14 22:43:09,2026-02-13 22:43:09
INV_000432,ORD_000432,CUST_004635,MERCH_0003,584.99,USD,PAID,2026-02-12 18:04:57,2026-03-14 18:04:57
INV_000433,ORD_000433,CUST_004574,MERCH_0012,170.50,EUR,OVERPAID,2026-03-18 02:20:08,2026-04-17 02:20:08
INV_000434,ORD_000434,CUST_003697,MERCH_0060,58.99,EUR,PAID,2026-03-28 15:42:57,2026-04-27 15:42:57
INV_000435,ORD_000435,CUST_004709,MERCH_0052,43.25,USD,PAID,2026-01-29 20:06:08,2026-02-28 20:06:08
INV_000436,ORD_000436,CUST_001642,MERCH_0084,3013.99,USD,PAID,2026-03-17 01:46:42,2026-04-16 01:46:42
INV_000437,ORD_000437,CUST_000827,MERCH_0024,634.00,GBP,PAID,2026-01-03 20:57:26,2026-02-02 20:57:26
INV_000438,ORD_000438,CUST_002482,MERCH_0026,42.95,GBP,PAID,2026-01-17 04:02:26,2026-02-16 04:02:26
INV_000439,ORD_000439,CUST_000209,MERCH_0049,71.25,CAD,PAID,2026-02-13 10:12:03,2026-03-15 10:12:03
INV_000440,ORD_000440,CUST_004151,MERCH_0023,41.49,USD,PAID,2026-03-30 23:30:14,2026-04-29 23:30:14
INV_000441,ORD_000441,CUST_002596,MERCH_0096,2727.75,CAD,PAID,2026-02-10 14:44:04,2026-03-12 14:44:04
INV_000442,ORD_000442,CUST_000060,MERCH_0003,1060.25,GBP,PAID,2026-02-07 05:03:55,2026-03-09 05:03:55
INV_000443,ORD_000443,CUST_000692,MERCH_0030,715.25,GBP,PAID,2026-03-05 10:46:04,2026-04-04 10:46:04
INV_000444,ORD_000444,CUST_004626,MERCH_0023,75.50,EUR,PAID,2026-01-02 05:29:35,2026-02-01 05:29:35
INV_000445,ORD_000445,CUST_003399,MERCH_0048,34.25,GBP,PAID,2026-03-22 05:22:47,2026-04-21 05:22:47
INV_000446,ORD_000446,CUST_002508,MERCH_0027,1737.99,GBP,PAID,2026-02-09 12:09:57,2026-03-11 12:09:57
INV_000447,ORD_000447,CUST_003855,MERCH_0004,63.25,EUR,PAID,2026-01-04 15:01:41,2026-02-03 15:01:41
INV_000448,ORD_000448,CUST_000123,MERCH_0013,2499.00,INR,PAID,2026-02-04 04:15:05,2026-03-06 04:15:05
INV_000449,ORD_000449,CUST_004942,MERCH_0018,75.00,GBP,PAID,2026-03-20 21:52:50,2026-04-19 21:52:50
INV_000450,ORD_000450,CUST_004038,MERCH_0062,80.75,USD,PAID,2026-03-14 23:42:29,2026-04-13 23:42:29
INV_000451,ORD_000451,CUST_003309,MERCH_0013,47.49,EUR,PAID,2026-01-28 16:57:22,2026-02-27 16:57:22
INV_000452,ORD_000452,CUST_001079,MERCH_0098,116.99,GBP,PAID,2026-02-02 03:13:53,2026-03-04 03:13:53
INV_000453,ORD_000453,CUST_001172,MERCH_0002,56.75,USD,PAID,2026-03-03 22:06:47,2026-04-02 22:06:47
INV_000454,ORD_000454,CUST_004729,MERCH_0081,350.75,USD,PAID,2026-02-09 16:41:56,2026-03-11 16:41:56
INV_000456,ORD_000456,CUST_002994,MERCH_0009,1168.00,GBP,PAID,2026-02-11 17:32:03,2026-03-13 17:32:03
INV_000457,ORD_000457,CUST_002848,MERCH_0017,165.25,USD,PAID,2026-01-31 03:09:57,2026-03-02 03:09:57
INV_000458,ORD_000458,CUST_001818,MERCH_0088,443.75,USD,PAID,2026-03-17 15:17:16,2026-04-16 15:17:16
INV_000459,ORD_000459,CUST_004420,MERCH_0047,27.50,CAD,OVERPAID,2026-01-23 16:40:32,2026-02-22 16:40:32
INV_000460,ORD_000460,CUST_002281,MERCH_0026,68.95,EUR,PAID,2026-01-06 01:24:25,2026-02-05 01:24:25
INV_000461,ORD_000461,CUST_002059,MERCH_0010,23.95,GBP,PAID,2026-03-11 01:40:15,2026-04-10 01:40:15
INV_000462,ORD_000462,CUST_001987,MERCH_0021,39.25,GBP,PAID,2026-02-08 06:41:04,2026-03-10 06:41:04
INV_000463,ORD_000463,CUST_001012,MERCH_0052,33.50,USD,PAID,2026-03-12 19:17:12,2026-04-11 19:17:12
INV_000464,ORD_000464,CUST_004903,MERCH_0014,1499.00,INR,PAID,2026-02-16 01:33:51,2026-03-18 01:33:51
INV_000465,ORD_000465,CUST_002797,MERCH_0010,2499.00,INR,PAID,2026-03-27 07:05:47,2026-04-26 07:05:47
INV_000466,ORD_000466,CUST_003992,MERCH_0091,171.75,USD,PAID,2026-03-15 22:37:19,2026-04-14 22:37:19
INV_000467,ORD_000467,CUST_003543,MERCH_0064,1798.49,USD,PAID,2026-02-11 05:43:18,2026-03-13 05:43:18
INV_000468,ORD_000468,CUST_003438,MERCH_0043,499.00,INR,PAID,2026-03-07 01:59:21,2026-04-06 01:59:21
INV_000469,ORD_000469,CUST_004055,MERCH_0075,187.25,USD,PAID,2026-01-22 18:55:18,2026-02-21 18:55:18
INV_000470,ORD_000470,CUST_004970,MERCH_0049,299.00,INR,PAID,2026-02-20 17:05:48,2026-03-22 17:05:48
INV_000471,ORD_000471,CUST_001955,MERCH_0098,121.25,USD,PAID,2026-02-05 07:43:37,2026-03-07 07:43:37
INV_000472,ORD_000472,CUST_003267,MERCH_0005,107.25,GBP,PAID,2026-03-21 06:07:06,2026-04-20 06:07:06
INV_000473,ORD_000473,CUST_003377,MERCH_0038,340.80,USD,PAID,2026-03-20 03:36:04,2026-04-19 03:36:04
INV_000474,ORD_000474,CUST_003654,MERCH_0036,350.99,USD,PAID,2026-03-18 09:15:34,2026-04-17 09:15:34
INV_000475,ORD_000475,CUST_002637,MERCH_0083,257.99,EUR,PAID,2026-03-14 05:22:01,2026-04-13 05:22:01
INV_000476,ORD_000476,CUST_004410,MERCH_0079,1499.00,INR,PAID,2026-03-14 03:08:49,2026-04-13 03:08:49
INV_000477,ORD_000477,CUST_001526,MERCH_0082,77.75,EUR,PAID,2026-03-15 18:29:22,2026-04-14 18:29:22
INV_000478,ORD_000478,CUST_002645,MERCH_0022,599.75,EUR,PAID,2026-01-02 20:20:48,2026-02-01 20:20:48
INV_000479,ORD_000479,CUST_000623,MERCH_0051,495.49,USD,PAID,2026-01-20 14:28:02,2026-02-19 14:28:02
INV_000480,ORD_000480,CUST_001090,MERCH_0051,381.49,EUR,PAID,2026-03-31 18:00:14,2026-04-30 18:00:14
INV_000481,ORD_000481,CUST_002015,MERCH_0006,43.95,EUR,PAID,2026-02-23 12:05:09,2026-03-25 12:05:09
INV_000482,ORD_000482,CUST_001770,MERCH_0057,17.95,USD,PAID,2026-01-15 10:01:08,2026-02-14 10:01:08
INV_000483,ORD_000483,CUST_001575,MERCH_0073,477.25,GBP,PAID,2026-02-10 08:26:00,2026-03-12 08:26:00
INV_000484,ORD_000484,CUST_002987,MERCH_0048,4999.00,INR,PAID,2026-03-29 17:07:30,2026-04-28 17:07:30
INV_000485,ORD_000485,CUST_004743,MERCH_0069,188.80,EUR,PAID,2026-01-13 19:05:36,2026-02-12 19:05:36
INV_000486,ORD_000486,CUST_003588,MERCH_0059,36.25,USD,PAID,2026-02-18 13:44:13,2026-03-20 13:44:13
INV_000487,ORD_000487,CUST_001212,MERCH_0091,499.00,INR,PAID,2026-01-07 12:14:38,2026-02-06 12:14:38
INV_000488,ORD_000488,CUST_001093,MERCH_0056,53.80,CAD,PAID,2026-02-08 19:00:12,2026-03-10 19:00:12
INV_000489,ORD_000489,CUST_004421,MERCH_0099,3147.99,USD,PAID,2026-03-08 10:45:40,2026-04-07 10:45:40
INV_000490,ORD_000490,CUST_000522,MERCH_0079,335.50,GBP,PAID,2026-02-21 17:33:29,2026-03-23 17:33:29
INV_000491,ORD_000491,CUST_004055,MERCH_0084,66.99,EUR,PAID,2026-03-13 01:06:02,2026-04-12 01:06:02
INV_000492,ORD_000492,CUST_003887,MERCH_0090,60.50,USD,PAID,2026-01-14 17:55:01,2026-02-13 17:55:01
INV_000493,ORD_000493,CUST_002135,MERCH_0024,25.75,CAD,PAID,2026-02-09 06:50:40,2026-03-11 06:50:40
INV_000494,ORD_000494,CUST_000499,MERCH_0078,15.99,USD,PAID,2026-02-24 10:07:11,2026-03-26 10:07:11
INV_000495,ORD_000495,CUST_004654,MERCH_0004,1423.49,EUR,PAID,2026-02-25 00:00:05,2026-03-27 00:00:05
INV_000496,ORD_000496,CUST_000795,MERCH_0045,9999.00,INR,PAID,2026-03-26 23:27:00,2026-04-25 23:27:00
INV_000497,ORD_000497,CUST_000249,MERCH_0057,400.49,USD,PAID,2026-03-02 17:22:27,2026-04-01 17:22:27
INV_000498,ORD_000498,CUST_004077,MERCH_0013,2032.50,EUR,PAID,2026-01-20 01:18:40,2026-02-19 01:18:40
INV_000499,ORD_000499,CUST_004543,MERCH_0086,45.75,USD,PAID,2026-01-07 15:56:28,2026-02-06 15:56:28
INV_000500,ORD_000500,CUST_003936,MERCH_0008,4999.00,INR,PAID,2026-03-21 00:46:03,2026-04-20 00:46:03
INV_000501,ORD_000501,CUST_004476,MERCH_0097,72.95,CAD,PAID,2026-03-04 18:28:40,2026-04-03 18:28:40
INV_000502,ORD_000502,CUST_000675,MERCH_0049,76.80,USD,PAID,2026-02-17 22:23:01,2026-03-19 22:23:01
INV_000503,ORD_000503,CUST_000452,MERCH_0090,1908.75,USD,PAID,2026-02-21 12:24:51,2026-03-23 12:24:51
INV_000504,ORD_000504,CUST_000393,MERCH_0041,2227.00,USD,PAID,2026-02-22 04:32:27,2026-03-24 04:32:27
INV_000505,ORD_000505,CUST_004165,MERCH_0095,126.99,GBP,PAID,2026-02-21 04:47:20,2026-03-23 04:47:20
INV_000506,ORD_000506,CUST_001668,MERCH_0010,63.00,CAD,PAID,2026-02-18 09:15:29,2026-03-20 09:15:29
INV_000507,ORD_000507,CUST_002710,MERCH_0085,66.75,EUR,PAID,2026-01-18 12:20:28,2026-02-17 12:20:28
INV_000508,ORD_000508,CUST_004674,MERCH_0055,49.95,GBP,PAID,2026-03-11 06:00:18,2026-04-10 06:00:18
INV_000509,ORD_000509,CUST_004000,MERCH_0025,485.00,EUR,PAID,2026-01-25 21:42:27,2026-02-24 21:42:27
INV_000510,ORD_000510,CUST_000938,MERCH_0010,56.80,GBP,PAID,2026-01-12 11:45:05,2026-02-11 11:45:05
INV_000511,ORD_000511,CUST_004671,MERCH_0037,40.49,EUR,PAID,2026-01-26 16:40:14,2026-02-25 16:40:14
INV_000512,ORD_000512,CUST_000293,MERCH_0067,19.49,EUR,PAID,2026-02-15 20:15:56,2026-03-17 20:15:56
INV_000513,ORD_000513,CUST_003039,MERCH_0079,123.80,EUR,PAID,2026-02-12 20:15:00,2026-03-14 20:15:00
INV_000514,ORD_000514,CUST_004660,MERCH_0006,1678.99,EUR,PAID,2026-01-02 16:39:51,2026-02-01 16:39:51
INV_000515,ORD_000515,CUST_001255,MERCH_0049,39.49,CAD,PAID,2026-01-29 15:10:22,2026-02-28 15:10:22
INV_000516,ORD_000516,CUST_004929,MERCH_0032,55.50,USD,PAID,2026-02-21 15:25:34,2026-03-23 15:25:34
INV_000517,ORD_000517,CUST_004377,MERCH_0067,410.50,EUR,PAID,2026-01-03 00:34:20,2026-02-02 00:34:20
INV_000518,ORD_000518,CUST_000029,MERCH_0049,203.25,USD,PAID,2026-02-24 22:53:47,2026-03-26 22:53:47
INV_000519,ORD_000519,CUST_003903,MERCH_0003,64.25,GBP,PAID,2026-02-25 18:48:21,2026-03-27 18:48:21
INV_000520,ORD_000520,CUST_003728,MERCH_0082,449.80,EUR,PAID,2026-02-16 20:13:06,2026-03-18 20:13:06
INV_000521,ORD_000521,CUST_003016,MERCH_0021,228.25,USD,PAID,2026-03-14 03:46:16,2026-04-13 03:46:16
INV_000522,ORD_000522,CUST_002892,MERCH_0017,2537.25,EUR,PAID,2026-01-21 12:21:37,2026-02-20 12:21:37
INV_000523,ORD_000523,CUST_002671,MERCH_0044,291.50,EUR,PAID,2026-03-06 22:07:56,2026-04-05 22:07:56
INV_000524,ORD_000524,CUST_004491,MERCH_0060,299.99,GBP,PAID,2026-03-26 01:23:40,2026-04-25 01:23:40
INV_000525,ORD_000525,CUST_003377,MERCH_0039,35.75,CAD,PAID,2026-01-06 06:05:20,2026-02-05 06:05:20
INV_000526,ORD_000526,CUST_001692,MERCH_0004,34.50,USD,PAID,2026-02-07 18:52:36,2026-03-09 18:52:36
INV_000527,ORD_000527,CUST_003839,MERCH_0041,19.80,EUR,PAID,2026-01-25 04:20:08,2026-02-24 04:20:08
INV_000529,ORD_000529,CUST_002585,MERCH_0047,37.80,USD,PAID,2026-02-26 23:08:00,2026-03-28 23:08:00
INV_000531,ORD_000531,CUST_000796,MERCH_0057,2587.50,USD,PAID,2026-03-15 16:15:48,2026-04-14 16:15:48
INV_000532,ORD_000532,CUST_004686,MERCH_0075,3402.00,USD,PAID,2026-01-18 23:15:11,2026-02-17 23:15:11
INV_000533,ORD_000533,CUST_001106,MERCH_0023,1105.25,USD,PAID,2026-03-02 21:18:52,2026-04-01 21:18:52
INV_000534,ORD_000534,CUST_002906,MERCH_0011,508.00,EUR,PAID,2026-02-28 20:11:18,2026-03-30 20:11:18
INV_000535,ORD_000535,CUST_000193,MERCH_0067,45.50,USD,PAID,2026-02-17 20:28:18,2026-03-19 20:28:18
INV_000536,ORD_000536,CUST_003753,MERCH_0096,214.99,USD,PAID,2026-03-06 08:27:16,2026-04-05 08:27:16
INV_000537,ORD_000537,CUST_001636,MERCH_0049,49.25,EUR,PAID,2026-03-30 03:14:08,2026-04-29 03:14:08
INV_000538,ORD_000538,CUST_002803,MERCH_0053,581.95,EUR,PAID,2026-01-14 04:00:29,2026-02-13 04:00:29
INV_000539,ORD_000539,CUST_000930,MERCH_0066,37.49,EUR,PAID,2026-01-03 13:27:40,2026-02-02 13:27:40
INV_000540,ORD_000540,CUST_000080,MERCH_0010,3180.99,USD,PAID,2026-03-12 12:43:42,2026-04-11 12:43:42
INV_000541,ORD_000541,CUST_001000,MERCH_0014,983.75,EUR,PAID,2026-01-06 18:42:38,2026-02-05 18:42:38
INV_000542,ORD_000542,CUST_001910,MERCH_0088,39.49,USD,PAID,2026-01-21 16:53:45,2026-02-20 16:53:45
INV_000543,ORD_000543,CUST_004849,MERCH_0037,15.80,USD,PAID,2026-03-26 07:20:54,2026-04-25 07:20:54
INV_000544,ORD_000544,CUST_001552,MERCH_0074,56.49,EUR,PAID,2026-03-10 06:43:28,2026-04-09 06:43:28
INV_000545,ORD_000545,CUST_002339,MERCH_0065,327.95,GBP,PAID,2026-01-22 12:29:42,2026-02-21 12:29:42
INV_000546,ORD_000546,CUST_000505,MERCH_0009,898.99,EUR,PAID,2026-01-07 09:24:41,2026-02-06 09:24:41
INV_000547,ORD_000547,CUST_000723,MERCH_0002,148.99,USD,PAID,2026-02-01 05:34:16,2026-03-03 05:34:16
INV_000548,ORD_000548,CUST_003936,MERCH_0096,401.95,EUR,PAID,2026-02-06 06:19:44,2026-03-08 06:19:44
INV_000549,ORD_000549,CUST_002891,MERCH_0089,66.80,USD,PAID,2026-02-10 01:44:44,2026-03-12 01:44:44
INV_000550,ORD_000550,CUST_003159,MERCH_0095,471.50,USD,PAID,2026-02-11 01:29:56,2026-03-13 01:29:56
INV_000551,ORD_000551,CUST_001238,MERCH_0023,65.75,GBP,PAID,2026-02-27 21:24:37,2026-03-29 21:24:37
INV_000552,ORD_000552,CUST_001297,MERCH_0051,77.95,GBP,PAID,2026-01-30 18:24:28,2026-03-01 18:24:28
INV_000553,ORD_000553,CUST_000490,MERCH_0063,2603.49,EUR,PAID,2026-02-04 15:01:37,2026-03-06 15:01:37
INV_000554,ORD_000554,CUST_003411,MERCH_0028,427.95,USD,OVERPAID,2026-02-17 22:33:49,2026-03-19 22:33:49
INV_000555,ORD_000555,CUST_001061,MERCH_0077,212.99,USD,PAID,2026-02-21 17:27:34,2026-03-23 17:27:34
INV_000556,ORD_000556,CUST_002673,MERCH_0027,15000.00,INR,PAID,2026-03-09 02:53:46,2026-04-08 02:53:46
INV_000557,ORD_000557,CUST_004689,MERCH_0042,999.00,INR,PAID,2026-03-30 18:59:16,2026-04-29 18:59:16
INV_000558,ORD_000558,CUST_001216,MERCH_0050,554.49,USD,PAID,2026-03-02 20:15:34,2026-04-01 20:15:34
INV_000559,ORD_000559,CUST_001583,MERCH_0100,1999.00,INR,PAID,2026-03-19 02:55:10,2026-04-18 02:55:10
INV_000560,ORD_000560,CUST_002918,MERCH_0042,360.80,EUR,PAID,2026-03-22 09:24:32,2026-04-21 09:24:32
INV_000561,ORD_000561,CUST_001542,MERCH_0083,22.49,EUR,PAID,2026-04-01 00:06:54,2026-05-01 00:06:54
INV_000562,ORD_000562,CUST_003466,MERCH_0049,33.95,USD,PAID,2026-03-10 08:31:25,2026-04-09 08:31:25
INV_000563,ORD_000563,CUST_003809,MERCH_0048,649.80,EUR,PAID,2026-03-17 15:01:16,2026-04-16 15:01:16
INV_000564,ORD_000564,CUST_002261,MERCH_0059,31.80,EUR,PAID,2026-01-20 12:45:44,2026-02-19 12:45:44
INV_000565,ORD_000565,CUST_001162,MERCH_0048,412.00,EUR,PAID,2026-01-31 22:21:45,2026-03-02 22:21:45
INV_000566,ORD_000566,CUST_004658,MERCH_0073,216.00,CAD,PAID,2026-01-05 03:36:55,2026-02-04 03:36:55
INV_000567,ORD_000567,CUST_001339,MERCH_0067,1999.00,INR,PAID,2026-03-11 14:57:59,2026-04-10 14:57:59
INV_000568,ORD_000568,CUST_003282,MERCH_0064,486.25,USD,PAID,2026-02-23 05:58:05,2026-03-25 05:58:05
INV_000569,ORD_000569,CUST_000945,MERCH_0021,999.00,INR,PAID,2026-03-16 08:36:08,2026-04-15 08:36:08
INV_000570,ORD_000570,CUST_001848,MERCH_0083,44.00,USD,PAID,2026-02-16 18:26:09,2026-03-18 18:26:09
INV_000571,ORD_000571,CUST_003243,MERCH_0050,505.95,CAD,PAID,2026-01-03 04:43:08,2026-02-02 04:43:08
INV_000572,ORD_000572,CUST_004027,MERCH_0075,457.49,EUR,PAID,2026-01-01 23:41:58,2026-01-31 23:41:58
INV_000573,ORD_000573,CUST_000061,MERCH_0069,62.95,GBP,PAID,2026-03-31 04:05:19,2026-04-30 04:05:19
INV_000574,ORD_000574,CUST_002680,MERCH_0026,499.00,INR,PAID,2026-03-29 11:56:27,2026-04-28 11:56:27
INV_000575,ORD_000575,CUST_001515,MERCH_0027,291.25,USD,PAID,2026-01-12 05:42:41,2026-02-11 05:42:41
INV_000576,ORD_000576,CUST_001883,MERCH_0083,4999.00,INR,PAID,2026-02-25 08:26:53,2026-03-27 08:26:53
INV_000577,ORD_000577,CUST_004093,MERCH_0027,481.99,EUR,PAID,2026-03-12 04:42:12,2026-04-11 04:42:12
INV_000578,ORD_000578,CUST_002036,MERCH_0086,778.49,EUR,PAID,2026-01-08 20:51:37,2026-02-07 20:51:37
INV_000579,ORD_000579,CUST_003646,MERCH_0039,62.50,USD,PAID,2026-02-07 08:00:30,2026-03-09 08:00:30
INV_000580,ORD_000580,CUST_003421,MERCH_0036,203.95,USD,PAID,2026-03-05 18:49:32,2026-04-04 18:49:32
INV_000581,ORD_000581,CUST_000249,MERCH_0082,26.50,EUR,PAID,2026-03-27 18:53:32,2026-04-26 18:53:32
INV_000582,ORD_000582,CUST_004614,MERCH_0003,65.50,USD,PAID,2026-02-16 21:21:24,2026-03-18 21:21:24
INV_000583,ORD_000583,CUST_003379,MERCH_0060,368.00,USD,PAID,2026-01-18 07:26:58,2026-02-17 07:26:58
INV_000584,ORD_000584,CUST_002228,MERCH_0004,82.75,CAD,PAID,2026-03-26 23:46:15,2026-04-25 23:46:15
INV_000585,ORD_000585,CUST_000388,MERCH_0030,548.49,EUR,PAID,2026-01-29 03:02:59,2026-02-28 03:02:59
INV_000586,ORD_000586,CUST_002841,MERCH_0042,59.25,GBP,PAID,2026-02-09 19:59:57,2026-03-11 19:59:57
INV_000587,ORD_000587,CUST_003537,MERCH_0047,2014.95,EUR,PAID,2026-01-09 16:39:57,2026-02-08 16:39:57
INV_000588,ORD_000588,CUST_002814,MERCH_0006,634.50,GBP,PAID,2026-02-19 10:55:15,2026-03-21 10:55:15
INV_000589,ORD_000589,CUST_003247,MERCH_0089,2879.49,GBP,PAID,2026-01-09 05:50:33,2026-02-08 05:50:33
INV_000590,ORD_000590,CUST_001858,MERCH_0095,62.80,USD,PAID,2026-03-08 17:21:37,2026-04-07 17:21:37
INV_000591,ORD_000591,CUST_002877,MERCH_0074,73.49,GBP,PAID,2026-03-15 02:15:19,2026-04-14 02:15:19
INV_000592,ORD_000592,CUST_000884,MERCH_0065,394.49,EUR,PAID,2026-02-18 09:01:23,2026-03-20 09:01:23
INV_000593,ORD_000593,CUST_000193,MERCH_0025,38.95,USD,PAID,2026-01-02 20:53:43,2026-02-01 20:53:43
INV_000594,ORD_000594,CUST_003457,MERCH_0016,299.00,INR,PAID,2026-02-05 00:21:07,2026-03-07 00:21:07
INV_000595,ORD_000595,CUST_003511,MERCH_0039,123.80,USD,PAID,2026-03-02 10:22:30,2026-04-01 10:22:30
INV_000596,ORD_000596,CUST_003144,MERCH_0061,440.49,GBP,PAID,2026-03-15 09:49:33,2026-04-14 09:49:33
INV_000597,ORD_000597,CUST_000712,MERCH_0098,499.00,INR,PAID,2026-02-16 09:40:53,2026-03-18 09:40:53
INV_000598,ORD_000598,CUST_004945,MERCH_0031,72.99,USD,PAID,2026-02-15 20:46:01,2026-03-17 20:46:01
INV_000599,ORD_000599,CUST_004862,MERCH_0017,4999.00,INR,PAID,2026-03-26 02:07:32,2026-04-25 02:07:32
INV_000600,ORD_000600,CUST_004629,MERCH_0090,30.00,GBP,PAID,2026-02-07 23:53:13,2026-03-09 23:53:13
INV_000601,ORD_000601,CUST_000327,MERCH_0021,239.99,EUR,PAID,2026-01-29 12:16:00,2026-02-28 12:16:00
INV_000602,ORD_000602,CUST_000047,MERCH_0032,125.50,GBP,PAID,2026-02-07 22:12:58,2026-03-09 22:12:58
INV_000603,ORD_000603,CUST_003643,MERCH_0092,31.49,EUR,PAID,2026-03-20 19:02:05,2026-04-19 19:02:05
INV_000604,ORD_000604,CUST_003523,MERCH_0090,189.99,CAD,PAID,2026-01-03 07:16:21,2026-02-02 07:16:21
INV_000605,ORD_000605,CUST_000534,MERCH_0009,3999.00,INR,PAID,2026-01-09 18:40:26,2026-02-08 18:40:26
INV_000606,ORD_000606,CUST_001328,MERCH_0004,537.50,USD,PAID,2026-01-09 16:37:27,2026-02-08 16:37:27
INV_000607,ORD_000607,CUST_001520,MERCH_0009,318.49,GBP,PAID,2026-02-26 20:12:20,2026-03-28 20:12:20
INV_000608,ORD_000608,CUST_004180,MERCH_0008,353.49,USD,PAID,2026-03-18 19:44:33,2026-04-17 19:44:33
INV_000609,ORD_000609,CUST_003936,MERCH_0032,570.75,CAD,PAID,2026-03-20 02:41:24,2026-04-19 02:41:24
INV_000610,ORD_000610,CUST_001041,MERCH_0019,929.50,CAD,PAID,2026-03-25 14:18:30,2026-04-24 14:18:30
INV_000611,ORD_000611,CUST_003388,MERCH_0081,1726.99,GBP,PAID,2026-03-23 20:40:29,2026-04-22 20:40:29
INV_000612,ORD_000612,CUST_003233,MERCH_0100,43.99,CAD,PAID,2026-01-04 00:14:52,2026-02-03 00:14:52
INV_000613,ORD_000613,CUST_001289,MERCH_0083,157.95,EUR,PAID,2026-01-24 17:38:51,2026-02-23 17:38:51
INV_000614,ORD_000614,CUST_000696,MERCH_0072,65.00,EUR,PAID,2026-03-10 16:58:39,2026-04-09 16:58:39
INV_000615,ORD_000615,CUST_003850,MERCH_0040,221.25,EUR,PAID,2026-02-19 23:18:29,2026-03-21 23:18:29
INV_000616,ORD_000616,CUST_002198,MERCH_0033,56.75,USD,PAID,2026-01-27 15:22:39,2026-02-26 15:22:39
INV_000617,ORD_000617,CUST_003372,MERCH_0067,15000.00,INR,PAID,2026-01-28 08:43:13,2026-02-27 08:43:13
INV_000618,ORD_000618,CUST_002962,MERCH_0025,74.99,GBP,PAID,2026-03-11 11:53:38,2026-04-10 11:53:38
INV_000619,ORD_000619,CUST_004072,MERCH_0024,3999.00,INR,PAID,2026-02-06 17:26:36,2026-03-08 17:26:36
INV_000620,ORD_000620,CUST_004965,MERCH_0033,2499.00,INR,PAID,2026-01-08 07:13:21,2026-02-07 07:13:21
INV_000621,ORD_000621,CUST_004056,MERCH_0033,511.95,GBP,PAID,2026-02-14 11:18:08,2026-03-16 11:18:08
INV_000622,ORD_000622,CUST_003582,MERCH_0061,30.49,USD,PAID,2026-02-07 20:37:24,2026-03-09 20:37:24
INV_000623,ORD_000623,CUST_000881,MERCH_0036,27.95,GBP,PAID,2026-02-23 13:16:33,2026-03-25 13:16:33
INV_000624,ORD_000624,CUST_000913,MERCH_0002,45.95,EUR,PAID,2026-02-03 02:21:43,2026-03-05 02:21:43
INV_000625,ORD_000625,CUST_001243,MERCH_0031,256.99,GBP,PAID,2026-01-03 12:32:12,2026-02-02 12:32:12
INV_000626,ORD_000626,CUST_000747,MERCH_0021,208.95,EUR,PAID,2026-02-25 18:45:10,2026-03-27 18:45:10
INV_000627,ORD_000627,CUST_004994,MERCH_0059,15.75,GBP,PAID,2026-01-17 09:11:30,2026-02-16 09:11:30
INV_000628,ORD_000628,CUST_001903,MERCH_0028,534.25,USD,PAID,2026-01-11 01:00:16,2026-02-10 01:00:16
INV_000629,ORD_000629,CUST_002226,MERCH_0070,2499.00,INR,PAID,2026-01-21 05:21:04,2026-02-20 05:21:04
INV_000630,ORD_000630,CUST_003178,MERCH_0065,24.75,USD,PAID,2026-03-23 16:13:30,2026-04-22 16:13:30
INV_000631,ORD_000631,CUST_001786,MERCH_0027,52.25,EUR,PAID,2026-01-31 19:40:59,2026-03-02 19:40:59
INV_000632,ORD_000632,CUST_000530,MERCH_0083,449.25,USD,PAID,2026-02-14 05:42:32,2026-03-16 05:42:32
INV_000633,ORD_000633,CUST_003583,MERCH_0012,48.75,EUR,PAID,2026-01-26 01:46:12,2026-02-25 01:46:12
INV_000634,ORD_000634,CUST_003125,MERCH_0005,35.75,USD,PAID,2026-02-05 16:46:50,2026-03-07 16:46:50
INV_000635,ORD_000635,CUST_004303,MERCH_0011,70.50,USD,PAID,2026-01-26 01:31:54,2026-02-25 01:31:54
INV_000636,ORD_000636,CUST_004265,MERCH_0022,9999.00,INR,PAID,2026-01-07 18:55:22,2026-02-06 18:55:22
INV_000637,ORD_000637,CUST_001376,MERCH_0055,159.75,USD,PAID,2026-01-24 05:35:28,2026-02-23 05:35:28
INV_000638,ORD_000638,CUST_003790,MERCH_0100,38.50,EUR,PAID,2026-02-24 00:41:19,2026-03-26 00:41:19
INV_000639,ORD_000639,CUST_000170,MERCH_0066,36.00,CAD,PAID,2026-02-18 22:37:43,2026-03-20 22:37:43
INV_000640,ORD_000640,CUST_002288,MERCH_0074,799.00,INR,PAID,2026-02-15 05:16:56,2026-03-17 05:16:56
INV_000641,ORD_000641,CUST_003092,MERCH_0009,582.95,USD,PAID,2026-01-14 11:47:47,2026-02-13 11:47:47
INV_000642,ORD_000642,CUST_004302,MERCH_0052,495.99,GBP,PAID,2026-02-15 14:57:14,2026-03-17 14:57:14
INV_000643,ORD_000643,CUST_000299,MERCH_0017,199.99,USD,PAID,2026-01-21 09:34:44,2026-02-20 09:34:44
INV_000644,ORD_000644,CUST_002577,MERCH_0004,33.00,CAD,PAID,2026-02-17 14:18:30,2026-03-19 14:18:30
INV_000645,ORD_000645,CUST_001166,MERCH_0032,1499.00,INR,PAID,2026-01-02 21:39:48,2026-02-01 21:39:48
INV_000646,ORD_000646,CUST_001069,MERCH_0060,3272.75,USD,PAID,2026-02-10 16:30:03,2026-03-12 16:30:03
INV_000648,ORD_000648,CUST_001585,MERCH_0043,27.50,CAD,PAID,2026-01-31 10:16:55,2026-03-02 10:16:55
INV_000649,ORD_000649,CUST_004174,MERCH_0004,66.99,GBP,PAID,2026-01-22 12:39:36,2026-02-21 12:39:36
INV_000650,ORD_000650,CUST_003015,MERCH_0037,2647.49,CAD,PAID,2026-01-06 05:45:37,2026-02-05 05:45:37
INV_000651,ORD_000651,CUST_003096,MERCH_0020,15000.00,INR,PAID,2026-02-02 09:04:36,2026-03-04 09:04:36
INV_000652,ORD_000652,CUST_003231,MERCH_0036,32.00,USD,PAID,2026-01-22 16:40:26,2026-02-21 16:40:26
INV_000653,ORD_000653,CUST_001726,MERCH_0033,1738.50,USD,PAID,2026-01-01 08:44:16,2026-01-31 08:44:16
INV_000654,ORD_000654,CUST_004043,MERCH_0022,431.80,USD,PAID,2026-01-12 09:20:29,2026-02-11 09:20:29
INV_000655,ORD_000655,CUST_004489,MERCH_0072,613.99,USD,PAID,2026-03-28 15:33:01,2026-04-27 15:33:01
INV_000656,ORD_000656,CUST_003555,MERCH_0003,4999.00,INR,PAID,2026-02-17 05:47:39,2026-03-19 05:47:39
INV_000657,ORD_000657,CUST_000873,MERCH_0033,305.75,EUR,PAID,2026-03-22 07:39:11,2026-04-21 07:39:11
INV_000658,ORD_000658,CUST_003276,MERCH_0053,46.99,USD,PAID,2026-02-11 00:17:12,2026-03-13 00:17:12
INV_000659,ORD_000659,CUST_003326,MERCH_0056,112.50,GBP,PAID,2026-03-21 10:45:45,2026-04-20 10:45:45
INV_000660,ORD_000660,CUST_003247,MERCH_0063,321.25,CAD,PAID,2026-02-27 10:47:31,2026-03-29 10:47:31
INV_000661,ORD_000661,CUST_002680,MERCH_0077,25.49,EUR,PAID,2026-02-27 21:57:46,2026-03-29 21:57:46
INV_000662,ORD_000662,CUST_001245,MERCH_0012,32.80,USD,PAID,2026-01-06 06:42:20,2026-02-05 06:42:20
INV_000663,ORD_000663,CUST_001354,MERCH_0006,25.99,USD,PAID,2026-03-28 23:49:38,2026-04-27 23:49:38
INV_000664,ORD_000664,CUST_002388,MERCH_0076,372.49,CAD,PAID,2026-03-02 01:55:03,2026-04-01 01:55:03
INV_000665,ORD_000665,CUST_004218,MERCH_0083,113.75,EUR,PAID,2026-01-10 14:59:34,2026-02-09 14:59:34
INV_000666,ORD_000666,CUST_004169,MERCH_0046,321.25,USD,PAID,2026-01-31 00:58:39,2026-03-02 00:58:39
INV_000667,ORD_000667,CUST_001219,MERCH_0060,30.00,EUR,PAID,2026-03-10 14:28:19,2026-04-09 14:28:19
INV_000668,ORD_000668,CUST_002726,MERCH_0037,526.75,USD,PAID,2026-03-09 02:19:02,2026-04-08 02:19:02
INV_000669,ORD_000669,CUST_003877,MERCH_0027,39.99,USD,OVERPAID,2026-03-06 00:51:50,2026-04-05 00:51:50
INV_000670,ORD_000670,CUST_003798,MERCH_0064,415.99,EUR,PAID,2026-03-06 05:11:07,2026-04-05 05:11:07
INV_000671,ORD_000671,CUST_003407,MERCH_0033,32.99,EUR,PAID,2026-01-10 08:35:35,2026-02-09 08:35:35
INV_000672,ORD_000672,CUST_001479,MERCH_0093,432.00,USD,PAID,2026-02-10 20:58:29,2026-03-12 20:58:29
INV_000673,ORD_000673,CUST_004105,MERCH_0062,79.50,CAD,PAID,2026-01-20 21:23:33,2026-02-19 21:23:33
INV_000674,ORD_000674,CUST_000323,MERCH_0099,548.95,USD,PAID,2026-02-14 11:43:58,2026-03-16 11:43:58
INV_000675,ORD_000675,CUST_000515,MERCH_0081,3144.80,GBP,PAID,2026-02-16 09:23:21,2026-03-18 09:23:21
INV_000676,ORD_000676,CUST_000318,MERCH_0039,2499.00,INR,PAID,2026-03-21 15:03:00,2026-04-20 15:03:00
INV_000677,ORD_000677,CUST_001958,MERCH_0058,24.25,USD,PAID,2026-02-08 20:05:51,2026-03-10 20:05:51
INV_000678,ORD_000678,CUST_004111,MERCH_0003,133.95,GBP,PAID,2026-03-26 15:09:31,2026-04-25 15:09:31
INV_000679,ORD_000679,CUST_000950,MERCH_0100,4999.00,INR,PAID,2026-03-25 08:24:21,2026-04-24 08:24:21
INV_000680,ORD_000680,CUST_002012,MERCH_0043,48.49,USD,PAID,2026-02-16 21:22:55,2026-03-18 21:22:55
INV_000681,ORD_000681,CUST_001672,MERCH_0055,51.99,GBP,PAID,2026-03-13 02:25:12,2026-04-12 02:25:12
INV_000682,ORD_000682,CUST_000995,MERCH_0020,49.75,USD,PAID,2026-03-25 03:30:16,2026-04-24 03:30:16
INV_000683,ORD_000683,CUST_004380,MERCH_0065,365.49,CAD,PAID,2026-02-15 12:03:16,2026-03-17 12:03:16
INV_000684,ORD_000684,CUST_001551,MERCH_0050,9999.00,INR,PAID,2026-02-23 05:44:05,2026-03-25 05:44:05
INV_000685,ORD_000685,CUST_001314,MERCH_0044,440.75,GBP,PAID,2026-02-21 00:07:00,2026-03-23 00:07:00
INV_000686,ORD_000686,CUST_003297,MERCH_0066,576.75,GBP,PAID,2026-01-21 22:08:04,2026-02-20 22:08:04
INV_000687,ORD_000687,CUST_003751,MERCH_0072,20.99,USD,PAID,2026-02-07 21:52:03,2026-03-09 21:52:03
INV_000688,ORD_000688,CUST_003052,MERCH_0003,88.25,USD,PAID,2026-03-05 06:37:11,2026-04-04 06:37:11
INV_000689,ORD_000689,CUST_004265,MERCH_0077,647.50,EUR,PAID,2026-02-24 19:20:07,2026-03-26 19:20:07
INV_000690,ORD_000690,CUST_002598,MERCH_0082,28.25,USD,PAID,2026-01-25 04:54:32,2026-02-24 04:54:32
INV_000691,ORD_000691,CUST_002300,MERCH_0020,2141.49,GBP,PAID,2026-02-03 07:31:13,2026-03-05 07:31:13
INV_000693,ORD_000693,CUST_002165,MERCH_0013,1399.99,USD,PAID,2026-03-16 21:16:00,2026-04-15 21:16:00
INV_000694,ORD_000694,CUST_002266,MERCH_0007,643.49,GBP,PAID,2026-01-31 12:49:15,2026-03-02 12:49:15
INV_000695,ORD_000695,CUST_003307,MERCH_0013,2372.95,USD,PAID,2026-03-15 08:12:25,2026-04-14 08:12:25
INV_000696,ORD_000696,CUST_000773,MERCH_0009,825.49,USD,PAID,2026-02-27 09:54:53,2026-03-29 09:54:53
INV_000697,ORD_000697,CUST_004841,MERCH_0021,1999.00,INR,PAID,2026-02-24 19:24:06,2026-03-26 19:24:06
INV_000699,ORD_000699,CUST_004486,MERCH_0064,64.25,USD,PAID,2026-01-24 09:25:28,2026-02-23 09:25:28
INV_000700,ORD_000700,CUST_004840,MERCH_0052,30.95,USD,PAID,2026-02-10 06:26:53,2026-03-12 06:26:53
INV_000701,ORD_000701,CUST_003323,MERCH_0015,269.95,CAD,PAID,2026-02-27 15:45:04,2026-03-29 15:45:04
INV_000702,ORD_000702,CUST_000330,MERCH_0092,499.00,INR,PAID,2026-01-23 17:25:57,2026-02-22 17:25:57
INV_000703,ORD_000703,CUST_000024,MERCH_0074,95.49,CAD,PAID,2026-03-05 14:44:39,2026-04-04 14:44:39
INV_000704,ORD_000704,CUST_001010,MERCH_0019,2202.99,EUR,PAID,2026-03-26 15:49:12,2026-04-25 15:49:12
INV_000705,ORD_000705,CUST_001196,MERCH_0082,46.99,EUR,PAID,2026-01-21 09:14:08,2026-02-20 09:14:08
INV_000706,ORD_000706,CUST_003798,MERCH_0056,617.00,USD,PAID,2026-01-16 17:16:36,2026-02-15 17:16:36
INV_000708,ORD_000708,CUST_001646,MERCH_0058,2499.00,INR,PAID,2026-03-09 03:54:36,2026-04-08 03:54:36
INV_000709,ORD_000709,CUST_001921,MERCH_0100,80.25,EUR,PAID,2026-03-04 23:14:20,2026-04-03 23:14:20
INV_000710,ORD_000710,CUST_000810,MERCH_0089,2499.00,INR,PAID,2026-01-27 17:13:05,2026-02-26 17:13:05
INV_000711,ORD_000711,CUST_002002,MERCH_0033,15000.00,INR,PAID,2026-03-15 21:01:17,2026-04-14 21:01:17
INV_000712,ORD_000712,CUST_004538,MERCH_0099,39.99,USD,PAID,2026-02-11 01:50:58,2026-03-13 01:50:58
INV_000713,ORD_000713,CUST_002228,MERCH_0090,446.25,CAD,PAID,2026-02-27 05:26:37,2026-03-29 05:26:37
INV_000714,ORD_000714,CUST_000376,MERCH_0042,327.99,USD,PAID,2026-03-25 14:22:38,2026-04-24 14:22:38
INV_000715,ORD_000715,CUST_000625,MERCH_0003,20.50,USD,PAID,2026-01-11 07:53:20,2026-02-10 07:53:20
INV_000716,ORD_000716,CUST_004494,MERCH_0088,304.75,EUR,PAID,2026-02-13 04:04:34,2026-03-15 04:04:34
INV_000717,ORD_000717,CUST_002298,MERCH_0016,1033.80,USD,PAID,2026-03-04 18:00:36,2026-04-03 18:00:36
INV_000718,ORD_000718,CUST_004399,MERCH_0077,50.75,GBP,PAID,2026-03-14 19:01:45,2026-04-13 19:01:45
INV_000719,ORD_000719,CUST_002710,MERCH_0053,1788.75,USD,PAID,2026-01-11 00:42:05,2026-02-10 00:42:05
INV_000720,ORD_000720,CUST_001346,MERCH_0072,278.00,EUR,OVERPAID,2026-01-03 21:43:48,2026-02-02 21:43:48
INV_000721,ORD_000721,CUST_001620,MERCH_0027,72.80,USD,PAID,2026-01-14 04:18:45,2026-02-13 04:18:45
INV_000722,ORD_000722,CUST_001673,MERCH_0093,523.95,GBP,OVERPAID,2026-02-05 21:31:19,2026-03-07 21:31:19
INV_000723,ORD_000723,CUST_003069,MERCH_0022,511.50,GBP,PAID,2026-01-04 17:41:27,2026-02-03 17:41:27
INV_000724,ORD_000724,CUST_003401,MERCH_0020,251.75,GBP,PAID,2026-01-11 19:50:58,2026-02-10 19:50:58
INV_000725,ORD_000725,CUST_001290,MERCH_0058,2391.75,EUR,PAID,2026-03-22 18:27:13,2026-04-21 18:27:13
INV_000726,ORD_000726,CUST_004967,MERCH_0034,465.75,USD,PAID,2026-01-22 02:20:56,2026-02-21 02:20:56
INV_000727,ORD_000727,CUST_000441,MERCH_0017,485.49,GBP,PAID,2026-01-23 14:37:40,2026-02-22 14:37:40
INV_000728,ORD_000728,CUST_001899,MERCH_0069,2733.75,EUR,PAID,2026-03-19 20:57:18,2026-04-18 20:57:18
INV_000729,ORD_000729,CUST_004302,MERCH_0044,32.95,USD,PAID,2026-02-22 12:21:14,2026-03-24 12:21:14
INV_000730,ORD_000730,CUST_001807,MERCH_0018,533.49,GBP,PAID,2026-03-10 03:43:53,2026-04-09 03:43:53
INV_000731,ORD_000731,CUST_001349,MERCH_0059,299.00,INR,PAID,2026-03-08 10:45:05,2026-04-07 10:45:05
INV_000732,ORD_000732,CUST_002642,MERCH_0011,39.49,GBP,PAID,2026-01-17 07:22:02,2026-02-16 07:22:02
INV_000733,ORD_000733,CUST_001227,MERCH_0093,597.25,USD,PAID,2026-02-04 14:57:04,2026-03-06 14:57:04
INV_000734,ORD_000734,CUST_004471,MERCH_0011,24.80,EUR,PAID,2026-03-21 05:36:54,2026-04-20 05:36:54
INV_000735,ORD_000735,CUST_003842,MERCH_0049,126.25,CAD,PAID,2026-01-05 05:57:58,2026-02-04 05:57:58
INV_000736,ORD_000736,CUST_002798,MERCH_0045,495.95,EUR,PAID,2026-01-09 21:58:33,2026-02-08 21:58:33
INV_000737,ORD_000737,CUST_004192,MERCH_0035,455.99,USD,PAID,2026-01-23 09:58:00,2026-02-22 09:58:00
INV_000738,ORD_000738,CUST_004527,MERCH_0006,41.80,USD,PAID,2026-03-11 15:53:42,2026-04-10 15:53:42
INV_000739,ORD_000739,CUST_002909,MERCH_0080,22.50,USD,PAID,2026-03-18 15:47:54,2026-04-17 15:47:54
INV_000740,ORD_000740,CUST_001018,MERCH_0068,48.00,GBP,PAID,2026-03-28 17:33:40,2026-04-27 17:33:40
INV_000741,ORD_000741,CUST_004225,MERCH_0032,146.75,EUR,OVERPAID,2026-01-20 03:21:03,2026-02-19 03:21:03
INV_000742,ORD_000742,CUST_002418,MERCH_0080,243.95,GBP,PAID,2026-03-12 19:20:42,2026-04-11 19:20:42
INV_000743,ORD_000743,CUST_000853,MERCH_0028,3999.00,INR,PAID,2026-01-31 08:26:07,2026-03-02 08:26:07
INV_000744,ORD_000744,CUST_003062,MERCH_0046,44.00,USD,PAID,2026-03-15 20:40:16,2026-04-14 20:40:16
INV_000745,ORD_000745,CUST_001571,MERCH_0038,396.49,USD,PAID,2026-03-26 07:46:12,2026-04-25 07:46:12
INV_000746,ORD_000746,CUST_004139,MERCH_0068,458.75,USD,PAID,2026-03-31 06:24:27,2026-04-30 06:24:27
INV_000747,ORD_000747,CUST_002717,MERCH_0036,144.80,EUR,PAID,2026-03-12 17:42:30,2026-04-11 17:42:30
INV_000748,ORD_000748,CUST_001957,MERCH_0038,2105.75,CAD,PAID,2026-01-21 03:52:43,2026-02-20 03:52:43
INV_000749,ORD_000749,CUST_001818,MERCH_0051,73.49,EUR,PAID,2026-03-20 15:11:31,2026-04-19 15:11:31
INV_000750,ORD_000750,CUST_001628,MERCH_0078,283.49,USD,PAID,2026-01-24 17:29:42,2026-02-23 17:29:42
INV_000751,ORD_000751,CUST_003332,MERCH_0006,3157.49,USD,PAID,2026-03-25 07:14:35,2026-04-24 07:14:35
INV_000752,ORD_000752,CUST_004102,MERCH_0060,38.00,GBP,PAID,2026-03-25 15:13:00,2026-04-24 15:13:00
INV_000753,ORD_000753,CUST_003400,MERCH_0100,617.50,GBP,PAID,2026-01-12 04:40:46,2026-02-11 04:40:46
INV_000754,ORD_000754,CUST_002324,MERCH_0094,2352.49,EUR,PAID,2026-03-22 05:05:27,2026-04-21 05:05:27
INV_000755,ORD_000755,CUST_002833,MERCH_0079,24.49,USD,PAID,2026-01-14 07:52:15,2026-02-13 07:52:15
INV_000756,ORD_000756,CUST_003253,MERCH_0030,223.99,EUR,PAID,2026-02-21 18:12:47,2026-03-23 18:12:47
INV_000757,ORD_000757,CUST_004932,MERCH_0078,50.49,EUR,PAID,2026-02-19 10:17:19,2026-03-21 10:17:19
INV_000758,ORD_000758,CUST_002409,MERCH_0005,826.25,CAD,PAID,2026-01-13 22:34:39,2026-02-12 22:34:39
INV_000759,ORD_000759,CUST_003512,MERCH_0051,31.49,USD,PAID,2026-02-12 13:35:18,2026-03-14 13:35:18
INV_000760,ORD_000760,CUST_004262,MERCH_0008,26.99,CAD,PAID,2026-03-28 05:03:12,2026-04-27 05:03:12
INV_000761,ORD_000761,CUST_003733,MERCH_0088,37.75,USD,PAID,2026-01-08 09:03:19,2026-02-07 09:03:19
INV_000762,ORD_000762,CUST_004508,MERCH_0066,577.49,GBP,PAID,2026-01-19 02:28:43,2026-02-18 02:28:43
INV_000763,ORD_000763,CUST_000331,MERCH_0038,4999.00,INR,PAID,2026-01-12 12:59:00,2026-02-11 12:59:00
INV_000764,ORD_000764,CUST_001945,MERCH_0039,2499.00,INR,PAID,2026-02-16 14:55:37,2026-03-18 14:55:37
INV_000765,ORD_000765,CUST_003036,MERCH_0014,147.00,USD,PAID,2026-02-14 03:46:00,2026-03-16 03:46:00
INV_000766,ORD_000766,CUST_002091,MERCH_0058,511.25,GBP,PAID,2026-02-26 21:31:12,2026-03-28 21:31:12
INV_000767,ORD_000767,CUST_004278,MERCH_0012,335.99,EUR,PAID,2026-01-30 00:14:32,2026-03-01 00:14:32
INV_000768,ORD_000768,CUST_001593,MERCH_0073,43.49,CAD,PAID,2026-01-18 07:10:03,2026-02-17 07:10:03
INV_000769,ORD_000769,CUST_000189,MERCH_0053,30.50,EUR,PAID,2026-02-24 11:08:16,2026-03-26 11:08:16
INV_000770,ORD_000770,CUST_001769,MERCH_0096,306.75,GBP,PAID,2026-01-31 08:24:28,2026-03-02 08:24:28
INV_000771,ORD_000771,CUST_001135,MERCH_0067,372.00,GBP,PAID,2026-03-06 03:26:29,2026-04-05 03:26:29
INV_000772,ORD_000772,CUST_004639,MERCH_0089,33.99,GBP,PAID,2026-03-01 12:43:09,2026-03-31 12:43:09
INV_000773,ORD_000773,CUST_002180,MERCH_0056,433.25,GBP,PAID,2026-01-10 09:06:52,2026-02-09 09:06:52
INV_000774,ORD_000774,CUST_000805,MERCH_0055,999.00,INR,PAID,2026-03-07 13:16:02,2026-04-06 13:16:02
INV_000775,ORD_000775,CUST_001574,MERCH_0033,4999.00,INR,PAID,2026-03-17 18:43:02,2026-04-16 18:43:02
INV_000776,ORD_000776,CUST_000333,MERCH_0035,310.50,USD,PAID,2026-03-25 07:21:54,2026-04-24 07:21:54
INV_000777,ORD_000777,CUST_003190,MERCH_0051,477.49,USD,PAID,2026-01-07 09:35:48,2026-02-06 09:35:48
INV_000778,ORD_000778,CUST_000209,MERCH_0043,366.25,USD,PAID,2026-01-05 23:16:09,2026-02-04 23:16:09
INV_000779,ORD_000779,CUST_000446,MERCH_0042,2788.50,GBP,PAID,2026-02-14 06:53:07,2026-03-16 06:53:07
INV_000780,ORD_000780,CUST_003018,MERCH_0007,78.95,GBP,PAID,2026-01-22 17:16:38,2026-02-21 17:16:38
INV_000781,ORD_000781,CUST_003679,MERCH_0008,502.25,EUR,PAID,2026-03-28 06:59:51,2026-04-27 06:59:51
INV_000782,ORD_000782,CUST_000755,MERCH_0072,846.80,EUR,PAID,2026-03-14 17:18:12,2026-04-13 17:18:12
INV_000783,ORD_000783,CUST_003255,MERCH_0003,499.00,INR,PAID,2026-02-21 04:40:54,2026-03-23 04:40:54
INV_000784,ORD_000784,CUST_002574,MERCH_0017,66.75,GBP,PAID,2026-02-05 01:21:06,2026-03-07 01:21:06
INV_000785,ORD_000785,CUST_001346,MERCH_0027,81.49,EUR,PAID,2026-03-08 03:43:50,2026-04-07 03:43:50
INV_000786,ORD_000786,CUST_003832,MERCH_0017,39.99,GBP,PAID,2026-02-18 10:37:36,2026-03-20 10:37:36
INV_000787,ORD_000787,CUST_001382,MERCH_0093,65.99,USD,PAID,2026-03-26 05:56:57,2026-04-25 05:56:57
INV_000788,ORD_000788,CUST_000434,MERCH_0037,185.75,USD,PAID,2026-01-24 06:31:08,2026-02-23 06:31:08
INV_000789,ORD_000789,CUST_004094,MERCH_0095,958.50,CAD,PAID,2026-03-07 01:53:59,2026-04-06 01:53:59
INV_000790,ORD_000790,CUST_001585,MERCH_0014,58.25,CAD,OVERPAID,2026-01-26 15:26:11,2026-02-25 15:26:11
INV_000791,ORD_000791,CUST_004419,MERCH_0030,407.50,EUR,PAID,2026-01-24 22:11:58,2026-02-23 22:11:58
INV_000792,ORD_000792,CUST_004822,MERCH_0064,202.25,GBP,PAID,2026-02-23 04:25:22,2026-03-25 04:25:22
INV_000793,ORD_000793,CUST_003319,MERCH_0031,15.00,EUR,PAID,2026-02-20 15:01:25,2026-03-22 15:01:25
INV_000794,ORD_000794,CUST_002862,MERCH_0029,499.00,INR,PAID,2026-02-02 03:14:25,2026-03-04 03:14:25
INV_000795,ORD_000795,CUST_003665,MERCH_0070,2499.00,INR,PAID,2026-01-11 12:12:12,2026-02-10 12:12:12
INV_000796,ORD_000796,CUST_004675,MERCH_0010,3084.25,USD,PAID,2026-01-14 18:37:49,2026-02-13 18:37:49
INV_000797,ORD_000797,CUST_002366,MERCH_0070,1170.00,GBP,PAID,2026-03-18 08:21:10,2026-04-17 08:21:10
INV_000798,ORD_000798,CUST_004901,MERCH_0093,15000.00,INR,PAID,2026-03-11 21:45:03,2026-04-10 21:45:03
INV_000799,ORD_000799,CUST_000689,MERCH_0083,600.80,EUR,PAID,2026-01-28 19:49:23,2026-02-27 19:49:23
INV_000800,ORD_000800,CUST_002925,MERCH_0012,2296.75,GBP,PAID,2026-03-31 23:46:32,2026-04-30 23:46:32
INV_000801,ORD_000801,CUST_003703,MERCH_0004,911.49,EUR,PAID,2026-01-27 23:48:48,2026-02-26 23:48:48
INV_000802,ORD_000802,CUST_004440,MERCH_0050,238.25,EUR,PAID,2026-01-15 20:21:55,2026-02-14 20:21:55
INV_000803,ORD_000803,CUST_000313,MERCH_0064,81.99,GBP,PAID,2026-03-19 01:17:49,2026-04-18 01:17:49
INV_000804,ORD_000804,CUST_002207,MERCH_0090,480.99,USD,PAID,2026-03-28 00:44:12,2026-04-27 00:44:12
INV_000805,ORD_000805,CUST_000251,MERCH_0005,37.50,EUR,PAID,2026-03-07 15:21:47,2026-04-06 15:21:47
INV_000806,ORD_000806,CUST_004290,MERCH_0024,60.25,USD,PAID,2026-02-08 11:12:37,2026-03-10 11:12:37
INV_000807,ORD_000807,CUST_001091,MERCH_0032,308.95,GBP,PAID,2026-03-08 16:04:48,2026-04-07 16:04:48
INV_000808,ORD_000808,CUST_002136,MERCH_0022,799.00,INR,PAID,2026-01-09 00:36:51,2026-02-08 00:36:51
INV_000809,ORD_000809,CUST_001374,MERCH_0050,1558.25,GBP,PAID,2026-02-26 04:33:51,2026-03-28 04:33:51
INV_000810,ORD_000810,CUST_004133,MERCH_0029,18.25,GBP,PAID,2026-01-11 14:53:19,2026-02-10 14:53:19
INV_000811,ORD_000811,CUST_004997,MERCH_0003,310.95,EUR,PAID,2026-02-01 10:23:57,2026-03-03 10:23:57
INV_000812,ORD_000812,CUST_003943,MERCH_0015,57.50,EUR,PAID,2026-02-28 11:26:24,2026-03-30 11:26:24
INV_000813,ORD_000813,CUST_003232,MERCH_0027,28.99,USD,PAID,2026-01-31 03:45:52,2026-03-02 03:45:52
INV_000814,ORD_000814,CUST_001422,MERCH_0094,568.75,EUR,PAID,2026-02-05 20:06:54,2026-03-07 20:06:54
INV_000815,ORD_000815,CUST_002600,MERCH_0058,1264.95,USD,OVERPAID,2026-01-05 17:42:12,2026-02-04 17:42:12
INV_000816,ORD_000816,CUST_002899,MERCH_0100,205.25,USD,PAID,2026-01-18 12:29:47,2026-02-17 12:29:47
INV_000817,ORD_000817,CUST_003916,MERCH_0097,799.00,INR,PAID,2026-01-01 22:41:26,2026-01-31 22:41:26
INV_000818,ORD_000818,CUST_002854,MERCH_0099,2934.50,GBP,PAID,2026-02-09 08:14:44,2026-03-11 08:14:44
INV_000819,ORD_000819,CUST_004781,MERCH_0042,367.80,GBP,PAID,2026-02-19 11:05:21,2026-03-21 11:05:21
INV_000820,ORD_000820,CUST_002764,MERCH_0066,4999.00,INR,PAID,2026-03-14 05:45:36,2026-04-13 05:45:36
INV_000821,ORD_000821,CUST_002360,MERCH_0041,30.50,CAD,PAID,2026-01-18 13:18:45,2026-02-17 13:18:45
INV_000822,ORD_000822,CUST_000052,MERCH_0018,54.00,USD,PAID,2026-03-27 23:36:02,2026-04-26 23:36:02
INV_000823,ORD_000823,CUST_000949,MERCH_0017,15.99,USD,PAID,2026-03-19 22:05:55,2026-04-18 22:05:55
INV_000824,ORD_000824,CUST_003488,MERCH_0082,51.49,GBP,PAID,2026-02-24 05:52:58,2026-03-26 05:52:58
INV_000825,ORD_000825,CUST_004020,MERCH_0076,532.75,EUR,PAID,2026-01-15 07:19:46,2026-02-14 07:19:46
INV_000827,ORD_000827,CUST_001096,MERCH_0095,33.50,USD,PAID,2026-01-19 18:57:09,2026-02-18 18:57:09
INV_000828,ORD_000828,CUST_000067,MERCH_0095,582.75,USD,PAID,2026-03-28 07:01:22,2026-04-27 07:01:22
INV_000829,ORD_000829,CUST_004363,MERCH_0004,170.25,EUR,PAID,2026-01-17 08:02:56,2026-02-16 08:02:56
INV_000830,ORD_000830,CUST_002629,MERCH_0060,469.95,EUR,PAID,2026-01-26 13:38:15,2026-02-25 13:38:15
INV_000832,ORD_000832,CUST_001489,MERCH_0071,260.49,USD,PAID,2026-03-12 01:10:05,2026-04-11 01:10:05
INV_000833,ORD_000833,CUST_001780,MERCH_0092,770.50,USD,PAID,2026-04-01 04:59:31,2026-05-01 04:59:31
INV_000834,ORD_000834,CUST_001403,MERCH_0053,158.99,GBP,PAID,2026-01-11 02:30:15,2026-02-10 02:30:15
INV_000835,ORD_000835,CUST_001365,MERCH_0031,331.99,GBP,PAID,2026-02-01 20:51:37,2026-03-03 20:51:37
INV_000836,ORD_000836,CUST_004555,MERCH_0041,499.00,INR,PAID,2026-01-31 04:59:06,2026-03-02 04:59:06
INV_000837,ORD_000837,CUST_003221,MERCH_0021,9999.00,INR,PAID,2026-01-29 11:01:57,2026-02-28 11:01:57
INV_000838,ORD_000838,CUST_003661,MERCH_0024,37.80,USD,PAID,2026-02-28 22:21:26,2026-03-30 22:21:26
INV_000839,ORD_000839,CUST_004882,MERCH_0086,300.80,CAD,PAID,2026-02-15 18:52:35,2026-03-17 18:52:35
INV_000840,ORD_000840,CUST_000808,MERCH_0087,136.25,EUR,PAID,2026-01-14 09:37:42,2026-02-13 09:37:42
INV_000841,ORD_000841,CUST_004125,MERCH_0067,41.80,USD,PAID,2026-02-19 10:00:05,2026-03-21 10:00:05
INV_000842,ORD_000842,CUST_001940,MERCH_0024,816.25,GBP,PAID,2026-03-04 05:12:46,2026-04-03 05:12:46
INV_000843,ORD_000843,CUST_000672,MERCH_0083,23.99,USD,PAID,2026-03-21 09:21:30,2026-04-20 09:21:30
INV_000844,ORD_000844,CUST_000767,MERCH_0074,437.50,EUR,PAID,2026-01-03 13:07:20,2026-02-02 13:07:20
INV_000846,ORD_000846,CUST_000944,MERCH_0078,236.00,EUR,PAID,2026-01-15 10:00:12,2026-02-14 10:00:12
INV_000847,ORD_000847,CUST_001144,MERCH_0060,63.49,EUR,PAID,2026-01-06 12:29:19,2026-02-05 12:29:19
INV_000848,ORD_000848,CUST_000262,MERCH_0080,622.99,EUR,PAID,2026-02-13 15:50:58,2026-03-15 15:50:58
INV_000849,ORD_000849,CUST_003116,MERCH_0056,547.00,CAD,PAID,2026-02-03 01:12:48,2026-03-05 01:12:48
INV_000850,ORD_000850,CUST_002311,MERCH_0020,65.49,EUR,PAID,2026-01-18 09:47:45,2026-02-17 09:47:45
INV_000851,ORD_000851,CUST_001230,MERCH_0018,39.25,USD,PAID,2026-02-28 04:33:02,2026-03-30 04:33:02
INV_000852,ORD_000852,CUST_000011,MERCH_0095,78.99,CAD,PAID,2026-03-20 12:31:47,2026-04-19 12:31:47
INV_000853,ORD_000853,CUST_001163,MERCH_0016,2902.25,CAD,PAID,2026-01-28 01:13:22,2026-02-27 01:13:22
INV_000854,ORD_000854,CUST_000222,MERCH_0028,76.50,USD,PAID,2026-01-26 11:48:46,2026-02-25 11:48:46
INV_000855,ORD_000855,CUST_004568,MERCH_0030,799.00,INR,PAID,2026-02-18 08:22:02,2026-03-20 08:22:02
INV_000856,ORD_000856,CUST_004840,MERCH_0055,51.75,GBP,PAID,2026-01-03 11:23:00,2026-02-02 11:23:00
INV_000857,ORD_000857,CUST_000063,MERCH_0021,30.00,USD,PAID,2026-01-22 20:11:02,2026-02-21 20:11:02
INV_000858,ORD_000858,CUST_003699,MERCH_0073,460.95,GBP,PAID,2026-02-06 02:07:16,2026-03-08 02:07:16
INV_000859,ORD_000859,CUST_001413,MERCH_0055,499.00,INR,PAID,2026-01-25 04:28:55,2026-02-24 04:28:55
INV_000860,ORD_000860,CUST_000906,MERCH_0001,607.00,GBP,PAID,2026-01-05 14:41:55,2026-02-04 14:41:55
INV_000861,ORD_000861,CUST_000738,MERCH_0036,638.25,GBP,PAID,2026-02-17 18:46:56,2026-03-19 18:46:56
INV_000862,ORD_000862,CUST_004856,MERCH_0019,555.99,EUR,PAID,2026-01-04 06:44:41,2026-02-03 06:44:41
INV_000863,ORD_000863,CUST_002020,MERCH_0014,21.75,USD,PAID,2026-01-06 12:33:24,2026-02-05 12:33:24
INV_000864,ORD_000864,CUST_002460,MERCH_0063,40.50,EUR,PAID,2026-01-20 16:45:21,2026-02-19 16:45:21
INV_000865,ORD_000865,CUST_003490,MERCH_0058,290.95,GBP,PAID,2026-03-10 14:23:31,2026-04-09 14:23:31
INV_000866,ORD_000866,CUST_003298,MERCH_0078,484.95,USD,PAID,2026-01-16 11:55:05,2026-02-15 11:55:05
INV_000867,ORD_000867,CUST_003892,MERCH_0090,2301.00,USD,PAID,2026-01-03 03:41:40,2026-02-02 03:41:40
INV_000869,ORD_000869,CUST_002152,MERCH_0096,9999.00,INR,PAID,2026-02-27 03:38:51,2026-03-29 03:38:51
INV_000870,ORD_000870,CUST_000539,MERCH_0086,79.00,GBP,PAID,2026-02-01 00:57:06,2026-03-03 00:57:06
INV_000871,ORD_000871,CUST_004336,MERCH_0078,284.75,GBP,PAID,2026-02-18 03:39:50,2026-03-20 03:39:50
INV_000872,ORD_000872,CUST_004560,MERCH_0078,472.49,USD,PAID,2026-03-15 03:10:33,2026-04-14 03:10:33
INV_000873,ORD_000873,CUST_004678,MERCH_0062,799.00,INR,PAID,2026-01-27 03:48:50,2026-02-26 03:48:50
INV_000874,ORD_000874,CUST_004657,MERCH_0075,149.80,EUR,PAID,2026-03-30 20:05:35,2026-04-29 20:05:35
INV_000875,ORD_000875,CUST_001756,MERCH_0004,634.80,USD,PAID,2026-02-15 16:33:52,2026-03-17 16:33:52
INV_000876,ORD_000876,CUST_000225,MERCH_0021,499.00,INR,PAID,2026-03-03 13:16:40,2026-04-02 13:16:40
INV_000877,ORD_000877,CUST_004683,MERCH_0048,1109.80,EUR,PAID,2026-02-20 02:43:20,2026-03-22 02:43:20
INV_000878,ORD_000878,CUST_004164,MERCH_0085,1896.25,USD,PAID,2026-01-04 06:56:12,2026-02-03 06:56:12
INV_000879,ORD_000879,CUST_001910,MERCH_0066,92.99,USD,PAID,2026-02-25 18:27:50,2026-03-27 18:27:50
INV_000880,ORD_000880,CUST_003431,MERCH_0006,265.80,USD,PAID,2026-02-16 08:56:00,2026-03-18 08:56:00
INV_000881,ORD_000881,CUST_003304,MERCH_0077,2743.49,GBP,PAID,2026-01-10 04:25:08,2026-02-09 04:25:08
INV_000882,ORD_000882,CUST_003470,MERCH_0077,482.50,CAD,PAID,2026-02-24 15:23:10,2026-03-26 15:23:10
INV_000883,ORD_000883,CUST_000966,MERCH_0030,69.25,USD,PAID,2026-01-26 10:06:05,2026-02-25 10:06:05
INV_000884,ORD_000884,CUST_004532,MERCH_0037,2499.00,INR,PAID,2026-02-24 12:29:17,2026-03-26 12:29:17
INV_000885,ORD_000885,CUST_000371,MERCH_0082,370.25,EUR,PAID,2026-03-28 04:55:27,2026-04-27 04:55:27
INV_000886,ORD_000886,CUST_002170,MERCH_0093,80.00,GBP,PAID,2026-03-01 17:22:23,2026-03-31 17:22:23
INV_000887,ORD_000887,CUST_001167,MERCH_0050,497.75,EUR,PAID,2026-01-16 19:43:40,2026-02-15 19:43:40
INV_000888,ORD_000888,CUST_004380,MERCH_0035,527.75,GBP,PAID,2026-02-09 04:01:18,2026-03-11 04:01:18
INV_000890,ORD_000890,CUST_004913,MERCH_0046,191.75,GBP,PAID,2026-03-04 11:14:02,2026-04-03 11:14:02
INV_000891,ORD_000891,CUST_002037,MERCH_0024,4999.00,INR,PAID,2026-01-05 13:51:24,2026-02-04 13:51:24
INV_000892,ORD_000892,CUST_002281,MERCH_0047,30.80,USD,PAID,2026-03-15 04:33:12,2026-04-14 04:33:12
INV_000893,ORD_000893,CUST_002369,MERCH_0090,145.25,USD,PAID,2026-01-27 20:39:03,2026-02-26 20:39:03
INV_000894,ORD_000894,CUST_002120,MERCH_0017,83.00,GBP,PAID,2026-02-28 00:49:43,2026-03-30 00:49:43
INV_000895,ORD_000895,CUST_002219,MERCH_0057,415.49,CAD,PAID,2026-02-10 11:43:22,2026-03-12 11:43:22
INV_000896,ORD_000896,CUST_004411,MERCH_0079,9999.00,INR,PAID,2026-03-02 06:06:42,2026-04-01 06:06:42
INV_000897,ORD_000897,CUST_000740,MERCH_0089,3353.95,USD,PAID,2026-02-02 02:31:34,2026-03-04 02:31:34
INV_000898,ORD_000898,CUST_001480,MERCH_0077,1999.00,INR,PAID,2026-01-06 23:42:12,2026-02-05 23:42:12
INV_000899,ORD_000899,CUST_003887,MERCH_0010,65.00,GBP,PAID,2026-01-08 22:38:57,2026-02-07 22:38:57
INV_000900,ORD_000900,CUST_004217,MERCH_0013,1999.00,INR,PAID,2026-02-26 13:39:39,2026-03-28 13:39:39
INV_000901,ORD_000901,CUST_004868,MERCH_0004,386.95,GBP,PAID,2026-03-06 00:02:23,2026-04-05 00:02:23
INV_000902,ORD_000902,CUST_003073,MERCH_0049,2499.00,INR,PAID,2026-03-08 13:36:36,2026-04-07 13:36:36
INV_000903,ORD_000903,CUST_000118,MERCH_0021,453.99,USD,PAID,2026-03-21 22:18:03,2026-04-20 22:18:03
INV_000904,ORD_000904,CUST_003692,MERCH_0074,1438.99,USD,PAID,2026-03-18 06:46:46,2026-04-17 06:46:46
INV_000905,ORD_000905,CUST_001987,MERCH_0017,471.95,EUR,PAID,2026-03-25 12:49:30,2026-04-24 12:49:30
INV_000906,ORD_000906,CUST_002370,MERCH_0090,436.25,EUR,PAID,2026-01-06 14:08:38,2026-02-05 14:08:38
INV_000907,ORD_000907,CUST_000971,MERCH_0024,72.95,EUR,PAID,2026-01-18 06:58:53,2026-02-17 06:58:53
INV_000908,ORD_000908,CUST_002589,MERCH_0018,25.25,USD,PAID,2026-03-01 20:39:47,2026-03-31 20:39:47
INV_000909,ORD_000909,CUST_004124,MERCH_0048,299.00,INR,PAID,2026-03-21 10:52:10,2026-04-20 10:52:10
INV_000910,ORD_000910,CUST_004230,MERCH_0076,1174.80,EUR,PAID,2026-02-08 17:56:07,2026-03-10 17:56:07
INV_000911,ORD_000911,CUST_002239,MERCH_0002,249.25,EUR,PAID,2026-02-13 14:35:26,2026-03-15 14:35:26
INV_000912,ORD_000912,CUST_000909,MERCH_0094,47.00,GBP,PAID,2026-03-31 13:46:27,2026-04-30 13:46:27
INV_000913,ORD_000913,CUST_003524,MERCH_0030,2831.25,USD,PAID,2026-02-03 21:01:03,2026-03-05 21:01:03
INV_000915,ORD_000915,CUST_003517,MERCH_0005,74.99,USD,PAID,2026-01-26 00:04:44,2026-02-25 00:04:44
INV_000916,ORD_000916,CUST_001263,MERCH_0025,584.95,USD,PAID,2026-03-11 12:30:10,2026-04-10 12:30:10
INV_000917,ORD_000917,CUST_003262,MERCH_0100,251.75,CAD,PAID,2026-03-16 12:21:55,2026-04-15 12:21:55
INV_000918,ORD_000918,CUST_001391,MERCH_0088,16.80,USD,PAID,2026-03-21 21:16:03,2026-04-20 21:16:03
INV_000919,ORD_000919,CUST_002695,MERCH_0033,44.75,GBP,PAID,2026-03-11 16:39:26,2026-04-10 16:39:26
INV_000920,ORD_000920,CUST_001880,MERCH_0035,299.00,INR,PAID,2026-02-02 10:21:31,2026-03-04 10:21:31
INV_000921,ORD_000921,CUST_003247,MERCH_0092,149.95,EUR,PAID,2026-02-13 02:00:10,2026-03-15 02:00:10
INV_000922,ORD_000922,CUST_002945,MERCH_0033,299.00,INR,PAID,2026-01-26 17:02:42,2026-02-25 17:02:42
INV_000923,ORD_000923,CUST_004526,MERCH_0058,30.99,USD,PAID,2026-01-11 17:02:05,2026-02-10 17:02:05
INV_000924,ORD_000924,CUST_004415,MERCH_0033,2812.25,EUR,PAID,2026-03-13 16:34:08,2026-04-12 16:34:08
INV_000925,ORD_000925,CUST_003943,MERCH_0041,72.80,EUR,PAID,2026-02-26 12:25:38,2026-03-28 12:25:38
INV_000926,ORD_000926,CUST_004901,MERCH_0012,31.95,EUR,PAID,2026-02-22 18:21:58,2026-03-24 18:21:58
INV_000927,ORD_000927,CUST_001929,MERCH_0067,29.49,USD,PAID,2026-01-24 10:25:09,2026-02-23 10:25:09
INV_000928,ORD_000928,CUST_004642,MERCH_0021,298.00,GBP,PAID,2026-01-21 17:18:44,2026-02-20 17:18:44
INV_000929,ORD_000929,CUST_001885,MERCH_0024,64.00,USD,PAID,2026-01-18 08:56:42,2026-02-17 08:56:42
INV_000930,ORD_000930,CUST_004890,MERCH_0066,205.80,GBP,PAID,2026-03-07 11:58:44,2026-04-06 11:58:44
INV_000931,ORD_000931,CUST_000762,MERCH_0050,1836.75,USD,PAID,2026-01-29 08:06:07,2026-02-28 08:06:07
INV_000932,ORD_000932,CUST_002264,MERCH_0062,54.50,GBP,PAID,2026-02-11 04:19:39,2026-03-13 04:19:39
INV_000933,ORD_000933,CUST_001627,MERCH_0001,494.80,USD,PAID,2026-03-13 12:42:41,2026-04-12 12:42:41
INV_000934,ORD_000934,CUST_003107,MERCH_0076,20.99,USD,PAID,2026-02-12 18:59:48,2026-03-14 18:59:48
INV_000935,ORD_000935,CUST_000605,MERCH_0012,1876.25,GBP,PAID,2026-01-02 13:33:23,2026-02-01 13:33:23
INV_000936,ORD_000936,CUST_003268,MERCH_0013,561.95,USD,PAID,2026-03-01 22:21:59,2026-03-31 22:21:59
INV_000937,ORD_000937,CUST_003439,MERCH_0056,467.95,CAD,PAID,2026-02-23 12:37:46,2026-03-25 12:37:46
INV_000938,ORD_000938,CUST_004972,MERCH_0050,649.75,USD,OVERPAID,2026-02-14 21:03:41,2026-03-16 21:03:41
INV_000939,ORD_000939,CUST_003976,MERCH_0085,62.49,EUR,PAID,2026-03-18 04:32:06,2026-04-17 04:32:06
INV_000940,ORD_000940,CUST_004665,MERCH_0010,323.00,EUR,PAID,2026-02-14 10:53:36,2026-03-16 10:53:36
INV_000941,ORD_000941,CUST_004277,MERCH_0059,53.50,GBP,PAID,2026-02-26 08:34:05,2026-03-28 08:34:05
INV_000942,ORD_000942,CUST_003777,MERCH_0010,1133.99,USD,PAID,2026-02-05 09:04:23,2026-03-07 09:04:23
INV_000943,ORD_000943,CUST_001131,MERCH_0096,157.25,USD,PAID,2026-02-17 17:07:10,2026-03-19 17:07:10
INV_000944,ORD_000944,CUST_004986,MERCH_0012,2435.25,USD,PAID,2026-03-11 12:36:28,2026-04-10 12:36:28
INV_000945,ORD_000945,CUST_004197,MERCH_0043,48.80,USD,PAID,2026-02-27 08:26:18,2026-03-29 08:26:18
INV_000946,ORD_000946,CUST_002406,MERCH_0045,79.00,EUR,PAID,2026-02-06 12:42:59,2026-03-08 12:42:59
INV_000947,ORD_000947,CUST_004071,MERCH_0047,854.00,USD,PAID,2026-03-22 22:27:57,2026-04-21 22:27:57
INV_000948,ORD_000948,CUST_002254,MERCH_0053,32.50,USD,PAID,2026-01-06 10:08:43,2026-02-05 10:08:43
INV_000949,ORD_000949,CUST_002294,MERCH_0093,610.49,USD,PAID,2026-01-01 19:32:00,2026-01-31 19:32:00
INV_000950,ORD_000950,CUST_001117,MERCH_0012,2872.25,USD,PAID,2026-02-11 01:02:15,2026-03-13 01:02:15
INV_000951,ORD_000951,CUST_002879,MERCH_0008,62.00,GBP,PAID,2026-02-24 21:53:21,2026-03-26 21:53:21
INV_000952,ORD_000952,CUST_000663,MERCH_0055,71.99,USD,PAID,2026-03-14 20:55:28,2026-04-13 20:55:28
INV_000953,ORD_000953,CUST_000581,MERCH_0060,85.99,GBP,PAID,2026-03-20 22:17:57,2026-04-19 22:17:57
INV_000954,ORD_000954,CUST_002681,MERCH_0072,225.75,USD,PAID,2026-03-10 04:24:01,2026-04-09 04:24:01
INV_000955,ORD_000955,CUST_004695,MERCH_0072,47.99,GBP,PAID,2026-01-22 00:31:53,2026-02-21 00:31:53
INV_000956,ORD_000956,CUST_000722,MERCH_0094,1479.50,CAD,PAID,2026-03-02 22:34:10,2026-04-01 22:34:10
INV_000957,ORD_000957,CUST_000580,MERCH_0099,299.00,INR,PAID,2026-01-04 18:19:17,2026-02-03 18:19:17
INV_000958,ORD_000958,CUST_001501,MERCH_0029,61.95,USD,PAID,2026-01-07 23:46:51,2026-02-06 23:46:51
INV_000959,ORD_000959,CUST_000496,MERCH_0068,299.00,INR,PAID,2026-02-09 16:39:24,2026-03-11 16:39:24
INV_000960,ORD_000960,CUST_002060,MERCH_0092,262.75,USD,PAID,2026-03-28 19:14:14,2026-04-27 19:14:14
INV_000961,ORD_000961,CUST_004426,MERCH_0018,71.99,USD,PAID,2026-01-05 21:41:35,2026-02-04 21:41:35
INV_000962,ORD_000962,CUST_002888,MERCH_0043,38.25,EUR,PAID,2026-01-09 01:36:25,2026-02-08 01:36:25
INV_000963,ORD_000963,CUST_002659,MERCH_0099,397.80,USD,PAID,2026-01-11 17:33:16,2026-02-10 17:33:16
INV_000964,ORD_000964,CUST_000683,MERCH_0013,17.25,USD,PAID,2026-01-11 00:51:22,2026-02-10 00:51:22
INV_000965,ORD_000965,CUST_001452,MERCH_0007,460.00,GBP,PAID,2026-01-17 15:29:40,2026-02-16 15:29:40
INV_000966,ORD_000966,CUST_000678,MERCH_0001,402.50,EUR,PAID,2026-03-07 00:58:58,2026-04-06 00:58:58
INV_000967,ORD_000967,CUST_003422,MERCH_0021,58.49,USD,PAID,2026-03-16 00:52:18,2026-04-15 00:52:18
INV_000968,ORD_000968,CUST_004819,MERCH_0088,51.99,USD,OVERPAID,2026-01-26 12:00:51,2026-02-25 12:00:51
INV_000969,ORD_000969,CUST_004874,MERCH_0060,455.99,USD,OVERPAID,2026-02-23 19:13:40,2026-03-25 19:13:40
INV_000970,ORD_000970,CUST_001772,MERCH_0037,202.75,USD,PAID,2026-01-30 20:09:00,2026-03-01 20:09:00
INV_000971,ORD_000971,CUST_004150,MERCH_0006,53.49,USD,PAID,2026-03-01 16:20:20,2026-03-31 16:20:20
INV_000972,ORD_000972,CUST_001428,MERCH_0079,330.99,EUR,PAID,2026-02-23 06:10:30,2026-03-25 06:10:30
INV_000973,ORD_000973,CUST_003178,MERCH_0047,579.00,USD,PAID,2026-01-08 03:58:13,2026-02-07 03:58:13
INV_000974,ORD_000974,CUST_004486,MERCH_0055,569.25,USD,PAID,2026-01-07 00:52:24,2026-02-06 00:52:24
INV_000975,ORD_000975,CUST_001027,MERCH_0035,376.75,CAD,PAID,2026-03-11 21:13:49,2026-04-10 21:13:49
INV_000976,ORD_000976,CUST_003217,MERCH_0001,241.25,USD,PAID,2026-02-17 23:10:31,2026-03-19 23:10:31
INV_000977,ORD_000977,CUST_000091,MERCH_0045,1933.75,EUR,PAID,2026-01-08 09:36:09,2026-02-07 09:36:09
INV_000978,ORD_000978,CUST_004402,MERCH_0059,234.00,GBP,PAID,2026-01-26 00:44:35,2026-02-25 00:44:35
INV_000979,ORD_000979,CUST_000125,MERCH_0009,512.00,USD,PAID,2026-03-13 21:04:03,2026-04-12 21:04:03
INV_000980,ORD_000980,CUST_004432,MERCH_0082,34.95,GBP,PAID,2026-02-24 06:54:29,2026-03-26 06:54:29
INV_000981,ORD_000981,CUST_001115,MERCH_0029,2021.95,USD,PAID,2026-03-02 03:34:16,2026-04-01 03:34:16
INV_000982,ORD_000982,CUST_002649,MERCH_0058,69.50,USD,PAID,2026-03-25 13:11:37,2026-04-24 13:11:37
INV_000983,ORD_000983,CUST_001468,MERCH_0054,443.50,USD,PAID,2026-03-19 17:40:08,2026-04-18 17:40:08
INV_000984,ORD_000984,CUST_004882,MERCH_0004,59.80,USD,PAID,2026-01-13 13:32:35,2026-02-12 13:32:35
INV_000985,ORD_000985,CUST_003535,MERCH_0025,256.49,GBP,PAID,2026-03-10 07:39:22,2026-04-09 07:39:22
INV_000986,ORD_000986,CUST_000036,MERCH_0093,195.49,EUR,PAID,2026-03-08 22:53:02,2026-04-07 22:53:02
INV_000987,ORD_000987,CUST_004511,MERCH_0071,555.99,USD,PAID,2026-01-09 05:26:56,2026-02-08 05:26:56
INV_000988,ORD_000988,CUST_004234,MERCH_0072,2611.99,USD,PAID,2026-01-05 14:42:32,2026-02-04 14:42:32
INV_000989,ORD_000989,CUST_003076,MERCH_0071,2736.80,EUR,PAID,2026-03-01 09:50:20,2026-03-31 09:50:20
INV_000990,ORD_000990,CUST_003906,MERCH_0022,42.00,USD,PAID,2026-01-17 02:18:02,2026-02-16 02:18:02
INV_000991,ORD_000991,CUST_001274,MERCH_0085,1499.00,INR,PAID,2026-01-07 01:15:06,2026-02-06 01:15:06
INV_000992,ORD_000992,CUST_003453,MERCH_0009,210.75,USD,PAID,2026-02-05 05:52:52,2026-03-07 05:52:52
INV_000993,ORD_000993,CUST_001703,MERCH_0082,999.00,INR,PAID,2026-01-06 05:56:26,2026-02-05 05:56:26
INV_000994,ORD_000994,CUST_000846,MERCH_0017,31.75,EUR,PAID,2026-01-24 23:41:37,2026-02-23 23:41:37
INV_000995,ORD_000995,CUST_001615,MERCH_0051,1999.00,INR,PAID,2026-01-01 13:48:28,2026-01-31 13:48:28
INV_000996,ORD_000996,CUST_002916,MERCH_0059,310.49,USD,PAID,2026-02-08 22:14:10,2026-03-10 22:14:10
INV_000997,ORD_000997,CUST_000607,MERCH_0054,818.25,USD,PAID,2026-02-15 21:43:31,2026-03-17 21:43:31
INV_000998,ORD_000998,CUST_002160,MERCH_0004,64.95,GBP,PAID,2026-01-25 09:29:43,2026-02-24 09:29:43
INV_000999,ORD_000999,CUST_003439,MERCH_0016,62.00,USD,PAID,2026-02-17 13:55:16,2026-03-19 13:55:16
INV_001000,ORD_001000,CUST_001916,MERCH_0050,80.50,EUR,PAID,2026-03-10 07:36:40,2026-04-09 07:36:40
INV_001001,ORD_001001,CUST_002351,MERCH_0075,15000.00,INR,PAID,2026-03-17 22:11:32,2026-04-16 22:11:32
INV_001002,ORD_001002,CUST_001545,MERCH_0078,1999.00,INR,PAID,2026-03-11 22:58:58,2026-04-10 22:58:58
INV_001003,ORD_001003,CUST_001555,MERCH_0059,30.25,GBP,PAID,2026-01-13 21:19:01,2026-02-12 21:19:01
INV_001004,ORD_001004,CUST_001126,MERCH_0086,34.99,USD,PAID,2026-03-31 14:06:18,2026-04-30 14:06:18
INV_001005,ORD_001005,CUST_004868,MERCH_0064,498.49,EUR,PAID,2026-03-09 00:38:35,2026-04-08 00:38:35
INV_001006,ORD_001006,CUST_001808,MERCH_0034,218.99,GBP,PAID,2026-01-20 20:00:40,2026-02-19 20:00:40
INV_001007,ORD_001007,CUST_004356,MERCH_0047,1499.00,INR,PAID,2026-01-24 04:37:15,2026-02-23 04:37:15
INV_001008,ORD_001008,CUST_002997,MERCH_0091,2499.00,INR,PAID,2026-03-24 16:18:27,2026-04-23 16:18:27
INV_001009,ORD_001009,CUST_002711,MERCH_0064,355.25,USD,PAID,2026-03-19 14:04:05,2026-04-18 14:04:05
INV_001010,ORD_001010,CUST_003577,MERCH_0031,1760.80,USD,PAID,2026-02-06 07:21:14,2026-03-08 07:21:14
INV_001011,ORD_001011,CUST_003530,MERCH_0009,499.00,INR,PAID,2026-01-21 13:41:25,2026-02-20 13:41:25
INV_001012,ORD_001012,CUST_002721,MERCH_0074,430.95,EUR,PAID,2026-04-01 03:12:20,2026-05-01 03:12:20
INV_001013,ORD_001013,CUST_004717,MERCH_0048,267.95,EUR,PAID,2026-02-07 07:28:45,2026-03-09 07:28:45
INV_001014,ORD_001014,CUST_001963,MERCH_0018,64.49,USD,PAID,2026-02-06 00:25:07,2026-03-08 00:25:07
INV_001015,ORD_001015,CUST_004461,MERCH_0084,242.75,CAD,PAID,2026-02-26 22:45:10,2026-03-28 22:45:10
INV_001016,ORD_001016,CUST_000458,MERCH_0092,73.25,USD,PAID,2026-02-14 06:55:45,2026-03-16 06:55:45
INV_001017,ORD_001017,CUST_001000,MERCH_0083,1232.99,CAD,PAID,2026-02-18 10:51:25,2026-03-20 10:51:25
INV_001018,ORD_001018,CUST_002301,MERCH_0072,50.75,GBP,PAID,2026-02-01 05:30:32,2026-03-03 05:30:32
INV_001019,ORD_001019,CUST_004081,MERCH_0035,35.80,EUR,PAID,2026-01-06 00:19:05,2026-02-05 00:19:05
INV_001020,ORD_001020,CUST_001210,MERCH_0044,521.80,USD,OVERPAID,2026-01-22 21:48:45,2026-02-21 21:48:45
INV_001021,ORD_001021,CUST_000914,MERCH_0001,3228.00,USD,OVERPAID,2026-01-28 08:52:07,2026-02-27 08:52:07
INV_001022,ORD_001022,CUST_003011,MERCH_0004,34.00,GBP,PAID,2026-02-01 21:26:54,2026-03-03 21:26:54
INV_001023,ORD_001023,CUST_001527,MERCH_0040,18.75,USD,PAID,2026-02-01 08:45:41,2026-03-03 08:45:41
INV_001024,ORD_001024,CUST_003261,MERCH_0098,249.49,GBP,PAID,2026-02-21 16:34:40,2026-03-23 16:34:40
INV_001025,ORD_001025,CUST_001263,MERCH_0045,760.50,EUR,PAID,2026-02-20 14:29:16,2026-03-22 14:29:16
INV_001026,ORD_001026,CUST_001048,MERCH_0045,299.99,EUR,PAID,2026-03-12 03:28:34,2026-04-11 03:28:34
INV_001027,ORD_001027,CUST_001558,MERCH_0090,61.50,CAD,PAID,2026-03-29 01:42:20,2026-04-28 01:42:20
INV_001028,ORD_001028,CUST_001857,MERCH_0017,116.49,GBP,PAID,2026-02-11 09:41:24,2026-03-13 09:41:24
INV_001029,ORD_001029,CUST_004190,MERCH_0006,204.80,EUR,PAID,2026-01-19 12:08:40,2026-02-18 12:08:40
INV_001030,ORD_001030,CUST_000317,MERCH_0049,65.80,USD,PAID,2026-01-10 21:28:06,2026-02-09 21:28:06
INV_001031,ORD_001031,CUST_004590,MERCH_0087,2670.49,GBP,PAID,2026-03-03 16:01:46,2026-04-02 16:01:46
INV_001032,ORD_001032,CUST_003298,MERCH_0100,349.99,CAD,PAID,2026-02-16 18:41:50,2026-03-18 18:41:50
INV_001033,ORD_001033,CUST_004165,MERCH_0021,380.49,GBP,PAID,2026-01-02 23:07:01,2026-02-01 23:07:01
INV_001034,ORD_001034,CUST_002898,MERCH_0023,58.25,USD,PAID,2026-02-09 15:18:55,2026-03-11 15:18:55
INV_001035,ORD_001035,CUST_003923,MERCH_0082,15000.00,INR,PAID,2026-03-26 05:45:54,2026-04-25 05:45:54
INV_001036,ORD_001036,CUST_000857,MERCH_0036,3999.00,INR,PAID,2026-03-22 16:12:05,2026-04-21 16:12:05
INV_001037,ORD_001037,CUST_004602,MERCH_0084,944.00,EUR,PAID,2026-02-01 17:58:43,2026-03-03 17:58:43
INV_001038,ORD_001038,CUST_002350,MERCH_0066,565.75,EUR,PAID,2026-03-06 18:41:45,2026-04-05 18:41:45
INV_001039,ORD_001039,CUST_000369,MERCH_0061,259.95,USD,PAID,2026-02-05 09:38:51,2026-03-07 09:38:51
INV_001040,ORD_001040,CUST_002193,MERCH_0093,49.99,USD,PAID,2026-01-08 07:08:14,2026-02-07 07:08:14
INV_001041,ORD_001041,CUST_004841,MERCH_0028,38.80,USD,PAID,2026-02-01 11:29:43,2026-03-03 11:29:43
INV_001042,ORD_001042,CUST_001383,MERCH_0033,78.00,GBP,PAID,2026-02-12 12:28:02,2026-03-14 12:28:02
INV_001043,ORD_001043,CUST_001654,MERCH_0010,9999.00,INR,PAID,2026-02-25 19:17:47,2026-03-27 19:17:47
INV_001044,ORD_001044,CUST_000298,MERCH_0052,36.80,CAD,PAID,2026-02-25 07:11:43,2026-03-27 07:11:43
INV_001046,ORD_001046,CUST_001944,MERCH_0046,3456.75,GBP,PAID,2026-03-23 22:03:47,2026-04-22 22:03:47
INV_001047,ORD_001047,CUST_000752,MERCH_0078,18.99,EUR,PAID,2026-03-03 11:07:31,2026-04-02 11:07:31
INV_001048,ORD_001048,CUST_001186,MERCH_0016,441.49,GBP,PAID,2026-01-05 18:20:37,2026-02-04 18:20:37
INV_001049,ORD_001049,CUST_002231,MERCH_0049,371.80,USD,PAID,2026-01-28 18:51:40,2026-02-27 18:51:40
INV_001050,ORD_001050,CUST_003804,MERCH_0072,526.95,USD,PAID,2026-02-08 17:24:55,2026-03-10 17:24:55
INV_001051,ORD_001051,CUST_000730,MERCH_0040,2398.25,CAD,PAID,2026-02-11 02:03:50,2026-03-13 02:03:50
INV_001052,ORD_001052,CUST_002002,MERCH_0053,119.75,USD,PAID,2026-02-04 13:41:26,2026-03-06 13:41:26
INV_001053,ORD_001053,CUST_003805,MERCH_0024,2967.49,USD,PAID,2026-02-13 04:02:19,2026-03-15 04:02:19
INV_001054,ORD_001054,CUST_000406,MERCH_0027,264.80,EUR,PAID,2026-03-09 18:22:06,2026-04-08 18:22:06
INV_001055,ORD_001055,CUST_001691,MERCH_0087,1937.75,USD,PAID,2026-02-11 17:35:18,2026-03-13 17:35:18
INV_001056,ORD_001056,CUST_002748,MERCH_0098,2346.99,EUR,PAID,2026-03-01 16:53:13,2026-03-31 16:53:13
INV_001057,ORD_001057,CUST_001814,MERCH_0038,1499.00,INR,PAID,2026-01-31 04:04:27,2026-03-02 04:04:27
INV_001058,ORD_001058,CUST_002118,MERCH_0091,49.80,USD,PAID,2026-01-28 02:16:56,2026-02-27 02:16:56
INV_001060,ORD_001060,CUST_004280,MERCH_0099,999.00,INR,PAID,2026-02-26 21:27:32,2026-03-28 21:27:32
INV_001061,ORD_001061,CUST_001420,MERCH_0008,389.00,EUR,PAID,2026-01-12 11:40:13,2026-02-11 11:40:13
INV_001062,ORD_001062,CUST_002759,MERCH_0048,1165.50,USD,PAID,2026-02-16 04:56:44,2026-03-18 04:56:44
INV_001063,ORD_001063,CUST_003546,MERCH_0073,1258.25,USD,PAID,2026-03-24 15:50:51,2026-04-23 15:50:51
INV_001064,ORD_001064,CUST_002915,MERCH_0095,74.49,EUR,PAID,2026-01-11 15:29:48,2026-02-10 15:29:48
INV_001065,ORD_001065,CUST_002710,MERCH_0025,2925.80,USD,OVERPAID,2026-02-26 20:02:28,2026-03-28 20:02:28
INV_001066,ORD_001066,CUST_002954,MERCH_0091,56.75,USD,PAID,2026-02-23 23:03:09,2026-03-25 23:03:09
INV_001067,ORD_001067,CUST_003040,MERCH_0071,1431.95,CAD,PAID,2026-01-05 23:27:59,2026-02-04 23:27:59
INV_001068,ORD_001068,CUST_002540,MERCH_0025,41.50,USD,OVERPAID,2026-02-14 17:54:50,2026-03-16 17:54:50
INV_001069,ORD_001069,CUST_003406,MERCH_0075,4999.00,INR,PAID,2026-02-19 07:19:04,2026-03-21 07:19:04
INV_001070,ORD_001070,CUST_002299,MERCH_0073,26.00,USD,PAID,2026-02-07 08:00:39,2026-03-09 08:00:39
INV_001071,ORD_001071,CUST_002159,MERCH_0060,55.95,USD,OVERPAID,2026-01-19 14:35:33,2026-02-18 14:35:33
INV_001072,ORD_001072,CUST_004581,MERCH_0021,2499.00,INR,PAID,2026-03-01 11:58:32,2026-03-31 11:58:32
INV_001073,ORD_001073,CUST_001094,MERCH_0026,17.75,EUR,PAID,2026-02-20 19:59:09,2026-03-22 19:59:09
INV_001074,ORD_001074,CUST_000082,MERCH_0027,67.75,USD,PAID,2026-01-23 14:44:26,2026-02-22 14:44:26
INV_001075,ORD_001075,CUST_000088,MERCH_0047,436.50,GBP,PAID,2026-02-12 18:35:28,2026-03-14 18:35:28
INV_001076,ORD_001076,CUST_003033,MERCH_0036,1359.49,USD,PAID,2026-01-21 17:53:19,2026-02-20 17:53:19
INV_001077,ORD_001077,CUST_001926,MERCH_0022,215.95,CAD,PAID,2026-01-04 03:27:33,2026-02-03 03:27:33
INV_001078,ORD_001078,CUST_000135,MERCH_0075,3362.50,USD,PAID,2026-01-10 03:31:07,2026-02-09 03:31:07
INV_001079,ORD_001079,CUST_003389,MERCH_0093,499.00,INR,PAID,2026-03-31 06:31:52,2026-04-30 06:31:52
INV_001080,ORD_001080,CUST_000868,MERCH_0053,855.50,EUR,PAID,2026-03-02 17:35:38,2026-04-01 17:35:38
INV_001081,ORD_001081,CUST_001216,MERCH_0081,55.49,CAD,PAID,2026-02-03 06:55:31,2026-03-05 06:55:31
INV_001082,ORD_001082,CUST_004373,MERCH_0051,999.00,INR,PAID,2026-01-28 16:11:08,2026-02-27 16:11:08
INV_001083,ORD_001083,CUST_001065,MERCH_0013,73.00,USD,PAID,2026-01-09 12:52:02,2026-02-08 12:52:02
INV_001084,ORD_001084,CUST_000410,MERCH_0096,2636.80,USD,PAID,2026-03-07 07:29:12,2026-04-06 07:29:12
INV_001085,ORD_001085,CUST_004815,MERCH_0014,263.95,EUR,PAID,2026-03-02 10:57:04,2026-04-01 10:57:04
INV_001086,ORD_001086,CUST_001438,MERCH_0023,336.25,EUR,PAID,2026-01-15 02:27:42,2026-02-14 02:27:42
INV_001087,ORD_001087,CUST_002955,MERCH_0003,63.50,USD,PAID,2026-03-25 12:49:57,2026-04-24 12:49:57
INV_001088,ORD_001088,CUST_001576,MERCH_0049,281.00,CAD,PAID,2026-03-30 13:12:28,2026-04-29 13:12:28
INV_001089,ORD_001089,CUST_004115,MERCH_0040,419.80,CAD,PAID,2026-03-23 22:24:53,2026-04-22 22:24:53
INV_001090,ORD_001090,CUST_003093,MERCH_0048,55.99,CAD,PAID,2026-03-16 15:53:18,2026-04-15 15:53:18
INV_001091,ORD_001091,CUST_001489,MERCH_0080,55.75,GBP,PAID,2026-02-08 21:22:06,2026-03-10 21:22:06
INV_001092,ORD_001092,CUST_002613,MERCH_0061,2974.50,GBP,PAID,2026-03-19 11:53:45,2026-04-18 11:53:45
INV_001093,ORD_001093,CUST_000686,MERCH_0070,62.50,EUR,PAID,2026-01-15 01:28:28,2026-02-14 01:28:28
INV_001094,ORD_001094,CUST_002643,MERCH_0010,55.75,GBP,PAID,2026-04-01 00:20:01,2026-05-01 00:20:01
INV_001095,ORD_001095,CUST_002002,MERCH_0056,15000.00,INR,PAID,2026-02-15 07:14:10,2026-03-17 07:14:10
INV_001096,ORD_001096,CUST_003535,MERCH_0006,607.99,USD,PAID,2026-02-06 21:40:04,2026-03-08 21:40:04
INV_001097,ORD_001097,CUST_000877,MERCH_0027,43.00,GBP,PAID,2026-01-22 22:43:35,2026-02-21 22:43:35
INV_001098,ORD_001098,CUST_000774,MERCH_0020,52.49,GBP,PAID,2026-03-22 18:32:37,2026-04-21 18:32:37
INV_001099,ORD_001099,CUST_004452,MERCH_0056,1871.80,GBP,PAID,2026-02-10 19:51:41,2026-03-12 19:51:41
INV_001100,ORD_001100,CUST_004557,MERCH_0034,54.25,USD,PAID,2026-02-22 11:37:43,2026-03-24 11:37:43
INV_001101,ORD_001101,CUST_004670,MERCH_0023,572.80,EUR,PAID,2026-02-19 01:53:15,2026-03-21 01:53:15
INV_001102,ORD_001102,CUST_003291,MERCH_0082,202.95,EUR,PAID,2026-01-28 16:02:09,2026-02-27 16:02:09
INV_001103,ORD_001103,CUST_001477,MERCH_0085,527.50,EUR,PAID,2026-01-12 04:15:48,2026-02-11 04:15:48
INV_001104,ORD_001104,CUST_002504,MERCH_0003,47.00,USD,PAID,2026-03-09 07:55:44,2026-04-08 07:55:44
INV_001105,ORD_001105,CUST_004187,MERCH_0063,72.49,USD,PAID,2026-03-31 07:54:00,2026-04-30 07:54:00
INV_001106,ORD_001106,CUST_004316,MERCH_0074,284.50,GBP,PAID,2026-01-10 16:04:34,2026-02-09 16:04:34
INV_001107,ORD_001107,CUST_003460,MERCH_0056,144.50,USD,PAID,2026-02-10 02:30:10,2026-03-12 02:30:10
INV_001108,ORD_001108,CUST_004457,MERCH_0025,20.49,CAD,PAID,2026-02-08 17:52:57,2026-03-10 17:52:57
INV_001109,ORD_001109,CUST_000016,MERCH_0071,3173.50,GBP,PAID,2026-02-04 19:04:28,2026-03-06 19:04:28
INV_001110,ORD_001110,CUST_003262,MERCH_0058,527.50,GBP,PAID,2026-02-22 03:17:04,2026-03-24 03:17:04
INV_001111,ORD_001111,CUST_004993,MERCH_0065,76.75,EUR,PAID,2026-03-28 23:52:24,2026-04-27 23:52:24
INV_001112,ORD_001112,CUST_004443,MERCH_0081,28.50,EUR,PAID,2026-03-30 23:01:46,2026-04-29 23:01:46
INV_001113,ORD_001113,CUST_001271,MERCH_0025,43.50,CAD,PAID,2026-03-06 18:06:19,2026-04-05 18:06:19
INV_001114,ORD_001114,CUST_001531,MERCH_0045,414.49,EUR,PAID,2026-02-15 01:31:34,2026-03-17 01:31:34
INV_001115,ORD_001115,CUST_003160,MERCH_0064,460.00,GBP,PAID,2026-01-10 12:36:02,2026-02-09 12:36:02
INV_001116,ORD_001116,CUST_002183,MERCH_0084,536.50,USD,PAID,2026-01-25 08:11:45,2026-02-24 08:11:45
INV_001117,ORD_001117,CUST_003433,MERCH_0076,387.75,GBP,PAID,2026-02-26 13:40:43,2026-03-28 13:40:43
INV_001118,ORD_001118,CUST_003202,MERCH_0090,255.25,EUR,PAID,2026-02-06 21:10:17,2026-03-08 21:10:17
INV_001119,ORD_001119,CUST_003672,MERCH_0042,43.50,USD,PAID,2026-01-21 03:18:50,2026-02-20 03:18:50
INV_001120,ORD_001120,CUST_002441,MERCH_0095,567.00,EUR,PAID,2026-03-28 09:01:53,2026-04-27 09:01:53
INV_001121,ORD_001121,CUST_003588,MERCH_0009,84.25,EUR,PAID,2026-02-26 00:49:12,2026-03-28 00:49:12
INV_001122,ORD_001122,CUST_002884,MERCH_0072,158.95,EUR,PAID,2026-03-08 21:14:34,2026-04-07 21:14:34
INV_001123,ORD_001123,CUST_003367,MERCH_0015,3999.00,INR,PAID,2026-02-15 03:53:20,2026-03-17 03:53:20
INV_001124,ORD_001124,CUST_002400,MERCH_0049,55.00,USD,PAID,2026-03-17 16:14:23,2026-04-16 16:14:23
INV_001125,ORD_001125,CUST_002677,MERCH_0002,32.00,EUR,PAID,2026-01-17 22:06:44,2026-02-16 22:06:44
INV_001126,ORD_001126,CUST_004460,MERCH_0003,1999.00,INR,PAID,2026-01-18 17:14:47,2026-02-17 17:14:47
INV_001128,ORD_001128,CUST_001938,MERCH_0054,94.80,EUR,PAID,2026-01-02 17:51:52,2026-02-01 17:51:52
INV_001129,ORD_001129,CUST_003304,MERCH_0098,98.99,USD,PAID,2026-01-11 04:46:49,2026-02-10 04:46:49
INV_001130,ORD_001130,CUST_004632,MERCH_0099,134.95,USD,PAID,2026-01-19 21:32:05,2026-02-18 21:32:05
INV_001131,ORD_001131,CUST_001328,MERCH_0061,41.00,GBP,PAID,2026-02-10 13:15:39,2026-03-12 13:15:39
INV_001132,ORD_001132,CUST_002422,MERCH_0035,9999.00,INR,PAID,2026-01-30 17:57:43,2026-03-01 17:57:43
INV_001133,ORD_001133,CUST_002810,MERCH_0086,464.25,GBP,PAID,2026-02-11 06:47:24,2026-03-13 06:47:24
INV_001134,ORD_001134,CUST_002651,MERCH_0015,1211.25,EUR,PAID,2026-03-30 16:17:45,2026-04-29 16:17:45
INV_001135,ORD_001135,CUST_000065,MERCH_0078,15000.00,INR,PAID,2026-02-02 12:19:56,2026-03-04 12:19:56
INV_001136,ORD_001136,CUST_003936,MERCH_0040,414.95,EUR,PAID,2026-03-29 18:13:17,2026-04-28 18:13:17
INV_001137,ORD_001137,CUST_000790,MERCH_0022,1999.00,INR,PAID,2026-03-24 15:37:24,2026-04-23 15:37:24
INV_001138,ORD_001138,CUST_002849,MERCH_0043,138.50,EUR,PAID,2026-01-22 11:29:10,2026-02-21 11:29:10
INV_001139,ORD_001139,CUST_000557,MERCH_0012,3272.75,EUR,PAID,2026-03-11 22:17:12,2026-04-10 22:17:12
INV_001140,ORD_001140,CUST_002218,MERCH_0099,650.75,GBP,PAID,2026-02-22 08:18:15,2026-03-24 08:18:15
INV_001141,ORD_001141,CUST_001483,MERCH_0022,799.00,INR,PAID,2026-02-27 00:54:51,2026-03-29 00:54:51
INV_001142,ORD_001142,CUST_000948,MERCH_0052,25.80,USD,PAID,2026-02-19 02:25:36,2026-03-21 02:25:36
INV_001143,ORD_001143,CUST_000387,MERCH_0082,73.49,USD,PAID,2026-02-05 14:07:13,2026-03-07 14:07:13
INV_001144,ORD_001144,CUST_002922,MERCH_0028,622.95,EUR,PAID,2026-03-17 06:54:10,2026-04-16 06:54:10
INV_001145,ORD_001145,CUST_002920,MERCH_0016,52.80,USD,PAID,2026-02-26 16:08:06,2026-03-28 16:08:06
INV_001146,ORD_001146,CUST_004183,MERCH_0063,42.75,USD,PAID,2026-02-22 04:52:44,2026-03-24 04:52:44
INV_001147,ORD_001147,CUST_000307,MERCH_0055,150.50,EUR,PAID,2026-02-20 02:24:46,2026-03-22 02:24:46
INV_001148,ORD_001148,CUST_000079,MERCH_0026,23.25,GBP,PAID,2026-01-29 00:23:35,2026-02-28 00:23:35
INV_001149,ORD_001149,CUST_001743,MERCH_0042,605.75,USD,PAID,2026-04-01 06:54:34,2026-05-01 06:54:34
INV_001150,ORD_001150,CUST_002397,MERCH_0025,76.80,EUR,PAID,2026-01-28 09:45:16,2026-02-27 09:45:16
INV_001151,ORD_001151,CUST_001839,MERCH_0040,344.50,EUR,OVERPAID,2026-01-21 16:21:10,2026-02-20 16:21:10
INV_001152,ORD_001152,CUST_004814,MERCH_0079,195.00,USD,PAID,2026-02-26 03:27:59,2026-03-28 03:27:59
INV_001153,ORD_001153,CUST_000139,MERCH_0074,799.00,INR,PAID,2026-02-21 21:09:57,2026-03-23 21:09:57
INV_001154,ORD_001154,CUST_001395,MERCH_0037,80.25,USD,PAID,2026-03-05 11:15:38,2026-04-04 11:15:38
INV_001155,ORD_001155,CUST_004017,MERCH_0048,210.99,GBP,PAID,2026-02-02 04:48:41,2026-03-04 04:48:41
INV_001156,ORD_001156,CUST_003614,MERCH_0010,156.80,USD,PAID,2026-03-14 16:12:27,2026-04-13 16:12:27
INV_001157,ORD_001157,CUST_003702,MERCH_0078,57.80,USD,PAID,2026-03-29 13:27:16,2026-04-28 13:27:16
INV_001158,ORD_001158,CUST_000811,MERCH_0043,2499.00,INR,PAID,2026-03-18 23:44:04,2026-04-17 23:44:04
INV_001159,ORD_001159,CUST_001783,MERCH_0024,430.75,USD,PAID,2026-03-04 06:34:10,2026-04-03 06:34:10
INV_001160,ORD_001160,CUST_002014,MERCH_0074,58.49,EUR,PAID,2026-03-01 12:44:52,2026-03-31 12:44:52
INV_001161,ORD_001161,CUST_004728,MERCH_0060,69.99,EUR,PAID,2026-01-05 20:48:14,2026-02-04 20:48:14
INV_001162,ORD_001162,CUST_002565,MERCH_0012,556.00,CAD,PAID,2026-03-14 14:45:32,2026-04-13 14:45:32
INV_001163,ORD_001163,CUST_003233,MERCH_0087,162.49,EUR,PAID,2026-01-03 06:12:44,2026-02-02 06:12:44
INV_001164,ORD_001164,CUST_001102,MERCH_0040,69.99,USD,PAID,2026-03-05 01:20:50,2026-04-04 01:20:50
INV_001165,ORD_001165,CUST_004115,MERCH_0013,22.00,EUR,PAID,2026-03-11 22:44:52,2026-04-10 22:44:52
INV_001166,ORD_001166,CUST_002812,MERCH_0009,66.80,CAD,PAID,2026-03-09 23:57:01,2026-04-08 23:57:01
INV_001167,ORD_001167,CUST_002010,MERCH_0073,142.75,EUR,PAID,2026-01-21 14:53:19,2026-02-20 14:53:19
INV_001168,ORD_001168,CUST_003525,MERCH_0042,333.95,EUR,OVERPAID,2026-01-10 01:45:30,2026-02-09 01:45:30
INV_001169,ORD_001169,CUST_001524,MERCH_0073,52.49,EUR,PAID,2026-02-04 23:31:46,2026-03-06 23:31:46
INV_001170,ORD_001170,CUST_001966,MERCH_0066,243.50,EUR,PAID,2026-02-16 02:02:37,2026-03-18 02:02:37
INV_001171,ORD_001171,CUST_002043,MERCH_0044,47.49,GBP,PAID,2026-01-29 23:12:55,2026-02-28 23:12:55
INV_001172,ORD_001172,CUST_003784,MERCH_0014,53.75,GBP,PAID,2026-02-01 16:26:47,2026-03-03 16:26:47
INV_001173,ORD_001173,CUST_001548,MERCH_0005,42.00,GBP,PAID,2026-03-07 07:10:57,2026-04-06 07:10:57
INV_001174,ORD_001174,CUST_001101,MERCH_0055,48.49,CAD,PAID,2026-03-25 13:05:21,2026-04-24 13:05:21
INV_001175,ORD_001175,CUST_002597,MERCH_0076,126.00,CAD,PAID,2026-03-19 10:07:46,2026-04-18 10:07:46
INV_001176,ORD_001176,CUST_004143,MERCH_0023,1499.00,INR,PAID,2026-02-22 09:26:28,2026-03-24 09:26:28
INV_001177,ORD_001177,CUST_003717,MERCH_0069,282.49,EUR,PAID,2026-01-14 11:38:05,2026-02-13 11:38:05
INV_001178,ORD_001178,CUST_003144,MERCH_0014,999.00,INR,PAID,2026-03-23 19:02:47,2026-04-22 19:02:47
INV_001179,ORD_001179,CUST_004043,MERCH_0065,448.80,GBP,PAID,2026-01-21 06:38:28,2026-02-20 06:38:28
INV_001180,ORD_001180,CUST_003891,MERCH_0037,16.95,USD,OVERPAID,2026-02-13 23:20:39,2026-03-15 23:20:39
INV_001181,ORD_001181,CUST_003434,MERCH_0082,59.50,GBP,PAID,2026-01-03 13:07:29,2026-02-02 13:07:29
INV_001182,ORD_001182,CUST_001396,MERCH_0084,9999.00,INR,PAID,2026-03-26 00:35:10,2026-04-25 00:35:10
INV_001183,ORD_001183,CUST_000060,MERCH_0018,299.00,INR,PAID,2026-01-27 08:53:20,2026-02-26 08:53:20
INV_001184,ORD_001184,CUST_001763,MERCH_0073,999.00,INR,OVERPAID,2026-01-16 19:08:14,2026-02-15 19:08:14
INV_001185,ORD_001185,CUST_002536,MERCH_0092,50.50,GBP,PAID,2026-01-10 21:37:56,2026-02-09 21:37:56
INV_001186,ORD_001186,CUST_003194,MERCH_0096,37.25,USD,PAID,2026-01-26 03:47:44,2026-02-25 03:47:44
INV_001187,ORD_001187,CUST_002172,MERCH_0002,27.75,GBP,PAID,2026-03-23 02:56:24,2026-04-22 02:56:24
INV_001188,ORD_001188,CUST_003135,MERCH_0040,301.49,GBP,PAID,2026-02-21 08:42:49,2026-03-23 08:42:49
INV_001189,ORD_001189,CUST_001392,MERCH_0089,57.00,EUR,PAID,2026-01-06 17:47:01,2026-02-05 17:47:01
INV_001190,ORD_001190,CUST_004680,MERCH_0009,3040.25,CAD,PAID,2026-02-05 07:41:18,2026-03-07 07:41:18
INV_001191,ORD_001191,CUST_000491,MERCH_0004,16.75,EUR,PAID,2026-01-10 14:14:58,2026-02-09 14:14:58
INV_001192,ORD_001192,CUST_000284,MERCH_0025,28.50,USD,PAID,2026-03-05 20:05:33,2026-04-04 20:05:33
INV_001193,ORD_001193,CUST_003194,MERCH_0010,47.50,EUR,PAID,2026-02-18 09:51:53,2026-03-20 09:51:53
INV_001194,ORD_001194,CUST_000909,MERCH_0064,87.49,GBP,PAID,2026-02-25 14:37:59,2026-03-27 14:37:59
INV_001195,ORD_001195,CUST_001848,MERCH_0019,1190.95,USD,PAID,2026-03-16 01:28:27,2026-04-15 01:28:27
INV_001197,ORD_001197,CUST_003655,MERCH_0095,17.50,EUR,PAID,2026-03-19 18:17:35,2026-04-18 18:17:35
INV_001198,ORD_001198,CUST_001841,MERCH_0013,557.80,EUR,PAID,2026-03-31 21:40:39,2026-04-30 21:40:39
INV_001199,ORD_001199,CUST_002826,MERCH_0035,19.99,EUR,PAID,2026-03-22 15:14:31,2026-04-21 15:14:31
INV_001200,ORD_001200,CUST_004764,MERCH_0069,634.50,USD,PAID,2026-03-31 19:58:08,2026-04-30 19:58:08
INV_001201,ORD_001201,CUST_003924,MERCH_0033,74.25,GBP,PAID,2026-02-24 07:26:47,2026-03-26 07:26:47
INV_001202,ORD_001202,CUST_002556,MERCH_0035,4999.00,INR,PAID,2026-02-14 14:40:29,2026-03-16 14:40:29
INV_001203,ORD_001203,CUST_000267,MERCH_0074,53.50,USD,PAID,2026-02-17 23:16:13,2026-03-19 23:16:13
INV_001204,ORD_001204,CUST_001652,MERCH_0099,414.50,EUR,PAID,2026-02-08 11:28:42,2026-03-10 11:28:42
INV_001205,ORD_001205,CUST_003679,MERCH_0035,67.50,CAD,PAID,2026-01-05 02:40:45,2026-02-04 02:40:45
INV_001206,ORD_001206,CUST_000541,MERCH_0022,232.80,CAD,PAID,2026-01-17 11:31:20,2026-02-16 11:31:20
INV_001207,ORD_001207,CUST_000500,MERCH_0001,52.25,USD,PAID,2026-01-03 07:13:03,2026-02-02 07:13:03
INV_001208,ORD_001208,CUST_000040,MERCH_0079,30.49,CAD,PAID,2026-01-01 14:53:34,2026-01-31 14:53:34
INV_001209,ORD_001209,CUST_001248,MERCH_0073,15000.00,INR,PAID,2026-03-21 23:23:13,2026-04-20 23:23:13
INV_001210,ORD_001210,CUST_000367,MERCH_0095,25.99,USD,PAID,2026-02-07 23:34:56,2026-03-09 23:34:56
INV_001211,ORD_001211,CUST_002007,MERCH_0050,3065.00,USD,PAID,2026-01-05 06:18:33,2026-02-04 06:18:33
INV_001212,ORD_001212,CUST_002002,MERCH_0013,168.49,USD,PAID,2026-02-13 14:19:04,2026-03-15 14:19:04
INV_001213,ORD_001213,CUST_002123,MERCH_0048,397.50,CAD,PAID,2026-02-02 08:13:02,2026-03-04 08:13:02
INV_001214,ORD_001214,CUST_001667,MERCH_0047,2499.00,INR,PAID,2026-02-01 18:44:21,2026-03-03 18:44:21
INV_001215,ORD_001215,CUST_004768,MERCH_0037,2499.00,INR,PAID,2026-03-28 18:56:49,2026-04-27 18:56:49
INV_001216,ORD_001216,CUST_001131,MERCH_0071,633.00,GBP,PAID,2026-01-27 05:19:49,2026-02-26 05:19:49
INV_001217,ORD_001217,CUST_003660,MERCH_0066,65.00,USD,PAID,2026-02-28 05:44:38,2026-03-30 05:44:38
INV_001218,ORD_001218,CUST_002147,MERCH_0064,448.50,USD,PAID,2026-03-09 04:48:01,2026-04-08 04:48:01
INV_001219,ORD_001219,CUST_003723,MERCH_0045,27.95,USD,PAID,2026-01-02 23:52:15,2026-02-01 23:52:15
INV_001220,ORD_001220,CUST_000952,MERCH_0071,416.49,GBP,PAID,2026-03-08 23:15:14,2026-04-07 23:15:14
INV_001221,ORD_001221,CUST_000499,MERCH_0005,48.50,EUR,OVERPAID,2026-02-15 10:11:32,2026-03-17 10:11:32
INV_001222,ORD_001222,CUST_001175,MERCH_0067,37.00,USD,PAID,2026-02-14 19:39:21,2026-03-16 19:39:21
INV_001223,ORD_001223,CUST_000734,MERCH_0045,2183.95,USD,PAID,2026-01-13 10:53:19,2026-02-12 10:53:19
INV_001224,ORD_001224,CUST_002119,MERCH_0029,1902.00,EUR,PAID,2026-01-31 14:52:40,2026-03-02 14:52:40
INV_001225,ORD_001225,CUST_002457,MERCH_0082,421.49,USD,PAID,2026-02-07 11:57:01,2026-03-09 11:57:01
INV_001226,ORD_001226,CUST_002126,MERCH_0020,67.25,EUR,PAID,2026-01-24 03:03:23,2026-02-23 03:03:23
INV_001227,ORD_001227,CUST_001502,MERCH_0059,509.00,USD,OVERPAID,2026-02-08 13:42:53,2026-03-10 13:42:53
INV_001228,ORD_001228,CUST_000628,MERCH_0036,2325.80,EUR,PAID,2026-04-01 06:28:45,2026-05-01 06:28:45
INV_001230,ORD_001230,CUST_004101,MERCH_0039,1165.95,EUR,PAID,2026-02-25 05:35:08,2026-03-27 05:35:08
INV_001231,ORD_001231,CUST_003435,MERCH_0040,1268.50,EUR,PAID,2026-03-27 15:05:52,2026-04-26 15:05:52
INV_001232,ORD_001232,CUST_002924,MERCH_0021,66.50,USD,PAID,2026-01-26 05:31:09,2026-02-25 05:31:09
INV_001233,ORD_001233,CUST_004040,MERCH_0013,555.49,CAD,PAID,2026-03-17 11:43:25,2026-04-16 11:43:25
INV_001234,ORD_001234,CUST_004807,MERCH_0044,621.50,USD,PAID,2026-03-18 22:01:54,2026-04-17 22:01:54
INV_001235,ORD_001235,CUST_003320,MERCH_0052,184.99,USD,PAID,2026-01-26 12:48:32,2026-02-25 12:48:32
INV_001236,ORD_001236,CUST_002286,MERCH_0026,1136.75,GBP,PAID,2026-01-09 07:11:01,2026-02-08 07:11:01
INV_001237,ORD_001237,CUST_004069,MERCH_0031,22.25,EUR,PAID,2026-01-15 03:16:51,2026-02-14 03:16:51
INV_001238,ORD_001238,CUST_004852,MERCH_0071,50.00,EUR,PAID,2026-03-02 19:22:24,2026-04-01 19:22:24
INV_001239,ORD_001239,CUST_000877,MERCH_0031,558.49,EUR,PAID,2026-03-15 03:21:18,2026-04-14 03:21:18
INV_001240,ORD_001240,CUST_002907,MERCH_0098,345.00,EUR,PAID,2026-03-08 16:32:11,2026-04-07 16:32:11
INV_001241,ORD_001241,CUST_001688,MERCH_0010,36.75,USD,PAID,2026-02-12 19:21:51,2026-03-14 19:21:51
INV_001242,ORD_001242,CUST_003635,MERCH_0068,74.80,USD,PAID,2026-02-21 00:49:51,2026-03-23 00:49:51
INV_001243,ORD_001243,CUST_004527,MERCH_0004,562.49,CAD,PAID,2026-03-09 08:11:15,2026-04-08 08:11:15
INV_001244,ORD_001244,CUST_004018,MERCH_0062,313.75,EUR,PAID,2026-03-17 13:05:01,2026-04-16 13:05:01
INV_001245,ORD_001245,CUST_002350,MERCH_0024,557.99,USD,PAID,2026-02-23 10:33:19,2026-03-25 10:33:19
INV_001246,ORD_001246,CUST_001526,MERCH_0051,474.25,EUR,PAID,2026-01-17 01:19:53,2026-02-16 01:19:53
INV_001247,ORD_001247,CUST_002127,MERCH_0059,299.00,INR,PAID,2026-02-08 23:25:51,2026-03-10 23:25:51
INV_001248,ORD_001248,CUST_004736,MERCH_0032,22.50,EUR,PAID,2026-03-24 19:45:17,2026-04-23 19:45:17
INV_001249,ORD_001249,CUST_000596,MERCH_0050,61.00,EUR,OVERPAID,2026-01-01 17:19:49,2026-01-31 17:19:49
INV_001250,ORD_001250,CUST_000922,MERCH_0028,376.75,GBP,PAID,2026-03-02 11:43:40,2026-04-01 11:43:40
INV_001251,ORD_001251,CUST_002470,MERCH_0002,157.25,EUR,PAID,2026-03-30 23:04:08,2026-04-29 23:04:08
INV_001252,ORD_001252,CUST_000584,MERCH_0048,644.99,EUR,PAID,2026-02-06 21:47:23,2026-03-08 21:47:23
INV_001253,ORD_001253,CUST_002704,MERCH_0086,56.49,USD,PAID,2026-01-23 21:12:58,2026-02-22 21:12:58
INV_001254,ORD_001254,CUST_001274,MERCH_0034,1151.25,CAD,PAID,2026-02-17 22:33:36,2026-03-19 22:33:36
INV_001255,ORD_001255,CUST_000911,MERCH_0096,2669.49,GBP,PAID,2026-01-14 13:52:13,2026-02-13 13:52:13
INV_001256,ORD_001256,CUST_004611,MERCH_0098,48.49,CAD,PAID,2026-02-18 15:21:34,2026-03-20 15:21:34
INV_001257,ORD_001257,CUST_003141,MERCH_0030,526.95,EUR,PAID,2026-01-03 03:04:55,2026-02-02 03:04:55
INV_001258,ORD_001258,CUST_003790,MERCH_0099,71.00,EUR,PAID,2026-02-15 19:43:58,2026-03-17 19:43:58
INV_001259,ORD_001259,CUST_002963,MERCH_0016,4999.00,INR,PAID,2026-02-07 14:32:24,2026-03-09 14:32:24
INV_001260,ORD_001260,CUST_002606,MERCH_0063,799.00,INR,OVERPAID,2026-01-31 02:44:07,2026-03-02 02:44:07
INV_001261,ORD_001261,CUST_003761,MERCH_0091,37.25,GBP,PAID,2026-03-07 12:52:06,2026-04-06 12:52:06
INV_001262,ORD_001262,CUST_003694,MERCH_0019,2488.95,GBP,PAID,2026-01-19 08:43:48,2026-02-18 08:43:48
INV_001263,ORD_001263,CUST_003091,MERCH_0084,150.50,CAD,PAID,2026-03-08 15:07:15,2026-04-07 15:07:15
INV_001264,ORD_001264,CUST_003421,MERCH_0061,304.99,EUR,OVERPAID,2026-03-09 11:04:40,2026-04-08 11:04:40
INV_001265,ORD_001265,CUST_000248,MERCH_0053,9999.00,INR,PAID,2026-03-19 17:35:58,2026-04-18 17:35:58
INV_001266,ORD_001266,CUST_001928,MERCH_0100,618.99,USD,PAID,2026-01-26 12:26:50,2026-02-25 12:26:50
INV_001267,ORD_001267,CUST_000687,MERCH_0054,344.80,USD,PAID,2026-03-30 04:15:58,2026-04-29 04:15:58
INV_001268,ORD_001268,CUST_000474,MERCH_0058,428.80,EUR,PAID,2026-03-13 20:23:28,2026-04-12 20:23:28
INV_001269,ORD_001269,CUST_004317,MERCH_0031,493.50,EUR,PAID,2026-01-26 12:06:46,2026-02-25 12:06:46
INV_001270,ORD_001270,CUST_001443,MERCH_0008,189.50,GBP,PAID,2026-01-18 08:39:27,2026-02-17 08:39:27
INV_001271,ORD_001271,CUST_004971,MERCH_0055,139.49,EUR,PAID,2026-01-13 00:50:57,2026-02-12 00:50:57
INV_001272,ORD_001272,CUST_002198,MERCH_0037,319.25,GBP,OVERPAID,2026-03-23 14:14:00,2026-04-22 14:14:00
INV_001273,ORD_001273,CUST_004789,MERCH_0027,38.50,GBP,PAID,2026-03-25 11:13:17,2026-04-24 11:13:17
INV_001274,ORD_001274,CUST_001511,MERCH_0035,160.95,EUR,PAID,2026-03-08 04:44:18,2026-04-07 04:44:18
INV_001275,ORD_001275,CUST_000159,MERCH_0060,279.49,CAD,PAID,2026-03-31 18:33:46,2026-04-30 18:33:46
INV_001276,ORD_001276,CUST_004779,MERCH_0038,550.50,CAD,PAID,2026-01-20 13:41:11,2026-02-19 13:41:11
INV_001277,ORD_001277,CUST_001310,MERCH_0057,2499.00,INR,PAID,2026-02-24 23:41:15,2026-03-26 23:41:15
INV_001278,ORD_001278,CUST_003258,MERCH_0095,59.95,USD,PAID,2026-03-15 17:17:54,2026-04-14 17:17:54
INV_001279,ORD_001279,CUST_004945,MERCH_0090,35.75,EUR,PAID,2026-01-22 13:40:09,2026-02-21 13:40:09
INV_001280,ORD_001280,CUST_000966,MERCH_0074,21.75,EUR,PAID,2026-03-22 03:04:23,2026-04-21 03:04:23
INV_001282,ORD_001282,CUST_004008,MERCH_0076,15.99,EUR,PAID,2026-01-26 23:59:13,2026-02-25 23:59:13
INV_001283,ORD_001283,CUST_004057,MERCH_0054,16.00,GBP,PAID,2026-02-05 13:55:18,2026-03-07 13:55:18
INV_001284,ORD_001284,CUST_000381,MERCH_0077,1876.49,GBP,PAID,2026-01-17 10:15:03,2026-02-16 10:15:03
INV_001285,ORD_001285,CUST_001845,MERCH_0075,1663.99,GBP,PAID,2026-01-18 03:40:28,2026-02-17 03:40:28
INV_001286,ORD_001286,CUST_000334,MERCH_0009,22.99,EUR,PAID,2026-01-16 06:01:45,2026-02-15 06:01:45
INV_001287,ORD_001287,CUST_000274,MERCH_0043,294.95,EUR,PAID,2026-01-23 06:25:10,2026-02-22 06:25:10
INV_001288,ORD_001288,CUST_004851,MERCH_0021,108.00,EUR,PAID,2026-02-11 17:43:38,2026-03-13 17:43:38
INV_001289,ORD_001289,CUST_001035,MERCH_0016,499.00,INR,PAID,2026-03-23 01:11:33,2026-04-22 01:11:33
INV_001290,ORD_001290,CUST_004925,MERCH_0041,46.00,EUR,PAID,2026-03-02 00:03:36,2026-04-01 00:03:36
INV_001291,ORD_001291,CUST_004817,MERCH_0040,499.00,INR,PAID,2026-02-06 09:37:45,2026-03-08 09:37:45
INV_001292,ORD_001292,CUST_001665,MERCH_0073,181.99,USD,PAID,2026-03-29 20:51:59,2026-04-28 20:51:59
INV_001293,ORD_001293,CUST_001877,MERCH_0090,66.99,EUR,PAID,2026-01-11 00:11:28,2026-02-10 00:11:28
INV_001294,ORD_001294,CUST_004168,MERCH_0020,33.95,EUR,PAID,2026-03-03 10:52:12,2026-04-02 10:52:12
INV_001295,ORD_001295,CUST_000037,MERCH_0004,626.50,USD,PAID,2026-02-25 18:18:02,2026-03-27 18:18:02
INV_001296,ORD_001296,CUST_001362,MERCH_0025,44.49,EUR,PAID,2026-03-10 18:40:11,2026-04-09 18:40:11
INV_001297,ORD_001297,CUST_001144,MERCH_0027,21.49,USD,PAID,2026-01-11 00:53:23,2026-02-10 00:53:23
INV_001298,ORD_001298,CUST_002138,MERCH_0018,47.50,EUR,PAID,2026-02-15 13:56:46,2026-03-17 13:56:46
INV_001299,ORD_001299,CUST_002084,MERCH_0091,4999.00,INR,PAID,2026-03-03 07:48:16,2026-04-02 07:48:16
INV_001300,ORD_001300,CUST_000340,MERCH_0064,284.25,EUR,PAID,2026-02-12 04:57:10,2026-03-14 04:57:10
INV_001301,ORD_001301,CUST_000781,MERCH_0046,74.00,EUR,PAID,2026-02-05 01:28:36,2026-03-07 01:28:36
INV_001302,ORD_001302,CUST_002733,MERCH_0067,624.99,CAD,PAID,2026-03-04 02:16:42,2026-04-03 02:16:42
INV_001303,ORD_001303,CUST_003915,MERCH_0091,80.50,EUR,PAID,2026-01-14 10:00:58,2026-02-13 10:00:58
INV_001304,ORD_001304,CUST_001776,MERCH_0040,163.99,GBP,PAID,2026-03-26 00:31:10,2026-04-25 00:31:10
INV_001305,ORD_001305,CUST_001504,MERCH_0023,627.00,EUR,PAID,2026-03-26 17:48:35,2026-04-25 17:48:35
INV_001306,ORD_001306,CUST_001410,MERCH_0058,338.75,GBP,PAID,2026-02-23 22:34:59,2026-03-25 22:34:59
INV_001308,ORD_001308,CUST_003633,MERCH_0089,48.25,EUR,PAID,2026-01-05 04:12:29,2026-02-04 04:12:29
INV_001309,ORD_001309,CUST_001517,MERCH_0025,100.95,EUR,PAID,2026-01-07 19:13:47,2026-02-06 19:13:47
INV_001310,ORD_001310,CUST_001800,MERCH_0074,262.75,EUR,PAID,2026-01-25 04:03:48,2026-02-24 04:03:48
INV_001311,ORD_001311,CUST_001821,MERCH_0076,102.00,USD,PAID,2026-02-07 10:38:25,2026-03-09 10:38:25
INV_001312,ORD_001312,CUST_002302,MERCH_0052,137.25,EUR,PAID,2026-02-09 04:04:40,2026-03-11 04:04:40
INV_001313,ORD_001313,CUST_004307,MERCH_0028,56.00,EUR,PAID,2026-03-11 13:22:31,2026-04-10 13:22:31
INV_001314,ORD_001314,CUST_003643,MERCH_0012,3408.50,GBP,PAID,2026-03-22 12:47:52,2026-04-21 12:47:52
INV_001315,ORD_001315,CUST_002122,MERCH_0002,40.25,USD,PAID,2026-01-28 19:31:14,2026-02-27 19:31:14
INV_001316,ORD_001316,CUST_001611,MERCH_0096,478.80,GBP,PAID,2026-02-14 22:52:02,2026-03-16 22:52:02
INV_001317,ORD_001317,CUST_004952,MERCH_0033,519.00,GBP,PAID,2026-01-29 16:59:56,2026-02-28 16:59:56
INV_001318,ORD_001318,CUST_004510,MERCH_0066,587.49,USD,PAID,2026-02-13 03:45:26,2026-03-15 03:45:26
INV_001319,ORD_001319,CUST_001382,MERCH_0006,354.75,GBP,PAID,2026-01-29 04:27:51,2026-02-28 04:27:51
INV_001320,ORD_001320,CUST_002830,MERCH_0035,479.75,USD,PAID,2026-02-11 21:53:45,2026-03-13 21:53:45
INV_001321,ORD_001321,CUST_002404,MERCH_0046,468.99,GBP,PAID,2026-03-17 07:39:48,2026-04-16 07:39:48
INV_001322,ORD_001322,CUST_003831,MERCH_0036,353.25,CAD,PAID,2026-01-18 02:15:05,2026-02-17 02:15:05
INV_001323,ORD_001323,CUST_004104,MERCH_0030,355.99,USD,PAID,2026-03-27 05:19:33,2026-04-26 05:19:33
INV_001324,ORD_001324,CUST_004834,MERCH_0100,306.00,USD,PAID,2026-02-28 21:23:15,2026-03-30 21:23:15
INV_001325,ORD_001325,CUST_004004,MERCH_0040,381.25,GBP,PAID,2026-03-24 11:45:29,2026-04-23 11:45:29
INV_001326,ORD_001326,CUST_003745,MERCH_0028,72.25,EUR,PAID,2026-01-06 06:36:22,2026-02-05 06:36:22
INV_001327,ORD_001327,CUST_003829,MERCH_0054,999.00,INR,PAID,2026-01-14 01:27:21,2026-02-13 01:27:21
INV_001328,ORD_001328,CUST_000714,MERCH_0089,1261.00,EUR,PAID,2026-02-20 17:51:46,2026-03-22 17:51:46
INV_001329,ORD_001329,CUST_003723,MERCH_0006,45.25,GBP,PAID,2026-03-05 09:39:18,2026-04-04 09:39:18
INV_001330,ORD_001330,CUST_001867,MERCH_0005,1499.00,INR,PAID,2026-03-10 20:08:16,2026-04-09 20:08:16
INV_001331,ORD_001331,CUST_003605,MERCH_0062,563.00,CAD,PAID,2026-03-06 22:40:38,2026-04-05 22:40:38
INV_001332,ORD_001332,CUST_001503,MERCH_0095,3282.80,GBP,PAID,2026-02-11 03:14:17,2026-03-13 03:14:17
INV_001333,ORD_001333,CUST_004154,MERCH_0066,418.75,USD,PAID,2026-02-12 03:22:17,2026-03-14 03:22:17
INV_001334,ORD_001334,CUST_001682,MERCH_0097,36.75,GBP,PAID,2026-02-25 21:44:01,2026-03-27 21:44:01
INV_001335,ORD_001335,CUST_002580,MERCH_0004,390.99,GBP,PAID,2026-03-19 21:10:07,2026-04-18 21:10:07
INV_001336,ORD_001336,CUST_004596,MERCH_0034,534.25,USD,PAID,2026-02-11 08:11:00,2026-03-13 08:11:00
INV_001337,ORD_001337,CUST_001335,MERCH_0052,3999.00,INR,PAID,2026-02-26 09:37:32,2026-03-28 09:37:32
INV_001338,ORD_001338,CUST_004642,MERCH_0087,238.50,GBP,PAID,2026-03-21 13:32:08,2026-04-20 13:32:08
INV_001340,ORD_001340,CUST_001690,MERCH_0004,1007.75,USD,PAID,2026-03-12 00:04:32,2026-04-11 00:04:32
INV_001341,ORD_001341,CUST_004928,MERCH_0082,68.49,USD,PAID,2026-03-09 13:08:36,2026-04-08 13:08:36
INV_001342,ORD_001342,CUST_004413,MERCH_0044,35.00,CAD,OVERPAID,2026-02-12 23:04:06,2026-03-14 23:04:06
INV_001343,ORD_001343,CUST_001202,MERCH_0090,3999.00,INR,PAID,2026-03-18 07:25:46,2026-04-17 07:25:46
INV_001345,ORD_001345,CUST_002070,MERCH_0049,3329.50,USD,PAID,2026-03-28 00:10:15,2026-04-27 00:10:15
INV_001346,ORD_001346,CUST_000380,MERCH_0100,1290.00,EUR,PAID,2026-01-12 09:54:32,2026-02-11 09:54:32
INV_001347,ORD_001347,CUST_000255,MERCH_0027,148.00,GBP,PAID,2026-02-20 03:32:24,2026-03-22 03:32:24
INV_001348,ORD_001348,CUST_003397,MERCH_0077,620.95,GBP,PAID,2026-02-23 17:20:00,2026-03-25 17:20:00
INV_001349,ORD_001349,CUST_004159,MERCH_0067,1404.99,USD,PAID,2026-03-06 08:36:40,2026-04-05 08:36:40
INV_001350,ORD_001350,CUST_004853,MERCH_0055,1353.25,EUR,PAID,2026-03-08 20:34:04,2026-04-07 20:34:04
INV_001351,ORD_001351,CUST_000272,MERCH_0072,30.00,EUR,PAID,2026-02-21 19:45:01,2026-03-23 19:45:01
INV_001352,ORD_001352,CUST_002207,MERCH_0036,269.25,USD,PAID,2026-01-22 12:25:25,2026-02-21 12:25:25
INV_001353,ORD_001353,CUST_000090,MERCH_0023,62.50,USD,PAID,2026-03-13 17:59:09,2026-04-12 17:59:09
INV_001354,ORD_001354,CUST_003757,MERCH_0029,799.00,INR,PAID,2026-02-05 16:21:18,2026-03-07 16:21:18
INV_001355,ORD_001355,CUST_004998,MERCH_0032,52.80,GBP,PAID,2026-02-06 21:20:37,2026-03-08 21:20:37
INV_001356,ORD_001356,CUST_002908,MERCH_0046,162.95,GBP,PAID,2026-01-22 21:21:36,2026-02-21 21:21:36
INV_001357,ORD_001357,CUST_000134,MERCH_0087,603.95,EUR,OVERPAID,2026-01-24 22:09:52,2026-02-23 22:09:52
INV_001358,ORD_001358,CUST_003027,MERCH_0067,40.25,EUR,PAID,2026-01-28 03:50:50,2026-02-27 03:50:50
INV_001359,ORD_001359,CUST_004951,MERCH_0060,24.25,EUR,PAID,2026-03-17 14:29:33,2026-04-16 14:29:33
INV_001360,ORD_001360,CUST_000414,MERCH_0018,67.25,GBP,PAID,2026-01-26 05:07:24,2026-02-25 05:07:24
INV_001361,ORD_001361,CUST_000596,MERCH_0051,59.25,USD,PAID,2026-02-14 08:28:32,2026-03-16 08:28:32
INV_001362,ORD_001362,CUST_004942,MERCH_0095,76.75,GBP,PAID,2026-03-19 02:47:21,2026-04-18 02:47:21
INV_001363,ORD_001363,CUST_001535,MERCH_0079,46.00,GBP,PAID,2026-02-06 10:34:59,2026-03-08 10:34:59
INV_001364,ORD_001364,CUST_002024,MERCH_0078,275.75,USD,PAID,2026-01-10 14:09:13,2026-02-09 14:09:13
INV_001365,ORD_001365,CUST_000037,MERCH_0004,74.95,USD,PAID,2026-03-29 09:28:24,2026-04-28 09:28:24
INV_001366,ORD_001366,CUST_001859,MERCH_0095,153.95,USD,PAID,2026-03-25 03:01:03,2026-04-24 03:01:03
INV_001367,ORD_001367,CUST_004061,MERCH_0074,70.80,EUR,PAID,2026-02-01 12:29:34,2026-03-03 12:29:34
INV_001368,ORD_001368,CUST_001110,MERCH_0096,235.99,USD,PAID,2026-01-30 03:04:50,2026-03-01 03:04:50
INV_001369,ORD_001369,CUST_004672,MERCH_0004,185.25,GBP,PAID,2026-02-17 08:34:06,2026-03-19 08:34:06
INV_001370,ORD_001370,CUST_004467,MERCH_0073,215.99,USD,PAID,2026-03-31 18:25:28,2026-04-30 18:25:28
INV_001371,ORD_001371,CUST_003675,MERCH_0001,70.25,GBP,PAID,2026-03-02 02:13:17,2026-04-01 02:13:17
INV_001372,ORD_001372,CUST_002031,MERCH_0040,35.80,USD,PAID,2026-03-19 13:06:21,2026-04-18 13:06:21
INV_001373,ORD_001373,CUST_002587,MERCH_0080,78.49,EUR,PAID,2026-03-24 21:01:21,2026-04-23 21:01:21
INV_001374,ORD_001374,CUST_000509,MERCH_0045,264.49,GBP,PAID,2026-01-23 05:48:56,2026-02-22 05:48:56
INV_001375,ORD_001375,CUST_003968,MERCH_0067,53.80,CAD,PAID,2026-01-20 02:19:57,2026-02-19 02:19:57
INV_001376,ORD_001376,CUST_002348,MERCH_0058,586.00,EUR,PAID,2026-02-23 17:22:36,2026-03-25 17:22:36
INV_001377,ORD_001377,CUST_001848,MERCH_0100,562.00,USD,PAID,2026-01-31 22:05:00,2026-03-02 22:05:00
INV_001378,ORD_001378,CUST_000280,MERCH_0081,45.99,GBP,PAID,2026-03-31 12:59:04,2026-04-30 12:59:04
INV_001380,ORD_001380,CUST_004462,MERCH_0045,72.49,USD,PAID,2026-03-14 08:35:23,2026-04-13 08:35:23
INV_001381,ORD_001381,CUST_002039,MERCH_0047,2499.00,INR,PAID,2026-02-28 18:38:28,2026-03-30 18:38:28
INV_001382,ORD_001382,CUST_000093,MERCH_0037,1499.00,INR,PAID,2026-02-27 09:20:53,2026-03-29 09:20:53
INV_001383,ORD_001383,CUST_002037,MERCH_0098,18.50,GBP,PAID,2026-02-28 23:36:15,2026-03-30 23:36:15
INV_001384,ORD_001384,CUST_000327,MERCH_0099,2879.99,CAD,PAID,2026-01-24 11:21:20,2026-02-23 11:21:20
INV_001385,ORD_001385,CUST_004428,MERCH_0069,58.25,EUR,PAID,2026-01-02 12:31:17,2026-02-01 12:31:17
INV_001386,ORD_001386,CUST_001940,MERCH_0027,39.50,GBP,PAID,2026-02-03 13:37:22,2026-03-05 13:37:22
INV_001387,ORD_001387,CUST_003539,MERCH_0098,825.80,USD,PAID,2026-02-17 15:25:56,2026-03-19 15:25:56
INV_001388,ORD_001388,CUST_002312,MERCH_0093,499.00,INR,PAID,2026-03-26 08:19:01,2026-04-25 08:19:01
INV_001389,ORD_001389,CUST_002259,MERCH_0069,66.00,USD,PAID,2026-02-24 01:35:10,2026-03-26 01:35:10
INV_001390,ORD_001390,CUST_003304,MERCH_0084,243.80,USD,PAID,2026-01-04 11:16:39,2026-02-03 11:16:39
INV_001391,ORD_001391,CUST_003900,MERCH_0001,1499.00,INR,PAID,2026-02-16 15:51:20,2026-03-18 15:51:20
INV_001392,ORD_001392,CUST_001612,MERCH_0082,24.49,USD,PAID,2026-01-09 01:30:46,2026-02-08 01:30:46
INV_001393,ORD_001393,CUST_003451,MERCH_0035,1192.25,EUR,PAID,2026-03-27 09:53:29,2026-04-26 09:53:29
INV_001394,ORD_001394,CUST_000112,MERCH_0030,389.49,EUR,PAID,2026-01-14 17:02:19,2026-02-13 17:02:19
INV_001395,ORD_001395,CUST_004235,MERCH_0050,863.99,USD,PAID,2026-02-09 06:43:40,2026-03-11 06:43:40
INV_001396,ORD_001396,CUST_000069,MERCH_0056,170.50,USD,PAID,2026-02-06 07:39:36,2026-03-08 07:39:36
INV_001397,ORD_001397,CUST_004806,MERCH_0028,891.49,USD,PAID,2026-01-05 13:11:55,2026-02-04 13:11:55
INV_001398,ORD_001398,CUST_000191,MERCH_0018,799.00,INR,PAID,2026-03-01 09:10:54,2026-03-31 09:10:54
INV_001399,ORD_001399,CUST_004895,MERCH_0090,9999.00,INR,PAID,2026-02-05 21:26:54,2026-03-07 21:26:54
INV_001400,ORD_001400,CUST_004370,MERCH_0007,2549.50,USD,PAID,2026-02-12 01:54:54,2026-03-14 01:54:54
INV_001401,ORD_001401,CUST_004838,MERCH_0035,51.99,USD,PAID,2026-01-14 14:59:41,2026-02-13 14:59:41
INV_001402,ORD_001402,CUST_004567,MERCH_0016,479.49,GBP,PAID,2026-01-02 21:12:30,2026-02-01 21:12:30
INV_001403,ORD_001403,CUST_002705,MERCH_0037,3096.50,EUR,PAID,2026-02-08 22:55:34,2026-03-10 22:55:34
INV_001404,ORD_001404,CUST_004056,MERCH_0079,45.25,USD,PAID,2026-01-06 09:25:40,2026-02-05 09:25:40
INV_001405,ORD_001405,CUST_003466,MERCH_0070,34.00,USD,PAID,2026-01-04 06:30:52,2026-02-03 06:30:52
INV_001406,ORD_001406,CUST_002999,MERCH_0009,40.00,EUR,PAID,2026-02-19 06:14:48,2026-03-21 06:14:48
INV_001407,ORD_001407,CUST_003468,MERCH_0041,463.80,EUR,PAID,2026-01-06 13:29:21,2026-02-05 13:29:21
INV_001408,ORD_001408,CUST_004840,MERCH_0032,138.80,USD,PAID,2026-02-02 00:04:38,2026-03-04 00:04:38
INV_001409,ORD_001409,CUST_002621,MERCH_0088,73.00,USD,PAID,2026-03-09 17:22:40,2026-04-08 17:22:40
INV_001410,ORD_001410,CUST_003260,MERCH_0069,520.25,USD,PAID,2026-02-12 12:30:16,2026-03-14 12:30:16
INV_001411,ORD_001411,CUST_004975,MERCH_0092,2499.00,INR,PAID,2026-02-18 09:06:29,2026-03-20 09:06:29
INV_001412,ORD_001412,CUST_003918,MERCH_0032,331.49,EUR,PAID,2026-03-24 14:53:10,2026-04-23 14:53:10
INV_001413,ORD_001413,CUST_004944,MERCH_0004,39.80,GBP,PAID,2026-02-05 05:37:58,2026-03-07 05:37:58
INV_001414,ORD_001414,CUST_001092,MERCH_0088,20.25,USD,PAID,2026-01-21 17:06:43,2026-02-20 17:06:43
INV_001415,ORD_001415,CUST_003770,MERCH_0051,71.50,EUR,PAID,2026-02-06 19:57:17,2026-03-08 19:57:17
INV_001416,ORD_001416,CUST_001153,MERCH_0084,103.75,EUR,PAID,2026-01-05 20:42:54,2026-02-04 20:42:54
INV_001417,ORD_001417,CUST_001548,MERCH_0079,42.95,GBP,PAID,2026-01-23 10:34:09,2026-02-22 10:34:09
INV_001418,ORD_001418,CUST_002631,MERCH_0043,431.99,USD,PAID,2026-03-26 00:09:48,2026-04-25 00:09:48
INV_001419,ORD_001419,CUST_004992,MERCH_0073,307.75,USD,PAID,2026-03-02 18:02:50,2026-04-01 18:02:50
INV_001420,ORD_001420,CUST_001268,MERCH_0028,2669.50,GBP,PAID,2026-01-19 04:53:42,2026-02-18 04:53:42
INV_001421,ORD_001421,CUST_003292,MERCH_0051,2465.00,EUR,PAID,2026-01-30 07:48:33,2026-03-01 07:48:33
INV_001422,ORD_001422,CUST_000284,MERCH_0049,79.99,EUR,PAID,2026-02-02 20:20:30,2026-03-04 20:20:30
INV_001423,ORD_001423,CUST_003875,MERCH_0082,78.00,USD,PAID,2026-03-19 03:15:45,2026-04-18 03:15:45
INV_001424,ORD_001424,CUST_001369,MERCH_0065,15.25,USD,PAID,2026-02-11 20:50:36,2026-03-13 20:50:36
INV_001425,ORD_001425,CUST_003317,MERCH_0032,494.99,CAD,PAID,2026-01-19 20:30:11,2026-02-18 20:30:11
INV_001426,ORD_001426,CUST_002581,MERCH_0035,42.75,EUR,PAID,2026-02-28 01:39:47,2026-03-30 01:39:47
INV_001427,ORD_001427,CUST_000634,MERCH_0077,55.25,EUR,PAID,2026-01-26 08:02:19,2026-02-25 08:02:19
INV_001428,ORD_001428,CUST_003576,MERCH_0054,43.50,CAD,PAID,2026-01-30 02:46:31,2026-03-01 02:46:31
INV_001429,ORD_001429,CUST_004490,MERCH_0021,187.49,GBP,PAID,2026-02-27 04:06:07,2026-03-29 04:06:07
INV_001430,ORD_001430,CUST_000134,MERCH_0033,528.50,USD,PAID,2026-01-01 16:41:57,2026-01-31 16:41:57
INV_001431,ORD_001431,CUST_002492,MERCH_0068,246.50,USD,PAID,2026-02-18 15:14:34,2026-03-20 15:14:34
INV_001432,ORD_001432,CUST_004106,MERCH_0066,76.50,EUR,PAID,2026-02-21 10:03:49,2026-03-23 10:03:49
INV_001433,ORD_001433,CUST_004278,MERCH_0050,1469.49,EUR,PAID,2026-01-06 02:26:13,2026-02-05 02:26:13
INV_001434,ORD_001434,CUST_003831,MERCH_0040,56.95,USD,PAID,2026-03-14 21:29:07,2026-04-13 21:29:07
INV_001435,ORD_001435,CUST_003169,MERCH_0100,299.00,INR,PAID,2026-01-20 00:31:04,2026-02-19 00:31:04
INV_001436,ORD_001436,CUST_000978,MERCH_0051,225.00,GBP,PAID,2026-01-06 05:57:42,2026-02-05 05:57:42
INV_001437,ORD_001437,CUST_003430,MERCH_0013,599.99,EUR,PAID,2026-02-01 15:27:57,2026-03-03 15:27:57
INV_001438,ORD_001438,CUST_002686,MERCH_0042,37.80,EUR,PAID,2026-03-15 06:47:23,2026-04-14 06:47:23
INV_001439,ORD_001439,CUST_003166,MERCH_0007,505.99,USD,PAID,2026-02-21 03:51:02,2026-03-23 03:51:02
INV_001440,ORD_001440,CUST_000471,MERCH_0088,47.25,USD,PAID,2026-02-05 00:39:00,2026-03-07 00:39:00
INV_001441,ORD_001441,CUST_000563,MERCH_0034,671.80,CAD,PAID,2026-03-17 00:55:27,2026-04-16 00:55:27
INV_001442,ORD_001442,CUST_003489,MERCH_0069,562.75,CAD,PAID,2026-01-02 22:44:10,2026-02-01 22:44:10
INV_001443,ORD_001443,CUST_003345,MERCH_0032,355.95,USD,PAID,2026-01-20 03:43:11,2026-02-19 03:43:11
INV_001444,ORD_001444,CUST_002727,MERCH_0006,50.75,USD,PAID,2026-03-13 07:57:13,2026-04-12 07:57:13
INV_001445,ORD_001445,CUST_003550,MERCH_0099,579.80,USD,PAID,2026-03-04 05:36:40,2026-04-03 05:36:40
INV_001446,ORD_001446,CUST_004993,MERCH_0050,20.00,CAD,PAID,2026-01-27 13:32:55,2026-02-26 13:32:55
INV_001447,ORD_001447,CUST_000117,MERCH_0066,309.80,USD,PAID,2026-02-25 22:55:21,2026-03-27 22:55:21
INV_001448,ORD_001448,CUST_004494,MERCH_0081,47.25,EUR,PAID,2026-01-05 16:59:27,2026-02-04 16:59:27
INV_001449,ORD_001449,CUST_004920,MERCH_0068,98.99,EUR,PAID,2026-03-16 08:57:04,2026-04-15 08:57:04
INV_001450,ORD_001450,CUST_000790,MERCH_0030,626.80,USD,PAID,2026-02-25 00:31:59,2026-03-27 00:31:59
INV_001451,ORD_001451,CUST_002530,MERCH_0085,616.25,CAD,PAID,2026-01-07 19:09:27,2026-02-06 19:09:27
INV_001452,ORD_001452,CUST_002622,MERCH_0078,364.25,GBP,PAID,2026-03-18 16:28:43,2026-04-17 16:28:43
INV_001453,ORD_001453,CUST_001801,MERCH_0083,450.00,GBP,PAID,2026-01-17 15:32:10,2026-02-16 15:32:10
INV_001454,ORD_001454,CUST_003441,MERCH_0059,1510.95,EUR,PAID,2026-03-23 17:11:52,2026-04-22 17:11:52
INV_001455,ORD_001455,CUST_001490,MERCH_0052,169.75,USD,PAID,2026-03-24 05:09:16,2026-04-23 05:09:16
INV_001456,ORD_001456,CUST_004102,MERCH_0070,2132.50,USD,PAID,2026-01-15 20:06:59,2026-02-14 20:06:59
INV_001457,ORD_001457,CUST_004496,MERCH_0080,1615.25,USD,PAID,2026-02-27 22:54:02,2026-03-29 22:54:02
INV_001458,ORD_001458,CUST_000976,MERCH_0061,1352.00,EUR,PAID,2026-02-14 00:42:53,2026-03-16 00:42:53
INV_001459,ORD_001459,CUST_003510,MERCH_0091,299.00,INR,OVERPAID,2026-02-01 00:30:06,2026-03-03 00:30:06
INV_001460,ORD_001460,CUST_002126,MERCH_0091,402.80,GBP,PAID,2026-01-08 04:13:46,2026-02-07 04:13:46
INV_001461,ORD_001461,CUST_001722,MERCH_0058,23.49,CAD,PAID,2026-02-15 05:43:46,2026-03-17 05:43:46
INV_001462,ORD_001462,CUST_003318,MERCH_0022,644.75,GBP,PAID,2026-03-22 13:58:24,2026-04-21 13:58:24
INV_001463,ORD_001463,CUST_000139,MERCH_0020,45.25,EUR,PAID,2026-03-08 20:14:35,2026-04-07 20:14:35
INV_001464,ORD_001464,CUST_004937,MERCH_0081,641.99,GBP,PAID,2026-01-04 00:15:44,2026-02-03 00:15:44
INV_001465,ORD_001465,CUST_000806,MERCH_0084,581.00,EUR,PAID,2026-02-19 21:37:07,2026-03-21 21:37:07
INV_001466,ORD_001466,CUST_003725,MERCH_0007,231.75,EUR,PAID,2026-02-27 05:07:48,2026-03-29 05:07:48
INV_001467,ORD_001467,CUST_002252,MERCH_0029,546.25,CAD,PAID,2026-03-30 05:08:35,2026-04-29 05:08:35
INV_001468,ORD_001468,CUST_003771,MERCH_0042,1573.25,EUR,PAID,2026-02-19 22:21:31,2026-03-21 22:21:31
INV_001469,ORD_001469,CUST_000832,MERCH_0031,57.75,GBP,PAID,2026-03-16 16:01:28,2026-04-15 16:01:28
INV_001470,ORD_001470,CUST_001041,MERCH_0046,308.80,USD,PAID,2026-03-04 19:34:49,2026-04-03 19:34:49
INV_001471,ORD_001471,CUST_004171,MERCH_0048,1926.49,CAD,PAID,2026-02-22 11:49:15,2026-03-24 11:49:15
INV_001472,ORD_001472,CUST_002644,MERCH_0030,535.75,USD,PAID,2026-03-24 22:09:54,2026-04-23 22:09:54
INV_001473,ORD_001473,CUST_000307,MERCH_0010,2495.80,GBP,PAID,2026-02-26 21:25:27,2026-03-28 21:25:27
INV_001474,ORD_001474,CUST_002479,MERCH_0082,80.95,GBP,PAID,2026-03-20 09:47:48,2026-04-19 09:47:48
INV_001475,ORD_001475,CUST_001900,MERCH_0098,739.25,GBP,PAID,2026-03-21 20:48:48,2026-04-20 20:48:48
INV_001476,ORD_001476,CUST_001792,MERCH_0062,2105.75,EUR,PAID,2026-03-15 22:33:33,2026-04-14 22:33:33
INV_001477,ORD_001477,CUST_003598,MERCH_0085,1504.25,EUR,PAID,2026-01-24 00:01:39,2026-02-23 00:01:39
INV_001478,ORD_001478,CUST_004582,MERCH_0043,15000.00,INR,PAID,2026-02-06 01:13:30,2026-03-08 01:13:30
INV_001479,ORD_001479,CUST_000742,MERCH_0039,341.49,EUR,PAID,2026-02-06 19:36:45,2026-03-08 19:36:45
INV_001480,ORD_001480,CUST_003149,MERCH_0038,30.95,EUR,PAID,2026-03-24 11:45:31,2026-04-23 11:45:31
INV_001481,ORD_001481,CUST_000675,MERCH_0084,29.80,GBP,PAID,2026-03-31 19:16:57,2026-04-30 19:16:57
INV_001482,ORD_001482,CUST_001357,MERCH_0021,646.49,CAD,PAID,2026-01-08 18:28:33,2026-02-07 18:28:33
INV_001483,ORD_001483,CUST_002457,MERCH_0098,2499.00,INR,PAID,2026-03-23 16:01:43,2026-04-22 16:01:43
INV_001484,ORD_001484,CUST_003989,MERCH_0089,31.95,USD,PAID,2026-03-21 00:30:37,2026-04-20 00:30:37
INV_001485,ORD_001485,CUST_001649,MERCH_0031,437.50,USD,PAID,2026-03-17 03:38:45,2026-04-16 03:38:45
INV_001486,ORD_001486,CUST_000955,MERCH_0024,73.25,CAD,PAID,2026-02-24 11:07:19,2026-03-26 11:07:19
INV_001487,ORD_001487,CUST_000639,MERCH_0056,327.99,EUR,PAID,2026-01-01 11:13:06,2026-01-31 11:13:06
INV_001488,ORD_001488,CUST_001804,MERCH_0018,41.00,EUR,PAID,2026-01-27 09:29:04,2026-02-26 09:29:04
INV_001489,ORD_001489,CUST_002934,MERCH_0063,544.49,USD,PAID,2026-03-02 06:01:23,2026-04-01 06:01:23
INV_001490,ORD_001490,CUST_000986,MERCH_0052,297.00,USD,PAID,2026-01-27 22:22:36,2026-02-26 22:22:36
INV_001491,ORD_001491,CUST_002491,MERCH_0059,395.99,EUR,PAID,2026-03-24 23:03:36,2026-04-23 23:03:36
INV_001492,ORD_001492,CUST_004503,MERCH_0015,799.00,INR,PAID,2026-02-07 13:51:21,2026-03-09 13:51:21
INV_001493,ORD_001493,CUST_002744,MERCH_0079,578.50,USD,PAID,2026-02-04 21:01:30,2026-03-06 21:01:30
INV_001494,ORD_001494,CUST_000216,MERCH_0006,37.99,GBP,PAID,2026-01-22 07:09:23,2026-02-21 07:09:23
INV_001495,ORD_001495,CUST_002364,MERCH_0035,4999.00,INR,PAID,2026-04-01 03:39:38,2026-05-01 03:39:38
INV_001496,ORD_001496,CUST_000007,MERCH_0074,921.75,EUR,PAID,2026-01-30 12:11:31,2026-03-01 12:11:31
INV_001497,ORD_001497,CUST_003951,MERCH_0088,26.75,USD,PAID,2026-01-29 17:00:58,2026-02-28 17:00:58
INV_001498,ORD_001498,CUST_003823,MERCH_0067,16.75,USD,PAID,2026-02-27 13:53:24,2026-03-29 13:53:24
INV_001500,ORD_001500,CUST_000819,MERCH_0008,1002.80,GBP,PAID,2026-03-12 12:36:50,2026-04-11 12:36:50
INV_001501,ORD_001501,CUST_001875,MERCH_0033,28.25,EUR,PAID,2026-02-12 09:11:32,2026-03-14 09:11:32
INV_001502,ORD_001502,CUST_003321,MERCH_0006,212.99,CAD,PAID,2026-03-03 13:07:52,2026-04-02 13:07:52
INV_001503,ORD_001503,CUST_003505,MERCH_0019,24.75,USD,PAID,2026-03-22 02:58:28,2026-04-21 02:58:28
INV_001504,ORD_001504,CUST_000433,MERCH_0005,79.00,CAD,PAID,2026-01-19 05:21:00,2026-02-18 05:21:00
INV_001505,ORD_001505,CUST_001378,MERCH_0018,34.49,EUR,PAID,2026-01-29 07:18:11,2026-02-28 07:18:11
INV_001506,ORD_001506,CUST_004824,MERCH_0041,66.00,EUR,PAID,2026-02-25 07:27:02,2026-03-27 07:27:02
INV_001507,ORD_001507,CUST_001112,MERCH_0017,55.95,EUR,PAID,2026-03-25 02:21:20,2026-04-24 02:21:20
INV_001508,ORD_001508,CUST_003052,MERCH_0007,20.00,EUR,PAID,2026-02-07 00:08:34,2026-03-09 00:08:34
INV_001509,ORD_001509,CUST_001832,MERCH_0027,37.75,EUR,PAID,2026-02-26 05:37:18,2026-03-28 05:37:18
INV_001510,ORD_001510,CUST_001993,MERCH_0021,67.95,EUR,PAID,2026-03-13 11:29:04,2026-04-12 11:29:04
INV_001511,ORD_001511,CUST_004101,MERCH_0024,519.95,USD,PAID,2026-02-09 03:20:59,2026-03-11 03:20:59
INV_001512,ORD_001512,CUST_003518,MERCH_0056,299.00,INR,PAID,2026-01-20 01:33:01,2026-02-19 01:33:01
INV_001513,ORD_001513,CUST_003718,MERCH_0097,15000.00,INR,PAID,2026-03-04 03:11:09,2026-04-03 03:11:09
INV_001514,ORD_001514,CUST_003866,MERCH_0023,2499.00,INR,PAID,2026-03-22 22:01:11,2026-04-21 22:01:11
INV_001515,ORD_001515,CUST_003039,MERCH_0052,64.49,USD,PAID,2026-03-21 08:27:48,2026-04-20 08:27:48
INV_001516,ORD_001516,CUST_000863,MERCH_0039,66.99,EUR,PAID,2026-01-27 04:31:31,2026-02-26 04:31:31
INV_001517,ORD_001517,CUST_002219,MERCH_0100,319.25,EUR,PAID,2026-04-01 00:19:09,2026-05-01 00:19:09
INV_001518,ORD_001518,CUST_002047,MERCH_0096,2241.75,USD,PAID,2026-01-16 06:22:10,2026-02-15 06:22:10
INV_001519,ORD_001519,CUST_003750,MERCH_0083,3212.25,GBP,PAID,2026-03-26 03:34:38,2026-04-25 03:34:38
INV_001520,ORD_001520,CUST_004494,MERCH_0053,18.25,CAD,PAID,2026-02-02 04:35:55,2026-03-04 04:35:55
INV_001521,ORD_001521,CUST_003854,MERCH_0073,640.75,GBP,PAID,2026-02-27 14:34:12,2026-03-29 14:34:12
INV_001522,ORD_001522,CUST_004097,MERCH_0029,2761.25,EUR,PAID,2026-01-09 09:49:31,2026-02-08 09:49:31
INV_001523,ORD_001523,CUST_000190,MERCH_0032,22.80,CAD,PAID,2026-02-18 13:31:00,2026-03-20 13:31:00
INV_001524,ORD_001524,CUST_004394,MERCH_0036,729.80,GBP,PAID,2026-03-01 21:26:45,2026-03-31 21:26:45
INV_001525,ORD_001525,CUST_001004,MERCH_0017,385.75,EUR,PAID,2026-01-29 00:18:17,2026-02-28 00:18:17
INV_001526,ORD_001526,CUST_002278,MERCH_0083,52.50,EUR,PAID,2026-03-23 16:33:50,2026-04-22 16:33:50
INV_001527,ORD_001527,CUST_001137,MERCH_0059,65.95,USD,PAID,2026-03-14 22:24:08,2026-04-13 22:24:08
INV_001528,ORD_001528,CUST_001488,MERCH_0015,552.25,GBP,PAID,2026-03-04 15:18:27,2026-04-03 15:18:27
INV_001529,ORD_001529,CUST_002693,MERCH_0028,64.49,EUR,PAID,2026-01-22 17:57:24,2026-02-21 17:57:24
INV_001530,ORD_001530,CUST_003288,MERCH_0015,9999.00,INR,PAID,2026-03-17 15:29:32,2026-04-16 15:29:32
INV_001531,ORD_001531,CUST_002230,MERCH_0030,2368.80,CAD,PAID,2026-01-27 16:58:56,2026-02-26 16:58:56
INV_001532,ORD_001532,CUST_004615,MERCH_0006,299.00,INR,PAID,2026-02-23 06:05:46,2026-03-25 06:05:46
INV_001533,ORD_001533,CUST_002057,MERCH_0010,16.49,GBP,PAID,2026-03-30 12:44:49,2026-04-29 12:44:49
INV_001534,ORD_001534,CUST_002553,MERCH_0007,68.00,GBP,PAID,2026-03-06 00:26:25,2026-04-05 00:26:25
INV_001535,ORD_001535,CUST_000593,MERCH_0096,33.00,EUR,PAID,2026-03-27 08:38:35,2026-04-26 08:38:35
INV_001536,ORD_001536,CUST_002140,MERCH_0071,40.00,EUR,PAID,2026-03-28 13:01:05,2026-04-27 13:01:05
INV_001537,ORD_001537,CUST_004453,MERCH_0027,76.49,USD,PAID,2026-02-07 09:30:30,2026-03-09 09:30:30
INV_001538,ORD_001538,CUST_001108,MERCH_0027,717.95,EUR,PAID,2026-03-18 07:24:07,2026-04-17 07:24:07
INV_001539,ORD_001539,CUST_000754,MERCH_0038,1876.80,EUR,PAID,2026-01-12 21:36:42,2026-02-11 21:36:42
INV_001540,ORD_001540,CUST_003903,MERCH_0056,382.99,CAD,PAID,2026-03-24 18:20:25,2026-04-23 18:20:25
INV_001541,ORD_001541,CUST_004091,MERCH_0005,469.49,EUR,PAID,2026-01-30 14:00:53,2026-03-01 14:00:53
INV_001542,ORD_001542,CUST_001244,MERCH_0083,962.95,EUR,PAID,2026-01-12 20:53:16,2026-02-11 20:53:16
INV_001543,ORD_001543,CUST_003367,MERCH_0007,15000.00,INR,PAID,2026-02-28 06:11:21,2026-03-30 06:11:21
INV_001544,ORD_001544,CUST_002762,MERCH_0045,589.50,USD,PAID,2026-01-17 13:15:08,2026-02-16 13:15:08
INV_001545,ORD_001545,CUST_002319,MERCH_0047,363.80,USD,PAID,2026-02-17 13:07:51,2026-03-19 13:07:51
INV_001546,ORD_001546,CUST_004151,MERCH_0037,776.75,EUR,PAID,2026-02-25 16:30:34,2026-03-27 16:30:34
INV_001547,ORD_001547,CUST_003293,MERCH_0085,384.99,EUR,PAID,2026-01-21 12:10:28,2026-02-20 12:10:28
INV_001548,ORD_001548,CUST_003193,MERCH_0020,107.99,EUR,PAID,2026-02-09 13:23:16,2026-03-11 13:23:16
INV_001549,ORD_001549,CUST_000351,MERCH_0085,43.95,USD,PAID,2026-01-09 08:27:40,2026-02-08 08:27:40
INV_001550,ORD_001550,CUST_000332,MERCH_0034,186.80,CAD,PAID,2026-03-18 18:48:56,2026-04-17 18:48:56
INV_001551,ORD_001551,CUST_002228,MERCH_0087,33.80,EUR,PAID,2026-03-20 09:21:16,2026-04-19 09:21:16
INV_001552,ORD_001552,CUST_002877,MERCH_0016,799.00,INR,PAID,2026-03-26 19:26:12,2026-04-25 19:26:12
INV_001553,ORD_001553,CUST_000108,MERCH_0037,1999.00,INR,PAID,2026-02-22 08:27:13,2026-03-24 08:27:13
INV_001554,ORD_001554,CUST_002236,MERCH_0001,199.95,USD,PAID,2026-01-10 06:32:12,2026-02-09 06:32:12
INV_001555,ORD_001555,CUST_000244,MERCH_0045,71.75,USD,PAID,2026-03-22 12:34:08,2026-04-21 12:34:08
INV_001556,ORD_001556,CUST_002370,MERCH_0056,2930.99,GBP,PAID,2026-01-12 17:27:05,2026-02-11 17:27:05
INV_001557,ORD_001557,CUST_000141,MERCH_0070,1070.00,USD,PAID,2026-03-24 23:43:33,2026-04-23 23:43:33
INV_001558,ORD_001558,CUST_002728,MERCH_0079,1726.49,EUR,PAID,2026-03-26 22:21:41,2026-04-25 22:21:41
INV_001559,ORD_001559,CUST_001056,MERCH_0094,80.50,USD,PAID,2026-02-23 18:19:50,2026-03-25 18:19:50
INV_001560,ORD_001560,CUST_002821,MERCH_0029,313.00,GBP,PAID,2026-02-18 15:06:33,2026-03-20 15:06:33
INV_001561,ORD_001561,CUST_003643,MERCH_0085,9999.00,INR,PAID,2026-01-25 15:48:45,2026-02-24 15:48:45
INV_001562,ORD_001562,CUST_004039,MERCH_0045,102.95,EUR,PAID,2026-03-18 10:32:47,2026-04-17 10:32:47
INV_001563,ORD_001563,CUST_002442,MERCH_0089,23.25,EUR,PAID,2026-02-05 05:03:50,2026-03-07 05:03:50
INV_001564,ORD_001564,CUST_003706,MERCH_0030,3999.00,INR,PAID,2026-03-15 17:46:52,2026-04-14 17:46:52
INV_001565,ORD_001565,CUST_000764,MERCH_0054,15000.00,INR,PAID,2026-04-01 06:37:11,2026-05-01 06:37:11
INV_001566,ORD_001566,CUST_002931,MERCH_0018,280.00,GBP,PAID,2026-01-22 15:40:31,2026-02-21 15:40:31
INV_001567,ORD_001567,CUST_002207,MERCH_0038,1389.80,USD,PAID,2026-01-30 13:07:57,2026-03-01 13:07:57
INV_001568,ORD_001568,CUST_001509,MERCH_0087,53.95,EUR,PAID,2026-01-24 16:03:43,2026-02-23 16:03:43
INV_001569,ORD_001569,CUST_001033,MERCH_0059,65.99,EUR,PAID,2026-01-31 05:04:32,2026-03-02 05:04:32
INV_001570,ORD_001570,CUST_002309,MERCH_0059,78.00,USD,PAID,2026-03-24 10:01:38,2026-04-23 10:01:38
INV_001571,ORD_001571,CUST_003023,MERCH_0022,1523.75,USD,PAID,2026-02-14 04:52:07,2026-03-16 04:52:07
INV_001572,ORD_001572,CUST_002385,MERCH_0077,410.75,GBP,OVERPAID,2026-02-05 03:29:57,2026-03-07 03:29:57
INV_001573,ORD_001573,CUST_002290,MERCH_0006,26.25,EUR,PAID,2026-01-03 06:56:57,2026-02-02 06:56:57
INV_001574,ORD_001574,CUST_001138,MERCH_0077,67.00,EUR,PAID,2026-03-22 19:34:24,2026-04-21 19:34:24
INV_001575,ORD_001575,CUST_001973,MERCH_0088,41.25,GBP,PAID,2026-02-27 14:36:33,2026-03-29 14:36:33
INV_001576,ORD_001576,CUST_002908,MERCH_0017,44.75,USD,PAID,2026-03-15 06:55:42,2026-04-14 06:55:42
INV_001577,ORD_001577,CUST_001516,MERCH_0001,21.25,USD,PAID,2026-01-15 23:41:36,2026-02-14 23:41:36
INV_001578,ORD_001578,CUST_001849,MERCH_0080,22.80,EUR,PAID,2026-02-17 20:16:20,2026-03-19 20:16:20
INV_001579,ORD_001579,CUST_004766,MERCH_0091,33.25,USD,PAID,2026-03-05 05:03:18,2026-04-04 05:03:18
INV_001580,ORD_001580,CUST_003019,MERCH_0066,72.95,EUR,PAID,2026-02-04 15:54:26,2026-03-06 15:54:26
INV_001581,ORD_001581,CUST_002820,MERCH_0037,165.50,CAD,PAID,2026-03-12 21:09:51,2026-04-11 21:09:51
INV_001582,ORD_001582,CUST_002716,MERCH_0037,331.80,USD,PAID,2026-02-06 22:01:40,2026-03-08 22:01:40
INV_001583,ORD_001583,CUST_000856,MERCH_0026,2403.80,USD,PAID,2026-03-31 14:54:51,2026-04-30 14:54:51
INV_001584,ORD_001584,CUST_003858,MERCH_0023,35.49,GBP,PAID,2026-03-05 06:01:18,2026-04-04 06:01:18
INV_001585,ORD_001585,CUST_000608,MERCH_0053,46.00,EUR,PAID,2026-03-19 16:42:08,2026-04-18 16:42:08
INV_001586,ORD_001586,CUST_003915,MERCH_0050,32.75,GBP,PAID,2026-03-03 17:48:26,2026-04-02 17:48:26
INV_001587,ORD_001587,CUST_001273,MERCH_0075,610.25,EUR,PAID,2026-01-08 06:29:07,2026-02-07 06:29:07
INV_001588,ORD_001588,CUST_004080,MERCH_0029,400.95,USD,PAID,2026-01-09 11:08:25,2026-02-08 11:08:25
INV_001589,ORD_001589,CUST_002013,MERCH_0099,950.50,GBP,PAID,2026-02-25 15:29:28,2026-03-27 15:29:28
INV_001590,ORD_001590,CUST_001710,MERCH_0049,40.95,EUR,PAID,2026-01-13 14:41:18,2026-02-12 14:41:18
INV_001591,ORD_001591,CUST_001723,MERCH_0044,27.50,CAD,PAID,2026-03-31 13:52:25,2026-04-30 13:52:25
INV_001592,ORD_001592,CUST_003506,MERCH_0021,306.50,USD,PAID,2026-02-08 11:25:06,2026-03-10 11:25:06
INV_001593,ORD_001593,CUST_002589,MERCH_0036,3999.00,INR,PAID,2026-02-03 20:26:05,2026-03-05 20:26:05
INV_001594,ORD_001594,CUST_002132,MERCH_0053,244.95,USD,PAID,2026-02-21 16:08:27,2026-03-23 16:08:27
INV_001595,ORD_001595,CUST_002514,MERCH_0003,67.50,GBP,PAID,2026-02-09 19:41:12,2026-03-11 19:41:12
INV_001596,ORD_001596,CUST_002735,MERCH_0069,136.50,EUR,PAID,2026-03-25 16:07:42,2026-04-24 16:07:42
INV_001597,ORD_001597,CUST_004893,MERCH_0023,301.00,USD,PAID,2026-01-23 18:26:10,2026-02-22 18:26:10
INV_001598,ORD_001598,CUST_000904,MERCH_0074,1413.99,GBP,PAID,2026-01-30 12:50:28,2026-03-01 12:50:28
INV_001599,ORD_001599,CUST_000052,MERCH_0071,555.80,EUR,PAID,2026-01-29 04:14:57,2026-02-28 04:14:57
INV_001600,ORD_001600,CUST_000426,MERCH_0090,32.75,USD,PAID,2026-02-14 21:03:37,2026-03-16 21:03:37
INV_001601,ORD_001601,CUST_001279,MERCH_0094,65.95,USD,PAID,2026-03-09 15:16:30,2026-04-08 15:16:30
INV_001602,ORD_001602,CUST_003335,MERCH_0026,4999.00,INR,PAID,2026-03-03 12:02:58,2026-04-02 12:02:58
INV_001603,ORD_001603,CUST_000222,MERCH_0020,355.95,USD,PAID,2026-03-22 02:13:49,2026-04-21 02:13:49
INV_001604,ORD_001604,CUST_003698,MERCH_0055,80.25,USD,PAID,2026-03-07 21:40:01,2026-04-06 21:40:01
INV_001605,ORD_001605,CUST_000703,MERCH_0093,57.25,CAD,PAID,2026-03-10 00:03:15,2026-04-09 00:03:15
INV_001606,ORD_001606,CUST_001091,MERCH_0077,1797.99,GBP,PAID,2026-01-03 15:09:11,2026-02-02 15:09:11
INV_001607,ORD_001607,CUST_002143,MERCH_0019,1532.49,EUR,PAID,2026-03-02 16:22:24,2026-04-01 16:22:24
INV_001608,ORD_001608,CUST_002391,MERCH_0043,22.80,EUR,PAID,2026-02-08 08:08:17,2026-03-10 08:08:17
INV_001609,ORD_001609,CUST_000559,MERCH_0033,23.00,USD,PAID,2026-01-07 06:13:31,2026-02-06 06:13:31
INV_001610,ORD_001610,CUST_001750,MERCH_0088,186.75,USD,PAID,2026-03-23 05:54:01,2026-04-22 05:54:01
INV_001611,ORD_001611,CUST_002886,MERCH_0041,16.75,USD,PAID,2026-02-19 09:50:00,2026-03-21 09:50:00
INV_001612,ORD_001612,CUST_000902,MERCH_0058,19.95,USD,PAID,2026-02-17 14:21:40,2026-03-19 14:21:40
INV_001613,ORD_001613,CUST_004578,MERCH_0068,527.80,CAD,PAID,2026-03-05 00:43:42,2026-04-04 00:43:42
INV_001614,ORD_001614,CUST_003461,MERCH_0067,475.80,USD,PAID,2026-01-12 06:26:45,2026-02-11 06:26:45
INV_001615,ORD_001615,CUST_001310,MERCH_0026,1965.80,USD,PAID,2026-02-10 11:50:40,2026-03-12 11:50:40
INV_001617,ORD_001617,CUST_002988,MERCH_0032,1499.00,INR,PAID,2026-01-24 13:23:42,2026-02-23 13:23:42
INV_001618,ORD_001618,CUST_003949,MERCH_0100,57.00,GBP,PAID,2026-02-02 20:00:31,2026-03-04 20:00:31
INV_001619,ORD_001619,CUST_001705,MERCH_0078,80.00,CAD,PAID,2026-01-01 17:43:14,2026-01-31 17:43:14
INV_001620,ORD_001620,CUST_003148,MERCH_0097,23.75,USD,PAID,2026-02-12 01:30:00,2026-03-14 01:30:00
INV_001621,ORD_001621,CUST_004243,MERCH_0017,45.25,USD,PAID,2026-02-06 06:39:58,2026-03-08 06:39:58
INV_001622,ORD_001622,CUST_004623,MERCH_0069,683.50,EUR,PAID,2026-04-01 00:10:40,2026-05-01 00:10:40
INV_001623,ORD_001623,CUST_003893,MERCH_0062,79.49,USD,PAID,2026-02-15 20:57:54,2026-03-17 20:57:54
INV_001624,ORD_001624,CUST_003195,MERCH_0065,25.00,USD,PAID,2026-01-20 14:12:03,2026-02-19 14:12:03
INV_001625,ORD_001625,CUST_002419,MERCH_0025,21.80,USD,PAID,2026-03-07 20:18:48,2026-04-06 20:18:48
INV_001626,ORD_001626,CUST_003500,MERCH_0013,499.00,INR,OVERPAID,2026-01-12 23:52:29,2026-02-11 23:52:29
INV_001627,ORD_001627,CUST_003730,MERCH_0052,467.00,USD,OVERPAID,2026-02-09 18:44:31,2026-03-11 18:44:31
INV_001628,ORD_001628,CUST_003004,MERCH_0003,3413.95,GBP,PAID,2026-01-16 02:10:33,2026-02-15 02:10:33
INV_001629,ORD_001629,CUST_001641,MERCH_0080,158.50,GBP,PAID,2026-03-09 18:05:11,2026-04-08 18:05:11
INV_001631,ORD_001631,CUST_002694,MERCH_0011,34.00,EUR,PAID,2026-01-04 22:27:48,2026-02-03 22:27:48
INV_001632,ORD_001632,CUST_002857,MERCH_0052,560.75,USD,PAID,2026-02-24 17:24:04,2026-03-26 17:24:04
INV_001633,ORD_001633,CUST_002368,MERCH_0041,26.75,CAD,PAID,2026-02-19 14:31:38,2026-03-21 14:31:38
INV_001634,ORD_001634,CUST_000748,MERCH_0073,999.00,INR,PAID,2026-03-21 17:55:56,2026-04-20 17:55:56
INV_001635,ORD_001635,CUST_000188,MERCH_0020,2677.49,CAD,PAID,2026-03-27 10:24:03,2026-04-26 10:24:03
INV_001636,ORD_001636,CUST_004248,MERCH_0019,351.25,USD,PAID,2026-01-15 02:36:13,2026-02-14 02:36:13
INV_001637,ORD_001637,CUST_000323,MERCH_0001,65.50,USD,PAID,2026-03-21 01:16:12,2026-04-20 01:16:12
INV_001638,ORD_001638,CUST_000705,MERCH_0041,33.99,USD,PAID,2026-02-27 12:48:05,2026-03-29 12:48:05
INV_001639,ORD_001639,CUST_001624,MERCH_0090,303.25,USD,PAID,2026-01-24 01:38:31,2026-02-23 01:38:31
INV_001640,ORD_001640,CUST_000477,MERCH_0012,321.00,USD,PAID,2026-01-06 19:50:13,2026-02-05 19:50:13
INV_001641,ORD_001641,CUST_002538,MERCH_0001,44.00,GBP,PAID,2026-03-25 04:14:02,2026-04-24 04:14:02
INV_001642,ORD_001642,CUST_004917,MERCH_0070,316.00,GBP,PAID,2026-03-15 17:15:12,2026-04-14 17:15:12
INV_001643,ORD_001643,CUST_000726,MERCH_0055,18.25,GBP,PAID,2026-01-24 20:00:46,2026-02-23 20:00:46
INV_001644,ORD_001644,CUST_003516,MERCH_0087,2994.99,USD,PAID,2026-02-20 18:35:04,2026-03-22 18:35:04
INV_001645,ORD_001645,CUST_001805,MERCH_0045,3439.00,USD,PAID,2026-01-08 11:19:02,2026-02-07 11:19:02
INV_001646,ORD_001646,CUST_004074,MERCH_0056,378.80,EUR,PAID,2026-01-21 00:22:54,2026-02-20 00:22:54
INV_001647,ORD_001647,CUST_003459,MERCH_0018,2499.00,INR,PAID,2026-03-01 04:01:26,2026-03-31 04:01:26
INV_001648,ORD_001648,CUST_003980,MERCH_0052,571.49,EUR,OVERPAID,2026-02-11 18:18:36,2026-03-13 18:18:36
INV_001649,ORD_001649,CUST_003543,MERCH_0031,65.99,CAD,PAID,2026-02-23 04:26:08,2026-03-25 04:26:08
INV_001650,ORD_001650,CUST_004851,MERCH_0023,535.25,GBP,PAID,2026-01-16 17:19:58,2026-02-15 17:19:58
INV_001651,ORD_001651,CUST_003253,MERCH_0083,15.99,EUR,PAID,2026-01-09 15:08:16,2026-02-08 15:08:16
INV_001652,ORD_001652,CUST_004387,MERCH_0073,76.99,EUR,PAID,2026-01-11 14:49:59,2026-02-10 14:49:59
INV_001653,ORD_001653,CUST_002428,MERCH_0049,2163.75,GBP,PAID,2026-01-03 17:27:31,2026-02-02 17:27:31
INV_001654,ORD_001654,CUST_003612,MERCH_0016,273.99,EUR,PAID,2026-01-11 22:40:41,2026-02-10 22:40:41
INV_001655,ORD_001655,CUST_000761,MERCH_0045,29.80,GBP,PAID,2026-02-22 04:48:11,2026-03-24 04:48:11
INV_001656,ORD_001656,CUST_002958,MERCH_0084,269.00,USD,PAID,2026-03-17 10:52:33,2026-04-16 10:52:33
INV_001657,ORD_001657,CUST_004025,MERCH_0072,3216.80,GBP,PAID,2026-02-04 05:48:56,2026-03-06 05:48:56
INV_001658,ORD_001658,CUST_001229,MERCH_0014,79.00,GBP,PAID,2026-02-03 07:02:49,2026-03-05 07:02:49
INV_001659,ORD_001659,CUST_004683,MERCH_0022,433.25,USD,PAID,2026-03-15 13:13:44,2026-04-14 13:13:44
INV_001660,ORD_001660,CUST_001728,MERCH_0078,20.00,EUR,PAID,2026-03-21 23:46:43,2026-04-20 23:46:43
INV_001661,ORD_001661,CUST_001416,MERCH_0034,72.25,EUR,PAID,2026-03-30 03:46:01,2026-04-29 03:46:01
INV_001662,ORD_001662,CUST_000754,MERCH_0064,62.95,GBP,PAID,2026-03-20 15:05:10,2026-04-19 15:05:10
INV_001663,ORD_001663,CUST_003117,MERCH_0093,53.75,EUR,PAID,2026-02-23 00:13:58,2026-03-25 00:13:58
INV_001664,ORD_001664,CUST_003120,MERCH_0036,80.25,GBP,PAID,2026-03-05 22:12:52,2026-04-04 22:12:52
INV_001665,ORD_001665,CUST_004601,MERCH_0038,15000.00,INR,PAID,2026-03-14 07:04:32,2026-04-13 07:04:32
INV_001666,ORD_001666,CUST_004241,MERCH_0039,299.00,INR,PAID,2026-01-31 16:51:06,2026-03-02 16:51:06
INV_001667,ORD_001667,CUST_004161,MERCH_0001,67.95,EUR,PAID,2026-03-29 18:45:48,2026-04-28 18:45:48
INV_001668,ORD_001668,CUST_003528,MERCH_0032,54.00,USD,PAID,2026-02-28 06:19:27,2026-03-30 06:19:27
INV_001669,ORD_001669,CUST_004359,MERCH_0023,16.80,EUR,PAID,2026-01-27 10:34:29,2026-02-26 10:34:29
INV_001670,ORD_001670,CUST_000375,MERCH_0073,77.80,USD,PAID,2026-03-09 23:00:41,2026-04-08 23:00:41
INV_001671,ORD_001671,CUST_000040,MERCH_0045,32.00,GBP,PAID,2026-01-24 18:30:35,2026-02-23 18:30:35
INV_001672,ORD_001672,CUST_001087,MERCH_0087,58.00,GBP,PAID,2026-03-09 05:00:01,2026-04-08 05:00:01
INV_001673,ORD_001673,CUST_002814,MERCH_0027,3094.50,USD,PAID,2026-01-23 07:59:31,2026-02-22 07:59:31
INV_001674,ORD_001674,CUST_000824,MERCH_0011,110.75,EUR,PAID,2026-01-12 03:13:20,2026-02-11 03:13:20
INV_001675,ORD_001675,CUST_002165,MERCH_0059,470.25,GBP,PAID,2026-01-15 18:13:54,2026-02-14 18:13:54
INV_001676,ORD_001676,CUST_004063,MERCH_0047,439.75,CAD,PAID,2026-01-23 00:16:47,2026-02-22 00:16:47
INV_001677,ORD_001677,CUST_004945,MERCH_0006,412.49,GBP,PAID,2026-03-22 07:25:11,2026-04-21 07:25:11
INV_001678,ORD_001678,CUST_001802,MERCH_0041,2362.00,USD,PAID,2026-03-09 04:03:32,2026-04-08 04:03:32
INV_001679,ORD_001679,CUST_001637,MERCH_0059,32.95,USD,PAID,2026-01-25 08:26:07,2026-02-24 08:26:07
INV_001680,ORD_001680,CUST_001367,MERCH_0093,1362.95,GBP,PAID,2026-03-16 04:50:34,2026-04-15 04:50:34
INV_001681,ORD_001681,CUST_003622,MERCH_0066,141.00,GBP,PAID,2026-02-08 09:20:13,2026-03-10 09:20:13
INV_001682,ORD_001682,CUST_001925,MERCH_0003,2436.99,EUR,PAID,2026-03-31 22:01:21,2026-04-30 22:01:21
INV_001683,ORD_001683,CUST_002703,MERCH_0092,1163.50,EUR,OVERPAID,2026-03-12 07:27:35,2026-04-11 07:27:35
INV_001684,ORD_001684,CUST_001764,MERCH_0023,1499.00,INR,PAID,2026-01-28 12:55:20,2026-02-27 12:55:20
INV_001685,ORD_001685,CUST_001190,MERCH_0008,456.75,EUR,PAID,2026-02-06 03:32:30,2026-03-08 03:32:30
INV_001686,ORD_001686,CUST_001946,MERCH_0093,799.00,INR,PAID,2026-01-11 17:01:02,2026-02-10 17:01:02
INV_001687,ORD_001687,CUST_004968,MERCH_0024,380.49,USD,PAID,2026-03-01 12:26:59,2026-03-31 12:26:59
INV_001688,ORD_001688,CUST_001664,MERCH_0067,462.75,USD,PAID,2026-03-05 02:27:43,2026-04-04 02:27:43
INV_001689,ORD_001689,CUST_003964,MERCH_0075,67.49,EUR,PAID,2026-02-17 06:10:21,2026-03-19 06:10:21
INV_001690,ORD_001690,CUST_002784,MERCH_0050,35.80,USD,PAID,2026-03-20 20:40:07,2026-04-19 20:40:07
INV_001691,ORD_001691,CUST_000439,MERCH_0011,34.80,CAD,PAID,2026-03-13 07:31:46,2026-04-12 07:31:46
INV_001692,ORD_001692,CUST_000619,MERCH_0073,73.80,USD,PAID,2026-03-18 16:35:04,2026-04-17 16:35:04
INV_001693,ORD_001693,CUST_001122,MERCH_0046,533.80,CAD,PAID,2026-02-25 03:52:57,2026-03-27 03:52:57
INV_001694,ORD_001694,CUST_002604,MERCH_0036,63.50,USD,PAID,2026-01-06 06:10:52,2026-02-05 06:10:52
INV_001696,ORD_001696,CUST_003249,MERCH_0098,1499.00,INR,PAID,2026-01-05 21:20:21,2026-02-04 21:20:21
INV_001697,ORD_001697,CUST_003763,MERCH_0088,630.95,EUR,PAID,2026-03-08 06:18:47,2026-04-07 06:18:47
INV_001698,ORD_001698,CUST_000619,MERCH_0006,3999.00,INR,PAID,2026-03-28 14:35:29,2026-04-27 14:35:29
INV_001699,ORD_001699,CUST_002301,MERCH_0032,244.49,USD,PAID,2026-02-06 18:25:19,2026-03-08 18:25:19
INV_001700,ORD_001700,CUST_001385,MERCH_0071,299.00,INR,PAID,2026-02-05 10:04:01,2026-03-07 10:04:01
INV_001701,ORD_001701,CUST_000996,MERCH_0067,16.25,GBP,PAID,2026-03-12 13:36:40,2026-04-11 13:36:40
INV_001703,ORD_001703,CUST_000190,MERCH_0006,27.49,EUR,PAID,2026-02-04 15:47:12,2026-03-06 15:47:12
INV_001704,ORD_001704,CUST_001978,MERCH_0056,763.99,GBP,PAID,2026-01-27 10:02:07,2026-02-26 10:02:07
INV_001705,ORD_001705,CUST_003759,MERCH_0028,29.99,CAD,PAID,2026-01-01 22:15:32,2026-01-31 22:15:32
INV_001706,ORD_001706,CUST_002127,MERCH_0047,65.80,GBP,PAID,2026-02-05 14:16:36,2026-03-07 14:16:36
INV_001707,ORD_001707,CUST_004084,MERCH_0055,3999.00,INR,PAID,2026-01-08 21:31:46,2026-02-07 21:31:46
INV_001708,ORD_001708,CUST_002904,MERCH_0075,471.50,EUR,PAID,2026-02-09 05:21:47,2026-03-11 05:21:47
INV_001709,ORD_001709,CUST_004051,MERCH_0047,76.49,USD,PAID,2026-01-21 11:03:51,2026-02-20 11:03:51
INV_001710,ORD_001710,CUST_001782,MERCH_0018,151.95,GBP,PAID,2026-03-09 01:20:10,2026-04-08 01:20:10
INV_001711,ORD_001711,CUST_001790,MERCH_0094,73.49,USD,PAID,2026-01-01 09:04:37,2026-01-31 09:04:37
INV_001713,ORD_001713,CUST_002566,MERCH_0050,575.25,GBP,PAID,2026-02-06 22:25:28,2026-03-08 22:25:28
INV_001714,ORD_001714,CUST_000232,MERCH_0001,314.75,GBP,PAID,2026-01-28 07:38:42,2026-02-27 07:38:42
INV_001715,ORD_001715,CUST_001188,MERCH_0096,252.49,EUR,PAID,2026-03-18 00:09:00,2026-04-17 00:09:00
INV_001716,ORD_001716,CUST_000358,MERCH_0009,2499.00,INR,PAID,2026-03-30 10:37:37,2026-04-29 10:37:37
INV_001717,ORD_001717,CUST_003701,MERCH_0070,30.50,EUR,PAID,2026-01-17 20:38:06,2026-02-16 20:38:06
INV_001718,ORD_001718,CUST_004780,MERCH_0058,572.00,EUR,PAID,2026-03-17 07:40:02,2026-04-16 07:40:02
INV_001719,ORD_001719,CUST_003909,MERCH_0074,139.80,USD,PAID,2026-03-29 03:49:47,2026-04-28 03:49:47
INV_001720,ORD_001720,CUST_000905,MERCH_0016,508.25,GBP,PAID,2026-01-28 09:51:18,2026-02-27 09:51:18
INV_001721,ORD_001721,CUST_003545,MERCH_0002,401.75,EUR,PAID,2026-01-08 18:21:06,2026-02-07 18:21:06
INV_001722,ORD_001722,CUST_001378,MERCH_0013,540.99,USD,PAID,2026-02-28 05:23:38,2026-03-30 05:23:38
INV_001723,ORD_001723,CUST_004988,MERCH_0040,2728.80,CAD,PAID,2026-02-10 04:24:57,2026-03-12 04:24:57
INV_001724,ORD_001724,CUST_004346,MERCH_0051,94.49,USD,PAID,2026-01-17 12:15:54,2026-02-16 12:15:54
INV_001725,ORD_001725,CUST_001407,MERCH_0088,280.75,EUR,PAID,2026-01-12 11:34:52,2026-02-11 11:34:52
INV_001726,ORD_001726,CUST_004317,MERCH_0079,299.00,INR,PAID,2026-02-02 06:47:39,2026-03-04 06:47:39
INV_001727,ORD_001727,CUST_002927,MERCH_0077,421.99,USD,PAID,2026-03-15 02:41:33,2026-04-14 02:41:33
INV_001728,ORD_001728,CUST_004801,MERCH_0077,366.50,EUR,PAID,2026-02-23 13:00:08,2026-03-25 13:00:08
INV_001729,ORD_001729,CUST_002802,MERCH_0100,38.95,USD,OVERPAID,2026-01-11 13:57:41,2026-02-10 13:57:41
INV_001730,ORD_001730,CUST_001493,MERCH_0014,205.25,CAD,PAID,2026-03-10 22:00:24,2026-04-09 22:00:24
INV_001731,ORD_001731,CUST_002116,MERCH_0046,27.95,CAD,PAID,2026-01-10 19:05:57,2026-02-09 19:05:57
INV_001732,ORD_001732,CUST_003853,MERCH_0099,128.99,EUR,PAID,2026-02-28 08:18:42,2026-03-30 08:18:42
INV_001733,ORD_001733,CUST_002274,MERCH_0018,552.50,USD,PAID,2026-03-31 02:34:38,2026-04-30 02:34:38
INV_001734,ORD_001734,CUST_000762,MERCH_0098,41.49,EUR,PAID,2026-02-10 22:31:43,2026-03-12 22:31:43
INV_001735,ORD_001735,CUST_001115,MERCH_0062,92.75,EUR,PAID,2026-01-13 01:44:21,2026-02-12 01:44:21
INV_001736,ORD_001736,CUST_002215,MERCH_0095,143.75,EUR,PAID,2026-01-10 10:22:12,2026-02-09 10:22:12
INV_001737,ORD_001737,CUST_002528,MERCH_0041,1060.49,USD,PAID,2026-03-29 20:24:01,2026-04-28 20:24:01
INV_001738,ORD_001738,CUST_004529,MERCH_0098,15000.00,INR,PAID,2026-03-27 01:14:26,2026-04-26 01:14:26
INV_001739,ORD_001739,CUST_004923,MERCH_0001,26.25,USD,PAID,2026-01-31 04:05:38,2026-03-02 04:05:38
INV_001740,ORD_001740,CUST_003413,MERCH_0044,78.95,USD,PAID,2026-01-27 22:06:00,2026-02-26 22:06:00
INV_001741,ORD_001741,CUST_001100,MERCH_0040,138.49,USD,PAID,2026-01-30 10:17:29,2026-03-01 10:17:29
INV_001742,ORD_001742,CUST_001636,MERCH_0083,266.99,EUR,PAID,2026-02-01 05:01:24,2026-03-03 05:01:24
INV_001743,ORD_001743,CUST_003132,MERCH_0062,514.25,EUR,PAID,2026-03-11 08:46:28,2026-04-10 08:46:28
INV_001744,ORD_001744,CUST_004402,MERCH_0030,23.95,USD,PAID,2026-02-07 13:11:24,2026-03-09 13:11:24
INV_001745,ORD_001745,CUST_002504,MERCH_0030,1499.00,INR,PAID,2026-01-13 15:01:14,2026-02-12 15:01:14
INV_001746,ORD_001746,CUST_003360,MERCH_0035,632.95,CAD,PAID,2026-01-19 21:28:50,2026-02-18 21:28:50
INV_001747,ORD_001747,CUST_000840,MERCH_0048,341.25,CAD,PAID,2026-03-13 22:33:49,2026-04-12 22:33:49
INV_001748,ORD_001748,CUST_004605,MERCH_0032,432.50,EUR,PAID,2026-01-18 10:56:46,2026-02-17 10:56:46
INV_001749,ORD_001749,CUST_002846,MERCH_0074,572.99,GBP,PAID,2026-01-17 03:16:31,2026-02-16 03:16:31
INV_001750,ORD_001750,CUST_003457,MERCH_0078,27.75,USD,PAID,2026-01-28 19:19:17,2026-02-27 19:19:17
INV_001752,ORD_001752,CUST_002334,MERCH_0036,609.25,EUR,PAID,2026-03-14 02:47:38,2026-04-13 02:47:38
INV_001753,ORD_001753,CUST_000135,MERCH_0059,103.80,EUR,PAID,2026-02-09 23:32:02,2026-03-11 23:32:02
INV_001754,ORD_001754,CUST_003608,MERCH_0080,42.49,USD,PAID,2026-03-30 11:35:28,2026-04-29 11:35:28
INV_001755,ORD_001755,CUST_003936,MERCH_0051,414.25,EUR,PAID,2026-03-22 19:34:14,2026-04-21 19:34:14
INV_001756,ORD_001756,CUST_000786,MERCH_0003,38.95,EUR,PAID,2026-02-07 15:14:20,2026-03-09 15:14:20
INV_001757,ORD_001757,CUST_002280,MERCH_0003,499.99,USD,PAID,2026-02-01 18:37:09,2026-03-03 18:37:09
INV_001758,ORD_001758,CUST_000374,MERCH_0040,4999.00,INR,PAID,2026-01-14 12:05:15,2026-02-13 12:05:15
INV_001759,ORD_001759,CUST_002464,MERCH_0016,45.99,EUR,PAID,2026-01-04 13:09:37,2026-02-03 13:09:37
INV_001760,ORD_001760,CUST_004213,MERCH_0039,336.25,USD,PAID,2026-03-18 23:06:03,2026-04-17 23:06:03
INV_001761,ORD_001761,CUST_004582,MERCH_0053,80.25,USD,PAID,2026-03-26 14:40:17,2026-04-25 14:40:17
INV_001762,ORD_001762,CUST_004500,MERCH_0057,41.99,EUR,PAID,2026-02-26 10:12:01,2026-03-28 10:12:01
INV_001763,ORD_001763,CUST_004295,MERCH_0045,2237.00,EUR,PAID,2026-02-06 19:44:17,2026-03-08 19:44:17
INV_001764,ORD_001764,CUST_002079,MERCH_0028,999.00,INR,PAID,2026-01-30 19:45:30,2026-03-01 19:45:30
INV_001765,ORD_001765,CUST_002004,MERCH_0096,235.49,EUR,PAID,2026-01-23 21:44:54,2026-02-22 21:44:54
INV_001766,ORD_001766,CUST_000392,MERCH_0062,3999.00,INR,PAID,2026-02-13 20:41:53,2026-03-15 20:41:53
INV_001767,ORD_001767,CUST_001418,MERCH_0055,65.50,GBP,PAID,2026-03-07 20:41:05,2026-04-06 20:41:05
INV_001768,ORD_001768,CUST_002171,MERCH_0064,374.99,EUR,PAID,2026-03-18 09:29:09,2026-04-17 09:29:09
INV_001769,ORD_001769,CUST_003766,MERCH_0058,999.00,INR,PAID,2026-03-18 17:51:08,2026-04-17 17:51:08
INV_001770,ORD_001770,CUST_000205,MERCH_0037,2617.00,EUR,PAID,2026-01-27 01:15:02,2026-02-26 01:15:02
INV_001771,ORD_001771,CUST_001637,MERCH_0045,75.49,USD,PAID,2026-01-30 06:12:04,2026-03-01 06:12:04
INV_001772,ORD_001772,CUST_000265,MERCH_0008,499.95,USD,PAID,2026-03-04 18:36:48,2026-04-03 18:36:48
INV_001773,ORD_001773,CUST_002380,MERCH_0096,999.00,INR,PAID,2026-03-12 10:16:03,2026-04-11 10:16:03
INV_001774,ORD_001774,CUST_001641,MERCH_0024,2499.00,INR,PAID,2026-03-26 07:17:28,2026-04-25 07:17:28
INV_001775,ORD_001775,CUST_000237,MERCH_0060,46.49,USD,PAID,2026-03-25 08:58:58,2026-04-24 08:58:58
INV_001776,ORD_001776,CUST_004898,MERCH_0077,163.25,USD,PAID,2026-02-19 00:45:42,2026-03-21 00:45:42
INV_001777,ORD_001777,CUST_003493,MERCH_0052,516.95,USD,PAID,2026-01-08 17:38:35,2026-02-07 17:38:35
INV_001778,ORD_001778,CUST_002300,MERCH_0001,64.25,USD,PAID,2026-03-12 06:45:48,2026-04-11 06:45:48
INV_001779,ORD_001779,CUST_001091,MERCH_0048,3051.99,EUR,PAID,2026-02-06 03:24:22,2026-03-08 03:24:22
INV_001780,ORD_001780,CUST_001345,MERCH_0092,299.00,INR,PAID,2026-03-10 10:04:32,2026-04-09 10:04:32
INV_001781,ORD_001781,CUST_002280,MERCH_0041,513.75,EUR,PAID,2026-03-23 16:51:29,2026-04-22 16:51:29
INV_001782,ORD_001782,CUST_004358,MERCH_0012,54.00,EUR,PAID,2026-02-08 00:23:11,2026-03-10 00:23:11
INV_001783,ORD_001783,CUST_003718,MERCH_0033,73.99,CAD,PAID,2026-03-13 11:33:18,2026-04-12 11:33:18
INV_001784,ORD_001784,CUST_004962,MERCH_0042,36.49,USD,PAID,2026-01-26 19:14:57,2026-02-25 19:14:57
INV_001785,ORD_001785,CUST_002928,MERCH_0029,589.25,GBP,PAID,2026-01-09 06:52:33,2026-02-08 06:52:33
INV_001786,ORD_001786,CUST_000626,MERCH_0047,299.00,INR,PAID,2026-02-19 09:24:34,2026-03-21 09:24:34
INV_001787,ORD_001787,CUST_002608,MERCH_0054,61.99,USD,PAID,2026-02-22 05:15:09,2026-03-24 05:15:09
INV_001788,ORD_001788,CUST_002816,MERCH_0042,616.00,EUR,PAID,2026-03-27 10:18:55,2026-04-26 10:18:55
INV_001789,ORD_001789,CUST_002958,MERCH_0043,59.49,CAD,PAID,2026-03-20 17:13:48,2026-04-19 17:13:48
INV_001790,ORD_001790,CUST_001806,MERCH_0076,123.49,GBP,PAID,2026-01-31 12:39:47,2026-03-02 12:39:47
INV_001792,ORD_001792,CUST_000427,MERCH_0098,80.49,USD,PAID,2026-03-23 22:04:44,2026-04-22 22:04:44
INV_001793,ORD_001793,CUST_000722,MERCH_0052,1999.00,INR,PAID,2026-01-20 09:45:31,2026-02-19 09:45:31
INV_001794,ORD_001794,CUST_001831,MERCH_0042,384.00,CAD,PAID,2026-01-05 02:18:23,2026-02-04 02:18:23
INV_001796,ORD_001796,CUST_002487,MERCH_0042,181.50,GBP,PAID,2026-01-12 22:21:23,2026-02-11 22:21:23
INV_001797,ORD_001797,CUST_000452,MERCH_0020,1072.49,USD,PAID,2026-02-10 19:06:28,2026-03-12 19:06:28
INV_001798,ORD_001798,CUST_000765,MERCH_0079,47.50,USD,PAID,2026-01-02 23:18:25,2026-02-01 23:18:25
INV_001799,ORD_001799,CUST_003420,MERCH_0019,25.50,CAD,PAID,2026-03-22 07:39:15,2026-04-21 07:39:15
INV_001801,ORD_001801,CUST_000032,MERCH_0096,60.75,EUR,PAID,2026-01-02 09:42:01,2026-02-01 09:42:01
INV_001802,ORD_001802,CUST_001649,MERCH_0007,74.00,EUR,PAID,2026-01-16 15:34:06,2026-02-15 15:34:06
INV_001803,ORD_001803,CUST_004559,MERCH_0025,171.50,EUR,PAID,2026-02-15 06:37:21,2026-03-17 06:37:21
INV_001804,ORD_001804,CUST_001208,MERCH_0091,63.25,GBP,PAID,2026-03-31 00:17:24,2026-04-30 00:17:24
INV_001805,ORD_001805,CUST_000105,MERCH_0034,1730.95,EUR,PAID,2026-02-10 22:15:48,2026-03-12 22:15:48
INV_001806,ORD_001806,CUST_004748,MERCH_0092,15000.00,INR,PAID,2026-01-03 13:25:42,2026-02-02 13:25:42
INV_001808,ORD_001808,CUST_004579,MERCH_0066,471.80,CAD,PAID,2026-02-18 02:13:44,2026-03-20 02:13:44
INV_001809,ORD_001809,CUST_003190,MERCH_0027,222.25,USD,PAID,2026-03-06 06:53:08,2026-04-05 06:53:08
INV_001810,ORD_001810,CUST_003949,MERCH_0036,538.95,USD,PAID,2026-03-22 22:48:22,2026-04-21 22:48:22
INV_001811,ORD_001811,CUST_000137,MERCH_0066,343.49,USD,PAID,2026-01-21 10:26:40,2026-02-20 10:26:40
INV_001812,ORD_001812,CUST_000602,MERCH_0040,129.95,EUR,PAID,2026-02-27 12:26:07,2026-03-29 12:26:07
INV_001813,ORD_001813,CUST_002937,MERCH_0076,138.25,USD,PAID,2026-03-28 00:10:05,2026-04-27 00:10:05
INV_001814,ORD_001814,CUST_004183,MERCH_0033,622.25,CAD,PAID,2026-03-16 00:01:21,2026-04-15 00:01:21
INV_001815,ORD_001815,CUST_001367,MERCH_0076,799.00,INR,PAID,2026-02-06 00:13:36,2026-03-08 00:13:36
INV_001816,ORD_001816,CUST_001789,MERCH_0068,999.00,INR,PAID,2026-01-16 06:55:26,2026-02-15 06:55:26
INV_001817,ORD_001817,CUST_002442,MERCH_0069,3268.80,GBP,PAID,2026-03-08 11:24:46,2026-04-07 11:24:46
INV_001818,ORD_001818,CUST_001793,MERCH_0071,9999.00,INR,PAID,2026-02-16 20:39:08,2026-03-18 20:39:08
INV_001819,ORD_001819,CUST_001893,MERCH_0011,76.75,GBP,PAID,2026-02-05 00:23:07,2026-03-07 00:23:07
INV_001820,ORD_001820,CUST_004403,MERCH_0036,23.95,USD,PAID,2026-03-11 02:15:43,2026-04-10 02:15:43
INV_001821,ORD_001821,CUST_003511,MERCH_0021,201.49,USD,PAID,2026-02-13 09:18:32,2026-03-15 09:18:32
INV_001822,ORD_001822,CUST_001836,MERCH_0043,55.25,EUR,PAID,2026-01-27 08:05:59,2026-02-26 08:05:59
INV_001823,ORD_001823,CUST_004906,MERCH_0068,299.00,INR,PAID,2026-02-11 18:08:28,2026-03-13 18:08:28
INV_001824,ORD_001824,CUST_003245,MERCH_0015,56.00,CAD,PAID,2026-03-18 10:55:45,2026-04-17 10:55:45
INV_001825,ORD_001825,CUST_001035,MERCH_0019,1499.00,INR,PAID,2026-02-21 04:59:01,2026-03-23 04:59:01
INV_001826,ORD_001826,CUST_004533,MERCH_0053,131.95,USD,OVERPAID,2026-01-06 00:49:30,2026-02-05 00:49:30
INV_001827,ORD_001827,CUST_001611,MERCH_0027,57.00,USD,PAID,2026-03-30 15:52:43,2026-04-29 15:52:43
INV_001828,ORD_001828,CUST_002834,MERCH_0014,2499.00,INR,PAID,2026-02-01 23:52:29,2026-03-03 23:52:29
INV_001829,ORD_001829,CUST_003584,MERCH_0006,15000.00,INR,PAID,2026-02-17 08:52:48,2026-03-19 08:52:48
INV_001830,ORD_001830,CUST_001690,MERCH_0096,34.49,USD,OVERPAID,2026-02-08 15:59:16,2026-03-10 15:59:16
INV_001831,ORD_001831,CUST_001258,MERCH_0081,255.99,CAD,OVERPAID,2026-03-20 06:43:16,2026-04-19 06:43:16
INV_001832,ORD_001832,CUST_004073,MERCH_0087,172.99,USD,PAID,2026-02-14 09:23:13,2026-03-16 09:23:13
INV_001833,ORD_001833,CUST_003258,MERCH_0048,65.95,GBP,PAID,2026-02-16 16:33:15,2026-03-18 16:33:15
INV_001834,ORD_001834,CUST_002814,MERCH_0062,9999.00,INR,PAID,2026-01-09 07:21:26,2026-02-08 07:21:26
INV_001835,ORD_001835,CUST_001255,MERCH_0009,1499.00,INR,PAID,2026-02-25 21:18:24,2026-03-27 21:18:24
INV_001836,ORD_001836,CUST_002258,MERCH_0055,331.50,GBP,PAID,2026-03-02 11:36:03,2026-04-01 11:36:03
INV_001837,ORD_001837,CUST_003107,MERCH_0045,451.00,USD,PAID,2026-03-18 01:26:21,2026-04-17 01:26:21
INV_001838,ORD_001838,CUST_001723,MERCH_0091,2420.75,USD,PAID,2026-03-04 07:34:19,2026-04-03 07:34:19
INV_001839,ORD_001839,CUST_001432,MERCH_0073,136.95,USD,PAID,2026-01-14 23:44:13,2026-02-13 23:44:13
INV_001840,ORD_001840,CUST_001725,MERCH_0045,133.80,USD,PAID,2026-02-05 06:35:32,2026-03-07 06:35:32
INV_001841,ORD_001841,CUST_003788,MERCH_0033,9999.00,INR,PAID,2026-02-14 11:33:13,2026-03-16 11:33:13
INV_001842,ORD_001842,CUST_001417,MERCH_0018,2030.80,EUR,PAID,2026-02-04 12:47:45,2026-03-06 12:47:45
INV_001843,ORD_001843,CUST_003997,MERCH_0083,464.25,EUR,PAID,2026-01-31 07:46:12,2026-03-02 07:46:12
INV_001844,ORD_001844,CUST_004395,MERCH_0019,433.99,EUR,PAID,2026-02-05 21:38:58,2026-03-07 21:38:58
INV_001845,ORD_001845,CUST_004109,MERCH_0047,240.25,GBP,PAID,2026-01-10 19:04:23,2026-02-09 19:04:23
INV_001846,ORD_001846,CUST_002474,MERCH_0028,28.95,USD,PAID,2026-02-13 10:11:14,2026-03-15 10:11:14
INV_001847,ORD_001847,CUST_002085,MERCH_0013,332.80,EUR,PAID,2026-03-13 03:44:08,2026-04-12 03:44:08
INV_001848,ORD_001848,CUST_004246,MERCH_0006,2178.80,CAD,PAID,2026-03-11 12:12:09,2026-04-10 12:12:09
INV_001849,ORD_001849,CUST_001565,MERCH_0004,73.49,EUR,PAID,2026-03-01 09:08:06,2026-03-31 09:08:06
INV_001850,ORD_001850,CUST_000289,MERCH_0057,581.95,USD,PAID,2026-02-07 12:25:42,2026-03-09 12:25:42
INV_001851,ORD_001851,CUST_002571,MERCH_0041,1290.25,EUR,PAID,2026-03-08 07:25:28,2026-04-07 07:25:28
INV_001852,ORD_001852,CUST_002048,MERCH_0052,326.25,CAD,PAID,2026-02-04 13:36:40,2026-03-06 13:36:40
INV_001854,ORD_001854,CUST_001589,MERCH_0014,21.49,USD,PAID,2026-03-01 17:42:37,2026-03-31 17:42:37
INV_001855,ORD_001855,CUST_002538,MERCH_0082,2499.00,INR,PAID,2026-03-01 23:03:26,2026-03-31 23:03:26
INV_001856,ORD_001856,CUST_000513,MERCH_0057,999.00,INR,PAID,2026-03-09 17:24:42,2026-04-08 17:24:42
INV_001857,ORD_001857,CUST_001871,MERCH_0087,238.25,EUR,PAID,2026-03-20 09:53:12,2026-04-19 09:53:12
INV_001858,ORD_001858,CUST_003401,MERCH_0024,150.95,EUR,PAID,2026-01-24 08:17:47,2026-02-23 08:17:47
INV_001859,ORD_001859,CUST_000850,MERCH_0075,1331.50,EUR,PAID,2026-01-09 21:46:41,2026-02-08 21:46:41
INV_001860,ORD_001860,CUST_000677,MERCH_0049,640.80,EUR,PAID,2026-03-31 22:26:54,2026-04-30 22:26:54
INV_001861,ORD_001861,CUST_002236,MERCH_0034,55.75,EUR,PAID,2026-02-06 23:21:15,2026-03-08 23:21:15
INV_001862,ORD_001862,CUST_004361,MERCH_0099,72.49,USD,PAID,2026-03-06 22:39:10,2026-04-05 22:39:10
INV_001863,ORD_001863,CUST_004528,MERCH_0027,302.49,GBP,PAID,2026-03-22 10:39:23,2026-04-21 10:39:23
INV_001864,ORD_001864,CUST_002290,MERCH_0069,32.49,EUR,PAID,2026-03-26 00:24:05,2026-04-25 00:24:05
INV_001865,ORD_001865,CUST_001991,MERCH_0026,499.00,INR,PAID,2026-02-01 17:52:35,2026-03-03 17:52:35
INV_001866,ORD_001866,CUST_000094,MERCH_0050,2268.80,USD,PAID,2026-01-20 07:12:10,2026-02-19 07:12:10
INV_001867,ORD_001867,CUST_003959,MERCH_0085,467.75,EUR,PAID,2026-02-12 13:53:59,2026-03-14 13:53:59
INV_001868,ORD_001868,CUST_003955,MERCH_0054,27.25,USD,PAID,2026-03-09 05:21:10,2026-04-08 05:21:10
INV_001869,ORD_001869,CUST_003234,MERCH_0067,64.95,USD,PAID,2026-02-24 18:20:29,2026-03-26 18:20:29
INV_001870,ORD_001870,CUST_003172,MERCH_0021,343.99,USD,PAID,2026-03-24 08:20:39,2026-04-23 08:20:39
INV_001871,ORD_001871,CUST_000683,MERCH_0079,317.99,USD,PAID,2026-02-09 06:14:44,2026-03-11 06:14:44
INV_001872,ORD_001872,CUST_004625,MERCH_0005,31.00,EUR,PAID,2026-03-12 03:10:57,2026-04-11 03:10:57
INV_001873,ORD_001873,CUST_004525,MERCH_0016,33.49,EUR,PAID,2026-01-08 00:38:03,2026-02-07 00:38:03
INV_001874,ORD_001874,CUST_002721,MERCH_0016,9999.00,INR,PAID,2026-03-31 20:18:10,2026-04-30 20:18:10
INV_001875,ORD_001875,CUST_000029,MERCH_0052,106.49,GBP,PAID,2026-01-14 22:46:42,2026-02-13 22:46:42
INV_001876,ORD_001876,CUST_000086,MERCH_0066,62.75,EUR,PAID,2026-01-15 01:33:09,2026-02-14 01:33:09
INV_001877,ORD_001877,CUST_000678,MERCH_0088,415.99,GBP,PAID,2026-01-01 17:45:49,2026-01-31 17:45:49
INV_001878,ORD_001878,CUST_004702,MERCH_0049,35.49,EUR,PAID,2026-01-22 11:02:46,2026-02-21 11:02:46
INV_001879,ORD_001879,CUST_000711,MERCH_0025,574.99,USD,PAID,2026-02-25 18:39:28,2026-03-27 18:39:28
INV_001880,ORD_001880,CUST_000819,MERCH_0059,760.49,EUR,PAID,2026-02-18 04:08:54,2026-03-20 04:08:54
INV_001881,ORD_001881,CUST_004696,MERCH_0008,63.50,USD,PAID,2026-01-30 18:41:27,2026-03-01 18:41:27
INV_001882,ORD_001882,CUST_004549,MERCH_0030,64.75,USD,PAID,2026-02-27 15:50:23,2026-03-29 15:50:23
INV_001883,ORD_001883,CUST_003808,MERCH_0059,299.00,INR,PAID,2026-03-26 08:40:21,2026-04-25 08:40:21
INV_001884,ORD_001884,CUST_001911,MERCH_0087,126.80,USD,PAID,2026-03-24 03:27:11,2026-04-23 03:27:11
INV_001885,ORD_001885,CUST_003697,MERCH_0093,2044.95,EUR,PAID,2026-02-02 15:49:03,2026-03-04 15:49:03
INV_001886,ORD_001886,CUST_003595,MERCH_0090,433.49,CAD,PAID,2026-03-12 18:06:55,2026-04-11 18:06:55
INV_001887,ORD_001887,CUST_003963,MERCH_0021,387.99,USD,PAID,2026-01-06 07:20:14,2026-02-05 07:20:14
INV_001888,ORD_001888,CUST_003966,MERCH_0007,72.25,EUR,PAID,2026-02-26 06:05:51,2026-03-28 06:05:51
INV_001889,ORD_001889,CUST_001228,MERCH_0060,64.80,USD,PAID,2026-02-19 23:44:53,2026-03-21 23:44:53
INV_001890,ORD_001890,CUST_000203,MERCH_0088,345.00,CAD,PAID,2026-03-15 22:16:41,2026-04-14 22:16:41
INV_001891,ORD_001891,CUST_004835,MERCH_0049,3313.50,EUR,PAID,2026-03-13 01:29:32,2026-04-12 01:29:32
INV_001892,ORD_001892,CUST_004489,MERCH_0053,2519.80,USD,PAID,2026-02-16 13:16:39,2026-03-18 13:16:39
INV_001893,ORD_001893,CUST_004666,MERCH_0027,78.50,GBP,PAID,2026-02-25 03:50:50,2026-03-27 03:50:50
INV_001895,ORD_001895,CUST_000267,MERCH_0085,35.50,GBP,PAID,2026-02-09 19:47:04,2026-03-11 19:47:04
INV_001896,ORD_001896,CUST_004829,MERCH_0028,2499.00,INR,PAID,2026-01-23 14:31:18,2026-02-22 14:31:18
INV_001897,ORD_001897,CUST_001857,MERCH_0091,214.25,USD,PAID,2026-03-08 08:12:00,2026-04-07 08:12:00
INV_001899,ORD_001899,CUST_002080,MERCH_0034,76.99,GBP,PAID,2026-02-21 21:01:55,2026-03-23 21:01:55
INV_001900,ORD_001900,CUST_001366,MERCH_0033,2819.95,EUR,PAID,2026-02-05 11:41:38,2026-03-07 11:41:38
INV_001901,ORD_001901,CUST_002480,MERCH_0098,572.99,EUR,PAID,2026-01-14 02:36:38,2026-02-13 02:36:38
INV_001902,ORD_001902,CUST_003252,MERCH_0070,299.00,INR,PAID,2026-01-03 23:01:37,2026-02-02 23:01:37
INV_001903,ORD_001903,CUST_000616,MERCH_0032,1032.00,EUR,PAID,2026-03-31 08:03:19,2026-04-30 08:03:19
INV_001904,ORD_001904,CUST_004849,MERCH_0027,564.50,USD,PAID,2026-03-17 14:50:44,2026-04-16 14:50:44
INV_001905,ORD_001905,CUST_001663,MERCH_0064,398.95,USD,PAID,2026-03-22 13:06:23,2026-04-21 13:06:23
INV_001906,ORD_001906,CUST_003883,MERCH_0015,1499.00,INR,PAID,2026-03-31 05:34:01,2026-04-30 05:34:01
INV_001907,ORD_001907,CUST_004561,MERCH_0070,56.80,USD,OVERPAID,2026-02-19 11:32:59,2026-03-21 11:32:59
INV_001908,ORD_001908,CUST_000650,MERCH_0044,84.50,USD,PAID,2026-01-15 20:49:19,2026-02-14 20:49:19
INV_001909,ORD_001909,CUST_000548,MERCH_0035,9999.00,INR,PAID,2026-02-08 23:26:12,2026-03-10 23:26:12
INV_001910,ORD_001910,CUST_003401,MERCH_0052,99.99,USD,PAID,2026-01-14 02:29:08,2026-02-13 02:29:08
INV_001911,ORD_001911,CUST_004679,MERCH_0088,799.00,INR,PAID,2026-02-13 18:11:22,2026-03-15 18:11:22
INV_001912,ORD_001912,CUST_002799,MERCH_0069,62.75,GBP,PAID,2026-01-29 16:38:08,2026-02-28 16:38:08
INV_001913,ORD_001913,CUST_004382,MERCH_0051,171.00,GBP,PAID,2026-03-10 23:30:12,2026-04-09 23:30:12
INV_001914,ORD_001914,CUST_003288,MERCH_0018,625.95,USD,PAID,2026-02-17 10:30:33,2026-03-19 10:30:33
INV_001915,ORD_001915,CUST_002990,MERCH_0013,575.25,EUR,PAID,2026-01-05 14:58:27,2026-02-04 14:58:27
INV_001916,ORD_001916,CUST_001071,MERCH_0074,442.50,EUR,PAID,2026-01-05 19:22:02,2026-02-04 19:22:02
INV_001917,ORD_001917,CUST_004714,MERCH_0035,598.80,CAD,PAID,2026-03-05 03:57:24,2026-04-04 03:57:24
INV_001918,ORD_001918,CUST_001024,MERCH_0042,535.75,GBP,PAID,2026-01-08 19:47:51,2026-02-07 19:47:51
INV_001919,ORD_001919,CUST_003765,MERCH_0043,1875.95,EUR,PAID,2026-01-30 16:25:04,2026-03-01 16:25:04
INV_001921,ORD_001921,CUST_003683,MERCH_0094,553.25,GBP,PAID,2026-01-24 04:49:04,2026-02-23 04:49:04
INV_001922,ORD_001922,CUST_002807,MERCH_0026,249.80,USD,PAID,2026-03-25 18:46:38,2026-04-24 18:46:38
INV_001923,ORD_001923,CUST_002519,MERCH_0097,129.00,CAD,PAID,2026-01-22 22:13:45,2026-02-21 22:13:45
INV_001924,ORD_001924,CUST_002432,MERCH_0083,509.80,USD,PAID,2026-01-13 11:21:44,2026-02-12 11:21:44
INV_001925,ORD_001925,CUST_000540,MERCH_0077,68.80,EUR,PAID,2026-02-10 23:50:29,2026-03-12 23:50:29
INV_001926,ORD_001926,CUST_002999,MERCH_0017,1555.50,EUR,PAID,2026-01-26 16:53:10,2026-02-25 16:53:10
INV_001927,ORD_001927,CUST_002199,MERCH_0092,3431.00,GBP,PAID,2026-03-31 22:24:07,2026-04-30 22:24:07
INV_001928,ORD_001928,CUST_001494,MERCH_0024,57.49,USD,PAID,2026-02-08 18:04:05,2026-03-10 18:04:05
INV_001929,ORD_001929,CUST_004274,MERCH_0009,57.75,EUR,PAID,2026-01-27 02:56:50,2026-02-26 02:56:50
INV_001930,ORD_001930,CUST_004713,MERCH_0021,411.75,GBP,PAID,2026-02-22 14:45:16,2026-03-24 14:45:16
INV_001931,ORD_001931,CUST_000676,MERCH_0062,799.00,INR,PAID,2026-02-04 13:48:37,2026-03-06 13:48:37
INV_001932,ORD_001932,CUST_001936,MERCH_0094,40.00,USD,PAID,2026-02-09 09:36:18,2026-03-11 09:36:18
INV_001933,ORD_001933,CUST_002463,MERCH_0056,54.25,USD,PAID,2026-03-24 02:45:48,2026-04-23 02:45:48
INV_001934,ORD_001934,CUST_002662,MERCH_0091,1499.00,INR,PAID,2026-02-01 04:27:26,2026-03-03 04:27:26
INV_001935,ORD_001935,CUST_001177,MERCH_0077,453.25,USD,PAID,2026-03-12 14:19:05,2026-04-11 14:19:05
INV_001936,ORD_001936,CUST_002505,MERCH_0026,9999.00,INR,PAID,2026-01-23 18:21:46,2026-02-22 18:21:46
INV_001937,ORD_001937,CUST_004206,MERCH_0023,40.75,GBP,OVERPAID,2026-02-15 19:27:22,2026-03-17 19:27:22
INV_001938,ORD_001938,CUST_003944,MERCH_0003,999.00,INR,OVERPAID,2026-01-23 20:39:57,2026-02-22 20:39:57
INV_001939,ORD_001939,CUST_002542,MERCH_0055,75.50,GBP,PAID,2026-01-11 04:20:39,2026-02-10 04:20:39
INV_001940,ORD_001940,CUST_003758,MERCH_0025,20.75,USD,PAID,2026-01-16 14:20:41,2026-02-15 14:20:41
INV_001941,ORD_001941,CUST_002676,MERCH_0017,455.80,USD,PAID,2026-01-10 14:54:03,2026-02-09 14:54:03
INV_001942,ORD_001942,CUST_000429,MERCH_0082,3465.50,EUR,PAID,2026-01-27 20:37:41,2026-02-26 20:37:41
INV_001943,ORD_001943,CUST_004864,MERCH_0011,170.99,GBP,PAID,2026-03-02 13:48:08,2026-04-01 13:48:08
INV_001944,ORD_001944,CUST_004235,MERCH_0099,434.49,USD,PAID,2026-01-08 15:10:10,2026-02-07 15:10:10
INV_001945,ORD_001945,CUST_000561,MERCH_0033,78.49,EUR,PAID,2026-03-02 04:03:48,2026-04-01 04:03:48
INV_001946,ORD_001946,CUST_001890,MERCH_0056,2328.50,CAD,PAID,2026-01-18 04:35:53,2026-02-17 04:35:53
INV_001947,ORD_001947,CUST_000610,MERCH_0018,2499.00,INR,PAID,2026-03-07 11:56:40,2026-04-06 11:56:40
INV_001948,ORD_001948,CUST_000600,MERCH_0056,55.95,USD,PAID,2026-01-31 15:53:09,2026-03-02 15:53:09
INV_001949,ORD_001949,CUST_003441,MERCH_0086,1904.80,USD,PAID,2026-02-28 03:09:24,2026-03-30 03:09:24
INV_001951,ORD_001951,CUST_001219,MERCH_0077,293.49,CAD,PAID,2026-02-17 11:08:42,2026-03-19 11:08:42
INV_001952,ORD_001952,CUST_001992,MERCH_0050,601.49,CAD,PAID,2026-02-24 04:05:24,2026-03-26 04:05:24
INV_001953,ORD_001953,CUST_004882,MERCH_0054,471.00,EUR,PAID,2026-01-05 18:05:44,2026-02-04 18:05:44
INV_001954,ORD_001954,CUST_003921,MERCH_0049,34.00,CAD,PAID,2026-01-18 09:44:10,2026-02-17 09:44:10
INV_001955,ORD_001955,CUST_002379,MERCH_0087,441.75,EUR,PAID,2026-02-13 18:12:03,2026-03-15 18:12:03
INV_001956,ORD_001956,CUST_000236,MERCH_0094,2499.00,INR,PAID,2026-02-22 02:31:07,2026-03-24 02:31:07
INV_001957,ORD_001957,CUST_002092,MERCH_0083,162.75,USD,PAID,2026-02-03 23:20:17,2026-03-05 23:20:17
INV_001958,ORD_001958,CUST_004316,MERCH_0049,58.80,GBP,PAID,2026-02-20 07:40:30,2026-03-22 07:40:30
INV_001959,ORD_001959,CUST_003532,MERCH_0046,293.99,EUR,PAID,2026-01-05 17:32:06,2026-02-04 17:32:06
INV_001960,ORD_001960,CUST_003596,MERCH_0081,19.50,USD,PAID,2026-01-21 15:44:29,2026-02-20 15:44:29
INV_001961,ORD_001961,CUST_001753,MERCH_0098,328.80,EUR,PAID,2026-01-24 14:58:05,2026-02-23 14:58:05
INV_001962,ORD_001962,CUST_004565,MERCH_0089,191.50,EUR,PAID,2026-02-17 00:30:03,2026-03-19 00:30:03
INV_001963,ORD_001963,CUST_001177,MERCH_0014,799.00,INR,PAID,2026-01-26 19:00:06,2026-02-25 19:00:06
INV_001964,ORD_001964,CUST_000474,MERCH_0085,118.00,USD,PAID,2026-02-03 12:28:15,2026-03-05 12:28:15
INV_001965,ORD_001965,CUST_003754,MERCH_0081,63.80,CAD,PAID,2026-01-24 07:31:14,2026-02-23 07:31:14
INV_001966,ORD_001966,CUST_004311,MERCH_0032,299.00,INR,PAID,2026-01-22 15:22:32,2026-02-21 15:22:32
INV_001967,ORD_001967,CUST_002517,MERCH_0079,3999.00,INR,PAID,2026-03-02 08:17:09,2026-04-01 08:17:09
INV_001968,ORD_001968,CUST_002224,MERCH_0041,589.50,EUR,PAID,2026-02-10 10:48:14,2026-03-12 10:48:14
INV_001969,ORD_001969,CUST_001191,MERCH_0021,494.80,EUR,PAID,2026-02-03 00:46:22,2026-03-05 00:46:22
INV_001970,ORD_001970,CUST_001839,MERCH_0017,74.00,USD,PAID,2026-03-29 08:20:17,2026-04-28 08:20:17
INV_001971,ORD_001971,CUST_003023,MERCH_0011,185.00,USD,PAID,2026-02-20 15:34:31,2026-03-22 15:34:31
INV_001972,ORD_001972,CUST_000569,MERCH_0044,29.25,EUR,PAID,2026-02-10 09:40:06,2026-03-12 09:40:06
INV_001973,ORD_001973,CUST_004533,MERCH_0068,15000.00,INR,PAID,2026-01-29 20:44:59,2026-02-28 20:44:59
INV_001974,ORD_001974,CUST_000680,MERCH_0054,56.80,EUR,PAID,2026-02-01 23:51:56,2026-03-03 23:51:56
INV_001975,ORD_001975,CUST_001186,MERCH_0002,1499.00,INR,PAID,2026-01-16 20:20:30,2026-02-15 20:20:30
INV_001976,ORD_001976,CUST_003781,MERCH_0032,20.49,USD,PAID,2026-01-24 02:45:12,2026-02-23 02:45:12
INV_001977,ORD_001977,CUST_001250,MERCH_0090,15000.00,INR,PAID,2026-02-07 05:08:03,2026-03-09 05:08:03
INV_001978,ORD_001978,CUST_003140,MERCH_0001,175.95,USD,PAID,2026-01-09 14:00:34,2026-02-08 14:00:34
INV_001979,ORD_001979,CUST_001026,MERCH_0075,3422.25,USD,PAID,2026-03-13 13:15:59,2026-04-12 13:15:59
INV_001980,ORD_001980,CUST_001732,MERCH_0071,25.00,USD,PAID,2026-01-29 10:20:17,2026-02-28 10:20:17
INV_001981,ORD_001981,CUST_004607,MERCH_0015,58.95,EUR,PAID,2026-03-03 19:19:03,2026-04-02 19:19:03
INV_001982,ORD_001982,CUST_000949,MERCH_0041,72.00,USD,PAID,2026-02-13 12:09:19,2026-03-15 12:09:19
INV_001983,ORD_001983,CUST_002252,MERCH_0096,384.25,USD,PAID,2026-03-19 05:26:26,2026-04-18 05:26:26
INV_001984,ORD_001984,CUST_000179,MERCH_0009,443.95,EUR,PAID,2026-01-20 12:43:58,2026-02-19 12:43:58
INV_001985,ORD_001985,CUST_001250,MERCH_0098,136.80,USD,PAID,2026-02-14 17:43:32,2026-03-16 17:43:32
INV_001986,ORD_001986,CUST_002176,MERCH_0058,44.80,EUR,PAID,2026-01-26 09:05:56,2026-02-25 09:05:56
INV_001987,ORD_001987,CUST_001523,MERCH_0012,941.25,GBP,PAID,2026-03-21 12:01:57,2026-04-20 12:01:57
INV_001988,ORD_001988,CUST_003495,MERCH_0022,23.99,USD,PAID,2026-03-16 00:00:43,2026-04-15 00:00:43
INV_001989,ORD_001989,CUST_001978,MERCH_0051,499.00,INR,PAID,2026-01-09 19:26:50,2026-02-08 19:26:50
INV_001990,ORD_001990,CUST_000776,MERCH_0053,64.75,USD,PAID,2026-01-17 10:06:38,2026-02-16 10:06:38
INV_001991,ORD_001991,CUST_003277,MERCH_0067,2201.95,EUR,PAID,2026-02-15 08:10:00,2026-03-17 08:10:00
INV_001992,ORD_001992,CUST_002068,MERCH_0066,46.80,USD,PAID,2026-02-20 11:12:54,2026-03-22 11:12:54
INV_001993,ORD_001993,CUST_000033,MERCH_0060,308.80,USD,PAID,2026-03-15 11:11:02,2026-04-14 11:11:02
INV_001994,ORD_001994,CUST_003639,MERCH_0005,953.49,EUR,PAID,2026-02-21 13:41:30,2026-03-23 13:41:30
INV_001995,ORD_001995,CUST_000194,MERCH_0036,26.95,USD,PAID,2026-01-17 20:11:38,2026-02-16 20:11:38
INV_001996,ORD_001996,CUST_001864,MERCH_0036,15000.00,INR,PAID,2026-01-23 20:35:34,2026-02-22 20:35:34
INV_001997,ORD_001997,CUST_004650,MERCH_0030,320.00,EUR,PAID,2026-01-11 21:25:02,2026-02-10 21:25:02
INV_001998,ORD_001998,CUST_003312,MERCH_0050,570.25,CAD,PAID,2026-02-04 01:53:38,2026-03-06 01:53:38
INV_001999,ORD_001999,CUST_004653,MERCH_0028,239.25,USD,PAID,2026-03-26 16:25:26,2026-04-25 16:25:26
INV_002000,ORD_002000,CUST_002859,MERCH_0072,3359.25,CAD,PAID,2026-03-24 09:53:03,2026-04-23 09:53:03
INV_002001,ORD_002001,CUST_003713,MERCH_0071,328.95,USD,PAID,2026-03-06 18:02:22,2026-04-05 18:02:22
INV_002002,ORD_002002,CUST_003608,MERCH_0050,27.00,GBP,PAID,2026-01-04 12:46:36,2026-02-03 12:46:36
INV_002003,ORD_002003,CUST_000995,MERCH_0016,39.99,EUR,PAID,2026-02-08 00:34:35,2026-03-10 00:34:35
INV_002004,ORD_002004,CUST_004855,MERCH_0027,52.80,EUR,PAID,2026-02-22 06:09:28,2026-03-24 06:09:28
INV_002005,ORD_002005,CUST_000041,MERCH_0063,1499.00,INR,PAID,2026-03-24 13:19:53,2026-04-23 13:19:53
INV_002006,ORD_002006,CUST_004778,MERCH_0051,22.99,EUR,PAID,2026-01-15 23:33:30,2026-02-14 23:33:30
INV_002007,ORD_002007,CUST_000393,MERCH_0001,137.49,USD,PAID,2026-03-07 00:49:40,2026-04-06 00:49:40
INV_002008,ORD_002008,CUST_004796,MERCH_0010,607.95,CAD,PAID,2026-02-14 22:53:57,2026-03-16 22:53:57
INV_002009,ORD_002009,CUST_001583,MERCH_0084,133.25,USD,PAID,2026-02-21 20:11:01,2026-03-23 20:11:01
INV_002010,ORD_002010,CUST_001611,MERCH_0017,48.49,CAD,PAID,2026-03-07 17:59:35,2026-04-06 17:59:35
INV_002011,ORD_002011,CUST_003433,MERCH_0041,24.50,EUR,PAID,2026-01-08 02:57:41,2026-02-07 02:57:41
INV_002012,ORD_002012,CUST_003365,MERCH_0003,205.25,USD,PAID,2026-01-22 00:35:42,2026-02-21 00:35:42
INV_002013,ORD_002013,CUST_003388,MERCH_0025,514.25,EUR,PAID,2026-01-26 17:45:04,2026-02-25 17:45:04
INV_002014,ORD_002014,CUST_003560,MERCH_0060,23.75,USD,PAID,2026-01-27 21:35:06,2026-02-26 21:35:06
INV_002015,ORD_002015,CUST_004372,MERCH_0018,185.25,GBP,PAID,2026-01-15 19:08:34,2026-02-14 19:08:34
INV_002016,ORD_002016,CUST_004651,MERCH_0078,68.50,GBP,PAID,2026-02-01 11:21:01,2026-03-03 11:21:01
INV_002017,ORD_002017,CUST_002035,MERCH_0098,636.25,GBP,PAID,2026-03-20 02:51:42,2026-04-19 02:51:42
INV_002018,ORD_002018,CUST_001809,MERCH_0029,18.95,GBP,PAID,2026-01-05 19:17:42,2026-02-04 19:17:42
INV_002019,ORD_002019,CUST_002849,MERCH_0041,15000.00,INR,PAID,2026-02-27 22:54:45,2026-03-29 22:54:45
INV_002020,ORD_002020,CUST_000428,MERCH_0079,97.49,EUR,PAID,2026-01-17 23:18:39,2026-02-16 23:18:39
INV_002021,ORD_002021,CUST_000953,MERCH_0022,17.25,GBP,PAID,2026-02-10 08:51:34,2026-03-12 08:51:34
INV_002022,ORD_002022,CUST_004385,MERCH_0010,433.50,USD,PAID,2026-03-19 14:47:22,2026-04-18 14:47:22
INV_002023,ORD_002023,CUST_001863,MERCH_0099,448.75,USD,PAID,2026-03-12 08:11:45,2026-04-11 08:11:45
INV_002024,ORD_002024,CUST_003699,MERCH_0033,499.00,INR,PAID,2026-01-27 11:14:22,2026-02-26 11:14:22
INV_002025,ORD_002025,CUST_001790,MERCH_0002,60.25,CAD,PAID,2026-03-11 06:46:51,2026-04-10 06:46:51
INV_002026,ORD_002026,CUST_002989,MERCH_0021,18.50,USD,PAID,2026-02-24 06:35:02,2026-03-26 06:35:02
INV_002027,ORD_002027,CUST_000263,MERCH_0032,251.50,CAD,PAID,2026-03-14 11:14:03,2026-04-13 11:14:03
INV_002028,ORD_002028,CUST_001404,MERCH_0029,3448.00,EUR,PAID,2026-03-19 22:02:10,2026-04-18 22:02:10
INV_002029,ORD_002029,CUST_003616,MERCH_0082,378.99,GBP,PAID,2026-01-23 14:23:18,2026-02-22 14:23:18
INV_002030,ORD_002030,CUST_000054,MERCH_0018,644.80,EUR,PAID,2026-01-07 13:02:18,2026-02-06 13:02:18
INV_002031,ORD_002031,CUST_001313,MERCH_0056,295.25,EUR,PAID,2026-02-17 21:24:53,2026-03-19 21:24:53
INV_002032,ORD_002032,CUST_002720,MERCH_0046,299.00,INR,PAID,2026-01-10 04:45:04,2026-02-09 04:45:04
INV_002033,ORD_002033,CUST_004406,MERCH_0089,799.00,INR,PAID,2026-03-16 22:39:45,2026-04-15 22:39:45
INV_002034,ORD_002034,CUST_000088,MERCH_0054,19.50,EUR,PAID,2026-02-14 03:53:46,2026-03-16 03:53:46
INV_002035,ORD_002035,CUST_001560,MERCH_0091,15000.00,INR,PAID,2026-03-07 08:09:01,2026-04-06 08:09:01
INV_002036,ORD_002036,CUST_004696,MERCH_0056,1109.00,GBP,PAID,2026-01-15 00:59:32,2026-02-14 00:59:32
INV_002037,ORD_002037,CUST_003861,MERCH_0072,299.00,INR,PAID,2026-03-12 21:27:38,2026-04-11 21:27:38
INV_002038,ORD_002038,CUST_002282,MERCH_0048,299.00,INR,PAID,2026-03-30 15:59:40,2026-04-29 15:59:40
INV_002039,ORD_002039,CUST_000251,MERCH_0001,57.95,GBP,PAID,2026-03-08 21:52:11,2026-04-07 21:52:11
INV_002040,ORD_002040,CUST_002453,MERCH_0053,255.25,USD,OVERPAID,2026-01-15 04:26:05,2026-02-14 04:26:05
INV_002041,ORD_002041,CUST_000050,MERCH_0046,506.25,USD,PAID,2026-02-01 03:47:48,2026-03-03 03:47:48
INV_002042,ORD_002042,CUST_001310,MERCH_0048,799.00,INR,PAID,2026-03-10 01:50:46,2026-04-09 01:50:46
INV_002043,ORD_002043,CUST_003646,MERCH_0059,49.75,USD,PAID,2026-03-04 01:45:47,2026-04-03 01:45:47
INV_002044,ORD_002044,CUST_002785,MERCH_0023,9999.00,INR,PAID,2026-03-14 18:32:36,2026-04-13 18:32:36
INV_002045,ORD_002045,CUST_001304,MERCH_0043,526.99,USD,PAID,2026-03-21 15:38:51,2026-04-20 15:38:51
INV_002046,ORD_002046,CUST_001452,MERCH_0069,71.75,USD,PAID,2026-02-09 07:45:55,2026-03-11 07:45:55
INV_002047,ORD_002047,CUST_002939,MERCH_0033,563.00,GBP,PAID,2026-03-20 04:37:29,2026-04-19 04:37:29
INV_002048,ORD_002048,CUST_001076,MERCH_0040,57.75,EUR,PAID,2026-01-18 14:04:54,2026-02-17 14:04:54
INV_002049,ORD_002049,CUST_002889,MERCH_0095,78.80,GBP,PAID,2026-02-25 00:24:19,2026-03-27 00:24:19
INV_002050,ORD_002050,CUST_004854,MERCH_0058,54.75,GBP,PAID,2026-03-19 17:49:55,2026-04-18 17:49:55
INV_002051,ORD_002051,CUST_002664,MERCH_0033,499.00,INR,PAID,2026-03-16 19:16:57,2026-04-15 19:16:57
INV_002052,ORD_002052,CUST_004674,MERCH_0068,3351.49,USD,PAID,2026-02-15 10:41:25,2026-03-17 10:41:25
INV_002053,ORD_002053,CUST_004274,MERCH_0091,80.00,EUR,PAID,2026-02-28 02:20:47,2026-03-30 02:20:47
INV_002054,ORD_002054,CUST_004159,MERCH_0086,78.75,USD,PAID,2026-03-04 00:37:05,2026-04-03 00:37:05
INV_002055,ORD_002055,CUST_004951,MERCH_0074,210.80,GBP,PAID,2026-03-15 15:19:49,2026-04-14 15:19:49
INV_002056,ORD_002056,CUST_001731,MERCH_0029,4999.00,INR,PAID,2026-02-20 20:54:59,2026-03-22 20:54:59
INV_002057,ORD_002057,CUST_004595,MERCH_0094,188.25,EUR,PAID,2026-03-25 20:51:48,2026-04-24 20:51:48
INV_002058,ORD_002058,CUST_001989,MERCH_0090,562.00,USD,PAID,2026-01-06 06:35:13,2026-02-05 06:35:13
INV_002059,ORD_002059,CUST_003790,MERCH_0041,1919.95,GBP,PAID,2026-03-08 17:36:52,2026-04-07 17:36:52
INV_002060,ORD_002060,CUST_001396,MERCH_0075,58.50,GBP,PAID,2026-03-14 12:27:12,2026-04-13 12:27:12
INV_002062,ORD_002062,CUST_004651,MERCH_0081,520.80,USD,PAID,2026-03-14 05:30:27,2026-04-13 05:30:27
INV_002063,ORD_002063,CUST_001827,MERCH_0097,1999.00,INR,PAID,2026-03-31 19:28:33,2026-04-30 19:28:33
INV_002064,ORD_002064,CUST_004312,MERCH_0062,581.95,CAD,PAID,2026-01-31 08:12:27,2026-03-02 08:12:27
INV_002065,ORD_002065,CUST_003818,MERCH_0088,3461.49,EUR,PAID,2026-02-15 12:08:25,2026-03-17 12:08:25
INV_002066,ORD_002066,CUST_004161,MERCH_0063,233.25,CAD,PAID,2026-02-22 05:25:42,2026-03-24 05:25:42
INV_002068,ORD_002068,CUST_001133,MERCH_0098,1999.00,INR,PAID,2026-03-22 01:39:39,2026-04-21 01:39:39
INV_002069,ORD_002069,CUST_002333,MERCH_0016,21.50,USD,PAID,2026-03-02 19:38:21,2026-04-01 19:38:21
INV_002070,ORD_002070,CUST_000614,MERCH_0063,3047.99,GBP,PAID,2026-01-29 15:37:14,2026-02-28 15:37:14
INV_002071,ORD_002071,CUST_003699,MERCH_0089,29.00,EUR,PAID,2026-01-05 09:17:16,2026-02-04 09:17:16
INV_002072,ORD_002072,CUST_002953,MERCH_0034,2499.00,INR,PAID,2026-02-25 00:23:06,2026-03-27 00:23:06
INV_002073,ORD_002073,CUST_004892,MERCH_0085,95.50,GBP,PAID,2026-01-10 08:45:25,2026-02-09 08:45:25
INV_002074,ORD_002074,CUST_001261,MERCH_0014,108.75,EUR,PAID,2026-01-17 16:59:19,2026-02-16 16:59:19
INV_002075,ORD_002075,CUST_000036,MERCH_0032,58.99,EUR,PAID,2026-01-26 05:39:03,2026-02-25 05:39:03
INV_002076,ORD_002076,CUST_000055,MERCH_0055,400.80,EUR,PAID,2026-02-18 20:08:15,2026-03-20 20:08:15
INV_002077,ORD_002077,CUST_004724,MERCH_0025,67.00,EUR,PAID,2026-03-12 13:01:10,2026-04-11 13:01:10
INV_002078,ORD_002078,CUST_001165,MERCH_0093,38.00,USD,PAID,2026-02-11 12:03:55,2026-03-13 12:03:55
INV_002079,ORD_002079,CUST_003752,MERCH_0014,554.00,EUR,PAID,2026-03-17 08:58:26,2026-04-16 08:58:26
INV_002080,ORD_002080,CUST_000458,MERCH_0005,19.75,USD,PAID,2026-01-21 10:17:33,2026-02-20 10:17:33
INV_002081,ORD_002081,CUST_001494,MERCH_0049,317.75,USD,PAID,2026-03-12 23:45:58,2026-04-11 23:45:58
INV_002082,ORD_002082,CUST_004993,MERCH_0084,1569.00,EUR,PAID,2026-01-15 13:15:58,2026-02-14 13:15:58
INV_002083,ORD_002083,CUST_000456,MERCH_0006,2743.50,GBP,PAID,2026-03-29 11:03:43,2026-04-28 11:03:43
INV_002086,ORD_002086,CUST_004727,MERCH_0054,68.95,USD,PAID,2026-02-24 00:54:48,2026-03-26 00:54:48
INV_002087,ORD_002087,CUST_004023,MERCH_0035,100.25,USD,PAID,2026-02-09 22:59:43,2026-03-11 22:59:43
INV_002088,ORD_002088,CUST_001450,MERCH_0044,557.75,USD,PAID,2026-02-05 10:40:30,2026-03-07 10:40:30
INV_002089,ORD_002089,CUST_000116,MERCH_0034,571.95,USD,PAID,2026-02-13 04:14:48,2026-03-15 04:14:48
INV_002090,ORD_002090,CUST_004211,MERCH_0019,1278.80,EUR,PAID,2026-02-18 20:58:17,2026-03-20 20:58:17
INV_002092,ORD_002092,CUST_000220,MERCH_0057,956.75,USD,PAID,2026-01-01 10:25:07,2026-01-31 10:25:07
INV_002093,ORD_002093,CUST_003259,MERCH_0094,157.00,CAD,PAID,2026-02-22 23:43:46,2026-03-24 23:43:46
INV_002094,ORD_002094,CUST_003013,MERCH_0074,617.50,USD,PAID,2026-03-04 01:44:05,2026-04-03 01:44:05
INV_002095,ORD_002095,CUST_002958,MERCH_0088,66.95,EUR,PAID,2026-01-24 10:59:54,2026-02-23 10:59:54
INV_002096,ORD_002096,CUST_000162,MERCH_0072,1136.00,USD,PAID,2026-02-21 00:57:45,2026-03-23 00:57:45
INV_002097,ORD_002097,CUST_000842,MERCH_0063,186.00,GBP,PAID,2026-02-05 23:04:59,2026-03-07 23:04:59
INV_002098,ORD_002098,CUST_001843,MERCH_0029,469.99,GBP,PAID,2026-02-11 12:41:12,2026-03-13 12:41:12
INV_002099,ORD_002099,CUST_000552,MERCH_0042,75.00,USD,PAID,2026-01-10 04:28:19,2026-02-09 04:28:19
INV_002100,ORD_002100,CUST_000231,MERCH_0047,34.00,GBP,PAID,2026-03-12 20:06:50,2026-04-11 20:06:50
INV_002101,ORD_002101,CUST_001882,MERCH_0088,299.00,INR,OVERPAID,2026-03-10 14:47:35,2026-04-09 14:47:35
INV_002102,ORD_002102,CUST_003775,MERCH_0035,513.99,GBP,PAID,2026-03-07 18:50:23,2026-04-06 18:50:23
INV_002103,ORD_002103,CUST_001369,MERCH_0098,345.25,EUR,PAID,2026-02-03 22:45:00,2026-03-05 22:45:00
INV_002104,ORD_002104,CUST_002329,MERCH_0052,121.75,EUR,PAID,2026-01-12 06:24:21,2026-02-11 06:24:21
INV_002105,ORD_002105,CUST_003757,MERCH_0031,2386.75,EUR,PAID,2026-03-18 02:55:27,2026-04-17 02:55:27
INV_002106,ORD_002106,CUST_000944,MERCH_0069,299.00,INR,PAID,2026-03-14 11:56:45,2026-04-13 11:56:45
INV_002107,ORD_002107,CUST_002468,MERCH_0059,1999.00,INR,PAID,2026-02-28 10:41:57,2026-03-30 10:41:57
INV_002108,ORD_002108,CUST_002236,MERCH_0036,297.00,EUR,PAID,2026-02-27 09:44:37,2026-03-29 09:44:37
INV_002109,ORD_002109,CUST_000370,MERCH_0037,57.80,EUR,PAID,2026-03-07 17:28:43,2026-04-06 17:28:43
INV_002110,ORD_002110,CUST_001497,MERCH_0027,71.75,EUR,PAID,2026-01-26 09:30:07,2026-02-25 09:30:07
INV_002111,ORD_002111,CUST_000465,MERCH_0089,153.99,CAD,PAID,2026-03-30 18:32:11,2026-04-29 18:32:11
INV_002112,ORD_002112,CUST_001822,MERCH_0077,67.49,GBP,PAID,2026-03-21 18:38:29,2026-04-20 18:38:29
INV_002113,ORD_002113,CUST_001627,MERCH_0093,299.00,INR,PAID,2026-03-05 12:19:14,2026-04-04 12:19:14
INV_002114,ORD_002114,CUST_004058,MERCH_0079,57.00,EUR,PAID,2026-03-06 15:32:51,2026-04-05 15:32:51
INV_002115,ORD_002115,CUST_000836,MERCH_0071,1805.50,EUR,PAID,2026-03-12 00:52:15,2026-04-11 00:52:15
INV_002116,ORD_002116,CUST_002499,MERCH_0058,46.95,USD,PAID,2026-02-07 20:39:06,2026-03-09 20:39:06
INV_002117,ORD_002117,CUST_000661,MERCH_0024,592.49,GBP,PAID,2026-01-26 18:26:16,2026-02-25 18:26:16
INV_002119,ORD_002119,CUST_003856,MERCH_0060,48.95,USD,PAID,2026-02-02 09:34:13,2026-03-04 09:34:13
INV_002120,ORD_002120,CUST_001116,MERCH_0015,84.75,USD,PAID,2026-03-12 10:03:01,2026-04-11 10:03:01
INV_002121,ORD_002121,CUST_003717,MERCH_0090,9999.00,INR,PAID,2026-02-02 15:17:47,2026-03-04 15:17:47
INV_002122,ORD_002122,CUST_001255,MERCH_0015,1499.00,INR,PAID,2026-03-23 21:18:55,2026-04-22 21:18:55
INV_002123,ORD_002123,CUST_000573,MERCH_0016,31.25,GBP,PAID,2026-02-05 06:51:24,2026-03-07 06:51:24
INV_002124,ORD_002124,CUST_002068,MERCH_0043,1069.99,USD,PAID,2026-02-20 15:58:58,2026-03-22 15:58:58
INV_002125,ORD_002125,CUST_001977,MERCH_0039,261.75,USD,PAID,2026-01-25 09:17:30,2026-02-24 09:17:30
INV_002126,ORD_002126,CUST_001327,MERCH_0082,2093.80,USD,PAID,2026-01-28 22:06:39,2026-02-27 22:06:39
INV_002127,ORD_002127,CUST_000627,MERCH_0017,271.00,GBP,PAID,2026-01-21 16:03:09,2026-02-20 16:03:09
INV_002128,ORD_002128,CUST_002448,MERCH_0041,466.99,EUR,PAID,2026-02-03 23:27:31,2026-03-05 23:27:31
INV_002129,ORD_002129,CUST_004514,MERCH_0022,24.50,CAD,PAID,2026-03-08 09:16:26,2026-04-07 09:16:26
INV_002130,ORD_002130,CUST_000340,MERCH_0075,54.95,USD,PAID,2026-03-30 18:54:28,2026-04-29 18:54:28
INV_002131,ORD_002131,CUST_000295,MERCH_0058,43.00,EUR,PAID,2026-02-02 04:17:03,2026-03-04 04:17:03
INV_002132,ORD_002132,CUST_001306,MERCH_0027,2214.75,USD,PAID,2026-03-31 10:28:41,2026-04-30 10:28:41
INV_002133,ORD_002133,CUST_004437,MERCH_0055,799.00,INR,PAID,2026-03-10 12:31:54,2026-04-09 12:31:54
INV_002134,ORD_002134,CUST_000052,MERCH_0020,356.80,EUR,PAID,2026-02-19 10:28:37,2026-03-21 10:28:37
INV_002135,ORD_002135,CUST_004399,MERCH_0086,15000.00,INR,PAID,2026-01-23 09:47:37,2026-02-22 09:47:37
INV_002136,ORD_002136,CUST_003484,MERCH_0044,2506.50,CAD,PAID,2026-01-18 03:28:51,2026-02-17 03:28:51
INV_002137,ORD_002137,CUST_001745,MERCH_0043,562.99,CAD,PAID,2026-02-03 07:19:28,2026-03-05 07:19:28
INV_002138,ORD_002138,CUST_004512,MERCH_0022,35.00,USD,PAID,2026-02-03 18:08:20,2026-03-05 18:08:20
INV_002139,ORD_002139,CUST_002379,MERCH_0044,2493.75,GBP,PAID,2026-03-30 11:35:24,2026-04-29 11:35:24
INV_002140,ORD_002140,CUST_003405,MERCH_0014,68.49,GBP,PAID,2026-02-16 13:49:09,2026-03-18 13:49:09
INV_002141,ORD_002141,CUST_003771,MERCH_0083,432.25,CAD,PAID,2026-01-23 21:51:19,2026-02-22 21:51:19
INV_002142,ORD_002142,CUST_003533,MERCH_0096,799.00,INR,PAID,2026-02-18 19:33:42,2026-03-20 19:33:42
INV_002143,ORD_002143,CUST_004934,MERCH_0070,2443.80,EUR,PAID,2026-02-02 09:33:30,2026-03-04 09:33:30
INV_002144,ORD_002144,CUST_004857,MERCH_0075,2499.00,INR,PAID,2026-03-08 02:32:51,2026-04-07 02:32:51
INV_002145,ORD_002145,CUST_000485,MERCH_0027,46.00,EUR,PAID,2026-01-09 13:46:53,2026-02-08 13:46:53
INV_002146,ORD_002146,CUST_003080,MERCH_0012,69.75,GBP,OVERPAID,2026-01-15 06:18:00,2026-02-14 06:18:00
INV_002147,ORD_002147,CUST_000139,MERCH_0070,50.75,EUR,PAID,2026-01-12 15:37:18,2026-02-11 15:37:18
INV_002148,ORD_002148,CUST_001060,MERCH_0003,604.80,GBP,PAID,2026-03-04 01:09:34,2026-04-03 01:09:34
INV_002149,ORD_002149,CUST_003535,MERCH_0078,383.99,EUR,PAID,2026-03-06 09:25:42,2026-04-05 09:25:42
INV_002150,ORD_002150,CUST_000209,MERCH_0048,1634.99,USD,PAID,2026-03-28 19:30:20,2026-04-27 19:30:20
INV_002151,ORD_002151,CUST_002461,MERCH_0015,2941.95,EUR,PAID,2026-02-20 04:50:52,2026-03-22 04:50:52
INV_002152,ORD_002152,CUST_003007,MERCH_0095,2820.80,USD,PAID,2026-01-15 05:33:28,2026-02-14 05:33:28
INV_002153,ORD_002153,CUST_000789,MERCH_0041,62.50,USD,PAID,2026-03-27 03:24:23,2026-04-26 03:24:23
INV_002154,ORD_002154,CUST_001676,MERCH_0008,3999.00,INR,PAID,2026-01-05 05:33:45,2026-02-04 05:33:45
INV_002155,ORD_002155,CUST_000211,MERCH_0026,22.50,GBP,PAID,2026-02-20 02:10:20,2026-03-22 02:10:20
INV_002156,ORD_002156,CUST_000751,MERCH_0093,1821.95,GBP,PAID,2026-03-18 14:07:09,2026-04-17 14:07:09
INV_002157,ORD_002157,CUST_002373,MERCH_0030,26.95,USD,PAID,2026-03-04 19:55:43,2026-04-03 19:55:43
INV_002158,ORD_002158,CUST_002597,MERCH_0074,370.00,USD,PAID,2026-02-26 21:53:33,2026-03-28 21:53:33
INV_002159,ORD_002159,CUST_001939,MERCH_0084,16.99,EUR,PAID,2026-03-30 02:21:34,2026-04-29 02:21:34
INV_002160,ORD_002160,CUST_001911,MERCH_0039,287.99,CAD,PAID,2026-01-26 17:45:18,2026-02-25 17:45:18
INV_002161,ORD_002161,CUST_003503,MERCH_0060,45.49,GBP,PAID,2026-02-23 09:20:13,2026-03-25 09:20:13
INV_002163,ORD_002163,CUST_001334,MERCH_0005,621.00,CAD,PAID,2026-03-02 08:03:19,2026-04-01 08:03:19
INV_002164,ORD_002164,CUST_000959,MERCH_0025,117.49,USD,PAID,2026-03-22 08:59:40,2026-04-21 08:59:40
INV_002165,ORD_002165,CUST_004601,MERCH_0051,236.49,CAD,PAID,2026-03-12 21:17:21,2026-04-11 21:17:21
INV_002166,ORD_002166,CUST_000567,MERCH_0039,42.49,EUR,PAID,2026-03-30 18:46:41,2026-04-29 18:46:41
INV_002167,ORD_002167,CUST_000293,MERCH_0038,41.49,USD,PAID,2026-02-01 11:52:21,2026-03-03 11:52:21
INV_002168,ORD_002168,CUST_003014,MERCH_0076,75.80,USD,PAID,2026-02-12 01:08:24,2026-03-14 01:08:24
INV_002169,ORD_002169,CUST_001258,MERCH_0045,24.80,GBP,PAID,2026-02-05 01:57:50,2026-03-07 01:57:50
INV_002170,ORD_002170,CUST_004076,MERCH_0085,22.49,CAD,PAID,2026-03-04 16:12:34,2026-04-03 16:12:34
INV_002172,ORD_002172,CUST_002012,MERCH_0078,74.75,EUR,PAID,2026-03-25 22:52:01,2026-04-24 22:52:01
INV_002173,ORD_002173,CUST_004752,MERCH_0004,511.95,USD,PAID,2026-02-18 10:12:45,2026-03-20 10:12:45
INV_002174,ORD_002174,CUST_003328,MERCH_0004,39.80,GBP,PAID,2026-02-03 02:00:13,2026-03-05 02:00:13
INV_002175,ORD_002175,CUST_000043,MERCH_0077,56.80,USD,PAID,2026-03-23 22:04:31,2026-04-22 22:04:31
INV_002176,ORD_002176,CUST_002248,MERCH_0044,29.49,USD,PAID,2026-02-04 21:11:17,2026-03-06 21:11:17
INV_002177,ORD_002177,CUST_001353,MERCH_0067,3999.00,INR,PAID,2026-03-17 20:52:11,2026-04-16 20:52:11
INV_002178,ORD_002178,CUST_001578,MERCH_0073,299.00,INR,PAID,2026-01-15 09:55:13,2026-02-14 09:55:13
INV_002179,ORD_002179,CUST_004251,MERCH_0047,1771.25,GBP,PAID,2026-01-31 12:37:02,2026-03-02 12:37:02
INV_002180,ORD_002180,CUST_001892,MERCH_0051,44.50,USD,PAID,2026-02-17 23:45:53,2026-03-19 23:45:53
INV_002181,ORD_002181,CUST_000306,MERCH_0052,4999.00,INR,PAID,2026-01-13 03:47:49,2026-02-12 03:47:49
INV_002182,ORD_002182,CUST_000652,MERCH_0033,400.50,USD,PAID,2026-02-06 05:33:46,2026-03-08 05:33:46
INV_002183,ORD_002183,CUST_004416,MERCH_0054,18.49,EUR,PAID,2026-02-07 07:47:54,2026-03-09 07:47:54
INV_002184,ORD_002184,CUST_000182,MERCH_0052,49.99,USD,PAID,2026-03-18 07:21:34,2026-04-17 07:21:34
INV_002185,ORD_002185,CUST_003112,MERCH_0032,3999.00,INR,PAID,2026-02-19 12:11:49,2026-03-21 12:11:49
INV_002186,ORD_002186,CUST_002234,MERCH_0087,1499.00,INR,PAID,2026-03-03 15:24:41,2026-04-02 15:24:41
INV_002187,ORD_002187,CUST_000073,MERCH_0004,67.49,USD,PAID,2026-01-23 17:44:35,2026-02-22 17:44:35
INV_002188,ORD_002188,CUST_003084,MERCH_0067,3464.80,USD,PAID,2026-03-19 22:59:47,2026-04-18 22:59:47
INV_002189,ORD_002189,CUST_001899,MERCH_0068,1981.00,EUR,PAID,2026-02-22 06:01:30,2026-03-24 06:01:30
INV_002190,ORD_002190,CUST_000241,MERCH_0034,450.49,EUR,PAID,2026-03-18 02:57:40,2026-04-17 02:57:40
INV_002191,ORD_002191,CUST_002127,MERCH_0089,47.75,USD,PAID,2026-03-25 10:34:00,2026-04-24 10:34:00
INV_002192,ORD_002192,CUST_003441,MERCH_0002,424.99,EUR,PAID,2026-01-18 02:16:04,2026-02-17 02:16:04
INV_002193,ORD_002193,CUST_003172,MERCH_0037,25.99,USD,PAID,2026-02-11 19:50:19,2026-03-13 19:50:19
INV_002194,ORD_002194,CUST_003889,MERCH_0017,1110.00,GBP,PAID,2026-02-03 13:54:12,2026-03-05 13:54:12
INV_002195,ORD_002195,CUST_002508,MERCH_0035,407.95,USD,PAID,2026-02-15 01:50:29,2026-03-17 01:50:29
INV_002196,ORD_002196,CUST_001744,MERCH_0092,2499.00,INR,PAID,2026-02-23 18:36:48,2026-03-25 18:36:48
INV_002197,ORD_002197,CUST_000379,MERCH_0088,28.80,USD,PAID,2026-01-06 10:44:50,2026-02-05 10:44:50
INV_002198,ORD_002198,CUST_001962,MERCH_0095,4999.00,INR,PAID,2026-01-05 07:15:47,2026-02-04 07:15:47
INV_002199,ORD_002199,CUST_002009,MERCH_0081,635.50,EUR,PAID,2026-01-31 17:28:35,2026-03-02 17:28:35
INV_002200,ORD_002200,CUST_004382,MERCH_0087,3347.99,EUR,PAID,2026-03-20 22:00:10,2026-04-19 22:00:10
INV_002201,ORD_002201,CUST_002244,MERCH_0049,25.80,USD,PAID,2026-03-04 04:10:55,2026-04-03 04:10:55
INV_002202,ORD_002202,CUST_000308,MERCH_0060,15.95,CAD,PAID,2026-03-07 20:19:49,2026-04-06 20:19:49
INV_002203,ORD_002203,CUST_000624,MERCH_0016,25.95,EUR,PAID,2026-01-30 11:58:27,2026-03-01 11:58:27
INV_002205,ORD_002205,CUST_001514,MERCH_0091,2942.80,EUR,PAID,2026-01-24 17:00:46,2026-02-23 17:00:46
INV_002206,ORD_002206,CUST_004592,MERCH_0072,37.50,EUR,PAID,2026-03-28 11:30:22,2026-04-27 11:30:22
INV_002207,ORD_002207,CUST_001339,MERCH_0071,142.25,GBP,PAID,2026-03-15 14:38:53,2026-04-14 14:38:53
INV_002208,ORD_002208,CUST_004434,MERCH_0019,301.75,EUR,PAID,2026-02-12 02:10:10,2026-03-14 02:10:10
INV_002209,ORD_002209,CUST_002519,MERCH_0053,499.00,INR,PAID,2026-02-09 09:05:07,2026-03-11 09:05:07
INV_002210,ORD_002210,CUST_004864,MERCH_0002,46.80,USD,PAID,2026-03-24 03:11:17,2026-04-23 03:11:17
INV_002211,ORD_002211,CUST_003416,MERCH_0066,78.75,GBP,PAID,2026-03-31 12:34:20,2026-04-30 12:34:20
INV_002212,ORD_002212,CUST_004134,MERCH_0035,526.50,EUR,PAID,2026-01-27 15:22:16,2026-02-26 15:22:16
INV_002213,ORD_002213,CUST_001442,MERCH_0088,75.99,GBP,PAID,2026-03-02 02:16:48,2026-04-01 02:16:48
INV_002214,ORD_002214,CUST_003858,MERCH_0055,80.95,EUR,PAID,2026-02-08 16:11:22,2026-03-10 16:11:22
INV_002215,ORD_002215,CUST_002868,MERCH_0074,31.75,USD,PAID,2026-01-01 15:54:16,2026-01-31 15:54:16
INV_002216,ORD_002216,CUST_001850,MERCH_0051,479.50,CAD,PAID,2026-01-06 23:36:35,2026-02-05 23:36:35
INV_002217,ORD_002217,CUST_000083,MERCH_0031,345.80,USD,PAID,2026-03-01 16:41:06,2026-03-31 16:41:06
INV_002218,ORD_002218,CUST_003545,MERCH_0012,359.50,USD,PAID,2026-02-20 07:23:53,2026-03-22 07:23:53
INV_002219,ORD_002219,CUST_002807,MERCH_0017,106.75,GBP,PAID,2026-03-11 01:07:11,2026-04-10 01:07:11
INV_002220,ORD_002220,CUST_001115,MERCH_0025,48.75,GBP,PAID,2026-02-18 03:31:50,2026-03-20 03:31:50
INV_002221,ORD_002221,CUST_004257,MERCH_0099,1548.50,USD,PAID,2026-01-23 17:11:03,2026-02-22 17:11:03
INV_002222,ORD_002222,CUST_000836,MERCH_0027,3999.00,INR,PAID,2026-01-04 17:27:35,2026-02-03 17:27:35
INV_002223,ORD_002223,CUST_001701,MERCH_0084,92.75,USD,PAID,2026-01-25 16:33:00,2026-02-24 16:33:00
INV_002225,ORD_002225,CUST_003989,MERCH_0083,43.00,GBP,PAID,2026-03-28 19:39:08,2026-04-27 19:39:08
INV_002226,ORD_002226,CUST_003449,MERCH_0062,4999.00,INR,PAID,2026-02-25 18:36:52,2026-03-27 18:36:52
INV_002227,ORD_002227,CUST_002478,MERCH_0040,43.49,EUR,PAID,2026-03-12 23:24:41,2026-04-11 23:24:41
INV_002228,ORD_002228,CUST_002648,MERCH_0004,69.80,EUR,PAID,2026-01-21 07:59:02,2026-02-20 07:59:02
INV_002229,ORD_002229,CUST_001088,MERCH_0093,119.75,GBP,PAID,2026-02-21 09:21:19,2026-03-23 09:21:19
INV_002231,ORD_002231,CUST_000662,MERCH_0047,799.00,INR,PAID,2026-03-08 10:36:39,2026-04-07 10:36:39
INV_002232,ORD_002232,CUST_000302,MERCH_0082,53.80,GBP,PAID,2026-02-09 11:10:34,2026-03-11 11:10:34
INV_002233,ORD_002233,CUST_001166,MERCH_0032,172.99,USD,PAID,2026-02-24 15:40:42,2026-03-26 15:40:42
INV_002234,ORD_002234,CUST_003848,MERCH_0019,60.50,GBP,PAID,2026-02-07 07:13:20,2026-03-09 07:13:20
INV_002235,ORD_002235,CUST_004693,MERCH_0027,344.75,GBP,PAID,2026-03-08 00:18:32,2026-04-07 00:18:32
INV_002236,ORD_002236,CUST_002343,MERCH_0042,457.25,EUR,PAID,2026-02-10 14:18:23,2026-03-12 14:18:23
INV_002237,ORD_002237,CUST_000439,MERCH_0005,559.00,USD,PAID,2026-01-15 20:08:58,2026-02-14 20:08:58
INV_002238,ORD_002238,CUST_001375,MERCH_0096,38.80,EUR,PAID,2026-02-04 08:51:43,2026-03-06 08:51:43
INV_002239,ORD_002239,CUST_004623,MERCH_0035,481.49,EUR,PAID,2026-01-22 01:19:11,2026-02-21 01:19:11
INV_002241,ORD_002241,CUST_003665,MERCH_0039,607.75,GBP,PAID,2026-03-17 09:46:03,2026-04-16 09:46:03
INV_002242,ORD_002242,CUST_000478,MERCH_0056,588.00,EUR,PAID,2026-03-18 17:04:28,2026-04-17 17:04:28
INV_002243,ORD_002243,CUST_002340,MERCH_0002,509.75,EUR,PAID,2026-02-04 07:02:15,2026-03-06 07:02:15
INV_002244,ORD_002244,CUST_003609,MERCH_0070,414.00,GBP,PAID,2026-03-16 21:13:03,2026-04-15 21:13:03
INV_002247,ORD_002247,CUST_001756,MERCH_0080,56.25,USD,PAID,2026-02-19 04:41:22,2026-03-21 04:41:22
INV_002248,ORD_002248,CUST_004848,MERCH_0083,1499.00,INR,PAID,2026-03-22 18:04:24,2026-04-21 18:04:24
INV_002249,ORD_002249,CUST_001903,MERCH_0039,9999.00,INR,PAID,2026-02-05 02:41:45,2026-03-07 02:41:45
INV_002250,ORD_002250,CUST_000264,MERCH_0050,499.00,INR,PAID,2026-03-22 04:02:03,2026-04-21 04:02:03
INV_002251,ORD_002251,CUST_003438,MERCH_0040,387.25,USD,PAID,2026-03-02 16:11:36,2026-04-01 16:11:36
INV_002252,ORD_002252,CUST_003616,MERCH_0034,206.25,USD,PAID,2026-01-28 02:44:12,2026-02-27 02:44:12
INV_002253,ORD_002253,CUST_000949,MERCH_0023,1624.00,USD,PAID,2026-03-21 04:33:17,2026-04-20 04:33:17
INV_002254,ORD_002254,CUST_003349,MERCH_0071,126.49,CAD,PAID,2026-03-11 05:52:39,2026-04-10 05:52:39
INV_002255,ORD_002255,CUST_004270,MERCH_0041,999.00,INR,PAID,2026-02-28 18:57:33,2026-03-30 18:57:33
INV_002256,ORD_002256,CUST_000823,MERCH_0001,1999.00,INR,PAID,2026-03-21 10:49:25,2026-04-20 10:49:25
INV_002259,ORD_002259,CUST_003062,MERCH_0052,27.99,EUR,PAID,2026-01-04 19:21:36,2026-02-03 19:21:36
INV_002261,ORD_002261,CUST_001210,MERCH_0079,455.50,CAD,PAID,2026-02-28 07:32:57,2026-03-30 07:32:57
INV_002262,ORD_002262,CUST_004842,MERCH_0020,39.50,CAD,PAID,2026-01-22 15:57:40,2026-02-21 15:57:40
INV_002263,ORD_002263,CUST_002173,MERCH_0073,999.00,INR,PAID,2026-01-05 07:20:56,2026-02-04 07:20:56
INV_002264,ORD_002264,CUST_004278,MERCH_0047,72.25,EUR,PAID,2026-02-24 06:09:28,2026-03-26 06:09:28
INV_002265,ORD_002265,CUST_001486,MERCH_0009,316.50,GBP,PAID,2026-03-30 04:35:18,2026-04-29 04:35:18
INV_002266,ORD_002266,CUST_000765,MERCH_0063,130.49,EUR,PAID,2026-01-17 14:44:39,2026-02-16 14:44:39
INV_002267,ORD_002267,CUST_001080,MERCH_0086,15000.00,INR,PAID,2026-03-26 03:04:11,2026-04-25 03:04:11
INV_002268,ORD_002268,CUST_004162,MERCH_0075,34.50,EUR,PAID,2026-03-16 23:40:03,2026-04-15 23:40:03
INV_002269,ORD_002269,CUST_004137,MERCH_0072,477.49,EUR,PAID,2026-03-10 09:31:49,2026-04-09 09:31:49
INV_002270,ORD_002270,CUST_002944,MERCH_0037,33.50,EUR,PAID,2026-01-04 07:43:57,2026-02-03 07:43:57
INV_002271,ORD_002271,CUST_001004,MERCH_0067,4999.00,INR,PAID,2026-02-09 15:30:51,2026-03-11 15:30:51
INV_002272,ORD_002272,CUST_004093,MERCH_0089,45.95,EUR,PAID,2026-03-30 09:00:55,2026-04-29 09:00:55
INV_002273,ORD_002273,CUST_002887,MERCH_0073,421.00,EUR,PAID,2026-01-04 04:54:31,2026-02-03 04:54:31
INV_002274,ORD_002274,CUST_002790,MERCH_0034,640.75,GBP,PAID,2026-02-08 23:49:49,2026-03-10 23:49:49
INV_002275,ORD_002275,CUST_002499,MERCH_0011,1499.00,INR,PAID,2026-01-15 04:56:21,2026-02-14 04:56:21
INV_002276,ORD_002276,CUST_001561,MERCH_0041,480.95,GBP,PAID,2026-03-07 19:29:32,2026-04-06 19:29:32
INV_002277,ORD_002277,CUST_003201,MERCH_0013,66.80,USD,PAID,2026-03-25 11:37:37,2026-04-24 11:37:37
INV_002278,ORD_002278,CUST_000118,MERCH_0075,799.00,INR,PAID,2026-01-14 09:03:30,2026-02-13 09:03:30
INV_002279,ORD_002279,CUST_003197,MERCH_0098,275.25,EUR,PAID,2026-02-07 20:56:00,2026-03-09 20:56:00
INV_002280,ORD_002280,CUST_004871,MERCH_0071,128.25,GBP,PAID,2026-03-31 09:24:19,2026-04-30 09:24:19
INV_002281,ORD_002281,CUST_004023,MERCH_0096,299.00,INR,PAID,2026-03-22 02:07:49,2026-04-21 02:07:49
INV_002282,ORD_002282,CUST_001209,MERCH_0012,40.95,EUR,PAID,2026-02-01 14:45:19,2026-03-03 14:45:19
INV_002283,ORD_002283,CUST_004281,MERCH_0096,145.95,EUR,PAID,2026-03-23 15:40:57,2026-04-22 15:40:57
INV_002284,ORD_002284,CUST_001231,MERCH_0044,1583.99,GBP,PAID,2026-01-02 02:57:05,2026-02-01 02:57:05
INV_002285,ORD_002285,CUST_002230,MERCH_0066,44.00,GBP,PAID,2026-02-06 08:47:49,2026-03-08 08:47:49
INV_002286,ORD_002286,CUST_001013,MERCH_0093,3021.49,EUR,PAID,2026-01-01 23:05:45,2026-01-31 23:05:45
INV_002287,ORD_002287,CUST_000616,MERCH_0090,352.80,USD,PAID,2026-01-28 13:55:52,2026-02-27 13:55:52
INV_002288,ORD_002288,CUST_004457,MERCH_0076,179.00,USD,PAID,2026-01-15 23:37:33,2026-02-14 23:37:33
INV_002289,ORD_002289,CUST_004636,MERCH_0063,4999.00,INR,PAID,2026-03-26 07:58:48,2026-04-25 07:58:48
INV_002290,ORD_002290,CUST_001333,MERCH_0040,526.80,EUR,PAID,2026-02-09 23:20:26,2026-03-11 23:20:26
INV_002291,ORD_002291,CUST_002313,MERCH_0058,388.50,EUR,OVERPAID,2026-03-17 16:16:52,2026-04-16 16:16:52
INV_002292,ORD_002292,CUST_002547,MERCH_0041,288.50,GBP,PAID,2026-01-30 00:11:46,2026-03-01 00:11:46
INV_002293,ORD_002293,CUST_000207,MERCH_0071,61.75,USD,PAID,2026-02-02 10:53:45,2026-03-04 10:53:45
INV_002294,ORD_002294,CUST_002147,MERCH_0001,468.80,EUR,PAID,2026-02-13 04:22:30,2026-03-15 04:22:30
INV_002295,ORD_002295,CUST_002630,MERCH_0039,31.80,CAD,PAID,2026-03-10 22:08:30,2026-04-09 22:08:30
INV_002296,ORD_002296,CUST_003196,MERCH_0092,32.75,EUR,PAID,2026-02-24 06:03:53,2026-03-26 06:03:53
INV_002297,ORD_002297,CUST_000674,MERCH_0092,299.00,INR,PAID,2026-01-26 05:43:39,2026-02-25 05:43:39
INV_002298,ORD_002298,CUST_002913,MERCH_0037,2094.25,USD,PAID,2026-01-15 03:06:06,2026-02-14 03:06:06
INV_002299,ORD_002299,CUST_004876,MERCH_0009,30.80,EUR,PAID,2026-03-19 13:07:27,2026-04-18 13:07:27
INV_002300,ORD_002300,CUST_004757,MERCH_0036,559.25,GBP,PAID,2026-02-14 02:33:41,2026-03-16 02:33:41
INV_002301,ORD_002301,CUST_002413,MERCH_0029,60.80,EUR,PAID,2026-01-30 13:56:39,2026-03-01 13:56:39
INV_002303,ORD_002303,CUST_004219,MERCH_0029,127.95,EUR,PAID,2026-01-13 16:56:40,2026-02-12 16:56:40
INV_002304,ORD_002304,CUST_001877,MERCH_0024,20.99,EUR,PAID,2026-03-26 21:21:45,2026-04-25 21:21:45
INV_002305,ORD_002305,CUST_004304,MERCH_0094,75.80,EUR,PAID,2026-01-22 11:47:36,2026-02-21 11:47:36
INV_002306,ORD_002306,CUST_001812,MERCH_0003,2097.25,EUR,PAID,2026-02-09 10:15:02,2026-03-11 10:15:02
INV_002307,ORD_002307,CUST_004503,MERCH_0021,1392.49,EUR,PAID,2026-03-25 01:40:07,2026-04-24 01:40:07
INV_002308,ORD_002308,CUST_003403,MERCH_0065,348.50,GBP,PAID,2026-03-26 07:32:21,2026-04-25 07:32:21
INV_002309,ORD_002309,CUST_001688,MERCH_0077,449.95,USD,PAID,2026-01-20 11:39:04,2026-02-19 11:39:04
INV_002310,ORD_002310,CUST_000266,MERCH_0051,999.00,INR,PAID,2026-03-28 11:37:42,2026-04-27 11:37:42
INV_002311,ORD_002311,CUST_004269,MERCH_0044,499.00,INR,PAID,2026-03-21 01:51:05,2026-04-20 01:51:05
INV_002312,ORD_002312,CUST_000239,MERCH_0016,171.75,EUR,PAID,2026-03-27 01:09:48,2026-04-26 01:09:48
INV_002313,ORD_002313,CUST_002068,MERCH_0049,67.49,CAD,PAID,2026-03-03 02:03:49,2026-04-02 02:03:49
INV_002314,ORD_002314,CUST_002114,MERCH_0074,283.75,USD,PAID,2026-01-17 12:39:05,2026-02-16 12:39:05
INV_002315,ORD_002315,CUST_002757,MERCH_0051,553.50,EUR,PAID,2026-02-26 06:00:40,2026-03-28 06:00:40
INV_002316,ORD_002316,CUST_001718,MERCH_0073,54.25,GBP,PAID,2026-02-05 08:18:41,2026-03-07 08:18:41
INV_002317,ORD_002317,CUST_004550,MERCH_0029,77.95,GBP,PAID,2026-01-03 14:30:41,2026-02-02 14:30:41
INV_002318,ORD_002318,CUST_000942,MERCH_0052,25.00,USD,PAID,2026-02-05 13:51:44,2026-03-07 13:51:44
INV_002319,ORD_002319,CUST_000002,MERCH_0068,503.50,USD,PAID,2026-01-31 04:40:01,2026-03-02 04:40:01
INV_002320,ORD_002320,CUST_004946,MERCH_0075,2799.00,USD,PAID,2026-01-02 13:33:51,2026-02-01 13:33:51
INV_002321,ORD_002321,CUST_004962,MERCH_0091,76.49,USD,PAID,2026-01-03 02:35:13,2026-02-02 02:35:13
INV_002322,ORD_002322,CUST_004689,MERCH_0059,38.75,USD,PAID,2026-02-07 06:50:17,2026-03-09 06:50:17
INV_002323,ORD_002323,CUST_001587,MERCH_0024,37.25,GBP,PAID,2026-02-14 18:54:43,2026-03-16 18:54:43
INV_002324,ORD_002324,CUST_002975,MERCH_0035,453.49,EUR,PAID,2026-03-02 12:57:10,2026-04-01 12:57:10
INV_002325,ORD_002325,CUST_004006,MERCH_0099,57.49,USD,PAID,2026-02-15 15:10:03,2026-03-17 15:10:03
INV_002326,ORD_002326,CUST_001685,MERCH_0064,69.25,GBP,PAID,2026-03-03 00:44:19,2026-04-02 00:44:19
INV_002327,ORD_002327,CUST_000515,MERCH_0097,566.99,CAD,PAID,2026-01-04 16:57:02,2026-02-03 16:57:02
INV_002328,ORD_002328,CUST_002244,MERCH_0053,40.00,EUR,PAID,2026-01-27 16:08:18,2026-02-26 16:08:18
INV_002329,ORD_002329,CUST_002743,MERCH_0095,48.25,USD,PAID,2026-02-20 14:53:33,2026-03-22 14:53:33
INV_002330,ORD_002330,CUST_002897,MERCH_0045,71.75,GBP,PAID,2026-03-24 00:54:26,2026-04-23 00:54:26
INV_002331,ORD_002331,CUST_002987,MERCH_0004,15.80,USD,PAID,2026-01-24 17:30:25,2026-02-23 17:30:25
INV_002332,ORD_002332,CUST_001860,MERCH_0041,18.95,EUR,PAID,2026-03-04 14:40:45,2026-04-03 14:40:45
INV_002333,ORD_002333,CUST_000267,MERCH_0071,42.00,EUR,PAID,2026-03-17 08:01:34,2026-04-16 08:01:34
INV_002334,ORD_002334,CUST_004974,MERCH_0024,9999.00,INR,PAID,2026-01-13 01:14:14,2026-02-12 01:14:14
INV_002335,ORD_002335,CUST_000240,MERCH_0100,999.00,INR,PAID,2026-02-16 09:14:28,2026-03-18 09:14:28
INV_002336,ORD_002336,CUST_003165,MERCH_0093,402.95,GBP,PAID,2026-01-22 12:50:48,2026-02-21 12:50:48
INV_002337,ORD_002337,CUST_003703,MERCH_0069,52.25,USD,PAID,2026-03-03 15:15:38,2026-04-02 15:15:38
INV_002338,ORD_002338,CUST_003538,MERCH_0051,32.75,USD,PAID,2026-03-14 17:00:49,2026-04-13 17:00:49
INV_002339,ORD_002339,CUST_002750,MERCH_0015,371.00,EUR,PAID,2026-02-28 00:39:02,2026-03-30 00:39:02
INV_002340,ORD_002340,CUST_000368,MERCH_0056,416.49,GBP,OVERPAID,2026-02-17 04:49:43,2026-03-19 04:49:43
INV_002341,ORD_002341,CUST_004635,MERCH_0061,322.75,EUR,PAID,2026-03-03 20:52:18,2026-04-02 20:52:18
INV_002342,ORD_002342,CUST_002634,MERCH_0028,75.99,GBP,PAID,2026-02-13 17:19:18,2026-03-15 17:19:18
INV_002343,ORD_002343,CUST_001503,MERCH_0086,110.50,USD,PAID,2026-02-10 02:37:23,2026-03-12 02:37:23
INV_002345,ORD_002345,CUST_003270,MERCH_0093,211.75,EUR,PAID,2026-03-31 20:50:31,2026-04-30 20:50:31
INV_002346,ORD_002346,CUST_000840,MERCH_0087,593.75,CAD,PAID,2026-03-10 06:45:41,2026-04-09 06:45:41
INV_002347,ORD_002347,CUST_000542,MERCH_0075,453.25,USD,PAID,2026-03-15 23:19:14,2026-04-14 23:19:14
INV_002348,ORD_002348,CUST_000294,MERCH_0064,389.75,CAD,PAID,2026-02-14 11:45:12,2026-03-16 11:45:12
INV_002349,ORD_002349,CUST_001868,MERCH_0002,524.99,CAD,PAID,2026-01-25 23:47:26,2026-02-24 23:47:26
INV_002350,ORD_002350,CUST_001060,MERCH_0080,274.00,GBP,PAID,2026-02-16 19:38:15,2026-03-18 19:38:15
INV_002351,ORD_002351,CUST_002013,MERCH_0033,612.25,USD,PAID,2026-03-14 01:57:37,2026-04-13 01:57:37
INV_002352,ORD_002352,CUST_004513,MERCH_0006,9999.00,INR,PAID,2026-02-24 21:22:51,2026-03-26 21:22:51
INV_002353,ORD_002353,CUST_003046,MERCH_0081,21.99,USD,PAID,2026-02-12 14:25:12,2026-03-14 14:25:12
INV_002354,ORD_002354,CUST_001068,MERCH_0005,43.25,EUR,PAID,2026-03-01 05:48:58,2026-03-31 05:48:58
INV_002355,ORD_002355,CUST_002889,MERCH_0052,30.75,USD,PAID,2026-01-27 00:25:56,2026-02-26 00:25:56
INV_002356,ORD_002356,CUST_000211,MERCH_0021,56.99,EUR,PAID,2026-01-12 17:38:11,2026-02-11 17:38:11
INV_002357,ORD_002357,CUST_000320,MERCH_0090,137.50,EUR,PAID,2026-03-15 21:46:57,2026-04-14 21:46:57
INV_002358,ORD_002358,CUST_002840,MERCH_0008,303.95,CAD,PAID,2026-01-30 04:21:35,2026-03-01 04:21:35
INV_002359,ORD_002359,CUST_004305,MERCH_0076,418.95,EUR,PAID,2026-03-14 23:15:34,2026-04-13 23:15:34
INV_002360,ORD_002360,CUST_000694,MERCH_0048,39.80,GBP,PAID,2026-02-22 07:51:02,2026-03-24 07:51:02
INV_002361,ORD_002361,CUST_004808,MERCH_0017,61.99,EUR,PAID,2026-02-04 18:31:36,2026-03-06 18:31:36
INV_002362,ORD_002362,CUST_002773,MERCH_0044,80.75,USD,PAID,2026-02-27 18:11:27,2026-03-29 18:11:27
INV_002363,ORD_002363,CUST_004111,MERCH_0034,427.49,EUR,PAID,2026-02-14 07:44:28,2026-03-16 07:44:28
INV_002364,ORD_002364,CUST_000944,MERCH_0075,220.00,USD,PAID,2026-03-28 05:19:32,2026-04-27 05:19:32
INV_002365,ORD_002365,CUST_002724,MERCH_0031,450.25,USD,PAID,2026-01-03 21:26:37,2026-02-02 21:26:37
INV_002366,ORD_002366,CUST_004165,MERCH_0043,218.00,USD,PAID,2026-02-19 21:58:10,2026-03-21 21:58:10
INV_002367,ORD_002367,CUST_003703,MERCH_0099,38.80,EUR,PAID,2026-03-03 05:59:48,2026-04-02 05:59:48
INV_002368,ORD_002368,CUST_003665,MERCH_0066,562.75,USD,PAID,2026-01-15 17:38:41,2026-02-14 17:38:41
INV_002369,ORD_002369,CUST_002335,MERCH_0091,372.99,USD,PAID,2026-03-27 03:59:14,2026-04-26 03:59:14
INV_002370,ORD_002370,CUST_000865,MERCH_0034,58.50,GBP,PAID,2026-02-12 16:18:54,2026-03-14 16:18:54
INV_002371,ORD_002371,CUST_002983,MERCH_0043,299.00,INR,PAID,2026-02-27 04:51:59,2026-03-29 04:51:59
INV_002372,ORD_002372,CUST_000171,MERCH_0080,237.49,USD,PAID,2026-02-06 18:59:15,2026-03-08 18:59:15
INV_002373,ORD_002373,CUST_000515,MERCH_0026,287.49,EUR,PAID,2026-01-28 19:19:00,2026-02-27 19:19:00
INV_002374,ORD_002374,CUST_002987,MERCH_0037,442.75,GBP,PAID,2026-02-02 23:06:43,2026-03-04 23:06:43
INV_002375,ORD_002375,CUST_003474,MERCH_0016,999.00,INR,PAID,2026-02-24 11:53:06,2026-03-26 11:53:06
INV_002376,ORD_002376,CUST_002918,MERCH_0072,3028.95,USD,PAID,2026-03-15 23:37:49,2026-04-14 23:37:49
INV_002377,ORD_002377,CUST_001646,MERCH_0038,57.49,EUR,PAID,2026-01-09 00:33:59,2026-02-08 00:33:59
INV_002378,ORD_002378,CUST_004744,MERCH_0081,64.75,USD,PAID,2026-02-14 15:30:05,2026-03-16 15:30:05
INV_002379,ORD_002379,CUST_003443,MERCH_0088,106.99,CAD,PAID,2026-01-04 19:52:42,2026-02-03 19:52:42
INV_002380,ORD_002380,CUST_000642,MERCH_0077,258.99,EUR,PAID,2026-01-10 08:04:13,2026-02-09 08:04:13
INV_002382,ORD_002382,CUST_001935,MERCH_0001,145.80,GBP,PAID,2026-02-23 01:25:53,2026-03-25 01:25:53
INV_002383,ORD_002383,CUST_000814,MERCH_0067,335.80,GBP,PAID,2026-03-15 09:31:46,2026-04-14 09:31:46
INV_002384,ORD_002384,CUST_004199,MERCH_0039,66.50,USD,PAID,2026-03-10 05:14:32,2026-04-09 05:14:32
INV_002385,ORD_002385,CUST_000246,MERCH_0036,251.75,USD,PAID,2026-01-26 07:47:05,2026-02-25 07:47:05
INV_002386,ORD_002386,CUST_002681,MERCH_0077,390.80,USD,PAID,2026-02-20 14:57:14,2026-03-22 14:57:14
INV_002387,ORD_002387,CUST_003653,MERCH_0068,1704.95,USD,PAID,2026-03-06 17:42:10,2026-04-05 17:42:10
INV_002388,ORD_002388,CUST_002680,MERCH_0012,33.25,GBP,PAID,2026-02-02 08:52:39,2026-03-04 08:52:39
INV_002389,ORD_002389,CUST_000092,MERCH_0075,64.25,GBP,PAID,2026-03-24 12:52:52,2026-04-23 12:52:52
INV_002390,ORD_002390,CUST_004724,MERCH_0018,220.75,EUR,PAID,2026-03-18 04:32:56,2026-04-17 04:32:56
INV_002391,ORD_002391,CUST_001856,MERCH_0007,357.75,CAD,PAID,2026-02-15 17:21:39,2026-03-17 17:21:39
INV_002392,ORD_002392,CUST_002465,MERCH_0063,331.99,CAD,PAID,2026-03-10 22:42:58,2026-04-09 22:42:58
INV_002393,ORD_002393,CUST_002667,MERCH_0088,461.25,USD,PAID,2026-03-07 21:44:49,2026-04-06 21:44:49
INV_002394,ORD_002394,CUST_000018,MERCH_0087,31.99,EUR,PAID,2026-01-06 13:20:22,2026-02-05 13:20:22
INV_002395,ORD_002395,CUST_002093,MERCH_0082,2499.00,INR,PAID,2026-02-28 17:42:22,2026-03-30 17:42:22
INV_002396,ORD_002396,CUST_002092,MERCH_0014,1688.75,EUR,PAID,2026-02-12 12:05:33,2026-03-14 12:05:33
INV_002397,ORD_002397,CUST_004179,MERCH_0088,183.95,USD,PAID,2026-02-12 04:46:14,2026-03-14 04:46:14
INV_002398,ORD_002398,CUST_004706,MERCH_0081,103.99,USD,PAID,2026-01-10 07:32:45,2026-02-09 07:32:45
INV_002399,ORD_002399,CUST_002594,MERCH_0029,26.99,GBP,PAID,2026-03-27 16:09:27,2026-04-26 16:09:27
INV_002400,ORD_002400,CUST_004014,MERCH_0024,212.00,USD,PAID,2026-03-07 12:41:01,2026-04-06 12:41:01
INV_002401,ORD_002401,CUST_004141,MERCH_0006,61.80,USD,OVERPAID,2026-03-02 02:14:29,2026-04-01 02:14:29
INV_002402,ORD_002402,CUST_002421,MERCH_0059,102.99,GBP,PAID,2026-02-26 15:23:50,2026-03-28 15:23:50
INV_002403,ORD_002403,CUST_003517,MERCH_0045,79.95,EUR,PAID,2026-01-10 14:40:23,2026-02-09 14:40:23
INV_002404,ORD_002404,CUST_003001,MERCH_0094,2499.00,INR,PAID,2026-01-13 07:41:55,2026-02-12 07:41:55
INV_002405,ORD_002405,CUST_004504,MERCH_0052,40.95,USD,PAID,2026-02-27 08:48:46,2026-03-29 08:48:46
INV_002406,ORD_002406,CUST_002322,MERCH_0006,335.50,USD,PAID,2026-01-25 04:39:24,2026-02-24 04:39:24
INV_002407,ORD_002407,CUST_003262,MERCH_0045,66.50,USD,PAID,2026-03-25 09:51:37,2026-04-24 09:51:37
INV_002408,ORD_002408,CUST_001193,MERCH_0054,34.99,USD,PAID,2026-01-25 15:14:58,2026-02-24 15:14:58
INV_002409,ORD_002409,CUST_003876,MERCH_0081,402.50,USD,PAID,2026-03-14 21:27:39,2026-04-13 21:27:39
INV_002410,ORD_002410,CUST_003492,MERCH_0006,158.99,USD,PAID,2026-02-26 13:07:40,2026-03-28 13:07:40
INV_002411,ORD_002411,CUST_003717,MERCH_0050,327.75,EUR,PAID,2026-03-26 17:08:58,2026-04-25 17:08:58
INV_002412,ORD_002412,CUST_003036,MERCH_0003,408.95,CAD,PAID,2026-01-27 18:18:18,2026-02-26 18:18:18
INV_002413,ORD_002413,CUST_004766,MERCH_0057,2813.50,CAD,PAID,2026-01-30 03:28:38,2026-03-01 03:28:38
INV_002414,ORD_002414,CUST_002172,MERCH_0088,419.99,CAD,PAID,2026-02-10 08:26:48,2026-03-12 08:26:48
INV_002415,ORD_002415,CUST_000564,MERCH_0039,54.49,GBP,PAID,2026-03-25 10:27:35,2026-04-24 10:27:35
INV_002416,ORD_002416,CUST_002331,MERCH_0025,68.75,EUR,PAID,2026-02-08 07:01:47,2026-03-10 07:01:47
INV_002417,ORD_002417,CUST_003018,MERCH_0091,135.75,USD,PAID,2026-03-10 06:12:29,2026-04-09 06:12:29
INV_002418,ORD_002418,CUST_002159,MERCH_0052,33.80,USD,PAID,2026-01-23 22:40:55,2026-02-22 22:40:55
INV_002419,ORD_002419,CUST_000912,MERCH_0008,254.99,GBP,PAID,2026-03-21 19:24:37,2026-04-20 19:24:37
INV_002420,ORD_002420,CUST_003679,MERCH_0012,28.99,GBP,PAID,2026-03-04 15:21:14,2026-04-03 15:21:14
INV_002421,ORD_002421,CUST_002905,MERCH_0005,1620.80,EUR,PAID,2026-02-28 23:14:10,2026-03-30 23:14:10
INV_002422,ORD_002422,CUST_002844,MERCH_0008,642.49,EUR,PAID,2026-03-12 07:58:19,2026-04-11 07:58:19
INV_002423,ORD_002423,CUST_002356,MERCH_0049,344.00,EUR,PAID,2026-03-04 19:15:26,2026-04-03 19:15:26
INV_002424,ORD_002424,CUST_001223,MERCH_0046,2160.75,USD,PAID,2026-03-14 04:20:36,2026-04-13 04:20:36
INV_002425,ORD_002425,CUST_004724,MERCH_0001,2571.50,EUR,PAID,2026-01-26 15:18:48,2026-02-25 15:18:48
INV_002426,ORD_002426,CUST_000907,MERCH_0058,2499.00,INR,PAID,2026-02-26 16:52:01,2026-03-28 16:52:01
INV_002427,ORD_002427,CUST_003573,MERCH_0072,43.49,USD,PAID,2026-02-20 01:19:16,2026-03-22 01:19:16
INV_002428,ORD_002428,CUST_004684,MERCH_0036,131.49,GBP,PAID,2026-01-01 15:07:40,2026-01-31 15:07:40
INV_002429,ORD_002429,CUST_001377,MERCH_0086,3388.99,USD,PAID,2026-02-21 12:04:18,2026-03-23 12:04:18
INV_002430,ORD_002430,CUST_000408,MERCH_0064,799.00,INR,PAID,2026-01-09 12:42:41,2026-02-08 12:42:41
INV_002431,ORD_002431,CUST_002752,MERCH_0073,18.25,GBP,PAID,2026-02-11 17:58:18,2026-03-13 17:58:18
INV_002432,ORD_002432,CUST_004612,MERCH_0090,60.50,EUR,PAID,2026-03-08 21:09:19,2026-04-07 21:09:19
INV_002433,ORD_002433,CUST_004661,MERCH_0031,1499.00,INR,PAID,2026-03-14 00:15:36,2026-04-13 00:15:36
INV_002434,ORD_002434,CUST_000868,MERCH_0046,2801.95,USD,PAID,2026-02-11 12:12:37,2026-03-13 12:12:37
INV_002435,ORD_002435,CUST_001071,MERCH_0071,349.80,EUR,PAID,2026-03-13 06:23:26,2026-04-12 06:23:26
INV_002436,ORD_002436,CUST_002729,MERCH_0048,45.95,GBP,PAID,2026-03-05 20:51:27,2026-04-04 20:51:27
INV_002437,ORD_002437,CUST_002873,MERCH_0023,144.49,USD,PAID,2026-01-15 08:26:53,2026-02-14 08:26:53
INV_002438,ORD_002438,CUST_000917,MERCH_0063,3007.25,USD,PAID,2026-02-26 08:58:40,2026-03-28 08:58:40
INV_002439,ORD_002439,CUST_004548,MERCH_0098,65.75,GBP,PAID,2026-02-16 18:30:47,2026-03-18 18:30:47
INV_002441,ORD_002441,CUST_003933,MERCH_0033,35.49,EUR,PAID,2026-02-19 06:07:35,2026-03-21 06:07:35
INV_002442,ORD_002442,CUST_003018,MERCH_0096,250.75,USD,PAID,2026-01-13 04:34:39,2026-02-12 04:34:39
INV_002443,ORD_002443,CUST_003770,MERCH_0083,684.99,GBP,PAID,2026-02-19 21:38:41,2026-03-21 21:38:41
INV_002444,ORD_002444,CUST_000455,MERCH_0098,587.80,USD,PAID,2026-02-01 00:22:09,2026-03-03 00:22:09
INV_002445,ORD_002445,CUST_001670,MERCH_0039,55.95,EUR,PAID,2026-01-08 12:21:53,2026-02-07 12:21:53
INV_002446,ORD_002446,CUST_002707,MERCH_0089,1227.00,EUR,PAID,2026-02-18 09:04:32,2026-03-20 09:04:32
INV_002447,ORD_002447,CUST_004846,MERCH_0049,508.80,EUR,PAID,2026-03-10 10:38:52,2026-04-09 10:38:52
INV_002448,ORD_002448,CUST_004390,MERCH_0053,630.00,USD,PAID,2026-02-06 23:22:45,2026-03-08 23:22:45
INV_002449,ORD_002449,CUST_004745,MERCH_0100,499.00,INR,PAID,2026-03-04 17:53:09,2026-04-03 17:53:09
INV_002450,ORD_002450,CUST_001581,MERCH_0034,499.00,INR,PAID,2026-02-04 04:35:51,2026-03-06 04:35:51
INV_002451,ORD_002451,CUST_000931,MERCH_0079,56.75,EUR,PAID,2026-01-22 02:19:14,2026-02-21 02:19:14
INV_002452,ORD_002452,CUST_004092,MERCH_0042,486.95,CAD,PAID,2026-01-04 22:48:35,2026-02-03 22:48:35
INV_002453,ORD_002453,CUST_001535,MERCH_0050,35.99,USD,PAID,2026-01-30 15:10:59,2026-03-01 15:10:59
INV_002454,ORD_002454,CUST_003190,MERCH_0033,372.50,GBP,PAID,2026-03-02 19:03:24,2026-04-01 19:03:24
INV_002455,ORD_002455,CUST_002418,MERCH_0086,2499.00,INR,OVERPAID,2026-01-23 12:50:51,2026-02-22 12:50:51
INV_002456,ORD_002456,CUST_000415,MERCH_0093,2803.75,USD,PAID,2026-02-10 19:48:41,2026-03-12 19:48:41
INV_002457,ORD_002457,CUST_002764,MERCH_0025,168.95,USD,PAID,2026-01-14 06:43:17,2026-02-13 06:43:17
INV_002458,ORD_002458,CUST_003995,MERCH_0014,20.49,EUR,PAID,2026-02-03 03:03:22,2026-03-05 03:03:22
INV_002459,ORD_002459,CUST_000999,MERCH_0035,449.75,CAD,PAID,2026-01-19 21:51:53,2026-02-18 21:51:53
INV_002460,ORD_002460,CUST_000552,MERCH_0077,530.99,GBP,PAID,2026-02-02 05:17:04,2026-03-04 05:17:04
INV_002461,ORD_002461,CUST_000488,MERCH_0073,392.50,USD,PAID,2026-03-10 15:54:56,2026-04-09 15:54:56
INV_002462,ORD_002462,CUST_000841,MERCH_0088,357.50,USD,PAID,2026-03-05 11:21:53,2026-04-04 11:21:53
INV_002463,ORD_002463,CUST_000689,MERCH_0097,487.99,CAD,PAID,2026-01-22 07:32:47,2026-02-21 07:32:47
INV_002464,ORD_002464,CUST_003377,MERCH_0022,1315.00,EUR,PAID,2026-02-01 12:11:36,2026-03-03 12:11:36
INV_002465,ORD_002465,CUST_001247,MERCH_0006,527.95,EUR,PAID,2026-01-06 07:42:57,2026-02-05 07:42:57
INV_002466,ORD_002466,CUST_002436,MERCH_0047,208.50,USD,PAID,2026-02-23 02:16:02,2026-03-25 02:16:02
INV_002467,ORD_002467,CUST_003411,MERCH_0014,1999.00,INR,PAID,2026-01-31 14:29:41,2026-03-02 14:29:41
INV_002468,ORD_002468,CUST_001563,MERCH_0013,1542.99,CAD,PAID,2026-01-07 07:10:22,2026-02-06 07:10:22
INV_002469,ORD_002469,CUST_001500,MERCH_0038,799.00,INR,PAID,2026-02-23 00:46:04,2026-03-25 00:46:04
INV_002470,ORD_002470,CUST_003905,MERCH_0051,1298.75,USD,PAID,2026-03-23 06:17:02,2026-04-22 06:17:02
INV_002471,ORD_002471,CUST_003473,MERCH_0069,111.80,USD,PAID,2026-02-13 02:43:51,2026-03-15 02:43:51
INV_002473,ORD_002473,CUST_001099,MERCH_0063,263.80,USD,PAID,2026-01-08 14:28:10,2026-02-07 14:28:10
INV_002474,ORD_002474,CUST_000294,MERCH_0028,78.49,EUR,PAID,2026-03-27 23:55:12,2026-04-26 23:55:12
INV_002475,ORD_002475,CUST_001498,MERCH_0036,2440.95,EUR,PAID,2026-02-12 06:18:24,2026-03-14 06:18:24
INV_002476,ORD_002476,CUST_001458,MERCH_0076,407.75,GBP,PAID,2026-02-17 10:47:17,2026-03-19 10:47:17
INV_002477,ORD_002477,CUST_004724,MERCH_0066,3217.75,EUR,PAID,2026-01-19 19:31:11,2026-02-18 19:31:11
INV_002478,ORD_002478,CUST_000175,MERCH_0067,44.95,USD,PAID,2026-02-16 17:29:47,2026-03-18 17:29:47
INV_002479,ORD_002479,CUST_004933,MERCH_0079,25.75,USD,PAID,2026-02-05 23:08:28,2026-03-07 23:08:28
INV_002480,ORD_002480,CUST_001567,MERCH_0011,3999.00,INR,OVERPAID,2026-02-01 06:36:16,2026-03-03 06:36:16
INV_002481,ORD_002481,CUST_003072,MERCH_0062,490.95,GBP,PAID,2026-01-01 21:22:01,2026-01-31 21:22:01
INV_002482,ORD_002482,CUST_003397,MERCH_0091,92.75,USD,PAID,2026-01-13 11:25:37,2026-02-12 11:25:37
INV_002483,ORD_002483,CUST_002290,MERCH_0071,247.95,EUR,PAID,2026-03-14 03:16:15,2026-04-13 03:16:15
INV_002484,ORD_002484,CUST_000284,MERCH_0091,27.49,USD,PAID,2026-03-14 09:37:28,2026-04-13 09:37:28
INV_002485,ORD_002485,CUST_000213,MERCH_0013,28.80,GBP,PAID,2026-02-28 05:58:45,2026-03-30 05:58:45
INV_002486,ORD_002486,CUST_002913,MERCH_0097,2023.00,EUR,PAID,2026-03-13 14:33:27,2026-04-12 14:33:27
INV_002487,ORD_002487,CUST_004069,MERCH_0031,32.50,EUR,PAID,2026-03-28 00:18:45,2026-04-27 00:18:45
INV_002488,ORD_002488,CUST_001628,MERCH_0006,999.00,INR,PAID,2026-03-28 01:48:00,2026-04-27 01:48:00
INV_002489,ORD_002489,CUST_000518,MERCH_0057,54.75,CAD,PAID,2026-03-28 09:56:38,2026-04-27 09:56:38
INV_002490,ORD_002490,CUST_001321,MERCH_0010,78.25,USD,PAID,2026-02-13 03:51:14,2026-03-15 03:51:14
INV_002492,ORD_002492,CUST_000220,MERCH_0004,100.49,GBP,PAID,2026-01-24 02:28:05,2026-02-23 02:28:05
INV_002493,ORD_002493,CUST_001057,MERCH_0006,47.50,CAD,PAID,2026-01-07 21:09:15,2026-02-06 21:09:15
INV_002494,ORD_002494,CUST_000514,MERCH_0055,277.80,GBP,OVERPAID,2026-02-11 12:32:02,2026-03-13 12:32:02
INV_002495,ORD_002495,CUST_001052,MERCH_0086,15000.00,INR,PAID,2026-01-03 07:13:04,2026-02-02 07:13:04
INV_002496,ORD_002496,CUST_002503,MERCH_0040,148.00,EUR,PAID,2026-01-13 21:18:40,2026-02-12 21:18:40
INV_002497,ORD_002497,CUST_000538,MERCH_0001,30.95,GBP,PAID,2026-01-02 11:29:53,2026-02-01 11:29:53
INV_002498,ORD_002498,CUST_000388,MERCH_0018,211.50,EUR,PAID,2026-03-12 07:09:23,2026-04-11 07:09:23
INV_002499,ORD_002499,CUST_000698,MERCH_0017,648.49,EUR,OVERPAID,2026-02-17 18:54:07,2026-03-19 18:54:07
INV_002500,ORD_002500,CUST_003588,MERCH_0095,76.49,EUR,PAID,2026-03-31 09:54:11,2026-04-30 09:54:11
INV_002501,ORD_002501,CUST_004400,MERCH_0078,245.75,GBP,PAID,2026-01-09 11:25:29,2026-02-08 11:25:29
INV_002502,ORD_002502,CUST_000958,MERCH_0047,1999.00,INR,PAID,2026-02-27 07:01:34,2026-03-29 07:01:34
INV_002503,ORD_002503,CUST_000930,MERCH_0036,493.00,GBP,PAID,2026-02-22 14:30:52,2026-03-24 14:30:52
INV_002504,ORD_002504,CUST_003969,MERCH_0045,189.99,USD,PAID,2026-03-20 10:48:16,2026-04-19 10:48:16
INV_002505,ORD_002505,CUST_001149,MERCH_0051,276.95,EUR,PAID,2026-01-04 12:29:17,2026-02-03 12:29:17
INV_002506,ORD_002506,CUST_004617,MERCH_0087,2499.00,INR,PAID,2026-02-01 00:09:58,2026-03-03 00:09:58
INV_002507,ORD_002507,CUST_003836,MERCH_0007,50.99,USD,PAID,2026-03-03 23:15:42,2026-04-02 23:15:42
INV_002508,ORD_002508,CUST_002853,MERCH_0084,354.75,USD,PAID,2026-03-12 02:28:52,2026-04-11 02:28:52
INV_002509,ORD_002509,CUST_004862,MERCH_0091,596.80,GBP,PAID,2026-03-08 02:06:41,2026-04-07 02:06:41
INV_002510,ORD_002510,CUST_000257,MERCH_0014,90.80,USD,PAID,2026-03-14 04:50:51,2026-04-13 04:50:51
INV_002511,ORD_002511,CUST_000558,MERCH_0098,535.95,GBP,PAID,2026-01-13 10:00:38,2026-02-12 10:00:38
INV_002512,ORD_002512,CUST_000189,MERCH_0013,164.25,USD,PAID,2026-03-09 16:45:05,2026-04-08 16:45:05
INV_002513,ORD_002513,CUST_002395,MERCH_0017,642.00,EUR,OVERPAID,2026-01-30 11:54:35,2026-03-01 11:54:35
INV_002514,ORD_002514,CUST_000113,MERCH_0060,1999.00,INR,PAID,2026-01-23 17:12:25,2026-02-22 17:12:25
INV_002516,ORD_002516,CUST_000491,MERCH_0087,44.00,CAD,PAID,2026-03-15 14:32:28,2026-04-14 14:32:28
INV_002517,ORD_002517,CUST_003310,MERCH_0034,17.50,USD,PAID,2026-03-23 23:48:33,2026-04-22 23:48:33
INV_002518,ORD_002518,CUST_000485,MERCH_0025,376.25,CAD,PAID,2026-01-10 09:03:31,2026-02-09 09:03:31
INV_002519,ORD_002519,CUST_003105,MERCH_0089,208.49,EUR,PAID,2026-03-21 11:53:50,2026-04-20 11:53:50
INV_002520,ORD_002520,CUST_000177,MERCH_0008,3999.00,INR,PAID,2026-01-25 04:18:36,2026-02-24 04:18:36
INV_002521,ORD_002521,CUST_002709,MERCH_0004,34.50,EUR,PAID,2026-01-21 17:06:01,2026-02-20 17:06:01
INV_002522,ORD_002522,CUST_000545,MERCH_0082,109.00,USD,PAID,2026-01-12 08:29:24,2026-02-11 08:29:24
INV_002523,ORD_002523,CUST_001671,MERCH_0075,1374.99,USD,PAID,2026-01-06 10:08:06,2026-02-05 10:08:06
INV_002524,ORD_002524,CUST_003586,MERCH_0055,999.00,INR,PAID,2026-03-05 19:32:50,2026-04-04 19:32:50
INV_002525,ORD_002525,CUST_001014,MERCH_0016,1931.49,GBP,PAID,2026-03-23 03:01:37,2026-04-22 03:01:37
INV_002526,ORD_002526,CUST_001161,MERCH_0095,2000.95,USD,PAID,2026-02-10 10:15:45,2026-03-12 10:15:45
INV_002527,ORD_002527,CUST_004342,MERCH_0052,28.99,GBP,PAID,2026-01-13 15:32:10,2026-02-12 15:32:10
INV_002528,ORD_002528,CUST_001095,MERCH_0025,437.99,EUR,PAID,2026-01-20 05:54:30,2026-02-19 05:54:30
INV_002529,ORD_002529,CUST_004243,MERCH_0066,2681.00,USD,PAID,2026-01-04 06:23:37,2026-02-03 06:23:37
INV_002530,ORD_002530,CUST_003696,MERCH_0088,52.99,CAD,PAID,2026-03-20 19:00:51,2026-04-19 19:00:51
INV_002531,ORD_002531,CUST_003953,MERCH_0063,351.95,USD,PAID,2026-01-25 21:05:37,2026-02-24 21:05:37
INV_002532,ORD_002532,CUST_000434,MERCH_0037,80.00,GBP,PAID,2026-01-06 01:14:58,2026-02-05 01:14:58
INV_002533,ORD_002533,CUST_003748,MERCH_0095,314.75,EUR,PAID,2026-02-05 15:35:28,2026-03-07 15:35:28
INV_002534,ORD_002534,CUST_004775,MERCH_0003,47.49,EUR,PAID,2026-01-11 02:01:30,2026-02-10 02:01:30
INV_002535,ORD_002535,CUST_001623,MERCH_0094,70.00,GBP,PAID,2026-02-28 20:31:48,2026-03-30 20:31:48
INV_002536,ORD_002536,CUST_002072,MERCH_0081,487.80,USD,PAID,2026-02-15 19:45:51,2026-03-17 19:45:51
INV_002537,ORD_002537,CUST_001019,MERCH_0026,62.00,EUR,PAID,2026-03-08 20:53:05,2026-04-07 20:53:05
INV_002538,ORD_002538,CUST_004895,MERCH_0087,1284.95,CAD,PAID,2026-02-19 16:15:37,2026-03-21 16:15:37
INV_002539,ORD_002539,CUST_000744,MERCH_0055,349.95,EUR,PAID,2026-03-18 15:24:50,2026-04-17 15:24:50
INV_002540,ORD_002540,CUST_004154,MERCH_0059,278.50,EUR,PAID,2026-03-27 08:41:13,2026-04-26 08:41:13
INV_002541,ORD_002541,CUST_000873,MERCH_0094,799.00,INR,PAID,2026-02-21 16:29:15,2026-03-23 16:29:15
INV_002542,ORD_002542,CUST_001060,MERCH_0051,358.49,EUR,PAID,2026-02-16 12:35:14,2026-03-18 12:35:14
INV_002543,ORD_002543,CUST_003191,MERCH_0094,499.00,INR,PAID,2026-02-02 23:31:02,2026-03-04 23:31:02
INV_002544,ORD_002544,CUST_000131,MERCH_0016,215.50,USD,PAID,2026-02-04 07:13:36,2026-03-06 07:13:36
INV_002545,ORD_002545,CUST_002392,MERCH_0100,254.99,GBP,PAID,2026-03-08 05:56:58,2026-04-07 05:56:58
INV_002546,ORD_002546,CUST_001690,MERCH_0024,303.99,CAD,PAID,2026-03-02 23:55:22,2026-04-01 23:55:22
INV_002547,ORD_002547,CUST_003427,MERCH_0078,59.50,USD,PAID,2026-03-17 01:29:58,2026-04-16 01:29:58
INV_002548,ORD_002548,CUST_003613,MERCH_0063,47.49,GBP,PAID,2026-03-15 18:20:59,2026-04-14 18:20:59
INV_002549,ORD_002549,CUST_004070,MERCH_0028,195.99,EUR,PAID,2026-01-07 22:39:40,2026-02-06 22:39:40
INV_002550,ORD_002550,CUST_004556,MERCH_0009,15000.00,INR,PAID,2026-02-14 07:17:35,2026-03-16 07:17:35
INV_002551,ORD_002551,CUST_003827,MERCH_0030,799.00,INR,OVERPAID,2026-02-13 22:20:35,2026-03-15 22:20:35
INV_002552,ORD_002552,CUST_001310,MERCH_0007,108.99,USD,OVERPAID,2026-03-08 18:27:00,2026-04-07 18:27:00
INV_002553,ORD_002553,CUST_003868,MERCH_0008,570.00,GBP,PAID,2026-01-15 22:15:26,2026-02-14 22:15:26
INV_002554,ORD_002554,CUST_002649,MERCH_0077,41.00,GBP,PAID,2026-02-25 15:47:35,2026-03-27 15:47:35
INV_002555,ORD_002555,CUST_000942,MERCH_0045,111.80,EUR,PAID,2026-02-15 00:11:46,2026-03-17 00:11:46
INV_002556,ORD_002556,CUST_000025,MERCH_0056,2555.95,EUR,PAID,2026-03-28 08:25:17,2026-04-27 08:25:17
INV_002557,ORD_002557,CUST_000386,MERCH_0004,438.25,CAD,PAID,2026-02-13 09:05:00,2026-03-15 09:05:00
INV_002558,ORD_002558,CUST_004434,MERCH_0088,180.99,USD,PAID,2026-02-03 03:21:37,2026-03-05 03:21:37
INV_002559,ORD_002559,CUST_003202,MERCH_0032,212.95,EUR,PAID,2026-02-10 08:27:55,2026-03-12 08:27:55
INV_002560,ORD_002560,CUST_001023,MERCH_0070,43.00,EUR,PAID,2026-01-29 06:29:52,2026-02-28 06:29:52
INV_002561,ORD_002561,CUST_001198,MERCH_0052,39.25,EUR,PAID,2026-01-11 14:23:14,2026-02-10 14:23:14
INV_002562,ORD_002562,CUST_003094,MERCH_0092,3999.00,INR,PAID,2026-02-13 21:45:16,2026-03-15 21:45:16
INV_002564,ORD_002564,CUST_002374,MERCH_0055,541.80,CAD,PAID,2026-01-10 04:49:19,2026-02-09 04:49:19
INV_002565,ORD_002565,CUST_000594,MERCH_0007,499.00,INR,PAID,2026-01-16 20:12:40,2026-02-15 20:12:40
INV_002566,ORD_002566,CUST_002023,MERCH_0034,15.00,GBP,PAID,2026-02-12 21:45:18,2026-03-14 21:45:18
INV_002567,ORD_002567,CUST_000560,MERCH_0045,37.80,CAD,PAID,2026-03-20 03:30:52,2026-04-19 03:30:52
INV_002568,ORD_002568,CUST_001707,MERCH_0061,64.49,EUR,PAID,2026-02-03 13:19:32,2026-03-05 13:19:32
INV_002569,ORD_002569,CUST_004527,MERCH_0004,438.80,USD,PAID,2026-03-18 01:49:48,2026-04-17 01:49:48
INV_002570,ORD_002570,CUST_002499,MERCH_0091,15.25,USD,PAID,2026-01-18 22:34:31,2026-02-17 22:34:31
INV_002571,ORD_002571,CUST_004405,MERCH_0063,291.00,GBP,PAID,2026-01-21 23:42:37,2026-02-20 23:42:37
INV_002572,ORD_002572,CUST_001549,MERCH_0044,629.99,USD,PAID,2026-01-13 10:33:38,2026-02-12 10:33:38
INV_002573,ORD_002573,CUST_000227,MERCH_0057,106.00,EUR,PAID,2026-03-13 19:29:34,2026-04-12 19:29:34
INV_002574,ORD_002574,CUST_003647,MERCH_0032,162.95,USD,PAID,2026-01-04 08:08:11,2026-02-03 08:08:11
INV_002575,ORD_002575,CUST_004587,MERCH_0050,73.25,USD,PAID,2026-02-12 19:36:30,2026-03-14 19:36:30
INV_002576,ORD_002576,CUST_004013,MERCH_0091,342.00,USD,PAID,2026-03-19 23:08:48,2026-04-18 23:08:48
INV_002577,ORD_002577,CUST_001223,MERCH_0068,50.80,GBP,PAID,2026-01-29 12:14:38,2026-02-28 12:14:38
INV_002578,ORD_002578,CUST_000892,MERCH_0033,41.80,EUR,PAID,2026-03-12 18:52:12,2026-04-11 18:52:12
INV_002579,ORD_002579,CUST_001320,MERCH_0082,617.75,CAD,PAID,2026-01-14 12:46:31,2026-02-13 12:46:31
INV_002580,ORD_002580,CUST_003777,MERCH_0002,1218.75,EUR,PAID,2026-03-10 03:13:03,2026-04-09 03:13:03
INV_002581,ORD_002581,CUST_002877,MERCH_0100,49.80,USD,PAID,2026-02-11 01:36:36,2026-03-13 01:36:36
INV_002582,ORD_002582,CUST_002586,MERCH_0038,182.75,GBP,PAID,2026-02-10 20:29:15,2026-03-12 20:29:15
INV_002583,ORD_002583,CUST_003688,MERCH_0063,524.99,EUR,PAID,2026-03-15 07:24:12,2026-04-14 07:24:12
INV_002584,ORD_002584,CUST_000384,MERCH_0051,58.50,EUR,PAID,2026-02-24 21:06:41,2026-03-26 21:06:41
INV_002585,ORD_002585,CUST_002627,MERCH_0043,144.49,GBP,PAID,2026-04-01 06:23:22,2026-05-01 06:23:22
INV_002586,ORD_002586,CUST_001101,MERCH_0068,2568.80,GBP,PAID,2026-02-27 22:03:12,2026-03-29 22:03:12
INV_002587,ORD_002587,CUST_000041,MERCH_0022,505.99,USD,OVERPAID,2026-02-12 04:20:36,2026-03-14 04:20:36
INV_002589,ORD_002589,CUST_003538,MERCH_0054,26.00,USD,PAID,2026-01-20 22:45:18,2026-02-19 22:45:18
INV_002590,ORD_002590,CUST_001556,MERCH_0090,299.00,INR,PAID,2026-02-25 08:15:17,2026-03-27 08:15:17
INV_002591,ORD_002591,CUST_002898,MERCH_0052,78.99,CAD,PAID,2026-01-25 17:47:06,2026-02-24 17:47:06
INV_002592,ORD_002592,CUST_002815,MERCH_0014,2499.00,INR,PAID,2026-01-08 13:46:33,2026-02-07 13:46:33
INV_002593,ORD_002593,CUST_000597,MERCH_0041,548.75,USD,PAID,2026-02-14 07:33:19,2026-03-16 07:33:19
INV_002594,ORD_002594,CUST_003476,MERCH_0051,1664.25,EUR,PAID,2026-03-31 01:09:55,2026-04-30 01:09:55
INV_002595,ORD_002595,CUST_002051,MERCH_0086,64.50,USD,PAID,2026-01-07 22:18:52,2026-02-06 22:18:52
INV_002596,ORD_002596,CUST_001057,MERCH_0056,512.95,GBP,PAID,2026-01-26 22:18:06,2026-02-25 22:18:06
INV_002597,ORD_002597,CUST_004303,MERCH_0056,549.49,EUR,PAID,2026-03-25 19:25:32,2026-04-24 19:25:32
INV_002598,ORD_002598,CUST_001075,MERCH_0001,140.49,EUR,PAID,2026-03-05 21:17:41,2026-04-04 21:17:41
INV_002599,ORD_002599,CUST_003721,MERCH_0070,61.50,EUR,PAID,2026-01-16 17:59:12,2026-02-15 17:59:12
INV_002600,ORD_002600,CUST_003136,MERCH_0094,268.95,USD,PAID,2026-01-17 23:33:29,2026-02-16 23:33:29
INV_002601,ORD_002601,CUST_001779,MERCH_0053,15000.00,INR,PAID,2026-03-03 16:56:43,2026-04-02 16:56:43
INV_002602,ORD_002602,CUST_001078,MERCH_0094,26.99,EUR,PAID,2026-02-07 12:58:45,2026-03-09 12:58:45
INV_002603,ORD_002603,CUST_004877,MERCH_0041,50.95,CAD,PAID,2026-03-15 19:08:46,2026-04-14 19:08:46
INV_002604,ORD_002604,CUST_002839,MERCH_0025,42.95,EUR,PAID,2026-01-06 01:48:28,2026-02-05 01:48:28
INV_002605,ORD_002605,CUST_004629,MERCH_0075,49.00,USD,PAID,2026-03-01 08:34:44,2026-03-31 08:34:44
INV_002606,ORD_002606,CUST_000099,MERCH_0080,259.49,EUR,PAID,2026-02-15 17:51:09,2026-03-17 17:51:09
INV_002607,ORD_002607,CUST_001808,MERCH_0061,71.99,GBP,PAID,2026-02-17 20:30:41,2026-03-19 20:30:41
INV_002608,ORD_002608,CUST_001846,MERCH_0061,190.95,USD,PAID,2026-02-03 01:59:21,2026-03-05 01:59:21
INV_002609,ORD_002609,CUST_000867,MERCH_0055,9999.00,INR,PAID,2026-02-03 06:21:30,2026-03-05 06:21:30
INV_002610,ORD_002610,CUST_000418,MERCH_0060,27.49,EUR,PAID,2026-03-23 02:58:36,2026-04-22 02:58:36
INV_002611,ORD_002611,CUST_001292,MERCH_0056,375.99,EUR,PAID,2026-02-16 04:34:14,2026-03-18 04:34:14
INV_002612,ORD_002612,CUST_004940,MERCH_0017,29.00,EUR,PAID,2026-03-26 06:34:20,2026-04-25 06:34:20
INV_002613,ORD_002613,CUST_001986,MERCH_0077,170.99,EUR,PAID,2026-02-25 09:06:34,2026-03-27 09:06:34
INV_002614,ORD_002614,CUST_003208,MERCH_0005,127.99,GBP,PAID,2026-03-25 10:39:53,2026-04-24 10:39:53
INV_002615,ORD_002615,CUST_003214,MERCH_0028,35.95,USD,PAID,2026-01-27 05:21:41,2026-02-26 05:21:41
INV_002616,ORD_002616,CUST_000062,MERCH_0021,250.80,USD,PAID,2026-03-03 15:05:46,2026-04-02 15:05:46
INV_002617,ORD_002617,CUST_003784,MERCH_0021,1960.80,USD,PAID,2026-02-19 16:34:09,2026-03-21 16:34:09
INV_002618,ORD_002618,CUST_003049,MERCH_0097,20.00,USD,PAID,2026-01-22 11:18:13,2026-02-21 11:18:13
INV_002619,ORD_002619,CUST_003475,MERCH_0066,1812.80,EUR,PAID,2026-03-04 23:23:53,2026-04-03 23:23:53
INV_002620,ORD_002620,CUST_004529,MERCH_0022,328.80,USD,PAID,2026-03-06 05:02:51,2026-04-05 05:02:51
INV_002621,ORD_002621,CUST_002352,MERCH_0024,504.99,EUR,PAID,2026-03-21 21:50:39,2026-04-20 21:50:39
INV_002622,ORD_002622,CUST_003366,MERCH_0038,55.99,CAD,PAID,2026-03-13 16:01:02,2026-04-12 16:01:02
INV_002623,ORD_002623,CUST_004094,MERCH_0014,61.25,USD,PAID,2026-02-08 17:57:29,2026-03-10 17:57:29
INV_002624,ORD_002624,CUST_001874,MERCH_0082,1999.00,INR,PAID,2026-03-10 19:17:33,2026-04-09 19:17:33
INV_002625,ORD_002625,CUST_004620,MERCH_0002,48.50,GBP,PAID,2026-01-16 19:48:29,2026-02-15 19:48:29
INV_002626,ORD_002626,CUST_001069,MERCH_0059,360.25,EUR,PAID,2026-01-23 15:12:39,2026-02-22 15:12:39
INV_002627,ORD_002627,CUST_001515,MERCH_0008,306.00,EUR,PAID,2026-03-02 09:22:22,2026-04-01 09:22:22
INV_002628,ORD_002628,CUST_000133,MERCH_0016,233.99,CAD,PAID,2026-03-02 11:46:00,2026-04-01 11:46:00
INV_002629,ORD_002629,CUST_003026,MERCH_0078,217.95,USD,PAID,2026-01-04 12:23:58,2026-02-03 12:23:58
INV_002630,ORD_002630,CUST_004847,MERCH_0083,639.75,USD,PAID,2026-03-20 22:45:40,2026-04-19 22:45:40
INV_002631,ORD_002631,CUST_000197,MERCH_0059,66.50,USD,PAID,2026-01-06 04:42:05,2026-02-05 04:42:05
INV_002632,ORD_002632,CUST_001819,MERCH_0072,15000.00,INR,PAID,2026-02-12 04:33:13,2026-03-14 04:33:13
INV_002633,ORD_002633,CUST_001301,MERCH_0065,299.00,INR,PAID,2026-03-27 15:19:38,2026-04-26 15:19:38
INV_002635,ORD_002635,CUST_003670,MERCH_0042,53.80,GBP,PAID,2026-03-13 14:20:45,2026-04-12 14:20:45
INV_002636,ORD_002636,CUST_002216,MERCH_0008,327.75,GBP,PAID,2026-02-15 16:39:42,2026-03-17 16:39:42
INV_002637,ORD_002637,CUST_002896,MERCH_0006,21.25,USD,PAID,2026-01-11 00:19:12,2026-02-10 00:19:12
INV_002638,ORD_002638,CUST_004275,MERCH_0090,47.50,EUR,PAID,2026-02-16 00:52:08,2026-03-18 00:52:08
INV_002639,ORD_002639,CUST_003500,MERCH_0067,316.25,USD,PAID,2026-03-02 15:59:37,2026-04-01 15:59:37
INV_002640,ORD_002640,CUST_001928,MERCH_0030,205.75,EUR,PAID,2026-03-26 15:48:49,2026-04-25 15:48:49
INV_002641,ORD_002641,CUST_004798,MERCH_0054,586.75,EUR,PAID,2026-01-07 21:48:26,2026-02-06 21:48:26
INV_002642,ORD_002642,CUST_001293,MERCH_0012,27.49,USD,PAID,2026-01-16 19:48:38,2026-02-15 19:48:38
INV_002643,ORD_002643,CUST_001970,MERCH_0020,24.99,EUR,PAID,2026-02-26 15:01:31,2026-03-28 15:01:31
INV_002644,ORD_002644,CUST_000040,MERCH_0038,77.50,GBP,PAID,2026-02-27 23:01:52,2026-03-29 23:01:52
INV_002645,ORD_002645,CUST_001535,MERCH_0062,99.50,EUR,PAID,2026-01-04 17:08:21,2026-02-03 17:08:21
INV_002646,ORD_002646,CUST_002624,MERCH_0082,15.00,USD,PAID,2026-02-09 01:12:41,2026-03-11 01:12:41
INV_002647,ORD_002647,CUST_002808,MERCH_0049,1916.50,CAD,PAID,2026-03-24 03:45:17,2026-04-23 03:45:17
INV_002648,ORD_002648,CUST_003054,MERCH_0015,78.99,USD,PAID,2026-03-30 23:14:58,2026-04-29 23:14:58
INV_002649,ORD_002649,CUST_000480,MERCH_0081,76.80,GBP,PAID,2026-03-29 11:37:48,2026-04-28 11:37:48
INV_002650,ORD_002650,CUST_001945,MERCH_0006,2884.00,CAD,PAID,2026-03-06 02:08:43,2026-04-05 02:08:43
INV_002651,ORD_002651,CUST_001375,MERCH_0027,42.00,EUR,PAID,2026-01-12 07:33:19,2026-02-11 07:33:19
INV_002652,ORD_002652,CUST_002870,MERCH_0018,33.25,USD,PAID,2026-01-19 10:30:49,2026-02-18 10:30:49
INV_002653,ORD_002653,CUST_000809,MERCH_0015,250.99,USD,PAID,2026-02-12 16:36:30,2026-03-14 16:36:30
INV_002654,ORD_002654,CUST_000218,MERCH_0087,194.25,USD,PAID,2026-01-11 03:36:40,2026-02-10 03:36:40
INV_002655,ORD_002655,CUST_001471,MERCH_0001,65.99,EUR,PAID,2026-02-01 08:26:28,2026-03-03 08:26:28
INV_002656,ORD_002656,CUST_000129,MERCH_0100,387.00,GBP,PAID,2026-01-17 21:01:05,2026-02-16 21:01:05
INV_002658,ORD_002658,CUST_002620,MERCH_0042,248.95,CAD,PAID,2026-01-01 13:44:31,2026-01-31 13:44:31
INV_002659,ORD_002659,CUST_004068,MERCH_0030,3999.00,INR,PAID,2026-02-19 06:17:20,2026-03-21 06:17:20
INV_002660,ORD_002660,CUST_003683,MERCH_0004,299.00,INR,PAID,2026-02-08 10:26:54,2026-03-10 10:26:54
INV_002661,ORD_002661,CUST_004076,MERCH_0011,71.80,GBP,PAID,2026-03-29 22:45:23,2026-04-28 22:45:23
INV_002662,ORD_002662,CUST_004483,MERCH_0016,299.00,INR,PAID,2026-03-30 11:05:08,2026-04-29 11:05:08
INV_002663,ORD_002663,CUST_000227,MERCH_0033,155.25,CAD,PAID,2026-02-11 18:40:45,2026-03-13 18:40:45
INV_002664,ORD_002664,CUST_003287,MERCH_0006,360.49,USD,PAID,2026-01-31 20:56:57,2026-03-02 20:56:57
INV_002665,ORD_002665,CUST_003219,MERCH_0007,2452.99,GBP,PAID,2026-01-27 16:08:45,2026-02-26 16:08:45
INV_002666,ORD_002666,CUST_000734,MERCH_0081,3999.00,INR,PAID,2026-01-17 04:15:48,2026-02-16 04:15:48
INV_002667,ORD_002667,CUST_000658,MERCH_0070,208.49,GBP,PAID,2026-01-25 05:23:34,2026-02-24 05:23:34
INV_002668,ORD_002668,CUST_003295,MERCH_0064,3044.25,USD,PAID,2026-02-15 10:39:51,2026-03-17 10:39:51
INV_002669,ORD_002669,CUST_000238,MERCH_0095,177.00,EUR,PAID,2026-01-10 16:10:21,2026-02-09 16:10:21
INV_002670,ORD_002670,CUST_000329,MERCH_0098,338.75,EUR,PAID,2026-01-13 19:59:36,2026-02-12 19:59:36
INV_002671,ORD_002671,CUST_003772,MERCH_0057,1260.99,EUR,PAID,2026-03-06 02:27:49,2026-04-05 02:27:49
INV_002672,ORD_002672,CUST_004621,MERCH_0068,79.75,EUR,PAID,2026-02-24 06:26:32,2026-03-26 06:26:32
INV_002673,ORD_002673,CUST_003872,MERCH_0090,799.00,INR,PAID,2026-03-28 21:34:34,2026-04-27 21:34:34
INV_002674,ORD_002674,CUST_004121,MERCH_0074,999.00,INR,PAID,2026-02-09 05:24:37,2026-03-11 05:24:37
INV_002675,ORD_002675,CUST_004373,MERCH_0037,15000.00,INR,OVERPAID,2026-01-29 02:05:22,2026-02-28 02:05:22
INV_002676,ORD_002676,CUST_002842,MERCH_0087,4999.00,INR,PAID,2026-01-14 00:17:03,2026-02-13 00:17:03
INV_002677,ORD_002677,CUST_003878,MERCH_0020,400.75,USD,PAID,2026-01-25 11:33:42,2026-02-24 11:33:42
INV_002678,ORD_002678,CUST_003475,MERCH_0053,299.00,INR,PAID,2026-01-20 04:42:31,2026-02-19 04:42:31
INV_002679,ORD_002679,CUST_001608,MERCH_0051,2353.50,USD,PAID,2026-01-26 02:41:08,2026-02-25 02:41:08
INV_002680,ORD_002680,CUST_001779,MERCH_0024,50.80,EUR,OVERPAID,2026-01-20 05:49:08,2026-02-19 05:49:08
INV_002681,ORD_002681,CUST_001207,MERCH_0038,352.49,USD,PAID,2026-01-09 11:30:25,2026-02-08 11:30:25
INV_002682,ORD_002682,CUST_002367,MERCH_0083,53.95,USD,PAID,2026-01-17 12:06:25,2026-02-16 12:06:25
INV_002683,ORD_002683,CUST_000912,MERCH_0021,258.95,GBP,PAID,2026-01-13 05:51:56,2026-02-12 05:51:56
INV_002684,ORD_002684,CUST_002075,MERCH_0023,78.99,CAD,PAID,2026-02-13 02:33:04,2026-03-15 02:33:04
INV_002685,ORD_002685,CUST_000018,MERCH_0031,348.99,USD,PAID,2026-01-07 05:44:07,2026-02-06 05:44:07
INV_002686,ORD_002686,CUST_004660,MERCH_0062,299.00,INR,PAID,2026-01-18 12:51:24,2026-02-17 12:51:24
INV_002687,ORD_002687,CUST_001611,MERCH_0042,66.49,USD,PAID,2026-01-08 17:16:17,2026-02-07 17:16:17
INV_002688,ORD_002688,CUST_003146,MERCH_0082,153.75,USD,PAID,2026-01-17 14:41:51,2026-02-16 14:41:51
INV_002689,ORD_002689,CUST_004837,MERCH_0095,67.00,EUR,PAID,2026-02-08 02:09:59,2026-03-10 02:09:59
INV_002690,ORD_002690,CUST_004251,MERCH_0009,16.00,EUR,PAID,2026-03-30 22:58:18,2026-04-29 22:58:18
INV_002691,ORD_002691,CUST_004763,MERCH_0045,1955.49,EUR,PAID,2026-01-02 04:43:42,2026-02-01 04:43:42
INV_002692,ORD_002692,CUST_000014,MERCH_0006,799.00,INR,PAID,2026-03-30 15:40:38,2026-04-29 15:40:38
INV_002693,ORD_002693,CUST_001859,MERCH_0066,897.49,EUR,PAID,2026-03-04 08:10:44,2026-04-03 08:10:44
INV_002694,ORD_002694,CUST_000301,MERCH_0048,544.25,USD,PAID,2026-03-24 21:22:53,2026-04-23 21:22:53
INV_002695,ORD_002695,CUST_002210,MERCH_0036,299.00,INR,PAID,2026-01-14 13:17:11,2026-02-13 13:17:11
INV_002696,ORD_002696,CUST_004369,MERCH_0091,443.49,GBP,PAID,2026-03-31 09:07:42,2026-04-30 09:07:42
INV_002697,ORD_002697,CUST_002652,MERCH_0059,77.25,EUR,PAID,2026-03-06 08:19:28,2026-04-05 08:19:28
INV_002698,ORD_002698,CUST_002786,MERCH_0004,628.80,EUR,PAID,2026-01-31 19:37:07,2026-03-02 19:37:07
INV_002699,ORD_002699,CUST_003843,MERCH_0003,42.49,GBP,PAID,2026-01-31 14:22:23,2026-03-02 14:22:23
INV_002700,ORD_002700,CUST_002300,MERCH_0001,999.00,INR,PAID,2026-03-21 15:31:55,2026-04-20 15:31:55
INV_002701,ORD_002701,CUST_004519,MERCH_0099,96.25,GBP,PAID,2026-03-03 17:30:08,2026-04-02 17:30:08
INV_002702,ORD_002702,CUST_003834,MERCH_0087,1988.00,EUR,PAID,2026-03-30 09:45:59,2026-04-29 09:45:59
INV_002703,ORD_002703,CUST_004100,MERCH_0012,32.25,EUR,PAID,2026-01-29 13:35:40,2026-02-28 13:35:40
INV_002704,ORD_002704,CUST_002273,MERCH_0017,59.95,USD,PAID,2026-02-03 19:43:59,2026-03-05 19:43:59
INV_002705,ORD_002705,CUST_001970,MERCH_0048,562.95,GBP,PAID,2026-02-02 23:13:23,2026-03-04 23:13:23
INV_002706,ORD_002706,CUST_003419,MERCH_0058,1999.00,INR,PAID,2026-03-31 18:06:50,2026-04-30 18:06:50
INV_002707,ORD_002707,CUST_001268,MERCH_0094,57.50,USD,PAID,2026-02-02 08:41:25,2026-03-04 08:41:25
INV_002708,ORD_002708,CUST_000421,MERCH_0076,1999.00,INR,PAID,2026-01-09 07:30:06,2026-02-08 07:30:06
INV_002709,ORD_002709,CUST_002243,MERCH_0080,1999.00,INR,PAID,2026-02-24 22:40:16,2026-03-26 22:40:16
INV_002710,ORD_002710,CUST_004791,MERCH_0033,43.00,EUR,PAID,2026-02-25 00:58:30,2026-03-27 00:58:30
INV_002711,ORD_002711,CUST_000008,MERCH_0057,431.95,GBP,PAID,2026-01-07 00:17:49,2026-02-06 00:17:49
INV_002712,ORD_002712,CUST_004623,MERCH_0054,1557.80,USD,PAID,2026-03-14 03:01:56,2026-04-13 03:01:56
INV_002713,ORD_002713,CUST_004983,MERCH_0026,422.25,EUR,PAID,2026-03-26 20:15:14,2026-04-25 20:15:14
INV_002714,ORD_002714,CUST_003559,MERCH_0017,80.00,GBP,PAID,2026-03-14 22:21:12,2026-04-13 22:21:12
INV_002715,ORD_002715,CUST_003340,MERCH_0034,274.80,USD,PAID,2026-01-08 17:23:40,2026-02-07 17:23:40
INV_002716,ORD_002716,CUST_001545,MERCH_0078,23.00,CAD,PAID,2026-03-06 07:26:30,2026-04-05 07:26:30
INV_002717,ORD_002717,CUST_001896,MERCH_0026,26.99,CAD,PAID,2026-01-07 05:44:07,2026-02-06 05:44:07
INV_002718,ORD_002718,CUST_001481,MERCH_0007,75.75,USD,PAID,2026-03-08 00:50:09,2026-04-07 00:50:09
INV_002719,ORD_002719,CUST_001969,MERCH_0075,549.25,EUR,PAID,2026-02-10 15:37:41,2026-03-12 15:37:41
INV_002720,ORD_002720,CUST_003737,MERCH_0098,57.99,USD,PAID,2026-02-06 23:26:51,2026-03-08 23:26:51
INV_002721,ORD_002721,CUST_002711,MERCH_0079,1999.00,INR,PAID,2026-03-20 13:04:09,2026-04-19 13:04:09
INV_002722,ORD_002722,CUST_003128,MERCH_0018,45.99,CAD,PAID,2026-03-02 22:30:08,2026-04-01 22:30:08
INV_002723,ORD_002723,CUST_002044,MERCH_0089,23.49,GBP,PAID,2026-01-19 14:41:06,2026-02-18 14:41:06
INV_002724,ORD_002724,CUST_000188,MERCH_0060,32.95,EUR,PAID,2026-01-15 04:53:39,2026-02-14 04:53:39
INV_002725,ORD_002725,CUST_000870,MERCH_0037,385.49,GBP,PAID,2026-02-01 08:17:56,2026-03-03 08:17:56
INV_002726,ORD_002726,CUST_002341,MERCH_0054,15000.00,INR,PAID,2026-02-24 22:07:23,2026-03-26 22:07:23
INV_002727,ORD_002727,CUST_001428,MERCH_0007,416.00,USD,PAID,2026-02-26 22:12:48,2026-03-28 22:12:48
INV_002728,ORD_002728,CUST_001292,MERCH_0005,195.75,EUR,PAID,2026-01-23 12:53:06,2026-02-22 12:53:06
INV_002729,ORD_002729,CUST_004829,MERCH_0076,2224.99,EUR,PAID,2026-01-30 10:33:50,2026-03-01 10:33:50
INV_002730,ORD_002730,CUST_002402,MERCH_0051,228.95,GBP,PAID,2026-01-30 06:40:07,2026-03-01 06:40:07
INV_002731,ORD_002731,CUST_003035,MERCH_0010,2806.50,USD,PAID,2026-01-17 19:14:14,2026-02-16 19:14:14
INV_002732,ORD_002732,CUST_000077,MERCH_0064,435.80,USD,PAID,2026-03-18 18:48:18,2026-04-17 18:48:18
INV_002733,ORD_002733,CUST_001872,MERCH_0096,432.50,EUR,PAID,2026-02-11 10:00:15,2026-03-13 10:00:15
INV_002734,ORD_002734,CUST_002537,MERCH_0089,114.80,USD,PAID,2026-03-06 23:12:55,2026-04-05 23:12:55
INV_002735,ORD_002735,CUST_000352,MERCH_0055,2499.00,INR,PAID,2026-03-07 15:42:08,2026-04-06 15:42:08
INV_002736,ORD_002736,CUST_001045,MERCH_0076,2499.00,INR,PAID,2026-03-20 04:05:33,2026-04-19 04:05:33
INV_002737,ORD_002737,CUST_002365,MERCH_0045,2951.75,GBP,PAID,2026-03-05 04:30:37,2026-04-04 04:30:37
INV_002738,ORD_002738,CUST_000428,MERCH_0046,74.49,EUR,PAID,2026-02-11 08:37:23,2026-03-13 08:37:23
INV_002739,ORD_002739,CUST_003452,MERCH_0011,2967.95,GBP,PAID,2026-02-10 13:31:54,2026-03-12 13:31:54
INV_002740,ORD_002740,CUST_000116,MERCH_0053,67.99,USD,PAID,2026-02-03 11:04:03,2026-03-05 11:04:03
INV_002741,ORD_002741,CUST_003403,MERCH_0043,62.50,GBP,OVERPAID,2026-01-19 13:10:29,2026-02-18 13:10:29
INV_002742,ORD_002742,CUST_004862,MERCH_0009,520.50,USD,PAID,2026-01-13 19:14:52,2026-02-12 19:14:52
INV_002743,ORD_002743,CUST_003178,MERCH_0098,600.95,EUR,PAID,2026-02-26 14:09:40,2026-03-28 14:09:40
INV_002744,ORD_002744,CUST_000479,MERCH_0029,347.80,GBP,PAID,2026-02-04 01:26:39,2026-03-06 01:26:39
INV_002745,ORD_002745,CUST_002848,MERCH_0098,217.49,USD,PAID,2026-03-21 07:59:00,2026-04-20 07:59:00
INV_002746,ORD_002746,CUST_004804,MERCH_0052,289.49,USD,PAID,2026-03-31 07:12:57,2026-04-30 07:12:57
INV_002747,ORD_002747,CUST_003824,MERCH_0032,452.00,GBP,PAID,2026-03-08 13:07:55,2026-04-07 13:07:55
INV_002748,ORD_002748,CUST_001579,MERCH_0023,75.75,GBP,PAID,2026-01-02 11:21:37,2026-02-01 11:21:37
INV_002749,ORD_002749,CUST_002371,MERCH_0051,82.95,EUR,PAID,2026-01-17 10:52:37,2026-02-16 10:52:37
INV_002750,ORD_002750,CUST_001665,MERCH_0061,37.50,CAD,PAID,2026-01-03 02:28:45,2026-02-02 02:28:45
INV_002751,ORD_002751,CUST_001879,MERCH_0017,80.25,USD,PAID,2026-03-18 17:04:04,2026-04-17 17:04:04
INV_002752,ORD_002752,CUST_003517,MERCH_0001,4999.00,INR,PAID,2026-03-25 12:18:57,2026-04-24 12:18:57
INV_002753,ORD_002753,CUST_000525,MERCH_0026,248.49,EUR,PAID,2026-03-11 05:56:05,2026-04-10 05:56:05
INV_002754,ORD_002754,CUST_003206,MERCH_0027,53.25,EUR,OVERPAID,2026-02-11 11:29:20,2026-03-13 11:29:20
INV_002755,ORD_002755,CUST_004764,MERCH_0042,299.00,INR,PAID,2026-02-20 08:44:09,2026-03-22 08:44:09
INV_002757,ORD_002757,CUST_002810,MERCH_0095,181.99,USD,PAID,2026-01-13 13:11:15,2026-02-12 13:11:15
INV_002758,ORD_002758,CUST_003025,MERCH_0007,548.80,CAD,PAID,2026-02-09 10:27:41,2026-03-11 10:27:41
INV_002759,ORD_002759,CUST_002393,MERCH_0037,244.49,GBP,PAID,2026-03-19 12:45:36,2026-04-18 12:45:36
INV_002760,ORD_002760,CUST_000605,MERCH_0001,533.95,EUR,PAID,2026-02-02 03:47:34,2026-03-04 03:47:34
INV_002761,ORD_002761,CUST_000696,MERCH_0093,435.80,EUR,PAID,2026-02-09 22:34:50,2026-03-11 22:34:50
INV_002762,ORD_002762,CUST_002686,MERCH_0073,799.00,INR,PAID,2026-03-06 01:28:11,2026-04-05 01:28:11
INV_002763,ORD_002763,CUST_002098,MERCH_0086,500.80,USD,PAID,2026-03-14 04:59:57,2026-04-13 04:59:57
INV_002764,ORD_002764,CUST_002812,MERCH_0056,115.00,USD,PAID,2026-03-03 00:26:01,2026-04-02 00:26:01
INV_002765,ORD_002765,CUST_003280,MERCH_0093,41.75,USD,PAID,2026-03-14 14:43:35,2026-04-13 14:43:35
INV_002766,ORD_002766,CUST_000959,MERCH_0002,73.49,USD,PAID,2026-02-26 13:03:18,2026-03-28 13:03:18
INV_002767,ORD_002767,CUST_003357,MERCH_0030,529.80,CAD,PAID,2026-01-04 15:55:45,2026-02-03 15:55:45
INV_002768,ORD_002768,CUST_001759,MERCH_0082,1297.49,GBP,PAID,2026-02-23 18:03:44,2026-03-25 18:03:44
INV_002769,ORD_002769,CUST_003512,MERCH_0062,1467.50,USD,PAID,2026-01-22 15:42:47,2026-02-21 15:42:47
INV_002770,ORD_002770,CUST_001834,MERCH_0065,81.99,EUR,PAID,2026-03-29 06:39:19,2026-04-28 06:39:19
INV_002771,ORD_002771,CUST_003323,MERCH_0045,279.80,USD,PAID,2026-03-06 07:53:10,2026-04-05 07:53:10
INV_002772,ORD_002772,CUST_003204,MERCH_0034,158.75,USD,PAID,2026-03-21 19:21:39,2026-04-20 19:21:39
INV_002773,ORD_002773,CUST_002800,MERCH_0096,327.80,GBP,PAID,2026-01-27 13:38:04,2026-02-26 13:38:04
INV_002774,ORD_002774,CUST_001021,MERCH_0069,27.99,GBP,PAID,2026-01-06 22:45:37,2026-02-05 22:45:37
INV_002775,ORD_002775,CUST_002591,MERCH_0017,416.00,EUR,PAID,2026-01-27 17:57:24,2026-02-26 17:57:24
INV_002776,ORD_002776,CUST_001001,MERCH_0050,94.80,USD,PAID,2026-03-23 02:33:37,2026-04-22 02:33:37
INV_002777,ORD_002777,CUST_004253,MERCH_0027,44.95,USD,PAID,2026-02-19 11:45:20,2026-03-21 11:45:20
INV_002778,ORD_002778,CUST_004690,MERCH_0052,363.00,USD,PAID,2026-01-23 20:14:45,2026-02-22 20:14:45
INV_002779,ORD_002779,CUST_003097,MERCH_0074,40.75,USD,PAID,2026-02-18 15:32:00,2026-03-20 15:32:00
INV_002780,ORD_002780,CUST_001435,MERCH_0084,20.49,GBP,PAID,2026-02-05 02:23:36,2026-03-07 02:23:36
INV_002781,ORD_002781,CUST_002407,MERCH_0074,499.00,INR,PAID,2026-01-17 10:39:46,2026-02-16 10:39:46
INV_002782,ORD_002782,CUST_001870,MERCH_0094,539.75,EUR,PAID,2026-03-16 03:11:12,2026-04-15 03:11:12
INV_002783,ORD_002783,CUST_004290,MERCH_0022,1919.49,USD,PAID,2026-02-26 08:17:48,2026-03-28 08:17:48
INV_002784,ORD_002784,CUST_004373,MERCH_0028,280.95,USD,PAID,2026-02-15 01:53:24,2026-03-17 01:53:24
INV_002785,ORD_002785,CUST_001320,MERCH_0031,539.75,USD,PAID,2026-03-09 09:05:13,2026-04-08 09:05:13
INV_002786,ORD_002786,CUST_004177,MERCH_0032,54.80,USD,PAID,2026-01-17 12:36:29,2026-02-16 12:36:29
INV_002787,ORD_002787,CUST_000637,MERCH_0014,71.25,EUR,PAID,2026-03-21 05:11:48,2026-04-20 05:11:48
INV_002788,ORD_002788,CUST_001119,MERCH_0076,299.00,INR,PAID,2026-03-10 17:06:37,2026-04-09 17:06:37
INV_002789,ORD_002789,CUST_002211,MERCH_0057,16.50,EUR,PAID,2026-01-04 13:32:08,2026-02-03 13:32:08
INV_002790,ORD_002790,CUST_004872,MERCH_0015,75.50,GBP,PAID,2026-03-26 23:26:21,2026-04-25 23:26:21
INV_002791,ORD_002791,CUST_004721,MERCH_0037,2139.80,GBP,PAID,2026-03-24 00:05:05,2026-04-23 00:05:05
INV_002792,ORD_002792,CUST_002920,MERCH_0058,388.99,GBP,PAID,2026-03-16 15:23:05,2026-04-15 15:23:05
INV_002793,ORD_002793,CUST_003435,MERCH_0018,614.00,EUR,PAID,2026-03-05 21:22:00,2026-04-04 21:22:00
INV_002794,ORD_002794,CUST_003546,MERCH_0095,4999.00,INR,PAID,2026-02-16 13:45:48,2026-03-18 13:45:48
INV_002795,ORD_002795,CUST_003445,MERCH_0095,67.99,USD,PAID,2026-02-18 07:08:28,2026-03-20 07:08:28
INV_002796,ORD_002796,CUST_004462,MERCH_0078,3038.75,CAD,PAID,2026-01-20 22:58:54,2026-02-19 22:58:54
INV_002797,ORD_002797,CUST_004171,MERCH_0041,1876.75,USD,PAID,2026-02-11 21:12:19,2026-03-13 21:12:19
INV_002798,ORD_002798,CUST_001693,MERCH_0031,61.50,GBP,PAID,2026-03-17 19:09:59,2026-04-16 19:09:59
INV_002799,ORD_002799,CUST_000632,MERCH_0044,3264.80,USD,PAID,2026-02-01 01:40:47,2026-03-03 01:40:47
INV_002800,ORD_002800,CUST_001660,MERCH_0082,1246.95,GBP,OVERPAID,2026-03-20 09:31:05,2026-04-19 09:31:05
INV_002801,ORD_002801,CUST_004189,MERCH_0092,554.25,GBP,PAID,2026-03-30 14:24:47,2026-04-29 14:24:47
INV_002802,ORD_002802,CUST_003846,MERCH_0081,366.99,CAD,PAID,2026-01-03 16:37:17,2026-02-02 16:37:17
INV_002803,ORD_002803,CUST_000787,MERCH_0068,239.49,CAD,PAID,2026-02-25 17:12:17,2026-03-27 17:12:17
INV_002804,ORD_002804,CUST_001827,MERCH_0090,2255.00,CAD,PAID,2026-01-14 20:36:13,2026-02-13 20:36:13
INV_002805,ORD_002805,CUST_002954,MERCH_0065,36.99,USD,OVERPAID,2026-01-27 23:09:19,2026-02-26 23:09:19
INV_002806,ORD_002806,CUST_001903,MERCH_0007,35.75,EUR,PAID,2026-02-04 00:41:58,2026-03-06 00:41:58
INV_002807,ORD_002807,CUST_003660,MERCH_0040,27.25,GBP,PAID,2026-02-26 13:32:01,2026-03-28 13:32:01
INV_002808,ORD_002808,CUST_001595,MERCH_0012,257.00,EUR,PAID,2026-01-15 15:39:13,2026-02-14 15:39:13
INV_002809,ORD_002809,CUST_001723,MERCH_0038,37.25,USD,PAID,2026-01-30 06:25:17,2026-03-01 06:25:17
INV_002810,ORD_002810,CUST_001451,MERCH_0057,42.95,EUR,PAID,2026-02-20 20:56:16,2026-03-22 20:56:16
INV_002811,ORD_002811,CUST_004540,MERCH_0003,35.00,EUR,PAID,2026-01-29 19:26:08,2026-02-28 19:26:08
INV_002812,ORD_002812,CUST_003320,MERCH_0027,371.00,EUR,PAID,2026-01-31 13:17:20,2026-03-02 13:17:20
INV_002813,ORD_002813,CUST_001963,MERCH_0056,3435.75,GBP,PAID,2026-01-25 23:50:32,2026-02-24 23:50:32
INV_002814,ORD_002814,CUST_001925,MERCH_0053,33.25,EUR,PAID,2026-03-16 22:36:32,2026-04-15 22:36:32
INV_002815,ORD_002815,CUST_000022,MERCH_0038,468.99,GBP,PAID,2026-02-22 02:42:46,2026-03-24 02:42:46
INV_002816,ORD_002816,CUST_003498,MERCH_0068,505.25,USD,PAID,2026-01-09 01:49:41,2026-02-08 01:49:41
INV_002817,ORD_002817,CUST_000051,MERCH_0050,533.00,GBP,OVERPAID,2026-01-30 01:26:57,2026-03-01 01:26:57
INV_002818,ORD_002818,CUST_003111,MERCH_0093,18.95,EUR,PAID,2026-03-28 20:10:54,2026-04-27 20:10:54
INV_002819,ORD_002819,CUST_001810,MERCH_0061,138.49,EUR,PAID,2026-03-24 16:02:43,2026-04-23 16:02:43
INV_002820,ORD_002820,CUST_002180,MERCH_0045,3999.00,INR,PAID,2026-03-14 09:18:01,2026-04-13 09:18:01
INV_002821,ORD_002821,CUST_004226,MERCH_0079,18.50,USD,PAID,2026-02-06 16:44:34,2026-03-08 16:44:34
INV_002822,ORD_002822,CUST_000773,MERCH_0057,43.99,GBP,PAID,2026-01-25 20:16:27,2026-02-24 20:16:27
INV_002823,ORD_002823,CUST_003729,MERCH_0033,23.99,USD,PAID,2026-02-26 02:57:23,2026-03-28 02:57:23
INV_002824,ORD_002824,CUST_004744,MERCH_0097,265.00,GBP,PAID,2026-01-18 13:27:29,2026-02-17 13:27:29
INV_002825,ORD_002825,CUST_004170,MERCH_0007,799.00,INR,PAID,2026-02-27 05:41:01,2026-03-29 05:41:01
INV_002826,ORD_002826,CUST_003417,MERCH_0021,20.50,GBP,PAID,2026-03-01 06:38:31,2026-03-31 06:38:31
INV_002827,ORD_002827,CUST_001114,MERCH_0092,52.49,EUR,PAID,2026-01-28 08:57:09,2026-02-27 08:57:09
INV_002828,ORD_002828,CUST_001380,MERCH_0095,799.00,INR,PAID,2026-02-17 12:55:48,2026-03-19 12:55:48
INV_002829,ORD_002829,CUST_001901,MERCH_0007,41.25,GBP,PAID,2026-02-17 02:02:53,2026-03-19 02:02:53
INV_002830,ORD_002830,CUST_004298,MERCH_0095,2792.75,CAD,PAID,2026-01-03 03:53:26,2026-02-02 03:53:26
INV_002831,ORD_002831,CUST_002014,MERCH_0084,101.00,EUR,PAID,2026-03-22 20:42:52,2026-04-21 20:42:52
INV_002832,ORD_002832,CUST_000867,MERCH_0085,201.00,USD,PAID,2026-02-02 19:24:39,2026-03-04 19:24:39
INV_002833,ORD_002833,CUST_000487,MERCH_0014,47.80,USD,PAID,2026-03-01 22:42:49,2026-03-31 22:42:49
INV_002835,ORD_002835,CUST_004130,MERCH_0068,1999.00,INR,PAID,2026-03-09 02:06:13,2026-04-08 02:06:13
INV_002836,ORD_002836,CUST_002279,MERCH_0100,15.25,EUR,PAID,2026-02-28 11:15:51,2026-03-30 11:15:51
INV_002837,ORD_002837,CUST_002394,MERCH_0099,15.95,EUR,PAID,2026-03-24 23:15:34,2026-04-23 23:15:34
INV_002838,ORD_002838,CUST_001261,MERCH_0065,42.95,EUR,PAID,2026-02-04 20:15:06,2026-03-06 20:15:06
INV_002839,ORD_002839,CUST_001121,MERCH_0003,532.99,EUR,PAID,2026-02-08 18:21:09,2026-03-10 18:21:09
INV_002840,ORD_002840,CUST_000421,MERCH_0072,2499.00,INR,PAID,2026-01-22 09:12:46,2026-02-21 09:12:46
INV_002841,ORD_002841,CUST_002582,MERCH_0059,999.00,INR,PAID,2026-01-15 19:57:22,2026-02-14 19:57:22
INV_002842,ORD_002842,CUST_004221,MERCH_0079,60.75,EUR,PAID,2026-01-23 15:18:34,2026-02-22 15:18:34
INV_002843,ORD_002843,CUST_004402,MERCH_0067,560.50,CAD,PAID,2026-02-03 21:12:59,2026-03-05 21:12:59
INV_002844,ORD_002844,CUST_004935,MERCH_0033,1766.80,USD,PAID,2026-02-17 18:28:07,2026-03-19 18:28:07
INV_002845,ORD_002845,CUST_004821,MERCH_0036,150.25,USD,PAID,2026-03-02 02:53:15,2026-04-01 02:53:15
INV_002847,ORD_002847,CUST_001685,MERCH_0061,2776.49,EUR,PAID,2026-03-30 12:54:48,2026-04-29 12:54:48
INV_002848,ORD_002848,CUST_002277,MERCH_0055,246.00,CAD,PAID,2026-03-28 18:36:56,2026-04-27 18:36:56
INV_002849,ORD_002849,CUST_003719,MERCH_0085,3011.25,USD,PAID,2026-03-20 04:19:28,2026-04-19 04:19:28
INV_002850,ORD_002850,CUST_001898,MERCH_0024,499.00,INR,PAID,2026-02-10 03:40:20,2026-03-12 03:40:20
INV_002851,ORD_002851,CUST_003438,MERCH_0072,76.50,EUR,PAID,2026-02-13 22:35:13,2026-03-15 22:35:13
INV_002852,ORD_002852,CUST_004808,MERCH_0099,627.50,EUR,PAID,2026-03-23 21:01:47,2026-04-22 21:01:47
INV_002853,ORD_002853,CUST_003313,MERCH_0080,59.95,GBP,PAID,2026-01-03 19:31:42,2026-02-02 19:31:42
INV_002854,ORD_002854,CUST_003811,MERCH_0025,1499.00,INR,PAID,2026-03-11 13:27:16,2026-04-10 13:27:16
INV_002855,ORD_002855,CUST_004633,MERCH_0048,207.00,EUR,PAID,2026-02-09 11:28:42,2026-03-11 11:28:42
INV_002856,ORD_002856,CUST_002503,MERCH_0035,359.00,USD,PAID,2026-01-01 12:21:53,2026-01-31 12:21:53
INV_002857,ORD_002857,CUST_001008,MERCH_0031,816.95,GBP,PAID,2026-01-06 05:44:35,2026-02-05 05:44:35
INV_002858,ORD_002858,CUST_001322,MERCH_0068,393.99,GBP,PAID,2026-01-18 10:37:35,2026-02-17 10:37:35
INV_002859,ORD_002859,CUST_004909,MERCH_0074,572.49,EUR,PAID,2026-01-15 19:22:56,2026-02-14 19:22:56
INV_002860,ORD_002860,CUST_003649,MERCH_0036,330.80,EUR,PAID,2026-03-13 10:52:50,2026-04-12 10:52:50
INV_002861,ORD_002861,CUST_001171,MERCH_0076,588.00,GBP,PAID,2026-02-04 18:05:32,2026-03-06 18:05:32
INV_002862,ORD_002862,CUST_000876,MERCH_0001,344.75,USD,PAID,2026-02-16 11:39:40,2026-03-18 11:39:40
INV_002863,ORD_002863,CUST_000991,MERCH_0038,587.25,EUR,PAID,2026-01-20 19:51:46,2026-02-19 19:51:46
INV_002865,ORD_002865,CUST_003757,MERCH_0023,296.00,USD,OVERPAID,2026-01-16 13:49:55,2026-02-15 13:49:55
INV_002866,ORD_002866,CUST_001110,MERCH_0051,59.80,GBP,PAID,2026-03-26 06:21:07,2026-04-25 06:21:07
INV_002867,ORD_002867,CUST_004181,MERCH_0041,1167.95,GBP,PAID,2026-01-31 07:27:37,2026-03-02 07:27:37
INV_002868,ORD_002868,CUST_001291,MERCH_0066,102.75,USD,PAID,2026-03-05 17:38:58,2026-04-04 17:38:58
INV_002869,ORD_002869,CUST_003219,MERCH_0024,75.75,USD,PAID,2026-03-30 16:57:15,2026-04-29 16:57:15
INV_002870,ORD_002870,CUST_003145,MERCH_0056,1824.25,GBP,PAID,2026-02-12 22:59:00,2026-03-14 22:59:00
INV_002871,ORD_002871,CUST_000934,MERCH_0021,43.95,GBP,PAID,2026-03-09 11:18:32,2026-04-08 11:18:32
INV_002872,ORD_002872,CUST_004539,MERCH_0047,2778.75,USD,PAID,2026-03-28 16:10:31,2026-04-27 16:10:31
INV_002873,ORD_002873,CUST_001832,MERCH_0015,57.25,USD,PAID,2026-02-07 00:43:09,2026-03-09 00:43:09
INV_002874,ORD_002874,CUST_000248,MERCH_0016,590.99,USD,PAID,2026-02-13 01:53:48,2026-03-15 01:53:48
INV_002875,ORD_002875,CUST_003265,MERCH_0072,31.95,EUR,PAID,2026-02-21 22:26:25,2026-03-23 22:26:25
INV_002876,ORD_002876,CUST_001420,MERCH_0084,489.25,GBP,PAID,2026-02-01 04:29:33,2026-03-03 04:29:33
INV_002877,ORD_002877,CUST_001533,MERCH_0083,499.00,INR,PAID,2026-02-02 19:48:06,2026-03-04 19:48:06
INV_002878,ORD_002878,CUST_002976,MERCH_0089,614.75,USD,PAID,2026-01-08 15:21:31,2026-02-07 15:21:31
INV_002879,ORD_002879,CUST_001622,MERCH_0059,4999.00,INR,PAID,2026-01-27 06:19:49,2026-02-26 06:19:49
INV_002880,ORD_002880,CUST_001617,MERCH_0015,63.49,GBP,PAID,2026-01-27 10:02:10,2026-02-26 10:02:10
INV_002881,ORD_002881,CUST_001157,MERCH_0020,3999.00,INR,PAID,2026-01-13 16:14:41,2026-02-12 16:14:41
INV_002882,ORD_002882,CUST_002210,MERCH_0014,534.50,EUR,PAID,2026-02-21 13:39:18,2026-03-23 13:39:18
INV_002883,ORD_002883,CUST_004552,MERCH_0100,999.00,INR,PAID,2026-02-28 15:44:34,2026-03-30 15:44:34
INV_002884,ORD_002884,CUST_003292,MERCH_0018,336.80,EUR,PAID,2026-02-20 07:56:51,2026-03-22 07:56:51
INV_002885,ORD_002885,CUST_004439,MERCH_0066,80.00,USD,PAID,2026-03-20 14:27:52,2026-04-19 14:27:52
INV_002886,ORD_002886,CUST_002316,MERCH_0028,2915.99,USD,PAID,2026-03-11 11:08:30,2026-04-10 11:08:30
INV_002887,ORD_002887,CUST_001814,MERCH_0049,119.25,GBP,PAID,2026-02-03 10:57:36,2026-03-05 10:57:36
INV_002888,ORD_002888,CUST_003399,MERCH_0090,32.25,USD,PAID,2026-02-25 12:18:28,2026-03-27 12:18:28
INV_002889,ORD_002889,CUST_004143,MERCH_0019,275.99,EUR,PAID,2026-01-12 10:29:28,2026-02-11 10:29:28
INV_002890,ORD_002890,CUST_002630,MERCH_0075,34.50,USD,PAID,2026-02-28 11:00:51,2026-03-30 11:00:51
INV_002891,ORD_002891,CUST_002900,MERCH_0054,77.25,EUR,PAID,2026-02-18 09:27:00,2026-03-20 09:27:00
INV_002892,ORD_002892,CUST_002830,MERCH_0074,79.95,USD,PAID,2026-03-24 18:21:47,2026-04-23 18:21:47
INV_002893,ORD_002893,CUST_000324,MERCH_0046,2959.50,EUR,PAID,2026-02-21 14:53:31,2026-03-23 14:53:31
INV_002894,ORD_002894,CUST_003865,MERCH_0003,2499.00,INR,PAID,2026-01-15 16:05:46,2026-02-14 16:05:46
INV_002895,ORD_002895,CUST_002975,MERCH_0100,4999.00,INR,PAID,2026-02-17 21:36:00,2026-03-19 21:36:00
INV_002896,ORD_002896,CUST_001640,MERCH_0065,299.00,INR,PAID,2026-02-26 07:16:44,2026-03-28 07:16:44
INV_002897,ORD_002897,CUST_003882,MERCH_0087,603.99,CAD,OVERPAID,2026-02-20 07:14:22,2026-03-22 07:14:22
INV_002898,ORD_002898,CUST_003121,MERCH_0048,68.50,CAD,PAID,2026-03-01 20:41:01,2026-03-31 20:41:01
INV_002899,ORD_002899,CUST_003395,MERCH_0031,799.00,INR,PAID,2026-02-22 15:13:50,2026-03-24 15:13:50
INV_002901,ORD_002901,CUST_000146,MERCH_0066,18.80,USD,PAID,2026-01-09 20:40:34,2026-02-08 20:40:34
INV_002902,ORD_002902,CUST_003167,MERCH_0018,43.95,USD,PAID,2026-03-06 10:42:12,2026-04-05 10:42:12
INV_002903,ORD_002903,CUST_002310,MERCH_0083,299.00,INR,PAID,2026-03-09 22:42:10,2026-04-08 22:42:10
INV_002904,ORD_002904,CUST_003498,MERCH_0085,2379.00,USD,PAID,2026-02-15 19:27:27,2026-03-17 19:27:27
INV_002906,ORD_002906,CUST_003837,MERCH_0032,25.50,GBP,PAID,2026-03-24 11:06:09,2026-04-23 11:06:09
INV_002907,ORD_002907,CUST_001817,MERCH_0083,42.50,USD,PAID,2026-01-19 14:39:43,2026-02-18 14:39:43
INV_002908,ORD_002908,CUST_002950,MERCH_0017,266.80,EUR,PAID,2026-03-28 05:48:06,2026-04-27 05:48:06
INV_002909,ORD_002909,CUST_001351,MERCH_0007,799.00,INR,PAID,2026-01-11 16:19:51,2026-02-10 16:19:51
INV_002910,ORD_002910,CUST_001862,MERCH_0005,486.75,EUR,PAID,2026-03-11 07:47:34,2026-04-10 07:47:34
INV_002911,ORD_002911,CUST_000130,MERCH_0023,3999.00,INR,PAID,2026-03-15 21:43:54,2026-04-14 21:43:54
INV_002912,ORD_002912,CUST_004121,MERCH_0048,567.95,EUR,PAID,2026-03-19 04:04:05,2026-04-18 04:04:05
INV_002913,ORD_002913,CUST_001072,MERCH_0031,55.00,GBP,PAID,2026-03-04 22:56:27,2026-04-03 22:56:27
INV_002914,ORD_002914,CUST_003647,MERCH_0053,610.49,USD,PAID,2026-03-04 22:03:49,2026-04-03 22:03:49
INV_002915,ORD_002915,CUST_002381,MERCH_0042,3050.99,GBP,PAID,2026-03-18 01:19:22,2026-04-17 01:19:22
INV_002916,ORD_002916,CUST_002722,MERCH_0030,552.49,USD,OVERPAID,2026-03-03 12:15:21,2026-04-02 12:15:21
INV_002917,ORD_002917,CUST_001612,MERCH_0087,2097.25,USD,PAID,2026-02-19 08:15:30,2026-03-21 08:15:30
INV_002918,ORD_002918,CUST_004672,MERCH_0060,219.50,EUR,PAID,2026-01-09 16:01:56,2026-02-08 16:01:56
INV_002920,ORD_002920,CUST_002620,MERCH_0024,58.80,USD,PAID,2026-01-09 15:35:38,2026-02-08 15:35:38
INV_002921,ORD_002921,CUST_003257,MERCH_0090,89.00,EUR,PAID,2026-02-13 12:48:07,2026-03-15 12:48:07
INV_002923,ORD_002923,CUST_001053,MERCH_0045,2065.75,USD,PAID,2026-03-02 10:10:22,2026-04-01 10:10:22
INV_002924,ORD_002924,CUST_002719,MERCH_0096,1699.75,GBP,PAID,2026-01-07 12:07:17,2026-02-06 12:07:17
INV_002925,ORD_002925,CUST_003057,MERCH_0060,298.80,USD,PAID,2026-03-07 21:12:35,2026-04-06 21:12:35
INV_002926,ORD_002926,CUST_003950,MERCH_0069,90.75,USD,PAID,2026-02-01 15:02:39,2026-03-03 15:02:39
INV_002927,ORD_002927,CUST_000009,MERCH_0033,267.49,EUR,PAID,2026-02-15 23:48:26,2026-03-17 23:48:26
INV_002928,ORD_002928,CUST_002165,MERCH_0062,590.25,EUR,PAID,2026-02-08 14:04:03,2026-03-10 14:04:03
INV_002929,ORD_002929,CUST_000981,MERCH_0059,458.95,GBP,PAID,2026-03-15 04:43:16,2026-04-14 04:43:16
INV_002930,ORD_002930,CUST_001616,MERCH_0097,452.99,USD,PAID,2026-02-07 20:47:34,2026-03-09 20:47:34
INV_002931,ORD_002931,CUST_000087,MERCH_0041,592.49,GBP,PAID,2026-02-16 09:08:43,2026-03-18 09:08:43
INV_002932,ORD_002932,CUST_002196,MERCH_0050,63.49,GBP,PAID,2026-03-12 19:24:15,2026-04-11 19:24:15
INV_002933,ORD_002933,CUST_001938,MERCH_0086,71.25,USD,PAID,2026-01-11 17:33:57,2026-02-10 17:33:57
INV_002934,ORD_002934,CUST_000314,MERCH_0075,425.49,USD,PAID,2026-02-26 22:08:53,2026-03-28 22:08:53
INV_002936,ORD_002936,CUST_004182,MERCH_0058,2704.00,GBP,PAID,2026-02-15 05:07:05,2026-03-17 05:07:05
INV_002937,ORD_002937,CUST_002019,MERCH_0096,2628.99,GBP,PAID,2026-02-28 23:59:32,2026-03-30 23:59:32
INV_002938,ORD_002938,CUST_003775,MERCH_0057,19.99,USD,PAID,2026-02-15 20:14:50,2026-03-17 20:14:50
INV_002939,ORD_002939,CUST_002668,MERCH_0013,2609.50,GBP,PAID,2026-01-29 17:18:15,2026-02-28 17:18:15
INV_002940,ORD_002940,CUST_000860,MERCH_0100,280.25,EUR,PAID,2026-01-21 21:22:59,2026-02-20 21:22:59
INV_002941,ORD_002941,CUST_002046,MERCH_0009,78.95,GBP,PAID,2026-02-12 12:25:43,2026-03-14 12:25:43
INV_002942,ORD_002942,CUST_002179,MERCH_0068,60.99,GBP,PAID,2026-01-18 02:05:37,2026-02-17 02:05:37
INV_002943,ORD_002943,CUST_002987,MERCH_0056,62.50,GBP,PAID,2026-02-02 22:42:43,2026-03-04 22:42:43
INV_002944,ORD_002944,CUST_000212,MERCH_0086,34.75,GBP,PAID,2026-03-26 18:08:34,2026-04-25 18:08:34
INV_002945,ORD_002945,CUST_004450,MERCH_0019,39.80,USD,PAID,2026-03-25 04:42:31,2026-04-24 04:42:31
INV_002946,ORD_002946,CUST_003364,MERCH_0021,3999.00,INR,PAID,2026-02-21 09:43:48,2026-03-23 09:43:48
INV_002947,ORD_002947,CUST_001237,MERCH_0059,16.75,CAD,PAID,2026-03-29 09:10:59,2026-04-28 09:10:59
INV_002948,ORD_002948,CUST_003934,MERCH_0070,440.95,EUR,PAID,2026-02-01 00:26:51,2026-03-03 00:26:51
INV_002949,ORD_002949,CUST_000099,MERCH_0084,68.00,CAD,PAID,2026-02-01 09:04:41,2026-03-03 09:04:41
INV_002950,ORD_002950,CUST_000651,MERCH_0056,642.80,CAD,PAID,2026-02-27 10:17:23,2026-03-29 10:17:23
INV_002951,ORD_002951,CUST_001797,MERCH_0032,499.80,USD,PAID,2026-01-24 00:54:25,2026-02-23 00:54:25
INV_002952,ORD_002952,CUST_003526,MERCH_0089,157.49,GBP,PAID,2026-03-31 15:23:10,2026-04-30 15:23:10
INV_002953,ORD_002953,CUST_004501,MERCH_0027,55.80,GBP,PAID,2026-03-28 08:16:20,2026-04-27 08:16:20
INV_002954,ORD_002954,CUST_000032,MERCH_0041,108.50,EUR,PAID,2026-01-25 19:46:50,2026-02-24 19:46:50
INV_002955,ORD_002955,CUST_000623,MERCH_0077,500.80,EUR,PAID,2026-01-27 12:18:10,2026-02-26 12:18:10
INV_002956,ORD_002956,CUST_002442,MERCH_0057,2499.00,INR,PAID,2026-02-17 09:06:29,2026-03-19 09:06:29
INV_002957,ORD_002957,CUST_003690,MERCH_0068,2134.99,USD,PAID,2026-03-20 14:28:22,2026-04-19 14:28:22
INV_002958,ORD_002958,CUST_002163,MERCH_0034,70.25,EUR,PAID,2026-03-19 06:00:55,2026-04-18 06:00:55
INV_002959,ORD_002959,CUST_002056,MERCH_0062,71.80,EUR,PAID,2026-02-16 16:20:22,2026-03-18 16:20:22
INV_002960,ORD_002960,CUST_003729,MERCH_0066,948.25,EUR,PAID,2026-02-13 10:29:12,2026-03-15 10:29:12
INV_002961,ORD_002961,CUST_003059,MERCH_0043,38.75,USD,PAID,2026-02-18 03:32:07,2026-03-20 03:32:07
INV_002962,ORD_002962,CUST_000101,MERCH_0076,529.99,USD,PAID,2026-02-01 08:26:46,2026-03-03 08:26:46
INV_002963,ORD_002963,CUST_004648,MERCH_0094,38.75,USD,PAID,2026-01-07 19:58:15,2026-02-06 19:58:15
INV_002964,ORD_002964,CUST_002024,MERCH_0030,40.25,USD,PAID,2026-03-28 01:25:41,2026-04-27 01:25:41
INV_002965,ORD_002965,CUST_004438,MERCH_0075,1291.25,USD,PAID,2026-01-03 06:39:16,2026-02-02 06:39:16
INV_002966,ORD_002966,CUST_004015,MERCH_0068,597.99,EUR,PAID,2026-02-24 16:13:16,2026-03-26 16:13:16
INV_002967,ORD_002967,CUST_000389,MERCH_0032,80.80,EUR,PAID,2026-02-27 09:46:54,2026-03-29 09:46:54
INV_002968,ORD_002968,CUST_004664,MERCH_0004,4999.00,INR,PAID,2026-02-18 19:32:43,2026-03-20 19:32:43
INV_002969,ORD_002969,CUST_002981,MERCH_0036,490.80,USD,PAID,2026-03-06 13:16:42,2026-04-05 13:16:42
INV_002970,ORD_002970,CUST_001895,MERCH_0057,232.50,GBP,PAID,2026-03-11 07:20:54,2026-04-10 07:20:54
INV_002971,ORD_002971,CUST_000129,MERCH_0031,440.95,EUR,PAID,2026-02-02 14:20:08,2026-03-04 14:20:08
INV_002972,ORD_002972,CUST_001666,MERCH_0041,55.80,GBP,PAID,2026-02-27 00:46:37,2026-03-29 00:46:37
INV_002973,ORD_002973,CUST_004103,MERCH_0065,55.80,USD,PAID,2026-01-30 20:27:24,2026-03-01 20:27:24
INV_002974,ORD_002974,CUST_003211,MERCH_0026,42.80,EUR,PAID,2026-02-03 04:50:07,2026-03-05 04:50:07
INV_002975,ORD_002975,CUST_000373,MERCH_0025,147.25,EUR,PAID,2026-02-10 00:13:49,2026-03-12 00:13:49
INV_002976,ORD_002976,CUST_001986,MERCH_0071,268.00,USD,PAID,2026-02-23 23:05:44,2026-03-25 23:05:44
INV_002977,ORD_002977,CUST_004561,MERCH_0073,36.49,EUR,PAID,2026-03-17 04:10:37,2026-04-16 04:10:37
INV_002979,ORD_002979,CUST_004112,MERCH_0088,246.49,GBP,PAID,2026-01-21 03:08:38,2026-02-20 03:08:38
INV_002980,ORD_002980,CUST_003270,MERCH_0006,2084.99,EUR,PAID,2026-02-16 09:55:19,2026-03-18 09:55:19
INV_002981,ORD_002981,CUST_000025,MERCH_0013,214.80,GBP,PAID,2026-02-01 05:57:44,2026-03-03 05:57:44
INV_002982,ORD_002982,CUST_004368,MERCH_0089,55.49,EUR,PAID,2026-03-05 12:29:29,2026-04-04 12:29:29
INV_002983,ORD_002983,CUST_003969,MERCH_0044,233.99,USD,PAID,2026-02-19 05:25:25,2026-03-21 05:25:25
INV_002984,ORD_002984,CUST_000486,MERCH_0048,200.95,USD,PAID,2026-03-18 22:30:29,2026-04-17 22:30:29
INV_002985,ORD_002985,CUST_000939,MERCH_0099,528.99,USD,PAID,2026-01-09 16:03:20,2026-02-08 16:03:20
INV_002986,ORD_002986,CUST_003609,MERCH_0036,20.99,GBP,PAID,2026-03-06 17:49:07,2026-04-05 17:49:07
INV_002987,ORD_002987,CUST_004537,MERCH_0083,104.50,EUR,PAID,2026-02-27 07:11:03,2026-03-29 07:11:03
INV_002988,ORD_002988,CUST_004973,MERCH_0040,59.75,USD,PAID,2026-03-18 23:09:41,2026-04-17 23:09:41
INV_002989,ORD_002989,CUST_003226,MERCH_0029,579.75,GBP,PAID,2026-01-21 19:03:06,2026-02-20 19:03:06
INV_002990,ORD_002990,CUST_004178,MERCH_0099,43.80,EUR,PAID,2026-03-31 06:41:38,2026-04-30 06:41:38
INV_002991,ORD_002991,CUST_002030,MERCH_0052,116.00,EUR,PAID,2026-03-07 11:32:39,2026-04-06 11:32:39
INV_002993,ORD_002993,CUST_003585,MERCH_0015,78.80,USD,PAID,2026-01-06 06:35:29,2026-02-05 06:35:29
INV_002994,ORD_002994,CUST_004369,MERCH_0053,17.49,GBP,PAID,2026-03-30 17:52:17,2026-04-29 17:52:17
INV_002995,ORD_002995,CUST_000890,MERCH_0078,27.49,GBP,PAID,2026-03-08 06:40:55,2026-04-07 06:40:55
INV_002996,ORD_002996,CUST_003029,MERCH_0020,799.00,INR,PAID,2026-02-12 23:04:32,2026-03-14 23:04:32
INV_002997,ORD_002997,CUST_004862,MERCH_0052,35.25,USD,PAID,2026-02-18 21:32:57,2026-03-20 21:32:57
INV_002998,ORD_002998,CUST_004788,MERCH_0082,22.95,EUR,PAID,2026-01-31 07:31:24,2026-03-02 07:31:24
INV_002999,ORD_002999,CUST_001807,MERCH_0030,69.80,USD,PAID,2026-01-10 00:18:12,2026-02-09 00:18:12
INV_003000,ORD_003000,CUST_002069,MERCH_0099,48.25,USD,PAID,2026-02-13 18:32:36,2026-03-15 18:32:36
INV_003001,ORD_003001,CUST_002326,MERCH_0034,9999.00,INR,PAID,2026-02-03 19:23:43,2026-03-05 19:23:43
INV_003002,ORD_003002,CUST_000708,MERCH_0033,999.00,INR,PAID,2026-03-06 08:38:04,2026-04-05 08:38:04
INV_003003,ORD_003003,CUST_004146,MERCH_0077,39.50,GBP,PAID,2026-02-17 09:42:45,2026-03-19 09:42:45
INV_003004,ORD_003004,CUST_001350,MERCH_0042,83.80,GBP,PAID,2026-01-31 15:08:50,2026-03-02 15:08:50
INV_003005,ORD_003005,CUST_002143,MERCH_0056,799.00,INR,PAID,2026-03-24 07:50:42,2026-04-23 07:50:42
INV_003006,ORD_003006,CUST_001270,MERCH_0037,40.99,EUR,PAID,2026-02-01 21:38:11,2026-03-03 21:38:11
INV_003007,ORD_003007,CUST_002096,MERCH_0069,16.99,EUR,PAID,2026-01-13 05:33:00,2026-02-12 05:33:00
INV_003008,ORD_003008,CUST_001159,MERCH_0099,66.99,EUR,PAID,2026-03-26 09:56:31,2026-04-25 09:56:31
INV_003009,ORD_003009,CUST_004306,MERCH_0083,563.00,GBP,PAID,2026-03-31 21:43:19,2026-04-30 21:43:19
INV_003010,ORD_003010,CUST_001511,MERCH_0005,188.75,EUR,PAID,2026-03-06 01:00:51,2026-04-05 01:00:51
INV_003011,ORD_003011,CUST_002028,MERCH_0058,72.25,EUR,PAID,2026-01-24 23:39:41,2026-02-23 23:39:41
INV_003012,ORD_003012,CUST_004168,MERCH_0065,631.95,EUR,PAID,2026-03-25 19:00:23,2026-04-24 19:00:23
INV_003013,ORD_003013,CUST_002372,MERCH_0074,287.75,EUR,PAID,2026-01-27 09:01:06,2026-02-26 09:01:06
INV_003014,ORD_003014,CUST_004134,MERCH_0053,2004.00,EUR,PAID,2026-01-26 14:49:19,2026-02-25 14:49:19
INV_003015,ORD_003015,CUST_001530,MERCH_0098,41.49,CAD,PAID,2026-01-04 09:23:46,2026-02-03 09:23:46
INV_003016,ORD_003016,CUST_002478,MERCH_0032,28.75,CAD,PAID,2026-01-05 07:39:29,2026-02-04 07:39:29
INV_003017,ORD_003017,CUST_000864,MERCH_0003,92.95,EUR,PAID,2026-02-08 23:06:15,2026-03-10 23:06:15
INV_003018,ORD_003018,CUST_004891,MERCH_0016,945.99,CAD,PAID,2026-01-22 21:02:15,2026-02-21 21:02:15
INV_003019,ORD_003019,CUST_003971,MERCH_0047,1999.00,INR,PAID,2026-01-25 04:27:05,2026-02-24 04:27:05
INV_003020,ORD_003020,CUST_004097,MERCH_0002,442.75,GBP,PAID,2026-02-11 02:50:40,2026-03-13 02:50:40
INV_003021,ORD_003021,CUST_001431,MERCH_0084,2676.95,EUR,PAID,2026-03-20 22:04:44,2026-04-19 22:04:44
INV_003022,ORD_003022,CUST_004508,MERCH_0014,1057.25,EUR,PAID,2026-03-09 21:37:17,2026-04-08 21:37:17
INV_003023,ORD_003023,CUST_000533,MERCH_0017,56.95,CAD,PAID,2026-01-07 03:37:54,2026-02-06 03:37:54
INV_003024,ORD_003024,CUST_001114,MERCH_0051,76.49,EUR,PAID,2026-03-11 03:51:55,2026-04-10 03:51:55
INV_003025,ORD_003025,CUST_003066,MERCH_0054,176.75,GBP,PAID,2026-01-06 03:07:02,2026-02-05 03:07:02
INV_003026,ORD_003026,CUST_003626,MERCH_0006,73.75,EUR,PAID,2026-01-23 06:20:02,2026-02-22 06:20:02
INV_003027,ORD_003027,CUST_000083,MERCH_0080,2048.00,EUR,PAID,2026-02-28 19:38:37,2026-03-30 19:38:37
INV_003028,ORD_003028,CUST_000325,MERCH_0051,1816.50,USD,PAID,2026-02-17 03:38:01,2026-03-19 03:38:01
INV_003030,ORD_003030,CUST_004883,MERCH_0020,73.50,CAD,PAID,2026-03-18 11:36:50,2026-04-17 11:36:50
INV_003031,ORD_003031,CUST_004856,MERCH_0038,4999.00,INR,PAID,2026-03-07 10:00:58,2026-04-06 10:00:58
INV_003032,ORD_003032,CUST_000699,MERCH_0031,450.25,GBP,PAID,2026-02-19 10:22:20,2026-03-21 10:22:20
INV_003033,ORD_003033,CUST_004703,MERCH_0061,999.00,INR,PAID,2026-01-18 04:13:58,2026-02-17 04:13:58
INV_003034,ORD_003034,CUST_002945,MERCH_0045,367.99,GBP,PAID,2026-03-04 07:26:16,2026-04-03 07:26:16
INV_003035,ORD_003035,CUST_000112,MERCH_0005,3178.80,EUR,PAID,2026-03-27 05:36:27,2026-04-26 05:36:27
INV_003036,ORD_003036,CUST_000779,MERCH_0019,593.75,USD,PAID,2026-03-03 11:58:15,2026-04-02 11:58:15
INV_003037,ORD_003037,CUST_003071,MERCH_0097,29.25,GBP,PAID,2026-03-07 16:48:18,2026-04-06 16:48:18
INV_003038,ORD_003038,CUST_001638,MERCH_0012,70.99,CAD,PAID,2026-03-31 18:28:57,2026-04-30 18:28:57
INV_003039,ORD_003039,CUST_003177,MERCH_0010,2499.00,INR,PAID,2026-03-14 10:54:38,2026-04-13 10:54:38
INV_003040,ORD_003040,CUST_000430,MERCH_0038,15.50,GBP,PAID,2026-03-30 02:12:47,2026-04-29 02:12:47
INV_003042,ORD_003042,CUST_000603,MERCH_0071,421.00,USD,PAID,2026-02-28 08:34:48,2026-03-30 08:34:48
INV_003044,ORD_003044,CUST_000231,MERCH_0084,181.25,GBP,PAID,2026-01-15 21:11:38,2026-02-14 21:11:38
INV_003045,ORD_003045,CUST_002416,MERCH_0022,72.75,GBP,PAID,2026-02-26 17:33:23,2026-03-28 17:33:23
INV_003046,ORD_003046,CUST_000701,MERCH_0061,78.75,USD,PAID,2026-02-18 16:33:58,2026-03-20 16:33:58
INV_003047,ORD_003047,CUST_001000,MERCH_0051,2791.80,CAD,PAID,2026-01-31 23:17:12,2026-03-02 23:17:12
INV_003048,ORD_003048,CUST_004538,MERCH_0094,3999.00,INR,PAID,2026-03-25 23:52:42,2026-04-24 23:52:42
INV_003049,ORD_003049,CUST_002156,MERCH_0021,593.95,GBP,PAID,2026-01-12 13:51:18,2026-02-11 13:51:18
INV_003050,ORD_003050,CUST_001671,MERCH_0010,1731.80,USD,PAID,2026-02-13 09:08:26,2026-03-15 09:08:26
INV_003051,ORD_003051,CUST_002542,MERCH_0042,568.00,USD,PAID,2026-03-30 03:08:43,2026-04-29 03:08:43
INV_003052,ORD_003052,CUST_000744,MERCH_0016,477.49,EUR,PAID,2026-02-18 04:17:17,2026-03-20 04:17:17
INV_003053,ORD_003053,CUST_001030,MERCH_0087,3373.75,CAD,PAID,2026-02-14 04:20:04,2026-03-16 04:20:04
INV_003054,ORD_003054,CUST_002003,MERCH_0004,69.25,EUR,PAID,2026-02-01 04:40:46,2026-03-03 04:40:46
INV_003055,ORD_003055,CUST_002599,MERCH_0086,529.25,EUR,PAID,2026-01-29 12:35:31,2026-02-28 12:35:31
INV_003056,ORD_003056,CUST_002296,MERCH_0054,1499.00,INR,PAID,2026-01-21 06:39:28,2026-02-20 06:39:28
INV_003057,ORD_003057,CUST_002390,MERCH_0041,33.25,EUR,PAID,2026-03-06 06:58:51,2026-04-05 06:58:51
INV_003058,ORD_003058,CUST_000601,MERCH_0017,1722.25,USD,PAID,2026-03-19 16:03:58,2026-04-18 16:03:58
INV_003059,ORD_003059,CUST_002769,MERCH_0081,69.75,EUR,PAID,2026-03-01 20:51:57,2026-03-31 20:51:57
INV_003060,ORD_003060,CUST_002661,MERCH_0033,2499.00,INR,PAID,2026-01-19 13:49:43,2026-02-18 13:49:43
INV_003061,ORD_003061,CUST_000277,MERCH_0056,42.95,USD,PAID,2026-03-17 22:44:00,2026-04-16 22:44:00
INV_003062,ORD_003062,CUST_001984,MERCH_0055,2876.00,EUR,PAID,2026-03-03 17:23:58,2026-04-02 17:23:58
INV_003064,ORD_003064,CUST_002511,MERCH_0063,43.75,EUR,PAID,2026-03-23 15:28:50,2026-04-22 15:28:50
INV_003065,ORD_003065,CUST_004940,MERCH_0056,595.49,USD,PAID,2026-02-16 16:55:27,2026-03-18 16:55:27
INV_003066,ORD_003066,CUST_003963,MERCH_0086,15.00,USD,PAID,2026-03-19 16:30:16,2026-04-18 16:30:16
INV_003067,ORD_003067,CUST_000947,MERCH_0096,539.25,USD,OVERPAID,2026-02-20 15:03:07,2026-03-22 15:03:07
INV_003068,ORD_003068,CUST_002684,MERCH_0003,299.00,INR,PAID,2026-03-12 15:11:50,2026-04-11 15:11:50
INV_003069,ORD_003069,CUST_003662,MERCH_0035,21.25,EUR,PAID,2026-03-13 04:32:25,2026-04-12 04:32:25
INV_003070,ORD_003070,CUST_000778,MERCH_0082,795.99,EUR,PAID,2026-01-10 01:47:47,2026-02-09 01:47:47
INV_003071,ORD_003071,CUST_000213,MERCH_0066,40.00,GBP,PAID,2026-02-19 20:43:13,2026-03-21 20:43:13
INV_003072,ORD_003072,CUST_001144,MERCH_0078,245.50,GBP,PAID,2026-03-27 14:00:50,2026-04-26 14:00:50
INV_003073,ORD_003073,CUST_000019,MERCH_0045,2407.99,CAD,PAID,2026-03-22 08:50:24,2026-04-21 08:50:24
INV_003074,ORD_003074,CUST_002288,MERCH_0025,587.80,GBP,PAID,2026-03-19 03:17:49,2026-04-18 03:17:49
INV_003075,ORD_003075,CUST_004015,MERCH_0090,499.00,INR,PAID,2026-03-26 02:20:39,2026-04-25 02:20:39
INV_003076,ORD_003076,CUST_000285,MERCH_0024,1719.75,EUR,PAID,2026-02-12 23:08:46,2026-03-14 23:08:46
INV_003077,ORD_003077,CUST_002356,MERCH_0091,3364.00,USD,OVERPAID,2026-01-15 05:38:07,2026-02-14 05:38:07
INV_003078,ORD_003078,CUST_002941,MERCH_0047,3999.00,INR,PAID,2026-03-09 04:45:22,2026-04-08 04:45:22
INV_003079,ORD_003079,CUST_001493,MERCH_0038,545.80,CAD,PAID,2026-02-17 18:07:07,2026-03-19 18:07:07
INV_003080,ORD_003080,CUST_004776,MERCH_0017,28.75,USD,PAID,2026-01-15 17:29:07,2026-02-14 17:29:07
INV_003081,ORD_003081,CUST_000876,MERCH_0007,20.99,EUR,PAID,2026-01-04 03:27:46,2026-02-03 03:27:46
INV_003082,ORD_003082,CUST_000849,MERCH_0092,210.50,CAD,PAID,2026-01-17 21:02:54,2026-02-16 21:02:54
INV_003083,ORD_003083,CUST_004291,MERCH_0032,53.80,USD,PAID,2026-03-15 09:00:22,2026-04-14 09:00:22
INV_003084,ORD_003084,CUST_004316,MERCH_0002,1491.80,GBP,PAID,2026-02-04 14:25:04,2026-03-06 14:25:04
INV_003085,ORD_003085,CUST_004538,MERCH_0055,609.25,EUR,PAID,2026-01-19 08:13:14,2026-02-18 08:13:14
INV_003086,ORD_003086,CUST_000875,MERCH_0048,3999.00,INR,PAID,2026-03-02 22:45:42,2026-04-01 22:45:42
INV_003087,ORD_003087,CUST_000026,MERCH_0070,2443.95,USD,PAID,2026-01-20 10:54:27,2026-02-19 10:54:27
INV_003088,ORD_003088,CUST_001712,MERCH_0029,486.95,USD,PAID,2026-02-13 13:25:39,2026-03-15 13:25:39
INV_003089,ORD_003089,CUST_003602,MERCH_0004,44.00,EUR,PAID,2026-03-25 10:57:28,2026-04-24 10:57:28
INV_003090,ORD_003090,CUST_002162,MERCH_0027,109.49,EUR,PAID,2026-02-23 21:02:59,2026-03-25 21:02:59
INV_003091,ORD_003091,CUST_001117,MERCH_0008,647.95,GBP,PAID,2026-03-13 02:48:57,2026-04-12 02:48:57
INV_003092,ORD_003092,CUST_003806,MERCH_0029,183.25,EUR,PAID,2026-01-08 02:28:48,2026-02-07 02:28:48
INV_003093,ORD_003093,CUST_000133,MERCH_0058,586.25,GBP,PAID,2026-02-07 07:47:11,2026-03-09 07:47:11
INV_003094,ORD_003094,CUST_001909,MERCH_0098,176.49,EUR,PAID,2026-01-10 02:26:17,2026-02-09 02:26:17
INV_003095,ORD_003095,CUST_002007,MERCH_0077,342.49,CAD,PAID,2026-02-17 21:49:22,2026-03-19 21:49:22
INV_003096,ORD_003096,CUST_000069,MERCH_0060,297.80,CAD,PAID,2026-03-17 10:56:02,2026-04-16 10:56:02
INV_003097,ORD_003097,CUST_003040,MERCH_0037,179.00,EUR,PAID,2026-02-20 13:16:08,2026-03-22 13:16:08
INV_003098,ORD_003098,CUST_002446,MERCH_0017,1649.95,GBP,PAID,2026-02-12 05:13:55,2026-03-14 05:13:55
INV_003099,ORD_003099,CUST_003479,MERCH_0099,43.00,EUR,PAID,2026-02-02 04:28:09,2026-03-04 04:28:09
INV_003100,ORD_003100,CUST_003689,MERCH_0004,104.99,USD,PAID,2026-01-16 17:57:46,2026-02-15 17:57:46
INV_003101,ORD_003101,CUST_004657,MERCH_0013,70.95,GBP,PAID,2026-02-28 23:43:53,2026-03-30 23:43:53
INV_003102,ORD_003102,CUST_002412,MERCH_0034,61.99,USD,PAID,2026-01-19 07:39:45,2026-02-18 07:39:45
INV_003103,ORD_003103,CUST_000079,MERCH_0036,65.00,GBP,PAID,2026-02-25 01:33:38,2026-03-27 01:33:38
INV_003104,ORD_003104,CUST_001836,MERCH_0010,1499.00,INR,PAID,2026-03-28 04:02:03,2026-04-27 04:02:03
INV_003105,ORD_003105,CUST_004677,MERCH_0003,2499.00,INR,PAID,2026-01-08 07:44:49,2026-02-07 07:44:49
INV_003106,ORD_003106,CUST_000330,MERCH_0002,67.00,USD,PAID,2026-03-28 15:36:31,2026-04-27 15:36:31
INV_003107,ORD_003107,CUST_001729,MERCH_0068,61.80,GBP,PAID,2026-01-30 00:54:34,2026-03-01 00:54:34
INV_003108,ORD_003108,CUST_003482,MERCH_0051,166.80,USD,PAID,2026-01-14 08:53:38,2026-02-13 08:53:38
INV_003109,ORD_003109,CUST_000731,MERCH_0011,190.50,EUR,PAID,2026-02-19 12:46:41,2026-03-21 12:46:41
INV_003110,ORD_003110,CUST_004562,MERCH_0008,104.99,EUR,PAID,2026-03-07 20:37:01,2026-04-06 20:37:01
INV_003111,ORD_003111,CUST_004074,MERCH_0010,573.25,USD,PAID,2026-01-26 05:37:26,2026-02-25 05:37:26
INV_003112,ORD_003112,CUST_000327,MERCH_0081,999.00,INR,PAID,2026-03-09 08:56:12,2026-04-08 08:56:12
INV_003113,ORD_003113,CUST_002968,MERCH_0021,341.49,EUR,OVERPAID,2026-01-31 03:40:08,2026-03-02 03:40:08
INV_003114,ORD_003114,CUST_004138,MERCH_0098,167.95,GBP,PAID,2026-03-01 05:37:14,2026-03-31 05:37:14
INV_003115,ORD_003115,CUST_001984,MERCH_0012,50.50,USD,PAID,2026-03-26 04:32:29,2026-04-25 04:32:29
INV_003116,ORD_003116,CUST_002660,MERCH_0059,1877.95,USD,PAID,2026-02-26 02:27:09,2026-03-28 02:27:09
INV_003117,ORD_003117,CUST_003150,MERCH_0040,1612.95,GBP,PAID,2026-02-03 06:59:28,2026-03-05 06:59:28
INV_003118,ORD_003118,CUST_000150,MERCH_0072,569.75,EUR,PAID,2026-03-04 19:44:29,2026-04-03 19:44:29
INV_003119,ORD_003119,CUST_004352,MERCH_0058,33.75,USD,PAID,2026-01-05 17:19:31,2026-02-04 17:19:31
INV_003120,ORD_003120,CUST_003469,MERCH_0016,70.80,GBP,PAID,2026-01-13 14:53:27,2026-02-12 14:53:27
INV_003121,ORD_003121,CUST_000669,MERCH_0089,1321.75,EUR,PAID,2026-02-27 09:56:08,2026-03-29 09:56:08
INV_003122,ORD_003122,CUST_003673,MERCH_0015,96.80,USD,PAID,2026-02-12 13:14:20,2026-03-14 13:14:20
INV_003123,ORD_003123,CUST_000957,MERCH_0074,527.99,GBP,OVERPAID,2026-01-03 20:02:08,2026-02-02 20:02:08
INV_003124,ORD_003124,CUST_002483,MERCH_0085,3999.00,INR,OVERPAID,2026-03-25 09:01:30,2026-04-24 09:01:30
INV_003125,ORD_003125,CUST_000454,MERCH_0060,449.00,EUR,PAID,2026-01-14 09:39:05,2026-02-13 09:39:05
INV_003126,ORD_003126,CUST_004410,MERCH_0082,64.99,USD,OVERPAID,2026-02-01 11:00:20,2026-03-03 11:00:20
INV_003128,ORD_003128,CUST_002736,MERCH_0001,691.99,USD,PAID,2026-01-03 20:55:50,2026-02-02 20:55:50
INV_003129,ORD_003129,CUST_001171,MERCH_0068,650.99,EUR,PAID,2026-02-16 10:14:13,2026-03-18 10:14:13
INV_003130,ORD_003130,CUST_003493,MERCH_0095,69.00,EUR,PAID,2026-03-21 14:47:48,2026-04-20 14:47:48
INV_003131,ORD_003131,CUST_002509,MERCH_0056,373.50,GBP,PAID,2026-01-26 22:49:14,2026-02-25 22:49:14
INV_003132,ORD_003132,CUST_003262,MERCH_0078,76.25,EUR,PAID,2026-03-20 03:43:14,2026-04-19 03:43:14
INV_003133,ORD_003133,CUST_004023,MERCH_0036,147.95,GBP,PAID,2026-01-11 15:11:46,2026-02-10 15:11:46
INV_003134,ORD_003134,CUST_003857,MERCH_0003,433.99,GBP,PAID,2026-03-20 06:30:58,2026-04-19 06:30:58
INV_003135,ORD_003135,CUST_000508,MERCH_0068,76.50,EUR,PAID,2026-02-16 23:11:57,2026-03-18 23:11:57
INV_003136,ORD_003136,CUST_002523,MERCH_0028,76.00,USD,PAID,2026-03-22 09:40:13,2026-04-21 09:40:13
INV_003137,ORD_003137,CUST_002306,MERCH_0080,63.00,GBP,PAID,2026-01-10 18:54:07,2026-02-09 18:54:07
INV_003138,ORD_003138,CUST_001430,MERCH_0083,812.25,USD,PAID,2026-02-25 21:33:09,2026-03-27 21:33:09
INV_003139,ORD_003139,CUST_004912,MERCH_0060,446.95,EUR,PAID,2026-03-30 05:56:14,2026-04-29 05:56:14
INV_003140,ORD_003140,CUST_001889,MERCH_0025,475.99,USD,PAID,2026-02-24 22:48:40,2026-03-26 22:48:40
INV_003141,ORD_003141,CUST_004702,MERCH_0028,446.75,CAD,PAID,2026-01-29 11:04:16,2026-02-28 11:04:16
INV_003142,ORD_003142,CUST_003884,MERCH_0032,56.75,EUR,PAID,2026-03-12 03:42:15,2026-04-11 03:42:15
INV_003143,ORD_003143,CUST_000650,MERCH_0088,491.75,USD,PAID,2026-02-14 09:19:37,2026-03-16 09:19:37
INV_003144,ORD_003144,CUST_003478,MERCH_0021,54.50,EUR,PAID,2026-02-13 08:33:47,2026-03-15 08:33:47
INV_003145,ORD_003145,CUST_003233,MERCH_0019,327.80,USD,PAID,2026-02-24 12:26:07,2026-03-26 12:26:07
INV_003146,ORD_003146,CUST_001405,MERCH_0011,599.25,CAD,PAID,2026-03-25 07:46:53,2026-04-24 07:46:53
INV_003147,ORD_003147,CUST_000148,MERCH_0038,471.50,EUR,PAID,2026-02-13 08:15:45,2026-03-15 08:15:45
INV_003148,ORD_003148,CUST_001806,MERCH_0063,799.00,INR,PAID,2026-01-08 12:46:05,2026-02-07 12:46:05
INV_003149,ORD_003149,CUST_000838,MERCH_0059,367.50,USD,PAID,2026-02-25 07:46:25,2026-03-27 07:46:25
INV_003150,ORD_003150,CUST_003460,MERCH_0024,65.49,USD,PAID,2026-02-05 16:12:37,2026-03-07 16:12:37
INV_003151,ORD_003151,CUST_001717,MERCH_0075,112.49,CAD,PAID,2026-02-06 05:23:09,2026-03-08 05:23:09
INV_003152,ORD_003152,CUST_003629,MERCH_0051,999.00,INR,PAID,2026-03-24 05:00:05,2026-04-23 05:00:05
INV_003153,ORD_003153,CUST_004647,MERCH_0036,18.80,USD,PAID,2026-01-19 19:25:56,2026-02-18 19:25:56
INV_003154,ORD_003154,CUST_003648,MERCH_0091,76.75,USD,PAID,2026-01-21 23:49:56,2026-02-20 23:49:56
INV_003155,ORD_003155,CUST_002371,MERCH_0013,35.25,GBP,PAID,2026-02-25 05:16:53,2026-03-27 05:16:53
INV_003156,ORD_003156,CUST_000634,MERCH_0054,69.25,CAD,PAID,2026-01-21 14:12:37,2026-02-20 14:12:37
INV_003157,ORD_003157,CUST_002045,MERCH_0035,563.00,GBP,PAID,2026-02-03 11:20:59,2026-03-05 11:20:59
INV_003159,ORD_003159,CUST_003948,MERCH_0020,361.75,EUR,PAID,2026-02-09 17:42:42,2026-03-11 17:42:42
INV_003160,ORD_003160,CUST_002682,MERCH_0007,55.99,CAD,PAID,2026-01-26 05:37:51,2026-02-25 05:37:51
INV_003162,ORD_003162,CUST_004031,MERCH_0100,4999.00,INR,PAID,2026-02-03 01:51:15,2026-03-05 01:51:15
INV_003163,ORD_003163,CUST_000455,MERCH_0049,2975.00,GBP,PAID,2026-02-06 03:16:04,2026-03-08 03:16:04
INV_003164,ORD_003164,CUST_004030,MERCH_0052,1986.25,GBP,PAID,2026-03-13 23:21:14,2026-04-12 23:21:14
INV_003165,ORD_003165,CUST_002286,MERCH_0039,495.95,EUR,PAID,2026-03-14 18:47:08,2026-04-13 18:47:08
INV_003166,ORD_003166,CUST_002839,MERCH_0090,30.49,USD,PAID,2026-03-24 15:32:50,2026-04-23 15:32:50
INV_003167,ORD_003167,CUST_004177,MERCH_0053,33.80,EUR,PAID,2026-01-25 19:12:26,2026-02-24 19:12:26
INV_003168,ORD_003168,CUST_000046,MERCH_0020,91.49,EUR,OVERPAID,2026-02-13 13:03:22,2026-03-15 13:03:22
INV_003169,ORD_003169,CUST_004725,MERCH_0047,559.75,EUR,PAID,2026-02-16 04:16:23,2026-03-18 04:16:23
INV_003170,ORD_003170,CUST_000996,MERCH_0033,18.49,USD,PAID,2026-03-26 08:16:10,2026-04-25 08:16:10
INV_003171,ORD_003171,CUST_000909,MERCH_0097,72.00,GBP,PAID,2026-03-11 06:35:21,2026-04-10 06:35:21
INV_003173,ORD_003173,CUST_001076,MERCH_0063,262.50,USD,PAID,2026-03-09 02:24:36,2026-04-08 02:24:36
INV_003174,ORD_003174,CUST_000088,MERCH_0027,35.50,USD,PAID,2026-03-03 23:36:07,2026-04-02 23:36:07
INV_003175,ORD_003175,CUST_001608,MERCH_0029,136.95,USD,PAID,2026-02-11 08:27:10,2026-03-13 08:27:10
INV_003176,ORD_003176,CUST_000369,MERCH_0099,557.95,USD,PAID,2026-02-03 19:41:23,2026-03-05 19:41:23
INV_003177,ORD_003177,CUST_000240,MERCH_0070,66.50,GBP,PAID,2026-01-10 02:54:22,2026-02-09 02:54:22
INV_003178,ORD_003178,CUST_004422,MERCH_0072,120.99,EUR,PAID,2026-01-05 01:05:58,2026-02-04 01:05:58
INV_003179,ORD_003179,CUST_003263,MERCH_0095,299.00,INR,OVERPAID,2026-03-12 01:13:24,2026-04-11 01:13:24
INV_003180,ORD_003180,CUST_001010,MERCH_0041,527.25,USD,PAID,2026-02-08 07:34:11,2026-03-10 07:34:11
INV_003181,ORD_003181,CUST_003249,MERCH_0070,873.25,CAD,PAID,2026-03-31 23:27:29,2026-04-30 23:27:29
INV_003182,ORD_003182,CUST_001183,MERCH_0025,50.50,USD,PAID,2026-03-20 21:53:11,2026-04-19 21:53:11
INV_003183,ORD_003183,CUST_002198,MERCH_0079,555.80,EUR,PAID,2026-01-03 02:26:18,2026-02-02 02:26:18
INV_003184,ORD_003184,CUST_001640,MERCH_0069,133.49,USD,PAID,2026-03-04 01:54:08,2026-04-03 01:54:08
INV_003185,ORD_003185,CUST_004222,MERCH_0038,299.00,INR,PAID,2026-01-29 05:07:56,2026-02-28 05:07:56
INV_003186,ORD_003186,CUST_003393,MERCH_0084,2223.80,GBP,PAID,2026-01-01 10:22:24,2026-01-31 10:22:24
INV_003187,ORD_003187,CUST_003830,MERCH_0037,403.00,EUR,PAID,2026-03-28 02:13:07,2026-04-27 02:13:07
INV_003188,ORD_003188,CUST_000121,MERCH_0061,73.00,EUR,PAID,2026-01-13 14:23:20,2026-02-12 14:23:20
INV_003189,ORD_003189,CUST_000410,MERCH_0042,1996.99,EUR,OVERPAID,2026-03-29 09:49:26,2026-04-28 09:49:26
INV_003190,ORD_003190,CUST_003971,MERCH_0024,36.25,USD,PAID,2026-01-31 04:00:35,2026-03-02 04:00:35
INV_003191,ORD_003191,CUST_002579,MERCH_0045,32.00,GBP,PAID,2026-01-23 00:46:55,2026-02-22 00:46:55
INV_003192,ORD_003192,CUST_001545,MERCH_0015,175.95,GBP,PAID,2026-02-02 07:11:06,2026-03-04 07:11:06
INV_003193,ORD_003193,CUST_002961,MERCH_0002,3252.49,CAD,PAID,2026-01-13 04:18:41,2026-02-12 04:18:41
INV_003194,ORD_003194,CUST_000835,MERCH_0038,123.00,USD,PAID,2026-01-13 15:28:25,2026-02-12 15:28:25
INV_003195,ORD_003195,CUST_004946,MERCH_0075,238.75,CAD,PAID,2026-03-31 01:43:21,2026-04-30 01:43:21
INV_003196,ORD_003196,CUST_004684,MERCH_0072,604.95,USD,PAID,2026-03-29 00:32:55,2026-04-28 00:32:55
INV_003197,ORD_003197,CUST_001236,MERCH_0073,3119.50,EUR,PAID,2026-03-07 18:56:53,2026-04-06 18:56:53
INV_003198,ORD_003198,CUST_000372,MERCH_0053,30.50,USD,PAID,2026-02-12 22:12:59,2026-03-14 22:12:59
INV_003199,ORD_003199,CUST_001122,MERCH_0012,521.49,USD,PAID,2026-03-04 22:40:45,2026-04-03 22:40:45
INV_003200,ORD_003200,CUST_003503,MERCH_0027,499.00,INR,PAID,2026-02-04 07:01:46,2026-03-06 07:01:46
INV_003201,ORD_003201,CUST_004522,MERCH_0054,55.99,EUR,PAID,2026-03-16 04:00:43,2026-04-15 04:00:43
INV_003202,ORD_003202,CUST_004511,MERCH_0080,326.25,EUR,PAID,2026-02-26 12:08:23,2026-03-28 12:08:23
INV_003203,ORD_003203,CUST_001276,MERCH_0036,611.75,CAD,PAID,2026-03-20 23:44:05,2026-04-19 23:44:05
INV_003204,ORD_003204,CUST_001190,MERCH_0001,345.50,USD,PAID,2026-02-01 19:47:49,2026-03-03 19:47:49
INV_003205,ORD_003205,CUST_003110,MERCH_0056,592.95,CAD,PAID,2026-02-11 22:48:23,2026-03-13 22:48:23
INV_003206,ORD_003206,CUST_003905,MERCH_0041,1480.25,CAD,PAID,2026-03-13 13:00:31,2026-04-12 13:00:31
INV_003207,ORD_003207,CUST_004342,MERCH_0025,20.50,GBP,PAID,2026-01-06 22:18:45,2026-02-05 22:18:45
INV_003208,ORD_003208,CUST_003803,MERCH_0038,65.80,USD,PAID,2026-02-18 20:51:59,2026-03-20 20:51:59
INV_003209,ORD_003209,CUST_003392,MERCH_0081,259.25,CAD,PAID,2026-03-23 19:23:57,2026-04-22 19:23:57
INV_003210,ORD_003210,CUST_000113,MERCH_0002,1304.49,EUR,PAID,2026-02-07 01:02:22,2026-03-09 01:02:22
INV_003211,ORD_003211,CUST_004459,MERCH_0022,1999.00,INR,PAID,2026-03-07 13:44:15,2026-04-06 13:44:15
INV_003212,ORD_003212,CUST_001100,MERCH_0077,73.95,GBP,PAID,2026-01-16 12:46:49,2026-02-15 12:46:49
INV_003213,ORD_003213,CUST_001738,MERCH_0068,435.00,GBP,PAID,2026-01-26 23:45:19,2026-02-25 23:45:19
INV_003214,ORD_003214,CUST_004375,MERCH_0035,406.95,CAD,PAID,2026-01-25 06:19:52,2026-02-24 06:19:52
INV_003215,ORD_003215,CUST_001498,MERCH_0008,597.49,CAD,PAID,2026-01-11 00:49:15,2026-02-10 00:49:15
INV_003216,ORD_003216,CUST_004964,MERCH_0041,391.80,USD,PAID,2026-03-28 03:27:03,2026-04-27 03:27:03
INV_003217,ORD_003217,CUST_000071,MERCH_0072,423.80,CAD,PAID,2026-03-24 00:43:08,2026-04-23 00:43:08
INV_003218,ORD_003218,CUST_004309,MERCH_0054,25.00,EUR,PAID,2026-02-21 12:15:15,2026-03-23 12:15:15
INV_003219,ORD_003219,CUST_003602,MERCH_0031,203.95,USD,PAID,2026-01-20 18:07:05,2026-02-19 18:07:05
INV_003220,ORD_003220,CUST_003937,MERCH_0035,1683.95,EUR,PAID,2026-02-28 00:18:14,2026-03-30 00:18:14
INV_003221,ORD_003221,CUST_001852,MERCH_0058,570.99,USD,PAID,2026-03-12 10:48:29,2026-04-11 10:48:29
INV_003222,ORD_003222,CUST_003609,MERCH_0002,1499.00,INR,PAID,2026-02-20 20:47:36,2026-03-22 20:47:36
INV_003223,ORD_003223,CUST_003329,MERCH_0038,578.49,EUR,PAID,2026-02-07 19:06:58,2026-03-09 19:06:58
INV_003224,ORD_003224,CUST_002815,MERCH_0041,69.50,USD,PAID,2026-03-06 18:38:20,2026-04-05 18:38:20
INV_003225,ORD_003225,CUST_000450,MERCH_0078,2371.50,GBP,PAID,2026-02-15 06:39:24,2026-03-17 06:39:24
INV_003226,ORD_003226,CUST_002576,MERCH_0013,999.00,INR,PAID,2026-03-17 10:10:26,2026-04-16 10:10:26
INV_003227,ORD_003227,CUST_001106,MERCH_0079,60.25,CAD,PAID,2026-03-20 07:54:19,2026-04-19 07:54:19
INV_003228,ORD_003228,CUST_003378,MERCH_0073,61.49,GBP,PAID,2026-03-29 01:23:57,2026-04-28 01:23:57
INV_003229,ORD_003229,CUST_002558,MERCH_0072,245.49,EUR,PAID,2026-01-20 19:35:50,2026-02-19 19:35:50
INV_003230,ORD_003230,CUST_003267,MERCH_0083,69.49,USD,PAID,2026-01-04 08:17:40,2026-02-03 08:17:40
INV_003231,ORD_003231,CUST_003555,MERCH_0075,166.00,USD,PAID,2026-01-08 15:43:20,2026-02-07 15:43:20
INV_003232,ORD_003232,CUST_004857,MERCH_0046,54.95,USD,PAID,2026-03-27 01:55:04,2026-04-26 01:55:04
INV_003233,ORD_003233,CUST_002202,MERCH_0067,583.50,EUR,PAID,2026-03-25 06:03:25,2026-04-24 06:03:25
INV_003234,ORD_003234,CUST_001070,MERCH_0024,15000.00,INR,PAID,2026-02-03 07:40:56,2026-03-05 07:40:56
INV_003235,ORD_003235,CUST_003373,MERCH_0014,189.25,EUR,PAID,2026-02-08 19:49:49,2026-03-10 19:49:49
INV_003236,ORD_003236,CUST_000539,MERCH_0097,47.80,EUR,PAID,2026-03-26 05:45:08,2026-04-25 05:45:08
INV_003237,ORD_003237,CUST_002210,MERCH_0053,1704.80,EUR,PAID,2026-01-18 10:02:40,2026-02-17 10:02:40
INV_003238,ORD_003238,CUST_002918,MERCH_0087,77.75,USD,PAID,2026-01-07 04:51:33,2026-02-06 04:51:33
INV_003239,ORD_003239,CUST_001286,MERCH_0002,78.99,EUR,PAID,2026-02-19 16:04:52,2026-03-21 16:04:52
INV_003240,ORD_003240,CUST_001535,MERCH_0073,15000.00,INR,PAID,2026-01-07 01:50:32,2026-02-06 01:50:32
INV_003241,ORD_003241,CUST_000811,MERCH_0007,299.00,INR,PAID,2026-02-09 02:15:26,2026-03-11 02:15:26
INV_003242,ORD_003242,CUST_002288,MERCH_0091,33.95,GBP,PAID,2026-01-29 22:22:43,2026-02-28 22:22:43
INV_003243,ORD_003243,CUST_002314,MERCH_0064,2586.95,USD,PAID,2026-03-27 14:01:57,2026-04-26 14:01:57
INV_003244,ORD_003244,CUST_001232,MERCH_0062,383.75,CAD,PAID,2026-03-18 17:23:08,2026-04-17 17:23:08
INV_003245,ORD_003245,CUST_000611,MERCH_0081,379.80,USD,PAID,2026-01-03 10:01:30,2026-02-02 10:01:30
INV_003246,ORD_003246,CUST_002128,MERCH_0049,514.50,EUR,PAID,2026-01-14 00:56:55,2026-02-13 00:56:55
INV_003247,ORD_003247,CUST_004225,MERCH_0037,61.00,USD,PAID,2026-02-27 19:06:06,2026-03-29 19:06:06
INV_003248,ORD_003248,CUST_004332,MERCH_0099,1499.00,INR,PAID,2026-03-14 11:44:58,2026-04-13 11:44:58
INV_003249,ORD_003249,CUST_001827,MERCH_0099,74.95,CAD,PAID,2026-01-29 04:14:32,2026-02-28 04:14:32
INV_003250,ORD_003250,CUST_001774,MERCH_0084,9999.00,INR,PAID,2026-01-08 05:19:41,2026-02-07 05:19:41
INV_003251,ORD_003251,CUST_002208,MERCH_0070,295.00,USD,PAID,2026-03-25 11:49:53,2026-04-24 11:49:53
INV_003252,ORD_003252,CUST_000826,MERCH_0010,34.50,USD,PAID,2026-03-19 09:42:57,2026-04-18 09:42:57
INV_003253,ORD_003253,CUST_004062,MERCH_0034,547.75,CAD,PAID,2026-02-24 01:26:30,2026-03-26 01:26:30
INV_003254,ORD_003254,CUST_003040,MERCH_0004,2227.25,USD,PAID,2026-03-04 23:23:30,2026-04-03 23:23:30
INV_003255,ORD_003255,CUST_002092,MERCH_0023,799.00,INR,PAID,2026-03-11 14:49:41,2026-04-10 14:49:41
INV_003256,ORD_003256,CUST_004304,MERCH_0078,299.00,INR,PAID,2026-01-06 09:53:45,2026-02-05 09:53:45
INV_003257,ORD_003257,CUST_002694,MERCH_0064,526.75,GBP,PAID,2026-01-17 03:02:32,2026-02-16 03:02:32
INV_003258,ORD_003258,CUST_002271,MERCH_0047,2135.75,EUR,PAID,2026-01-27 06:58:00,2026-02-26 06:58:00
INV_003259,ORD_003259,CUST_001203,MERCH_0052,60.00,EUR,PAID,2026-03-14 09:25:21,2026-04-13 09:25:21
INV_003260,ORD_003260,CUST_002328,MERCH_0062,2130.80,GBP,PAID,2026-02-13 15:35:53,2026-03-15 15:35:53
INV_003262,ORD_003262,CUST_003466,MERCH_0009,21.80,EUR,PAID,2026-03-15 02:07:19,2026-04-14 02:07:19
INV_003263,ORD_003263,CUST_004086,MERCH_0022,446.95,GBP,PAID,2026-02-21 14:10:49,2026-03-23 14:10:49
INV_003264,ORD_003264,CUST_001863,MERCH_0042,2378.00,GBP,PAID,2026-02-20 02:34:40,2026-03-22 02:34:40
INV_003265,ORD_003265,CUST_003139,MERCH_0064,559.50,CAD,PAID,2026-02-28 08:56:58,2026-03-30 08:56:58
INV_003266,ORD_003266,CUST_003153,MERCH_0087,80.50,GBP,PAID,2026-03-17 12:28:00,2026-04-16 12:28:00
INV_003267,ORD_003267,CUST_002851,MERCH_0010,999.00,INR,PAID,2026-01-17 04:25:34,2026-02-16 04:25:34
INV_003268,ORD_003268,CUST_004937,MERCH_0058,1878.95,EUR,PAID,2026-01-20 00:31:31,2026-02-19 00:31:31
INV_003269,ORD_003269,CUST_002214,MERCH_0085,799.00,INR,PAID,2026-01-31 22:59:25,2026-03-02 22:59:25
INV_003270,ORD_003270,CUST_004708,MERCH_0001,157.80,EUR,PAID,2026-03-11 21:17:31,2026-04-10 21:17:31
INV_003271,ORD_003271,CUST_003643,MERCH_0001,1290.49,USD,PAID,2026-01-07 00:49:43,2026-02-06 00:49:43
INV_003272,ORD_003272,CUST_004353,MERCH_0012,2604.50,USD,PAID,2026-02-12 11:54:14,2026-03-14 11:54:14
INV_003273,ORD_003273,CUST_003520,MERCH_0054,551.25,USD,PAID,2026-03-30 20:13:19,2026-04-29 20:13:19
INV_003274,ORD_003274,CUST_002215,MERCH_0092,499.00,INR,PAID,2026-01-24 02:22:08,2026-02-23 02:22:08
INV_003275,ORD_003275,CUST_002492,MERCH_0049,485.25,EUR,PAID,2026-02-15 02:21:41,2026-03-17 02:21:41
INV_003276,ORD_003276,CUST_002465,MERCH_0062,56.99,USD,PAID,2026-01-09 10:40:36,2026-02-08 10:40:36
INV_003277,ORD_003277,CUST_002433,MERCH_0079,77.50,GBP,PAID,2026-03-28 20:32:50,2026-04-27 20:32:50
INV_003278,ORD_003278,CUST_001805,MERCH_0043,93.75,USD,PAID,2026-03-24 19:47:39,2026-04-23 19:47:39
INV_003279,ORD_003279,CUST_004021,MERCH_0001,508.49,CAD,PAID,2026-03-11 04:11:08,2026-04-10 04:11:08
INV_003280,ORD_003280,CUST_000461,MERCH_0046,205.00,EUR,PAID,2026-02-16 19:26:27,2026-03-18 19:26:27
INV_003281,ORD_003281,CUST_002717,MERCH_0008,73.95,USD,PAID,2026-02-26 05:37:48,2026-03-28 05:37:48
INV_003282,ORD_003282,CUST_001661,MERCH_0087,114.95,EUR,PAID,2026-01-11 09:23:32,2026-02-10 09:23:32
INV_003283,ORD_003283,CUST_003443,MERCH_0035,80.50,USD,PAID,2026-03-22 15:52:31,2026-04-21 15:52:31
INV_003284,ORD_003284,CUST_003843,MERCH_0040,42.50,USD,PAID,2026-02-14 05:31:43,2026-03-16 05:31:43
INV_003285,ORD_003285,CUST_004407,MERCH_0051,340.50,GBP,PAID,2026-03-08 23:31:56,2026-04-07 23:31:56
INV_003286,ORD_003286,CUST_003607,MERCH_0073,421.95,USD,PAID,2026-01-07 14:33:03,2026-02-06 14:33:03
INV_003287,ORD_003287,CUST_001241,MERCH_0058,499.00,INR,PAID,2026-03-12 21:12:15,2026-04-11 21:12:15
INV_003288,ORD_003288,CUST_004389,MERCH_0003,2312.50,GBP,PAID,2026-01-16 18:40:01,2026-02-15 18:40:01
INV_003289,ORD_003289,CUST_003442,MERCH_0011,252.00,USD,PAID,2026-03-19 04:51:20,2026-04-18 04:51:20
INV_003290,ORD_003290,CUST_003345,MERCH_0073,4999.00,INR,PAID,2026-03-04 07:19:44,2026-04-03 07:19:44
INV_003291,ORD_003291,CUST_004200,MERCH_0014,17.75,USD,PAID,2026-03-12 21:57:32,2026-04-11 21:57:32
INV_003292,ORD_003292,CUST_002501,MERCH_0094,59.95,EUR,PAID,2026-01-28 14:49:40,2026-02-27 14:49:40
INV_003293,ORD_003293,CUST_001825,MERCH_0078,3999.00,INR,PAID,2026-03-02 03:13:49,2026-04-01 03:13:49
INV_003294,ORD_003294,CUST_004887,MERCH_0069,855.25,USD,PAID,2026-01-06 14:06:17,2026-02-05 14:06:17
INV_003295,ORD_003295,CUST_000662,MERCH_0040,2243.25,GBP,PAID,2026-02-11 23:13:28,2026-03-13 23:13:28
INV_003296,ORD_003296,CUST_000017,MERCH_0021,111.00,EUR,PAID,2026-02-10 00:42:15,2026-03-12 00:42:15
INV_003297,ORD_003297,CUST_000096,MERCH_0036,411.80,EUR,PAID,2026-01-26 01:28:55,2026-02-25 01:28:55
INV_003298,ORD_003298,CUST_002995,MERCH_0011,59.25,CAD,PAID,2026-01-07 13:37:45,2026-02-06 13:37:45
INV_003299,ORD_003299,CUST_001248,MERCH_0099,560.95,USD,PAID,2026-03-08 22:45:02,2026-04-07 22:45:02
INV_003300,ORD_003300,CUST_004146,MERCH_0045,19.99,GBP,PAID,2026-01-21 21:36:21,2026-02-20 21:36:21
INV_003301,ORD_003301,CUST_001097,MERCH_0034,565.80,USD,PAID,2026-01-15 09:02:42,2026-02-14 09:02:42
INV_003302,ORD_003302,CUST_003463,MERCH_0022,450.75,GBP,OVERPAID,2026-02-19 10:57:28,2026-03-21 10:57:28
INV_003303,ORD_003303,CUST_001975,MERCH_0012,55.00,GBP,PAID,2026-02-21 00:44:02,2026-03-23 00:44:02
INV_003304,ORD_003304,CUST_000817,MERCH_0100,61.49,EUR,OVERPAID,2026-03-07 13:24:25,2026-04-06 13:24:25
INV_003305,ORD_003305,CUST_004131,MERCH_0002,74.80,CAD,PAID,2026-03-15 22:14:16,2026-04-14 22:14:16
INV_003306,ORD_003306,CUST_001806,MERCH_0088,1499.00,INR,PAID,2026-01-15 14:47:04,2026-02-14 14:47:04
INV_003307,ORD_003307,CUST_001359,MERCH_0056,43.80,USD,OVERPAID,2026-02-23 21:28:20,2026-03-25 21:28:20
INV_003308,ORD_003308,CUST_004287,MERCH_0093,380.50,USD,PAID,2026-01-05 14:38:27,2026-02-04 14:38:27
INV_003309,ORD_003309,CUST_001534,MERCH_0049,274.80,EUR,PAID,2026-02-05 18:22:37,2026-03-07 18:22:37
INV_003310,ORD_003310,CUST_003794,MERCH_0065,22.25,CAD,PAID,2026-03-12 14:28:21,2026-04-11 14:28:21
INV_003311,ORD_003311,CUST_001662,MERCH_0097,2499.00,INR,PAID,2026-03-10 22:20:25,2026-04-09 22:20:25
INV_003312,ORD_003312,CUST_001112,MERCH_0026,1531.00,USD,PAID,2026-03-04 01:22:44,2026-04-03 01:22:44
INV_003313,ORD_003313,CUST_003906,MERCH_0057,2882.25,USD,PAID,2026-04-01 02:17:39,2026-05-01 02:17:39
INV_003315,ORD_003315,CUST_004421,MERCH_0024,234.49,GBP,PAID,2026-02-26 22:19:39,2026-03-28 22:19:39
INV_003316,ORD_003316,CUST_002980,MERCH_0058,479.80,CAD,PAID,2026-03-24 08:08:50,2026-04-23 08:08:50
INV_003317,ORD_003317,CUST_002685,MERCH_0081,1278.50,EUR,PAID,2026-04-01 06:51:39,2026-05-01 06:51:39
INV_003318,ORD_003318,CUST_002203,MERCH_0033,22.25,EUR,PAID,2026-03-19 23:56:35,2026-04-18 23:56:35
INV_003319,ORD_003319,CUST_003544,MERCH_0094,350.75,USD,PAID,2026-02-25 16:44:53,2026-03-27 16:44:53
INV_003320,ORD_003320,CUST_001245,MERCH_0093,63.49,EUR,PAID,2026-03-02 03:48:22,2026-04-01 03:48:22
INV_003321,ORD_003321,CUST_004059,MERCH_0090,39.00,EUR,PAID,2026-03-19 12:23:00,2026-04-18 12:23:00
INV_003322,ORD_003322,CUST_002589,MERCH_0023,156.25,USD,PAID,2026-03-03 03:39:53,2026-04-02 03:39:53
INV_003323,ORD_003323,CUST_004772,MERCH_0070,618.25,USD,PAID,2026-03-07 20:57:30,2026-04-06 20:57:30
INV_003324,ORD_003324,CUST_003279,MERCH_0027,4999.00,INR,PAID,2026-01-03 19:11:31,2026-02-02 19:11:31
INV_003325,ORD_003325,CUST_002229,MERCH_0034,284.50,EUR,PAID,2026-01-21 15:27:03,2026-02-20 15:27:03
INV_003326,ORD_003326,CUST_000596,MERCH_0100,597.49,USD,PAID,2026-03-11 17:22:41,2026-04-10 17:22:41
INV_003327,ORD_003327,CUST_000383,MERCH_0031,580.80,USD,PAID,2026-03-17 03:59:03,2026-04-16 03:59:03
INV_003328,ORD_003328,CUST_004550,MERCH_0016,75.00,GBP,OVERPAID,2026-01-13 02:37:01,2026-02-12 02:37:01
INV_003329,ORD_003329,CUST_001307,MERCH_0016,15.80,EUR,PAID,2026-02-07 20:21:08,2026-03-09 20:21:08
INV_003330,ORD_003330,CUST_004009,MERCH_0010,98.80,EUR,OVERPAID,2026-02-21 13:39:12,2026-03-23 13:39:12
INV_003331,ORD_003331,CUST_004461,MERCH_0068,251.49,USD,PAID,2026-02-23 20:21:12,2026-03-25 20:21:12
INV_003332,ORD_003332,CUST_003122,MERCH_0015,65.80,EUR,PAID,2026-02-03 17:04:25,2026-03-05 17:04:25
INV_003333,ORD_003333,CUST_000794,MERCH_0029,266.49,USD,PAID,2026-01-05 10:40:02,2026-02-04 10:40:02
INV_003334,ORD_003334,CUST_001279,MERCH_0022,72.00,GBP,PAID,2026-01-20 06:02:33,2026-02-19 06:02:33
INV_003335,ORD_003335,CUST_000613,MERCH_0001,9999.00,INR,PAID,2026-03-26 08:46:38,2026-04-25 08:46:38
INV_003336,ORD_003336,CUST_001171,MERCH_0064,51.50,EUR,PAID,2026-03-29 04:09:48,2026-04-28 04:09:48
INV_003337,ORD_003337,CUST_001677,MERCH_0056,999.00,INR,PAID,2026-03-09 07:16:11,2026-04-08 07:16:11
INV_003338,ORD_003338,CUST_001082,MERCH_0054,49.00,USD,PAID,2026-02-01 22:10:24,2026-03-03 22:10:24
INV_003339,ORD_003339,CUST_000612,MERCH_0086,31.49,USD,PAID,2026-03-20 23:03:12,2026-04-19 23:03:12
INV_003340,ORD_003340,CUST_001228,MERCH_0076,40.80,USD,PAID,2026-01-29 19:01:35,2026-02-28 19:01:35
INV_003341,ORD_003341,CUST_001957,MERCH_0044,64.00,USD,PAID,2026-01-24 06:18:16,2026-02-23 06:18:16
INV_003342,ORD_003342,CUST_001813,MERCH_0026,730.99,EUR,PAID,2026-03-01 01:41:47,2026-03-31 01:41:47
INV_003343,ORD_003343,CUST_001161,MERCH_0051,26.80,EUR,PAID,2026-03-08 11:59:37,2026-04-07 11:59:37
INV_003344,ORD_003344,CUST_003206,MERCH_0035,47.00,USD,PAID,2026-02-05 12:27:20,2026-03-07 12:27:20
INV_003345,ORD_003345,CUST_002380,MERCH_0087,79.50,USD,PAID,2026-02-08 00:24:38,2026-03-10 00:24:38
INV_003346,ORD_003346,CUST_000018,MERCH_0022,15.99,EUR,PAID,2026-01-10 12:19:06,2026-02-09 12:19:06
INV_003347,ORD_003347,CUST_002860,MERCH_0099,35.99,USD,PAID,2026-01-04 10:24:59,2026-02-03 10:24:59
INV_003348,ORD_003348,CUST_003287,MERCH_0036,608.50,EUR,PAID,2026-01-10 10:59:15,2026-02-09 10:59:15
INV_003349,ORD_003349,CUST_004407,MERCH_0055,249.80,GBP,OVERPAID,2026-03-27 17:45:28,2026-04-26 17:45:28
INV_003350,ORD_003350,CUST_001863,MERCH_0004,999.00,INR,PAID,2026-02-07 12:54:41,2026-03-09 12:54:41
INV_003351,ORD_003351,CUST_001169,MERCH_0038,529.49,EUR,PAID,2026-03-12 11:18:19,2026-04-11 11:18:19
INV_003352,ORD_003352,CUST_003017,MERCH_0075,17.00,USD,PAID,2026-02-04 18:39:49,2026-03-06 18:39:49
INV_003353,ORD_003353,CUST_001604,MERCH_0061,72.95,GBP,PAID,2026-01-31 22:06:05,2026-03-02 22:06:05
INV_003354,ORD_003354,CUST_000204,MERCH_0079,22.50,CAD,PAID,2026-02-25 05:03:37,2026-03-27 05:03:37
INV_003355,ORD_003355,CUST_000338,MERCH_0057,52.25,CAD,PAID,2026-01-15 22:56:57,2026-02-14 22:56:57
INV_003356,ORD_003356,CUST_001421,MERCH_0022,40.99,GBP,PAID,2026-02-05 13:04:50,2026-03-07 13:04:50
INV_003357,ORD_003357,CUST_003451,MERCH_0058,2069.00,GBP,PAID,2026-01-19 10:22:07,2026-02-18 10:22:07
INV_003358,ORD_003358,CUST_003182,MERCH_0013,49.00,USD,PAID,2026-01-25 08:03:25,2026-02-24 08:03:25
INV_003359,ORD_003359,CUST_001673,MERCH_0079,186.25,EUR,PAID,2026-01-21 19:27:01,2026-02-20 19:27:01
INV_003360,ORD_003360,CUST_000894,MERCH_0056,50.25,USD,PAID,2026-01-14 13:49:34,2026-02-13 13:49:34
INV_003361,ORD_003361,CUST_004547,MERCH_0060,21.25,EUR,PAID,2026-03-21 14:27:20,2026-04-20 14:27:20
INV_003362,ORD_003362,CUST_004699,MERCH_0032,16.50,USD,PAID,2026-02-26 15:36:41,2026-03-28 15:36:41
INV_003363,ORD_003363,CUST_001182,MERCH_0002,190.99,EUR,PAID,2026-02-20 21:36:28,2026-03-22 21:36:28
INV_003364,ORD_003364,CUST_004437,MERCH_0024,201.99,GBP,PAID,2026-03-16 04:55:02,2026-04-15 04:55:02
INV_003365,ORD_003365,CUST_002859,MERCH_0100,124.75,CAD,PAID,2026-01-19 07:39:26,2026-02-18 07:39:26
INV_003367,ORD_003367,CUST_003890,MERCH_0056,147.50,EUR,PAID,2026-02-15 08:00:28,2026-03-17 08:00:28
INV_003368,ORD_003368,CUST_000832,MERCH_0063,577.00,USD,PAID,2026-02-26 11:26:40,2026-03-28 11:26:40
INV_003369,ORD_003369,CUST_000954,MERCH_0076,525.75,USD,PAID,2026-03-28 16:40:55,2026-04-27 16:40:55
INV_003370,ORD_003370,CUST_002601,MERCH_0099,403.25,EUR,PAID,2026-03-14 15:39:59,2026-04-13 15:39:59
INV_003371,ORD_003371,CUST_003351,MERCH_0095,48.80,GBP,PAID,2026-01-23 07:22:16,2026-02-22 07:22:16
INV_003372,ORD_003372,CUST_000646,MERCH_0087,1999.00,INR,OVERPAID,2026-02-25 17:58:06,2026-03-27 17:58:06
INV_003373,ORD_003373,CUST_001914,MERCH_0088,2277.00,CAD,PAID,2026-01-31 05:22:14,2026-03-02 05:22:14
INV_003374,ORD_003374,CUST_004484,MERCH_0050,60.25,GBP,PAID,2026-01-09 15:11:38,2026-02-08 15:11:38
INV_003375,ORD_003375,CUST_001312,MERCH_0001,999.00,INR,PAID,2026-03-08 09:17:53,2026-04-07 09:17:53
INV_003376,ORD_003376,CUST_002043,MERCH_0060,24.49,USD,PAID,2026-02-22 04:13:22,2026-03-24 04:13:22
INV_003377,ORD_003377,CUST_003945,MERCH_0045,227.25,EUR,PAID,2026-03-11 19:36:41,2026-04-10 19:36:41
INV_003378,ORD_003378,CUST_000207,MERCH_0022,574.95,CAD,PAID,2026-02-13 12:35:15,2026-03-15 12:35:15
INV_003379,ORD_003379,CUST_002652,MERCH_0036,279.95,GBP,PAID,2026-02-04 04:26:15,2026-03-06 04:26:15
INV_003380,ORD_003380,CUST_001443,MERCH_0076,100.75,EUR,PAID,2026-02-09 13:57:41,2026-03-11 13:57:41
INV_003381,ORD_003381,CUST_004496,MERCH_0029,61.49,USD,PAID,2026-01-20 04:14:18,2026-02-19 04:14:18
INV_003382,ORD_003382,CUST_000081,MERCH_0056,1734.00,CAD,PAID,2026-02-20 16:55:57,2026-03-22 16:55:57
INV_003383,ORD_003383,CUST_002330,MERCH_0037,559.50,GBP,PAID,2026-02-09 08:43:11,2026-03-11 08:43:11
INV_003384,ORD_003384,CUST_003555,MERCH_0028,39.49,CAD,PAID,2026-03-23 08:21:22,2026-04-22 08:21:22
INV_003385,ORD_003385,CUST_001243,MERCH_0018,15.00,CAD,PAID,2026-02-27 13:15:12,2026-03-29 13:15:12
INV_003386,ORD_003386,CUST_000663,MERCH_0084,270.80,USD,PAID,2026-02-09 07:46:26,2026-03-11 07:46:26
INV_003387,ORD_003387,CUST_003892,MERCH_0030,186.50,EUR,PAID,2026-03-05 08:04:20,2026-04-04 08:04:20
INV_003388,ORD_003388,CUST_004128,MERCH_0047,799.00,INR,PAID,2026-02-22 06:11:28,2026-03-24 06:11:28
INV_003389,ORD_003389,CUST_001954,MERCH_0007,75.95,CAD,PAID,2026-01-25 00:44:45,2026-02-24 00:44:45
INV_003390,ORD_003390,CUST_004040,MERCH_0066,504.00,EUR,PAID,2026-01-31 09:01:08,2026-03-02 09:01:08
INV_003391,ORD_003391,CUST_002774,MERCH_0001,508.75,USD,PAID,2026-03-09 18:25:53,2026-04-08 18:25:53
INV_003392,ORD_003392,CUST_001994,MERCH_0066,634.75,EUR,PAID,2026-02-13 10:22:47,2026-03-15 10:22:47
INV_003393,ORD_003393,CUST_003671,MERCH_0024,59.49,CAD,PAID,2026-03-05 01:10:00,2026-04-04 01:10:00
INV_003394,ORD_003394,CUST_004232,MERCH_0076,1365.75,EUR,PAID,2026-03-13 02:25:31,2026-04-12 02:25:31
INV_003395,ORD_003395,CUST_000701,MERCH_0013,21.50,GBP,PAID,2026-02-03 08:58:46,2026-03-05 08:58:46
INV_003396,ORD_003396,CUST_004719,MERCH_0009,25.80,EUR,PAID,2026-01-28 10:18:19,2026-02-27 10:18:19
INV_003397,ORD_003397,CUST_003585,MERCH_0038,1476.00,GBP,PAID,2026-01-11 12:36:05,2026-02-10 12:36:05
INV_003398,ORD_003398,CUST_004128,MERCH_0040,72.50,EUR,PAID,2026-02-02 07:33:05,2026-03-04 07:33:05
INV_003399,ORD_003399,CUST_001065,MERCH_0029,754.80,USD,PAID,2026-03-19 18:24:15,2026-04-18 18:24:15
INV_003400,ORD_003400,CUST_001968,MERCH_0009,566.00,GBP,PAID,2026-02-09 21:43:04,2026-03-11 21:43:04
INV_003401,ORD_003401,CUST_001797,MERCH_0083,1649.25,GBP,PAID,2026-03-28 12:11:06,2026-04-27 12:11:06
INV_003402,ORD_003402,CUST_002232,MERCH_0065,3999.00,INR,PAID,2026-02-04 15:14:14,2026-03-06 15:14:14
INV_003403,ORD_003403,CUST_001132,MERCH_0073,2719.95,EUR,PAID,2026-03-09 02:37:17,2026-04-08 02:37:17
INV_003404,ORD_003404,CUST_004634,MERCH_0070,467.75,GBP,PAID,2026-03-30 02:01:27,2026-04-29 02:01:27
INV_003405,ORD_003405,CUST_001495,MERCH_0001,240.80,EUR,PAID,2026-02-04 10:15:18,2026-03-06 10:15:18
INV_003406,ORD_003406,CUST_004550,MERCH_0076,84.25,USD,PAID,2026-02-23 09:01:14,2026-03-25 09:01:14
INV_003407,ORD_003407,CUST_002391,MERCH_0076,1499.00,INR,PAID,2026-01-01 13:21:04,2026-01-31 13:21:04
INV_003408,ORD_003408,CUST_003075,MERCH_0066,67.49,USD,PAID,2026-02-01 05:55:50,2026-03-03 05:55:50
INV_003409,ORD_003409,CUST_004116,MERCH_0064,321.75,EUR,PAID,2026-01-21 09:33:39,2026-02-20 09:33:39
INV_003410,ORD_003410,CUST_004818,MERCH_0047,921.99,GBP,PAID,2026-01-29 13:27:08,2026-02-28 13:27:08
INV_003411,ORD_003411,CUST_002469,MERCH_0061,649.75,EUR,PAID,2026-02-20 22:55:48,2026-03-22 22:55:48
INV_003412,ORD_003412,CUST_000486,MERCH_0051,616.99,USD,PAID,2026-03-26 21:52:20,2026-04-25 21:52:20
INV_003414,ORD_003414,CUST_003609,MERCH_0011,249.00,EUR,PAID,2026-02-07 01:30:26,2026-03-09 01:30:26
INV_003415,ORD_003415,CUST_000694,MERCH_0066,477.75,CAD,PAID,2026-01-29 19:00:32,2026-02-28 19:00:32
INV_003416,ORD_003416,CUST_003222,MERCH_0034,355.25,USD,PAID,2026-03-18 13:38:16,2026-04-17 13:38:16
INV_003417,ORD_003417,CUST_004300,MERCH_0031,526.95,GBP,PAID,2026-02-23 09:03:17,2026-03-25 09:03:17
INV_003418,ORD_003418,CUST_002624,MERCH_0060,52.00,GBP,PAID,2026-02-20 13:49:42,2026-03-22 13:49:42
INV_003419,ORD_003419,CUST_003645,MERCH_0068,64.49,USD,PAID,2026-01-26 13:23:45,2026-02-25 13:23:45
INV_003420,ORD_003420,CUST_004976,MERCH_0021,23.95,USD,PAID,2026-01-21 13:05:45,2026-02-20 13:05:45
INV_003421,ORD_003421,CUST_002707,MERCH_0042,2598.00,USD,PAID,2026-03-23 00:52:01,2026-04-22 00:52:01
INV_003422,ORD_003422,CUST_002045,MERCH_0017,2078.75,EUR,PAID,2026-01-06 20:45:15,2026-02-05 20:45:15
INV_003423,ORD_003423,CUST_003034,MERCH_0083,66.95,USD,PAID,2026-01-11 21:47:33,2026-02-10 21:47:33
INV_003424,ORD_003424,CUST_004752,MERCH_0047,216.75,GBP,PAID,2026-03-06 00:35:15,2026-04-05 00:35:15
INV_003425,ORD_003425,CUST_000652,MERCH_0060,72.80,GBP,PAID,2026-02-27 13:05:34,2026-03-29 13:05:34
INV_003426,ORD_003426,CUST_002163,MERCH_0043,365.50,USD,PAID,2026-03-07 08:57:01,2026-04-06 08:57:01
INV_003427,ORD_003427,CUST_003661,MERCH_0076,1615.95,USD,PAID,2026-02-09 12:09:52,2026-03-11 12:09:52
INV_003428,ORD_003428,CUST_003494,MERCH_0067,89.25,CAD,PAID,2026-03-23 23:11:20,2026-04-22 23:11:20
INV_003429,ORD_003429,CUST_001002,MERCH_0039,9999.00,INR,PAID,2026-02-22 15:37:56,2026-03-24 15:37:56
INV_003430,ORD_003430,CUST_002306,MERCH_0088,271.95,USD,PAID,2026-03-19 00:35:31,2026-04-18 00:35:31
INV_003431,ORD_003431,CUST_002815,MERCH_0035,146.80,EUR,PAID,2026-03-12 19:47:01,2026-04-11 19:47:01
INV_003432,ORD_003432,CUST_003894,MERCH_0071,26.80,USD,PAID,2026-01-28 05:44:33,2026-02-27 05:44:33
INV_003433,ORD_003433,CUST_004474,MERCH_0058,67.00,GBP,PAID,2026-01-17 15:32:38,2026-02-16 15:32:38
INV_003434,ORD_003434,CUST_004054,MERCH_0069,2574.00,USD,PAID,2026-02-16 23:06:01,2026-03-18 23:06:01
INV_003435,ORD_003435,CUST_001421,MERCH_0081,570.80,EUR,PAID,2026-02-01 14:08:04,2026-03-03 14:08:04
INV_003436,ORD_003436,CUST_003926,MERCH_0098,266.49,EUR,OVERPAID,2026-03-17 19:40:17,2026-04-16 19:40:17
INV_003437,ORD_003437,CUST_001905,MERCH_0052,999.00,INR,PAID,2026-03-19 13:04:16,2026-04-18 13:04:16
INV_003438,ORD_003438,CUST_003360,MERCH_0019,47.25,USD,PAID,2026-01-13 22:00:56,2026-02-12 22:00:56
INV_003439,ORD_003439,CUST_002563,MERCH_0004,46.95,EUR,PAID,2026-01-23 03:55:59,2026-02-22 03:55:59
INV_003440,ORD_003440,CUST_000893,MERCH_0017,19.25,USD,PAID,2026-03-05 16:52:53,2026-04-04 16:52:53
INV_003441,ORD_003441,CUST_001340,MERCH_0065,247.00,USD,PAID,2026-02-22 01:01:49,2026-03-24 01:01:49
INV_003442,ORD_003442,CUST_000213,MERCH_0042,69.99,GBP,PAID,2026-01-29 08:31:06,2026-02-28 08:31:06
INV_003443,ORD_003443,CUST_001388,MERCH_0077,55.75,CAD,PAID,2026-03-27 09:35:12,2026-04-26 09:35:12
INV_003444,ORD_003444,CUST_003737,MERCH_0041,229.95,CAD,PAID,2026-02-02 01:33:29,2026-03-04 01:33:29
INV_003445,ORD_003445,CUST_004675,MERCH_0058,57.75,CAD,PAID,2026-03-14 09:47:39,2026-04-13 09:47:39
INV_003446,ORD_003446,CUST_004518,MERCH_0012,3999.00,INR,PAID,2026-01-27 07:25:17,2026-02-26 07:25:17
INV_003447,ORD_003447,CUST_003395,MERCH_0007,54.00,USD,PAID,2026-01-28 14:49:27,2026-02-27 14:49:27
INV_003448,ORD_003448,CUST_003342,MERCH_0024,69.75,EUR,PAID,2026-02-06 02:05:16,2026-03-08 02:05:16
INV_003449,ORD_003449,CUST_000505,MERCH_0017,502.95,GBP,PAID,2026-01-22 16:43:34,2026-02-21 16:43:34
INV_003450,ORD_003450,CUST_000425,MERCH_0087,603.50,EUR,PAID,2026-01-08 17:11:12,2026-02-07 17:11:12
INV_003451,ORD_003451,CUST_002148,MERCH_0044,521.99,GBP,PAID,2026-03-22 10:42:27,2026-04-21 10:42:27
INV_003452,ORD_003452,CUST_004188,MERCH_0064,3999.00,INR,PAID,2026-01-09 12:49:59,2026-02-08 12:49:59
INV_003453,ORD_003453,CUST_002239,MERCH_0087,32.99,USD,PAID,2026-03-02 08:42:51,2026-04-01 08:42:51
INV_003454,ORD_003454,CUST_002879,MERCH_0054,104.00,EUR,PAID,2026-01-08 21:11:21,2026-02-07 21:11:21
INV_003455,ORD_003455,CUST_002858,MERCH_0080,71.80,USD,PAID,2026-03-17 04:49:32,2026-04-16 04:49:32
INV_003456,ORD_003456,CUST_004384,MERCH_0041,47.95,EUR,PAID,2026-01-27 18:52:12,2026-02-26 18:52:12
INV_003457,ORD_003457,CUST_002625,MERCH_0089,299.00,INR,PAID,2026-01-26 00:01:16,2026-02-25 00:01:16
INV_003458,ORD_003458,CUST_000124,MERCH_0032,119.75,USD,PAID,2026-03-27 18:52:02,2026-04-26 18:52:02
INV_003459,ORD_003459,CUST_001304,MERCH_0080,57.50,EUR,PAID,2026-03-27 17:55:21,2026-04-26 17:55:21
INV_003460,ORD_003460,CUST_002471,MERCH_0065,59.99,EUR,PAID,2026-03-01 05:51:41,2026-03-31 05:51:41
INV_003461,ORD_003461,CUST_004756,MERCH_0078,59.75,USD,PAID,2026-03-17 08:17:26,2026-04-16 08:17:26
INV_003462,ORD_003462,CUST_003604,MERCH_0071,429.00,GBP,PAID,2026-02-21 20:28:54,2026-03-23 20:28:54
INV_003463,ORD_003463,CUST_001627,MERCH_0067,4999.00,INR,PAID,2026-01-02 11:34:05,2026-02-01 11:34:05
INV_003466,ORD_003466,CUST_001083,MERCH_0086,3366.99,EUR,PAID,2026-01-04 16:24:19,2026-02-03 16:24:19
INV_003467,ORD_003467,CUST_001706,MERCH_0037,626.25,USD,PAID,2026-02-26 17:16:38,2026-03-28 17:16:38
INV_003468,ORD_003468,CUST_002441,MERCH_0020,299.00,INR,PAID,2026-03-03 09:22:26,2026-04-02 09:22:26
INV_003469,ORD_003469,CUST_000004,MERCH_0070,40.50,USD,PAID,2026-01-13 00:58:01,2026-02-12 00:58:01
INV_003470,ORD_003470,CUST_002070,MERCH_0051,2257.49,GBP,PAID,2026-01-13 11:14:44,2026-02-12 11:14:44
INV_003471,ORD_003471,CUST_004004,MERCH_0004,71.75,USD,PAID,2026-03-09 17:30:13,2026-04-08 17:30:13
INV_003472,ORD_003472,CUST_000872,MERCH_0032,158.00,CAD,PAID,2026-03-08 18:57:55,2026-04-07 18:57:55
INV_003473,ORD_003473,CUST_002708,MERCH_0012,78.00,USD,PAID,2026-01-16 16:48:15,2026-02-15 16:48:15
INV_003474,ORD_003474,CUST_001727,MERCH_0035,52.25,GBP,PAID,2026-01-04 23:08:33,2026-02-03 23:08:33
INV_003475,ORD_003475,CUST_001150,MERCH_0063,47.95,EUR,PAID,2026-01-21 22:01:03,2026-02-20 22:01:03
INV_003476,ORD_003476,CUST_000503,MERCH_0051,545.75,USD,PAID,2026-02-12 01:27:33,2026-03-14 01:27:33
INV_003477,ORD_003477,CUST_004452,MERCH_0016,107.00,USD,PAID,2026-01-12 17:53:34,2026-02-11 17:53:34
INV_003478,ORD_003478,CUST_000858,MERCH_0006,59.80,EUR,PAID,2026-03-05 22:27:54,2026-04-04 22:27:54
INV_003479,ORD_003479,CUST_002712,MERCH_0095,454.99,GBP,PAID,2026-02-22 16:04:55,2026-03-24 16:04:55
INV_003480,ORD_003480,CUST_003778,MERCH_0081,166.95,USD,PAID,2026-03-26 20:44:28,2026-04-25 20:44:28
INV_003481,ORD_003481,CUST_004336,MERCH_0062,42.25,GBP,PAID,2026-01-28 17:49:01,2026-02-27 17:49:01
INV_003482,ORD_003482,CUST_001737,MERCH_0034,299.00,INR,PAID,2026-01-03 17:13:55,2026-02-02 17:13:55
INV_003483,ORD_003483,CUST_003839,MERCH_0051,288.95,USD,OVERPAID,2026-02-04 05:35:35,2026-03-06 05:35:35
INV_003484,ORD_003484,CUST_003477,MERCH_0012,28.50,CAD,PAID,2026-01-21 18:15:38,2026-02-20 18:15:38
INV_003485,ORD_003485,CUST_002859,MERCH_0025,260.49,GBP,PAID,2026-02-19 12:58:45,2026-03-21 12:58:45
INV_003486,ORD_003486,CUST_002116,MERCH_0096,608.00,GBP,OVERPAID,2026-02-24 00:57:29,2026-03-26 00:57:29
INV_003487,ORD_003487,CUST_000170,MERCH_0065,55.75,USD,PAID,2026-01-30 16:06:27,2026-03-01 16:06:27
INV_003488,ORD_003488,CUST_001094,MERCH_0013,81.25,EUR,PAID,2026-02-13 12:48:34,2026-03-15 12:48:34
INV_003489,ORD_003489,CUST_003011,MERCH_0030,68.99,USD,PAID,2026-01-13 19:35:55,2026-02-12 19:35:55
INV_003491,ORD_003491,CUST_003873,MERCH_0038,9999.00,INR,OVERPAID,2026-03-28 08:59:49,2026-04-27 08:59:49
INV_003492,ORD_003492,CUST_001522,MERCH_0038,469.99,GBP,PAID,2026-02-03 14:03:49,2026-03-05 14:03:49
INV_003494,ORD_003494,CUST_000247,MERCH_0062,9999.00,INR,PAID,2026-01-10 23:49:52,2026-02-09 23:49:52
INV_003495,ORD_003495,CUST_000800,MERCH_0045,308.25,EUR,PAID,2026-03-02 14:40:59,2026-04-01 14:40:59
INV_003496,ORD_003496,CUST_002759,MERCH_0020,26.25,USD,PAID,2026-03-11 23:41:13,2026-04-10 23:41:13
INV_003497,ORD_003497,CUST_001884,MERCH_0088,31.95,CAD,PAID,2026-01-23 15:22:51,2026-02-22 15:22:51
INV_003498,ORD_003498,CUST_004486,MERCH_0024,67.49,CAD,PAID,2026-03-13 16:47:52,2026-04-12 16:47:52
INV_003499,ORD_003499,CUST_000687,MERCH_0045,40.75,CAD,PAID,2026-03-04 07:48:18,2026-04-03 07:48:18
INV_003500,ORD_003500,CUST_002636,MERCH_0032,615.00,CAD,PAID,2026-02-12 13:20:59,2026-03-14 13:20:59
INV_003501,ORD_003501,CUST_002415,MERCH_0019,2499.00,INR,PAID,2026-03-29 21:34:56,2026-04-28 21:34:56
INV_003502,ORD_003502,CUST_000169,MERCH_0031,214.95,GBP,PAID,2026-03-02 05:30:35,2026-04-01 05:30:35
INV_003503,ORD_003503,CUST_002473,MERCH_0094,257.00,EUR,PAID,2026-02-21 00:30:39,2026-03-23 00:30:39
INV_003504,ORD_003504,CUST_001383,MERCH_0087,437.00,USD,PAID,2026-02-24 16:36:45,2026-03-26 16:36:45
INV_003505,ORD_003505,CUST_001686,MERCH_0062,27.50,EUR,PAID,2026-01-22 23:24:54,2026-02-21 23:24:54
INV_003507,ORD_003507,CUST_001492,MERCH_0092,491.95,EUR,PAID,2026-03-24 19:11:58,2026-04-23 19:11:58
INV_003508,ORD_003508,CUST_003905,MERCH_0009,62.80,USD,PAID,2026-02-06 07:01:32,2026-03-08 07:01:32
INV_003509,ORD_003509,CUST_003722,MERCH_0034,17.99,GBP,PAID,2026-01-04 03:01:35,2026-02-03 03:01:35
INV_003510,ORD_003510,CUST_003408,MERCH_0063,198.80,USD,PAID,2026-02-11 00:52:19,2026-03-13 00:52:19
INV_003511,ORD_003511,CUST_003570,MERCH_0059,51.75,EUR,PAID,2026-01-05 19:59:57,2026-02-04 19:59:57
INV_003512,ORD_003512,CUST_002351,MERCH_0017,16.49,GBP,PAID,2026-03-22 12:41:26,2026-04-21 12:41:26
INV_003513,ORD_003513,CUST_003473,MERCH_0063,349.95,EUR,PAID,2026-03-10 07:19:28,2026-04-09 07:19:28
INV_003515,ORD_003515,CUST_004259,MERCH_0041,218.00,USD,PAID,2026-01-25 14:53:34,2026-02-24 14:53:34
INV_003516,ORD_003516,CUST_002636,MERCH_0014,15.99,GBP,PAID,2026-02-07 16:49:31,2026-03-09 16:49:31
INV_003517,ORD_003517,CUST_004311,MERCH_0002,299.00,INR,PAID,2026-01-01 11:42:27,2026-01-31 11:42:27
INV_003518,ORD_003518,CUST_000367,MERCH_0073,479.95,EUR,PAID,2026-03-26 00:26:12,2026-04-25 00:26:12
INV_003519,ORD_003519,CUST_003448,MERCH_0060,407.50,USD,PAID,2026-01-25 18:15:24,2026-02-24 18:15:24
INV_003520,ORD_003520,CUST_003153,MERCH_0071,830.50,GBP,OVERPAID,2026-02-01 09:33:44,2026-03-03 09:33:44
INV_003521,ORD_003521,CUST_004520,MERCH_0068,81.00,USD,PAID,2026-02-19 23:20:57,2026-03-21 23:20:57
INV_003523,ORD_003523,CUST_004444,MERCH_0008,1490.50,GBP,PAID,2026-01-07 08:59:05,2026-02-06 08:59:05
INV_003524,ORD_003524,CUST_003001,MERCH_0015,928.99,USD,PAID,2026-01-27 10:24:51,2026-02-26 10:24:51
INV_003525,ORD_003525,CUST_003722,MERCH_0017,396.50,EUR,PAID,2026-03-13 13:03:15,2026-04-12 13:03:15
INV_003526,ORD_003526,CUST_004407,MERCH_0043,9999.00,INR,PAID,2026-03-16 22:51:31,2026-04-15 22:51:31
INV_003527,ORD_003527,CUST_002653,MERCH_0079,33.49,EUR,PAID,2026-02-04 09:19:58,2026-03-06 09:19:58
INV_003528,ORD_003528,CUST_004131,MERCH_0068,3311.50,USD,PAID,2026-02-04 03:34:08,2026-03-06 03:34:08
INV_003529,ORD_003529,CUST_003561,MERCH_0013,1999.00,INR,PAID,2026-01-09 05:34:44,2026-02-08 05:34:44
INV_003530,ORD_003530,CUST_001226,MERCH_0090,22.49,GBP,PAID,2026-02-27 07:03:13,2026-03-29 07:03:13
INV_003531,ORD_003531,CUST_003834,MERCH_0055,272.50,USD,PAID,2026-02-25 06:51:44,2026-03-27 06:51:44
INV_003532,ORD_003532,CUST_002157,MERCH_0043,204.49,GBP,PAID,2026-03-31 19:59:12,2026-04-30 19:59:12
INV_003533,ORD_003533,CUST_002465,MERCH_0067,124.95,EUR,PAID,2026-02-22 08:56:00,2026-03-24 08:56:00
INV_003534,ORD_003534,CUST_004234,MERCH_0071,2671.00,EUR,PAID,2026-02-08 22:44:57,2026-03-10 22:44:57
INV_003535,ORD_003535,CUST_003743,MERCH_0046,590.49,USD,PAID,2026-03-20 04:10:55,2026-04-19 04:10:55
INV_003536,ORD_003536,CUST_001056,MERCH_0019,2378.99,EUR,PAID,2026-02-02 09:15:55,2026-03-04 09:15:55
INV_003537,ORD_003537,CUST_000109,MERCH_0077,194.99,EUR,PAID,2026-01-01 10:26:47,2026-01-31 10:26:47
INV_003538,ORD_003538,CUST_002339,MERCH_0038,59.00,EUR,PAID,2026-03-18 11:51:05,2026-04-17 11:51:05
INV_003539,ORD_003539,CUST_002526,MERCH_0018,299.00,INR,PAID,2026-03-09 17:37:43,2026-04-08 17:37:43
INV_003540,ORD_003540,CUST_004364,MERCH_0037,329.95,EUR,PAID,2026-02-16 19:49:38,2026-03-18 19:49:38
INV_003541,ORD_003541,CUST_004396,MERCH_0017,3413.49,USD,PAID,2026-02-28 21:29:04,2026-03-30 21:29:04
INV_003542,ORD_003542,CUST_002519,MERCH_0059,4999.00,INR,PAID,2026-03-03 05:21:22,2026-04-02 05:21:22
INV_003543,ORD_003543,CUST_001596,MERCH_0021,2521.80,USD,PAID,2026-01-02 19:36:28,2026-02-01 19:36:28
INV_003544,ORD_003544,CUST_003681,MERCH_0045,80.99,EUR,PAID,2026-02-05 06:00:24,2026-03-07 06:00:24
INV_003545,ORD_003545,CUST_000201,MERCH_0047,79.25,GBP,PAID,2026-03-12 16:04:53,2026-04-11 16:04:53
INV_003546,ORD_003546,CUST_001837,MERCH_0015,60.00,USD,PAID,2026-01-05 16:16:09,2026-02-04 16:16:09
INV_003548,ORD_003548,CUST_002349,MERCH_0001,57.95,EUR,PAID,2026-03-21 17:48:59,2026-04-20 17:48:59
INV_003549,ORD_003549,CUST_003502,MERCH_0006,2791.49,USD,PAID,2026-02-28 21:13:31,2026-03-30 21:13:31
INV_003550,ORD_003550,CUST_003612,MERCH_0083,50.99,EUR,PAID,2026-03-25 09:12:17,2026-04-24 09:12:17
INV_003551,ORD_003551,CUST_001244,MERCH_0032,554.80,USD,PAID,2026-01-29 08:48:41,2026-02-28 08:48:41
INV_003552,ORD_003552,CUST_003092,MERCH_0089,1444.95,USD,PAID,2026-02-13 04:36:17,2026-03-15 04:36:17
INV_003553,ORD_003553,CUST_004859,MERCH_0001,345.50,USD,PAID,2026-02-20 18:20:45,2026-03-22 18:20:45
INV_003554,ORD_003554,CUST_004952,MERCH_0033,480.95,GBP,PAID,2026-01-21 06:12:08,2026-02-20 06:12:08
INV_003555,ORD_003555,CUST_003203,MERCH_0011,473.80,USD,PAID,2026-03-03 15:28:29,2026-04-02 15:28:29
INV_003556,ORD_003556,CUST_001549,MERCH_0038,247.25,EUR,PAID,2026-01-09 05:16:47,2026-02-08 05:16:47
INV_003557,ORD_003557,CUST_000531,MERCH_0025,77.00,GBP,PAID,2026-01-14 08:29:34,2026-02-13 08:29:34
INV_003558,ORD_003558,CUST_004696,MERCH_0055,506.49,EUR,PAID,2026-02-01 11:48:35,2026-03-03 11:48:35
INV_003559,ORD_003559,CUST_001718,MERCH_0058,54.75,CAD,PAID,2026-01-11 22:11:39,2026-02-10 22:11:39
INV_003560,ORD_003560,CUST_001413,MERCH_0075,138.99,GBP,OVERPAID,2026-01-20 22:00:35,2026-02-19 22:00:35
INV_003561,ORD_003561,CUST_003140,MERCH_0014,421.95,USD,PAID,2026-01-18 16:30:29,2026-02-17 16:30:29
INV_003562,ORD_003562,CUST_001648,MERCH_0053,27.00,EUR,PAID,2026-01-14 07:25:16,2026-02-13 07:25:16
INV_003563,ORD_003563,CUST_003116,MERCH_0006,52.80,GBP,PAID,2026-01-01 14:24:26,2026-01-31 14:24:26
INV_003564,ORD_003564,CUST_003075,MERCH_0024,2499.00,INR,PAID,2026-01-21 12:39:53,2026-02-20 12:39:53
INV_003565,ORD_003565,CUST_001402,MERCH_0005,26.49,EUR,PAID,2026-02-02 09:57:34,2026-03-04 09:57:34
INV_003566,ORD_003566,CUST_001071,MERCH_0061,2149.25,CAD,PAID,2026-03-05 09:22:34,2026-04-04 09:22:34
INV_003567,ORD_003567,CUST_000421,MERCH_0050,75.75,EUR,PAID,2026-03-03 19:54:47,2026-04-02 19:54:47
INV_003568,ORD_003568,CUST_000373,MERCH_0031,1575.49,EUR,OVERPAID,2026-03-16 11:47:02,2026-04-15 11:47:02
INV_003569,ORD_003569,CUST_002981,MERCH_0061,21.50,GBP,PAID,2026-03-24 09:53:20,2026-04-23 09:53:20
INV_003570,ORD_003570,CUST_002740,MERCH_0029,62.25,EUR,PAID,2026-02-05 20:08:08,2026-03-07 20:08:08
INV_003572,ORD_003572,CUST_001709,MERCH_0063,209.00,CAD,PAID,2026-03-22 11:04:20,2026-04-21 11:04:20
INV_003573,ORD_003573,CUST_002064,MERCH_0039,55.00,EUR,PAID,2026-02-14 14:00:36,2026-03-16 14:00:36
INV_003574,ORD_003574,CUST_004877,MERCH_0067,411.00,EUR,PAID,2026-03-16 14:50:44,2026-04-15 14:50:44
INV_003575,ORD_003575,CUST_001655,MERCH_0021,45.50,USD,PAID,2026-01-17 18:13:29,2026-02-16 18:13:29
INV_003576,ORD_003576,CUST_000305,MERCH_0014,184.80,GBP,PAID,2026-03-22 13:10:17,2026-04-21 13:10:17
INV_003578,ORD_003578,CUST_001095,MERCH_0014,67.75,EUR,PAID,2026-03-21 11:48:01,2026-04-20 11:48:01
INV_003579,ORD_003579,CUST_001079,MERCH_0092,33.99,USD,PAID,2026-03-04 01:09:25,2026-04-03 01:09:25
INV_003580,ORD_003580,CUST_000184,MERCH_0031,299.00,INR,PAID,2026-01-15 18:18:39,2026-02-14 18:18:39
INV_003581,ORD_003581,CUST_001320,MERCH_0070,1999.00,INR,PAID,2026-01-27 00:09:44,2026-02-26 00:09:44
INV_003582,ORD_003582,CUST_001887,MERCH_0043,1128.99,GBP,PAID,2026-03-15 23:50:27,2026-04-14 23:50:27
INV_003583,ORD_003583,CUST_004000,MERCH_0053,73.95,EUR,PAID,2026-03-19 23:04:31,2026-04-18 23:04:31
INV_003584,ORD_003584,CUST_004521,MERCH_0001,21.80,USD,PAID,2026-01-19 16:34:45,2026-02-18 16:34:45
INV_003585,ORD_003585,CUST_001538,MERCH_0063,248.99,EUR,PAID,2026-03-30 16:03:50,2026-04-29 16:03:50
INV_003586,ORD_003586,CUST_001193,MERCH_0076,546.80,USD,PAID,2026-01-29 14:32:42,2026-02-28 14:32:42
INV_003587,ORD_003587,CUST_001280,MERCH_0065,799.00,INR,PAID,2026-01-07 12:56:44,2026-02-06 12:56:44
INV_003588,ORD_003588,CUST_004277,MERCH_0026,414.75,USD,PAID,2026-03-12 06:33:01,2026-04-11 06:33:01
INV_003589,ORD_003589,CUST_003153,MERCH_0004,379.00,EUR,PAID,2026-01-15 07:50:15,2026-02-14 07:50:15
INV_003590,ORD_003590,CUST_001408,MERCH_0010,34.50,USD,PAID,2026-01-31 12:54:46,2026-03-02 12:54:46
INV_003591,ORD_003591,CUST_004280,MERCH_0004,313.75,GBP,PAID,2026-03-06 21:35:35,2026-04-05 21:35:35
INV_003592,ORD_003592,CUST_001550,MERCH_0021,60.80,GBP,PAID,2026-01-20 09:09:53,2026-02-19 09:09:53
INV_003593,ORD_003593,CUST_004279,MERCH_0092,162.99,CAD,PAID,2026-02-13 16:08:20,2026-03-15 16:08:20
INV_003594,ORD_003594,CUST_000265,MERCH_0098,76.95,GBP,PAID,2026-02-26 13:11:49,2026-03-28 13:11:49
INV_003595,ORD_003595,CUST_003908,MERCH_0045,15000.00,INR,PAID,2026-01-13 20:45:57,2026-02-12 20:45:57
INV_003596,ORD_003596,CUST_004568,MERCH_0009,386.95,EUR,PAID,2026-02-12 14:31:42,2026-03-14 14:31:42
INV_003597,ORD_003597,CUST_000803,MERCH_0022,470.75,GBP,PAID,2026-01-27 10:24:45,2026-02-26 10:24:45
INV_003598,ORD_003598,CUST_001415,MERCH_0096,351.99,EUR,PAID,2026-02-02 15:37:20,2026-03-04 15:37:20
INV_003599,ORD_003599,CUST_003363,MERCH_0046,1236.95,GBP,PAID,2026-01-18 13:50:43,2026-02-17 13:50:43
INV_003600,ORD_003600,CUST_004667,MERCH_0083,1999.00,INR,PAID,2026-03-22 15:29:28,2026-04-21 15:29:28
INV_003601,ORD_003601,CUST_003476,MERCH_0026,1499.00,INR,PAID,2026-03-22 01:19:15,2026-04-21 01:19:15
INV_003602,ORD_003602,CUST_002623,MERCH_0056,2499.00,INR,PAID,2026-01-27 14:31:12,2026-02-26 14:31:12
INV_003603,ORD_003603,CUST_001702,MERCH_0090,49.99,USD,PAID,2026-02-16 17:57:56,2026-03-18 17:57:56
INV_003604,ORD_003604,CUST_000248,MERCH_0032,160.75,EUR,PAID,2026-03-02 10:19:54,2026-04-01 10:19:54
INV_003605,ORD_003605,CUST_004805,MERCH_0036,144.80,USD,PAID,2026-02-13 10:32:52,2026-03-15 10:32:52
INV_003606,ORD_003606,CUST_004148,MERCH_0021,18.75,GBP,PAID,2026-02-10 11:04:17,2026-03-12 11:04:17
INV_003607,ORD_003607,CUST_001108,MERCH_0014,53.00,USD,PAID,2026-01-29 21:38:41,2026-02-28 21:38:41
INV_003608,ORD_003608,CUST_004804,MERCH_0092,23.00,USD,PAID,2026-03-05 17:15:40,2026-04-04 17:15:40
INV_003609,ORD_003609,CUST_001576,MERCH_0022,1359.95,USD,PAID,2026-03-09 02:06:19,2026-04-08 02:06:19
INV_003610,ORD_003610,CUST_003394,MERCH_0092,24.95,USD,PAID,2026-01-29 09:13:56,2026-02-28 09:13:56
INV_003611,ORD_003611,CUST_000240,MERCH_0010,303.99,EUR,PAID,2026-03-20 01:20:02,2026-04-19 01:20:02
INV_003612,ORD_003612,CUST_003402,MERCH_0050,2116.80,GBP,PAID,2026-01-02 19:43:45,2026-02-01 19:43:45
INV_003613,ORD_003613,CUST_000590,MERCH_0045,204.00,EUR,PAID,2026-02-02 13:04:19,2026-03-04 13:04:19
INV_003614,ORD_003614,CUST_001279,MERCH_0088,198.75,USD,PAID,2026-01-07 15:07:16,2026-02-06 15:07:16
INV_003615,ORD_003615,CUST_001427,MERCH_0056,62.49,EUR,PAID,2026-03-26 07:21:32,2026-04-25 07:21:32
INV_003616,ORD_003616,CUST_003456,MERCH_0014,2694.95,USD,PAID,2026-02-01 22:19:29,2026-03-03 22:19:29
INV_003617,ORD_003617,CUST_001532,MERCH_0010,19.80,USD,PAID,2026-01-15 10:33:56,2026-02-14 10:33:56
INV_003618,ORD_003618,CUST_004496,MERCH_0003,519.00,GBP,PAID,2026-02-20 13:18:11,2026-03-22 13:18:11
INV_003619,ORD_003619,CUST_000320,MERCH_0053,9999.00,INR,PAID,2026-01-10 22:14:00,2026-02-09 22:14:00
INV_003620,ORD_003620,CUST_000483,MERCH_0099,72.49,EUR,PAID,2026-01-03 19:46:45,2026-02-02 19:46:45
INV_003621,ORD_003621,CUST_004267,MERCH_0067,47.49,USD,PAID,2026-02-13 18:26:03,2026-03-15 18:26:03
INV_003622,ORD_003622,CUST_002441,MERCH_0025,69.00,USD,PAID,2026-03-11 00:16:40,2026-04-10 00:16:40
INV_003623,ORD_003623,CUST_003552,MERCH_0091,366.25,EUR,PAID,2026-03-03 01:01:28,2026-04-02 01:01:28
INV_003624,ORD_003624,CUST_001112,MERCH_0073,274.50,USD,PAID,2026-03-10 03:32:45,2026-04-09 03:32:45
INV_003625,ORD_003625,CUST_004233,MERCH_0080,3999.00,INR,PAID,2026-01-23 23:39:47,2026-02-22 23:39:47
INV_003626,ORD_003626,CUST_001104,MERCH_0066,166.75,USD,PAID,2026-01-25 17:05:25,2026-02-24 17:05:25
INV_003627,ORD_003627,CUST_000796,MERCH_0098,38.50,USD,PAID,2026-02-04 19:57:36,2026-03-06 19:57:36
INV_003628,ORD_003628,CUST_003174,MERCH_0091,34.00,GBP,PAID,2026-03-04 17:12:24,2026-04-03 17:12:24
INV_003630,ORD_003630,CUST_000221,MERCH_0080,569.50,USD,PAID,2026-03-14 09:03:51,2026-04-13 09:03:51
INV_003631,ORD_003631,CUST_001873,MERCH_0054,435.75,CAD,PAID,2026-03-28 12:39:26,2026-04-27 12:39:26
INV_003632,ORD_003632,CUST_002789,MERCH_0092,428.00,USD,PAID,2026-02-04 17:15:39,2026-03-06 17:15:39
INV_003633,ORD_003633,CUST_000353,MERCH_0028,79.50,GBP,PAID,2026-02-10 17:26:31,2026-03-12 17:26:31
INV_003634,ORD_003634,CUST_000638,MERCH_0040,210.95,USD,PAID,2026-02-27 02:56:20,2026-03-29 02:56:20
INV_003635,ORD_003635,CUST_001476,MERCH_0002,175.00,GBP,PAID,2026-02-28 05:06:24,2026-03-30 05:06:24
INV_003636,ORD_003636,CUST_004396,MERCH_0079,95.80,GBP,PAID,2026-01-21 18:16:14,2026-02-20 18:16:14
INV_003637,ORD_003637,CUST_004617,MERCH_0036,526.49,USD,OVERPAID,2026-03-23 05:49:04,2026-04-22 05:49:04
INV_003638,ORD_003638,CUST_002778,MERCH_0064,72.49,CAD,PAID,2026-03-04 14:28:11,2026-04-03 14:28:11
INV_003639,ORD_003639,CUST_004411,MERCH_0007,40.25,GBP,PAID,2026-01-25 09:15:30,2026-02-24 09:15:30
INV_003640,ORD_003640,CUST_003242,MERCH_0047,413.75,EUR,PAID,2026-02-16 03:22:48,2026-03-18 03:22:48
INV_003641,ORD_003641,CUST_001120,MERCH_0077,73.49,USD,PAID,2026-02-18 12:44:22,2026-03-20 12:44:22
INV_003642,ORD_003642,CUST_000018,MERCH_0012,86.75,USD,PAID,2026-01-12 13:18:42,2026-02-11 13:18:42
INV_003643,ORD_003643,CUST_004893,MERCH_0002,436.00,EUR,PAID,2026-03-08 20:10:15,2026-04-07 20:10:15
INV_003644,ORD_003644,CUST_003266,MERCH_0052,486.00,USD,PAID,2026-01-09 12:11:26,2026-02-08 12:11:26
INV_003645,ORD_003645,CUST_004834,MERCH_0029,499.00,INR,PAID,2026-01-29 08:29:17,2026-02-28 08:29:17
INV_003646,ORD_003646,CUST_003637,MERCH_0089,49.49,GBP,PAID,2026-01-14 03:21:36,2026-02-13 03:21:36
INV_003647,ORD_003647,CUST_001476,MERCH_0003,2339.95,GBP,PAID,2026-02-21 02:20:51,2026-03-23 02:20:51
INV_003648,ORD_003648,CUST_004346,MERCH_0091,491.25,USD,PAID,2026-02-27 08:33:40,2026-03-29 08:33:40
INV_003649,ORD_003649,CUST_004793,MERCH_0086,999.00,INR,PAID,2026-02-13 23:56:01,2026-03-15 23:56:01
INV_003650,ORD_003650,CUST_004433,MERCH_0030,392.80,GBP,PAID,2026-01-29 20:48:13,2026-02-28 20:48:13
INV_003651,ORD_003651,CUST_000304,MERCH_0049,309.99,USD,PAID,2026-03-02 12:57:27,2026-04-01 12:57:27
INV_003652,ORD_003652,CUST_001771,MERCH_0097,265.75,CAD,PAID,2026-01-11 11:15:24,2026-02-10 11:15:24
INV_003653,ORD_003653,CUST_001360,MERCH_0076,40.99,EUR,PAID,2026-03-04 16:07:20,2026-04-03 16:07:20
INV_003654,ORD_003654,CUST_000913,MERCH_0021,85.80,GBP,PAID,2026-03-15 15:47:43,2026-04-14 15:47:43
INV_003655,ORD_003655,CUST_003500,MERCH_0049,244.80,USD,PAID,2026-03-27 03:28:41,2026-04-26 03:28:41
INV_003656,ORD_003656,CUST_001072,MERCH_0071,418.75,USD,OVERPAID,2026-03-15 15:32:05,2026-04-14 15:32:05
INV_003657,ORD_003657,CUST_000146,MERCH_0044,999.00,INR,PAID,2026-03-09 06:10:41,2026-04-08 06:10:41
INV_003658,ORD_003658,CUST_000186,MERCH_0078,65.95,EUR,PAID,2026-02-21 02:52:10,2026-03-23 02:52:10
INV_003659,ORD_003659,CUST_004554,MERCH_0024,1999.00,INR,PAID,2026-03-11 05:22:44,2026-04-10 05:22:44
INV_003660,ORD_003660,CUST_000856,MERCH_0077,589.95,USD,PAID,2026-03-02 07:26:17,2026-04-01 07:26:17
INV_003661,ORD_003661,CUST_001851,MERCH_0066,1999.00,INR,PAID,2026-03-30 20:54:43,2026-04-29 20:54:43
INV_003662,ORD_003662,CUST_002240,MERCH_0045,78.75,USD,PAID,2026-03-15 11:19:02,2026-04-14 11:19:02
INV_003663,ORD_003663,CUST_001186,MERCH_0040,396.00,EUR,PAID,2026-03-28 02:10:49,2026-04-27 02:10:49
INV_003664,ORD_003664,CUST_002913,MERCH_0077,15000.00,INR,PAID,2026-03-22 11:57:04,2026-04-21 11:57:04
INV_003665,ORD_003665,CUST_000005,MERCH_0043,1956.75,USD,PAID,2026-01-04 15:37:44,2026-02-03 15:37:44
INV_003666,ORD_003666,CUST_003706,MERCH_0051,38.25,CAD,PAID,2026-01-21 14:22:18,2026-02-20 14:22:18
INV_003667,ORD_003667,CUST_001835,MERCH_0056,146.99,EUR,PAID,2026-01-15 20:45:54,2026-02-14 20:45:54
INV_003668,ORD_003668,CUST_002472,MERCH_0054,246.49,USD,PAID,2026-02-23 06:58:11,2026-03-25 06:58:11
INV_003669,ORD_003669,CUST_003169,MERCH_0008,299.00,INR,PAID,2026-01-07 22:35:09,2026-02-06 22:35:09
INV_003670,ORD_003670,CUST_000211,MERCH_0040,239.00,USD,PAID,2026-03-29 12:20:03,2026-04-28 12:20:03
INV_003671,ORD_003671,CUST_004920,MERCH_0043,336.50,GBP,PAID,2026-03-05 20:48:14,2026-04-04 20:48:14
INV_003672,ORD_003672,CUST_002136,MERCH_0043,75.75,EUR,PAID,2026-01-01 08:08:37,2026-01-31 08:08:37
INV_003673,ORD_003673,CUST_002233,MERCH_0058,248.50,USD,PAID,2026-03-06 05:54:45,2026-04-05 05:54:45
INV_003674,ORD_003674,CUST_001825,MERCH_0073,3999.00,INR,PAID,2026-03-30 23:09:45,2026-04-29 23:09:45
INV_003675,ORD_003675,CUST_002118,MERCH_0044,9999.00,INR,PAID,2026-01-02 15:43:00,2026-02-01 15:43:00
INV_003676,ORD_003676,CUST_002933,MERCH_0047,15000.00,INR,PAID,2026-02-02 06:25:24,2026-03-04 06:25:24
INV_003677,ORD_003677,CUST_000276,MERCH_0057,3999.00,INR,PAID,2026-02-02 12:27:06,2026-03-04 12:27:06
INV_003678,ORD_003678,CUST_003838,MERCH_0072,144.50,EUR,PAID,2026-02-07 16:20:30,2026-03-09 16:20:30
INV_003679,ORD_003679,CUST_001203,MERCH_0093,60.80,CAD,PAID,2026-03-26 09:27:27,2026-04-25 09:27:27
INV_003680,ORD_003680,CUST_000202,MERCH_0029,1634.80,USD,PAID,2026-01-14 01:53:34,2026-02-13 01:53:34
INV_003681,ORD_003681,CUST_001277,MERCH_0008,1499.00,INR,PAID,2026-03-02 01:11:52,2026-04-01 01:11:52
INV_003682,ORD_003682,CUST_003698,MERCH_0092,1364.95,CAD,PAID,2026-02-09 05:08:33,2026-03-11 05:08:33
INV_003683,ORD_003683,CUST_002876,MERCH_0015,25.80,GBP,PAID,2026-02-13 13:24:45,2026-03-15 13:24:45
INV_003684,ORD_003684,CUST_004005,MERCH_0095,321.80,EUR,PAID,2026-01-21 20:29:41,2026-02-20 20:29:41
INV_003685,ORD_003685,CUST_000165,MERCH_0038,2982.75,GBP,PAID,2026-03-10 03:07:06,2026-04-09 03:07:06
INV_003686,ORD_003686,CUST_000986,MERCH_0100,487.95,GBP,PAID,2026-02-11 11:36:09,2026-03-13 11:36:09
INV_003687,ORD_003687,CUST_001412,MERCH_0051,74.50,USD,PAID,2026-03-13 19:32:13,2026-04-12 19:32:13
INV_003688,ORD_003688,CUST_003317,MERCH_0064,547.25,GBP,PAID,2026-03-05 15:21:38,2026-04-04 15:21:38
INV_003689,ORD_003689,CUST_004676,MERCH_0067,62.50,USD,PAID,2026-02-05 04:58:47,2026-03-07 04:58:47
INV_003690,ORD_003690,CUST_000452,MERCH_0065,23.75,EUR,PAID,2026-01-03 19:26:04,2026-02-02 19:26:04
INV_003691,ORD_003691,CUST_002343,MERCH_0017,55.49,EUR,PAID,2026-02-16 18:19:43,2026-03-18 18:19:43
INV_003692,ORD_003692,CUST_002730,MERCH_0073,82.49,USD,PAID,2026-01-09 11:21:19,2026-02-08 11:21:19
INV_003693,ORD_003693,CUST_003502,MERCH_0084,200.75,EUR,PAID,2026-03-07 03:07:51,2026-04-06 03:07:51
INV_003695,ORD_003695,CUST_001433,MERCH_0032,58.00,USD,PAID,2026-03-21 11:05:15,2026-04-20 11:05:15
INV_003696,ORD_003696,CUST_004881,MERCH_0099,540.99,USD,PAID,2026-01-08 00:41:18,2026-02-07 00:41:18
INV_003697,ORD_003697,CUST_003512,MERCH_0047,1999.00,INR,PAID,2026-02-22 01:22:05,2026-03-24 01:22:05
INV_003698,ORD_003698,CUST_002702,MERCH_0028,278.25,EUR,PAID,2026-01-31 01:58:03,2026-03-02 01:58:03
INV_003699,ORD_003699,CUST_003552,MERCH_0065,1928.95,GBP,PAID,2026-01-24 03:49:31,2026-02-23 03:49:31
INV_003700,ORD_003700,CUST_003308,MERCH_0085,1441.25,EUR,PAID,2026-01-20 03:48:24,2026-02-19 03:48:24
INV_003701,ORD_003701,CUST_001152,MERCH_0036,32.95,USD,PAID,2026-03-26 13:23:03,2026-04-25 13:23:03
INV_003702,ORD_003702,CUST_002152,MERCH_0058,76.99,GBP,PAID,2026-01-21 22:51:39,2026-02-20 22:51:39
INV_003703,ORD_003703,CUST_000973,MERCH_0018,34.00,EUR,PAID,2026-01-10 11:15:59,2026-02-09 11:15:59
INV_003704,ORD_003704,CUST_003024,MERCH_0014,386.99,USD,OVERPAID,2026-03-28 14:27:10,2026-04-27 14:27:10
INV_003705,ORD_003705,CUST_003181,MERCH_0081,18.75,USD,PAID,2026-02-20 02:02:44,2026-03-22 02:02:44
INV_003706,ORD_003706,CUST_001644,MERCH_0011,999.00,INR,PAID,2026-01-12 20:03:15,2026-02-11 20:03:15
INV_003707,ORD_003707,CUST_000883,MERCH_0014,214.95,EUR,PAID,2026-01-12 22:47:37,2026-02-11 22:47:37
INV_003708,ORD_003708,CUST_000387,MERCH_0080,23.75,USD,PAID,2026-02-28 18:37:06,2026-03-30 18:37:06
INV_003709,ORD_003709,CUST_003020,MERCH_0003,106.75,USD,PAID,2026-02-26 01:17:22,2026-03-28 01:17:22
INV_003710,ORD_003710,CUST_000673,MERCH_0014,2499.00,INR,PAID,2026-02-03 08:17:15,2026-03-05 08:17:15
INV_003711,ORD_003711,CUST_001603,MERCH_0047,999.00,INR,PAID,2026-03-05 22:38:42,2026-04-04 22:38:42
INV_003712,ORD_003712,CUST_003045,MERCH_0015,110.75,USD,PAID,2026-01-20 09:26:20,2026-02-19 09:26:20
INV_003713,ORD_003713,CUST_002526,MERCH_0023,1881.00,GBP,PAID,2026-03-08 01:17:41,2026-04-07 01:17:41
INV_003714,ORD_003714,CUST_002708,MERCH_0071,296.49,EUR,PAID,2026-02-01 15:07:13,2026-03-03 15:07:13
INV_003715,ORD_003715,CUST_002370,MERCH_0097,27.75,USD,PAID,2026-01-11 00:19:59,2026-02-10 00:19:59
INV_003716,ORD_003716,CUST_003280,MERCH_0051,449.00,USD,PAID,2026-02-18 15:22:27,2026-03-20 15:22:27
INV_003717,ORD_003717,CUST_000351,MERCH_0092,16.95,CAD,PAID,2026-01-26 15:37:57,2026-02-25 15:37:57
INV_003718,ORD_003718,CUST_004423,MERCH_0100,285.99,GBP,PAID,2026-03-22 17:34:21,2026-04-21 17:34:21
INV_003719,ORD_003719,CUST_001756,MERCH_0004,238.75,EUR,PAID,2026-02-14 05:13:27,2026-03-16 05:13:27
INV_003720,ORD_003720,CUST_002907,MERCH_0067,73.80,USD,PAID,2026-01-21 06:07:20,2026-02-20 06:07:20
INV_003721,ORD_003721,CUST_004854,MERCH_0093,709.49,GBP,PAID,2026-02-04 05:16:13,2026-03-06 05:16:13
INV_003722,ORD_003722,CUST_003165,MERCH_0032,50.00,EUR,PAID,2026-01-08 13:43:53,2026-02-07 13:43:53
INV_003723,ORD_003723,CUST_001576,MERCH_0088,299.00,INR,PAID,2026-03-06 21:53:26,2026-04-05 21:53:26
INV_003724,ORD_003724,CUST_004688,MERCH_0032,522.99,EUR,PAID,2026-02-07 17:11:03,2026-03-09 17:11:03
INV_003725,ORD_003725,CUST_000514,MERCH_0008,205.75,USD,PAID,2026-03-30 19:31:09,2026-04-29 19:31:09
INV_003726,ORD_003726,CUST_000789,MERCH_0015,19.75,USD,PAID,2026-03-28 05:17:00,2026-04-27 05:17:00
INV_003727,ORD_003727,CUST_000626,MERCH_0053,503.25,EUR,PAID,2026-01-14 02:14:03,2026-02-13 02:14:03
INV_003728,ORD_003728,CUST_000631,MERCH_0001,17.75,GBP,PAID,2026-01-07 13:16:05,2026-02-06 13:16:05
INV_003729,ORD_003729,CUST_003197,MERCH_0048,39.75,USD,PAID,2026-03-05 11:14:52,2026-04-04 11:14:52
INV_003730,ORD_003730,CUST_002307,MERCH_0040,104.50,GBP,PAID,2026-02-08 11:20:46,2026-03-10 11:20:46
INV_003731,ORD_003731,CUST_001637,MERCH_0041,1999.00,INR,PAID,2026-02-20 01:20:07,2026-03-22 01:20:07
INV_003732,ORD_003732,CUST_004452,MERCH_0056,72.50,EUR,PAID,2026-01-23 19:00:43,2026-02-22 19:00:43
INV_003733,ORD_003733,CUST_001002,MERCH_0037,2083.49,EUR,PAID,2026-01-06 04:53:56,2026-02-05 04:53:56
INV_003734,ORD_003734,CUST_002782,MERCH_0048,457.95,USD,PAID,2026-02-02 22:33:23,2026-03-04 22:33:23
INV_003735,ORD_003735,CUST_001152,MERCH_0041,54.80,EUR,PAID,2026-01-14 16:34:45,2026-02-13 16:34:45
INV_003736,ORD_003736,CUST_004381,MERCH_0073,299.00,INR,PAID,2026-01-07 02:25:31,2026-02-06 02:25:31
INV_003737,ORD_003737,CUST_000872,MERCH_0041,230.75,GBP,PAID,2026-03-05 18:59:51,2026-04-04 18:59:51
INV_003738,ORD_003738,CUST_000875,MERCH_0032,62.25,EUR,PAID,2026-01-29 13:58:07,2026-02-28 13:58:07
INV_003739,ORD_003739,CUST_000129,MERCH_0029,51.49,EUR,PAID,2026-01-02 19:02:14,2026-02-01 19:02:14
INV_003740,ORD_003740,CUST_002035,MERCH_0037,109.80,GBP,PAID,2026-02-15 10:59:51,2026-03-17 10:59:51
INV_003741,ORD_003741,CUST_003886,MERCH_0062,2499.00,INR,PAID,2026-01-03 13:58:44,2026-02-02 13:58:44
INV_003742,ORD_003742,CUST_004782,MERCH_0079,440.80,CAD,PAID,2026-03-13 18:17:34,2026-04-12 18:17:34
INV_003743,ORD_003743,CUST_001735,MERCH_0009,377.80,USD,PAID,2026-02-04 01:22:32,2026-03-06 01:22:32
INV_003744,ORD_003744,CUST_003301,MERCH_0058,122.25,CAD,PAID,2026-01-19 18:31:59,2026-02-18 18:31:59
INV_003745,ORD_003745,CUST_001508,MERCH_0082,76.49,USD,PAID,2026-01-13 17:38:49,2026-02-12 17:38:49
INV_003746,ORD_003746,CUST_003026,MERCH_0090,15000.00,INR,PAID,2026-02-25 15:47:26,2026-03-27 15:47:26
INV_003747,ORD_003747,CUST_001739,MERCH_0030,496.49,GBP,PAID,2026-01-12 03:17:54,2026-02-11 03:17:54
INV_003748,ORD_003748,CUST_003996,MERCH_0006,1101.99,EUR,PAID,2026-01-12 10:16:47,2026-02-11 10:16:47
INV_003749,ORD_003749,CUST_004053,MERCH_0026,2763.99,USD,PAID,2026-01-12 17:33:17,2026-02-11 17:33:17
INV_003750,ORD_003750,CUST_003304,MERCH_0027,80.95,GBP,PAID,2026-03-26 18:34:19,2026-04-25 18:34:19
INV_003751,ORD_003751,CUST_003783,MERCH_0036,18.80,GBP,PAID,2026-03-05 02:43:20,2026-04-04 02:43:20
INV_003752,ORD_003752,CUST_004078,MERCH_0009,1499.00,INR,PAID,2026-02-21 15:38:05,2026-03-23 15:38:05
INV_003753,ORD_003753,CUST_002263,MERCH_0022,9999.00,INR,PAID,2026-01-31 02:41:18,2026-03-02 02:41:18
INV_003754,ORD_003754,CUST_002348,MERCH_0007,550.25,GBP,PAID,2026-01-31 09:07:23,2026-03-02 09:07:23
INV_003755,ORD_003755,CUST_004310,MERCH_0009,383.80,EUR,PAID,2026-01-17 16:46:23,2026-02-16 16:46:23
INV_003756,ORD_003756,CUST_002390,MERCH_0067,3483.80,EUR,PAID,2026-02-06 16:48:29,2026-03-08 16:48:29
INV_003757,ORD_003757,CUST_003403,MERCH_0041,42.95,USD,PAID,2026-02-18 10:11:00,2026-03-20 10:11:00
INV_003758,ORD_003758,CUST_003742,MERCH_0077,143.80,USD,PAID,2026-03-04 03:14:28,2026-04-03 03:14:28
INV_003759,ORD_003759,CUST_003058,MERCH_0082,942.00,CAD,OVERPAID,2026-02-03 01:53:35,2026-03-05 01:53:35
INV_003760,ORD_003760,CUST_002880,MERCH_0023,648.49,GBP,PAID,2026-02-27 09:04:29,2026-03-29 09:04:29
INV_003761,ORD_003761,CUST_002999,MERCH_0047,28.50,GBP,PAID,2026-02-03 12:10:14,2026-03-05 12:10:14
INV_003762,ORD_003762,CUST_001279,MERCH_0042,34.25,GBP,PAID,2026-03-31 22:06:57,2026-04-30 22:06:57
INV_003763,ORD_003763,CUST_001108,MERCH_0065,21.00,EUR,PAID,2026-03-18 06:17:38,2026-04-17 06:17:38
INV_003764,ORD_003764,CUST_003749,MERCH_0006,22.99,EUR,PAID,2026-01-17 00:31:47,2026-02-16 00:31:47
INV_003765,ORD_003765,CUST_003369,MERCH_0007,799.00,INR,PAID,2026-02-14 03:45:31,2026-03-16 03:45:31
INV_003766,ORD_003766,CUST_004694,MERCH_0016,141.75,EUR,PAID,2026-02-03 13:09:58,2026-03-05 13:09:58
INV_003767,ORD_003767,CUST_004656,MERCH_0051,424.49,GBP,PAID,2026-02-08 00:05:46,2026-03-10 00:05:46
INV_003768,ORD_003768,CUST_003252,MERCH_0028,18.95,USD,PAID,2026-01-25 14:31:49,2026-02-24 14:31:49
INV_003769,ORD_003769,CUST_003075,MERCH_0073,67.00,EUR,PAID,2026-02-18 01:21:07,2026-03-20 01:21:07
INV_003770,ORD_003770,CUST_003820,MERCH_0090,264.25,EUR,PAID,2026-01-31 21:35:32,2026-03-02 21:35:32
INV_003771,ORD_003771,CUST_001920,MERCH_0046,1499.00,INR,PAID,2026-01-09 03:34:48,2026-02-08 03:34:48
INV_003772,ORD_003772,CUST_000371,MERCH_0088,74.50,USD,PAID,2026-02-14 12:29:46,2026-03-16 12:29:46
INV_003773,ORD_003773,CUST_003279,MERCH_0094,488.50,USD,PAID,2026-02-17 13:46:57,2026-03-19 13:46:57
INV_003775,ORD_003775,CUST_004339,MERCH_0027,74.50,EUR,PAID,2026-01-22 22:04:43,2026-02-21 22:04:43
INV_003776,ORD_003776,CUST_001984,MERCH_0051,66.95,GBP,PAID,2026-03-03 09:45:07,2026-04-02 09:45:07
INV_003777,ORD_003777,CUST_001388,MERCH_0092,456.25,EUR,PAID,2026-02-10 21:32:31,2026-03-12 21:32:31
INV_003778,ORD_003778,CUST_004817,MERCH_0026,53.00,EUR,PAID,2026-02-25 17:35:21,2026-03-27 17:35:21
INV_003779,ORD_003779,CUST_003114,MERCH_0061,2401.50,USD,PAID,2026-01-08 08:53:37,2026-02-07 08:53:37
INV_003780,ORD_003780,CUST_004809,MERCH_0011,74.95,USD,PAID,2026-03-14 23:15:15,2026-04-13 23:15:15
INV_003781,ORD_003781,CUST_003388,MERCH_0042,1416.75,GBP,PAID,2026-03-17 21:42:24,2026-04-16 21:42:24
INV_003782,ORD_003782,CUST_002410,MERCH_0002,19.49,EUR,PAID,2026-02-22 11:33:56,2026-03-24 11:33:56
INV_003783,ORD_003783,CUST_003312,MERCH_0087,159.49,EUR,PAID,2026-02-17 10:02:27,2026-03-19 10:02:27
INV_003784,ORD_003784,CUST_004938,MERCH_0045,24.80,GBP,PAID,2026-03-11 09:01:12,2026-04-10 09:01:12
INV_003785,ORD_003785,CUST_001164,MERCH_0078,153.75,EUR,PAID,2026-04-01 00:38:57,2026-05-01 00:38:57
INV_003786,ORD_003786,CUST_003320,MERCH_0063,799.00,INR,PAID,2026-02-06 15:33:16,2026-03-08 15:33:16
INV_003787,ORD_003787,CUST_003547,MERCH_0056,51.75,EUR,PAID,2026-01-02 16:08:50,2026-02-01 16:08:50
INV_003788,ORD_003788,CUST_000921,MERCH_0051,2349.50,GBP,PAID,2026-02-04 10:58:48,2026-03-06 10:58:48
INV_003789,ORD_003789,CUST_004824,MERCH_0062,18.99,GBP,PAID,2026-02-06 04:04:43,2026-03-08 04:04:43
INV_003790,ORD_003790,CUST_001653,MERCH_0002,15.00,GBP,PAID,2026-03-09 12:03:55,2026-04-08 12:03:55
INV_003791,ORD_003791,CUST_000713,MERCH_0058,75.49,EUR,PAID,2026-01-27 00:37:44,2026-02-26 00:37:44
INV_003792,ORD_003792,CUST_001438,MERCH_0075,2712.25,EUR,PAID,2026-03-03 13:38:32,2026-04-02 13:38:32
INV_003793,ORD_003793,CUST_004086,MERCH_0021,333.50,GBP,PAID,2026-03-22 05:24:28,2026-04-21 05:24:28
INV_003794,ORD_003794,CUST_002535,MERCH_0097,799.00,INR,PAID,2026-01-04 04:46:24,2026-02-03 04:46:24
INV_003795,ORD_003795,CUST_003412,MERCH_0081,599.00,USD,PAID,2026-03-31 15:15:52,2026-04-30 15:15:52
INV_003796,ORD_003796,CUST_000512,MERCH_0093,37.75,USD,PAID,2026-01-26 20:04:23,2026-02-25 20:04:23
INV_003797,ORD_003797,CUST_003965,MERCH_0024,77.95,EUR,PAID,2026-02-05 04:30:46,2026-03-07 04:30:46
INV_003798,ORD_003798,CUST_000835,MERCH_0019,55.99,USD,PAID,2026-03-20 00:18:52,2026-04-19 00:18:52
INV_003799,ORD_003799,CUST_003626,MERCH_0073,65.49,EUR,PAID,2026-01-25 21:59:11,2026-02-24 21:59:11
INV_003800,ORD_003800,CUST_003269,MERCH_0070,1571.99,USD,PAID,2026-01-18 03:33:41,2026-02-17 03:33:41
INV_003801,ORD_003801,CUST_002794,MERCH_0095,496.99,USD,PAID,2026-03-22 16:22:32,2026-04-21 16:22:32
INV_003802,ORD_003802,CUST_004195,MERCH_0012,545.50,CAD,PAID,2026-01-09 15:27:07,2026-02-08 15:27:07
INV_003803,ORD_003803,CUST_002156,MERCH_0069,2333.99,USD,PAID,2026-02-09 02:38:13,2026-03-11 02:38:13
INV_003804,ORD_003804,CUST_003099,MERCH_0009,24.99,GBP,PAID,2026-02-14 19:01:44,2026-03-16 19:01:44
INV_003805,ORD_003805,CUST_001506,MERCH_0008,54.25,CAD,PAID,2026-01-14 16:31:26,2026-02-13 16:31:26
INV_003806,ORD_003806,CUST_000038,MERCH_0058,15000.00,INR,PAID,2026-03-13 23:19:12,2026-04-12 23:19:12
INV_003807,ORD_003807,CUST_004076,MERCH_0016,360.95,EUR,PAID,2026-02-15 18:03:40,2026-03-17 18:03:40
INV_003808,ORD_003808,CUST_000883,MERCH_0017,80.80,USD,PAID,2026-03-20 22:50:53,2026-04-19 22:50:53
INV_003810,ORD_003810,CUST_004584,MERCH_0094,75.75,USD,PAID,2026-02-02 01:41:50,2026-03-04 01:41:50
INV_003811,ORD_003811,CUST_000718,MERCH_0042,382.25,USD,PAID,2026-01-22 10:51:57,2026-02-21 10:51:57
INV_003812,ORD_003812,CUST_000529,MERCH_0087,1452.75,EUR,PAID,2026-03-29 02:18:44,2026-04-28 02:18:44
INV_003813,ORD_003813,CUST_001730,MERCH_0034,28.50,GBP,PAID,2026-01-24 21:32:58,2026-02-23 21:32:58
INV_003814,ORD_003814,CUST_003261,MERCH_0005,341.50,GBP,PAID,2026-03-31 21:57:05,2026-04-30 21:57:05
INV_003815,ORD_003815,CUST_003776,MERCH_0045,9999.00,INR,PAID,2026-01-12 19:56:00,2026-02-11 19:56:00
INV_003816,ORD_003816,CUST_001442,MERCH_0055,53.75,USD,PAID,2026-02-06 03:50:31,2026-03-08 03:50:31
INV_003817,ORD_003817,CUST_001778,MERCH_0026,43.25,CAD,PAID,2026-03-31 16:41:33,2026-04-30 16:41:33
INV_003818,ORD_003818,CUST_003518,MERCH_0013,43.99,USD,OVERPAID,2026-03-22 11:59:55,2026-04-21 11:59:55
INV_003819,ORD_003819,CUST_001041,MERCH_0011,299.00,INR,PAID,2026-02-18 16:04:13,2026-03-20 16:04:13
INV_003820,ORD_003820,CUST_000885,MERCH_0023,3366.95,CAD,PAID,2026-02-14 08:05:03,2026-03-16 08:05:03
INV_003821,ORD_003821,CUST_001154,MERCH_0058,70.95,USD,PAID,2026-03-25 05:20:31,2026-04-24 05:20:31
INV_003822,ORD_003822,CUST_003636,MERCH_0049,64.80,GBP,PAID,2026-02-23 21:47:45,2026-03-25 21:47:45
INV_003823,ORD_003823,CUST_002979,MERCH_0019,3999.00,INR,OVERPAID,2026-02-03 18:22:24,2026-03-05 18:22:24
INV_003824,ORD_003824,CUST_000920,MERCH_0056,299.00,INR,PAID,2026-01-29 22:35:24,2026-02-28 22:35:24
INV_003825,ORD_003825,CUST_002755,MERCH_0062,139.80,EUR,PAID,2026-01-28 15:11:24,2026-02-27 15:11:24
INV_003826,ORD_003826,CUST_002889,MERCH_0079,138.25,CAD,PAID,2026-02-08 09:32:54,2026-03-10 09:32:54
INV_003827,ORD_003827,CUST_000950,MERCH_0025,302.25,EUR,PAID,2026-01-21 16:37:23,2026-02-20 16:37:23
INV_003828,ORD_003828,CUST_004743,MERCH_0080,2560.80,EUR,OVERPAID,2026-01-11 19:29:27,2026-02-10 19:29:27
INV_003829,ORD_003829,CUST_002737,MERCH_0019,67.95,GBP,PAID,2026-03-11 12:01:16,2026-04-10 12:01:16
INV_003830,ORD_003830,CUST_000630,MERCH_0013,42.25,EUR,PAID,2026-02-15 02:50:37,2026-03-17 02:50:37
INV_003831,ORD_003831,CUST_003482,MERCH_0007,212.99,USD,PAID,2026-03-06 22:19:39,2026-04-05 22:19:39
INV_003832,ORD_003832,CUST_004701,MERCH_0078,414.50,USD,PAID,2026-03-13 06:38:16,2026-04-12 06:38:16
INV_003833,ORD_003833,CUST_002452,MERCH_0027,1499.00,INR,PAID,2026-03-30 21:08:57,2026-04-29 21:08:57
INV_003834,ORD_003834,CUST_000272,MERCH_0093,231.80,EUR,PAID,2026-02-26 14:47:03,2026-03-28 14:47:03
INV_003835,ORD_003835,CUST_002534,MERCH_0005,577.50,EUR,PAID,2026-01-03 11:49:19,2026-02-02 11:49:19
INV_003836,ORD_003836,CUST_003784,MERCH_0033,72.75,EUR,PAID,2026-02-12 03:31:58,2026-03-14 03:31:58
INV_003837,ORD_003837,CUST_000004,MERCH_0086,443.25,USD,PAID,2026-02-26 21:01:23,2026-03-28 21:01:23
INV_003838,ORD_003838,CUST_001390,MERCH_0063,2499.00,INR,PAID,2026-03-22 13:34:02,2026-04-21 13:34:02
INV_003839,ORD_003839,CUST_000513,MERCH_0092,223.50,USD,PAID,2026-02-18 18:06:41,2026-03-20 18:06:41
INV_003840,ORD_003840,CUST_000233,MERCH_0027,26.99,GBP,PAID,2026-01-01 17:38:21,2026-01-31 17:38:21
INV_003841,ORD_003841,CUST_002847,MERCH_0091,79.50,USD,PAID,2026-02-06 05:40:53,2026-03-08 05:40:53
INV_003842,ORD_003842,CUST_002826,MERCH_0064,51.99,USD,PAID,2026-02-16 22:28:19,2026-03-18 22:28:19
INV_003843,ORD_003843,CUST_002013,MERCH_0027,2348.95,GBP,PAID,2026-03-17 18:01:09,2026-04-16 18:01:09
INV_003844,ORD_003844,CUST_001638,MERCH_0072,41.50,USD,PAID,2026-03-19 05:15:14,2026-04-18 05:15:14
INV_003845,ORD_003845,CUST_002155,MERCH_0085,46.00,USD,PAID,2026-03-20 10:31:20,2026-04-19 10:31:20
INV_003846,ORD_003846,CUST_001915,MERCH_0037,2510.00,GBP,PAID,2026-03-15 05:09:15,2026-04-14 05:09:15
INV_003847,ORD_003847,CUST_003137,MERCH_0012,249.25,USD,PAID,2026-03-07 10:19:03,2026-04-06 10:19:03
INV_003848,ORD_003848,CUST_004269,MERCH_0086,15000.00,INR,PAID,2026-01-12 07:30:13,2026-02-11 07:30:13
INV_003849,ORD_003849,CUST_004438,MERCH_0031,9999.00,INR,PAID,2026-02-24 09:34:28,2026-03-26 09:34:28
INV_003850,ORD_003850,CUST_002593,MERCH_0078,23.25,EUR,PAID,2026-01-24 13:59:24,2026-02-23 13:59:24
INV_003851,ORD_003851,CUST_001515,MERCH_0089,482.75,EUR,PAID,2026-02-21 03:08:28,2026-03-23 03:08:28
INV_003852,ORD_003852,CUST_002150,MERCH_0065,75.00,EUR,PAID,2026-03-02 19:15:38,2026-04-01 19:15:38
INV_003853,ORD_003853,CUST_004975,MERCH_0002,454.00,EUR,PAID,2026-01-05 14:51:24,2026-02-04 14:51:24
INV_003854,ORD_003854,CUST_002786,MERCH_0079,76.49,USD,PAID,2026-01-24 04:34:06,2026-02-23 04:34:06
INV_003855,ORD_003855,CUST_003146,MERCH_0057,134.95,CAD,PAID,2026-02-01 08:44:44,2026-03-03 08:44:44
INV_003856,ORD_003856,CUST_004710,MERCH_0067,2134.75,GBP,PAID,2026-03-10 16:43:44,2026-04-09 16:43:44
INV_003857,ORD_003857,CUST_000602,MERCH_0004,15000.00,INR,PAID,2026-01-01 10:56:49,2026-01-31 10:56:49
INV_003858,ORD_003858,CUST_002540,MERCH_0071,49.50,EUR,PAID,2026-02-18 00:18:56,2026-03-20 00:18:56
INV_003859,ORD_003859,CUST_001104,MERCH_0087,136.80,EUR,PAID,2026-01-17 19:49:18,2026-02-16 19:49:18
INV_003860,ORD_003860,CUST_001442,MERCH_0027,299.00,INR,PAID,2026-01-01 21:46:58,2026-01-31 21:46:58
INV_003861,ORD_003861,CUST_001231,MERCH_0008,58.80,EUR,PAID,2026-03-30 13:23:29,2026-04-29 13:23:29
INV_003862,ORD_003862,CUST_003534,MERCH_0020,586.00,USD,PAID,2026-01-22 03:20:59,2026-02-21 03:20:59
INV_003863,ORD_003863,CUST_001481,MERCH_0003,520.49,EUR,PAID,2026-01-16 16:02:26,2026-02-15 16:02:26
INV_003864,ORD_003864,CUST_004007,MERCH_0022,41.50,GBP,PAID,2026-01-29 01:15:46,2026-02-28 01:15:46
INV_003866,ORD_003866,CUST_000616,MERCH_0039,41.80,USD,PAID,2026-03-15 04:43:17,2026-04-14 04:43:17
INV_003867,ORD_003867,CUST_001437,MERCH_0091,443.95,GBP,PAID,2026-02-04 04:20:48,2026-03-06 04:20:48
INV_003868,ORD_003868,CUST_002934,MERCH_0075,15000.00,INR,PAID,2026-03-29 13:24:51,2026-04-28 13:24:51
INV_003869,ORD_003869,CUST_003333,MERCH_0072,67.00,EUR,PAID,2026-03-25 22:36:17,2026-04-24 22:36:17
INV_003870,ORD_003870,CUST_001126,MERCH_0041,83.25,USD,PAID,2026-03-27 02:24:58,2026-04-26 02:24:58
INV_003871,ORD_003871,CUST_002926,MERCH_0064,387.00,GBP,PAID,2026-01-05 19:35:16,2026-02-04 19:35:16
INV_003872,ORD_003872,CUST_001504,MERCH_0065,185.00,EUR,PAID,2026-02-19 07:24:30,2026-03-21 07:24:30
INV_003873,ORD_003873,CUST_001334,MERCH_0081,37.50,GBP,PAID,2026-01-04 00:03:09,2026-02-03 00:03:09
INV_003874,ORD_003874,CUST_002308,MERCH_0075,2199.50,EUR,PAID,2026-01-27 02:08:13,2026-02-26 02:08:13
INV_003875,ORD_003875,CUST_004835,MERCH_0034,27.49,EUR,PAID,2026-03-25 02:49:44,2026-04-24 02:49:44
INV_003876,ORD_003876,CUST_004591,MERCH_0097,999.00,INR,PAID,2026-02-28 09:07:31,2026-03-30 09:07:31
INV_003877,ORD_003877,CUST_004990,MERCH_0074,436.49,EUR,PAID,2026-03-03 05:18:01,2026-04-02 05:18:01
INV_003878,ORD_003878,CUST_004507,MERCH_0018,15.99,EUR,PAID,2026-03-11 18:24:21,2026-04-10 18:24:21
INV_003879,ORD_003879,CUST_002474,MERCH_0064,23.80,USD,PAID,2026-03-15 12:55:48,2026-04-14 12:55:48
INV_003880,ORD_003880,CUST_000209,MERCH_0055,871.49,GBP,PAID,2026-02-25 02:40:09,2026-03-27 02:40:09
INV_003881,ORD_003881,CUST_000836,MERCH_0082,1753.80,GBP,PAID,2026-03-02 08:59:46,2026-04-01 08:59:46
INV_003882,ORD_003882,CUST_004259,MERCH_0100,1999.00,INR,PAID,2026-01-21 11:39:40,2026-02-20 11:39:40
INV_003883,ORD_003883,CUST_002456,MERCH_0092,607.95,USD,PAID,2026-01-17 02:57:24,2026-02-16 02:57:24
INV_003884,ORD_003884,CUST_000296,MERCH_0073,57.80,USD,PAID,2026-03-23 04:34:07,2026-04-22 04:34:07
INV_003885,ORD_003885,CUST_004967,MERCH_0016,539.75,USD,PAID,2026-01-05 23:38:46,2026-02-04 23:38:46
INV_003886,ORD_003886,CUST_003293,MERCH_0004,9999.00,INR,PAID,2026-01-10 07:45:03,2026-02-09 07:45:03
INV_003887,ORD_003887,CUST_001680,MERCH_0072,2125.99,EUR,PAID,2026-02-07 04:12:41,2026-03-09 04:12:41
INV_003888,ORD_003888,CUST_000505,MERCH_0060,2354.50,GBP,PAID,2026-03-09 14:14:49,2026-04-08 14:14:49
INV_003889,ORD_003889,CUST_000235,MERCH_0077,208.50,USD,PAID,2026-02-12 13:27:04,2026-03-14 13:27:04
INV_003890,ORD_003890,CUST_001127,MERCH_0085,64.95,EUR,PAID,2026-01-03 23:00:23,2026-02-02 23:00:23
INV_003891,ORD_003891,CUST_002142,MERCH_0077,3356.99,CAD,PAID,2026-03-27 20:09:15,2026-04-26 20:09:15
INV_003892,ORD_003892,CUST_000697,MERCH_0076,2816.80,GBP,PAID,2026-01-24 20:37:50,2026-02-23 20:37:50
INV_003893,ORD_003893,CUST_000717,MERCH_0081,3999.00,INR,PAID,2026-01-12 23:10:16,2026-02-11 23:10:16
INV_003894,ORD_003894,CUST_002179,MERCH_0013,71.95,GBP,PAID,2026-01-24 03:06:21,2026-02-23 03:06:21
INV_003895,ORD_003895,CUST_003975,MERCH_0065,80.25,EUR,PAID,2026-03-17 05:43:39,2026-04-16 05:43:39
INV_003896,ORD_003896,CUST_000562,MERCH_0066,799.00,INR,PAID,2026-01-19 23:13:01,2026-02-18 23:13:01
INV_003897,ORD_003897,CUST_002501,MERCH_0007,325.95,CAD,PAID,2026-01-28 16:44:02,2026-02-27 16:44:02
INV_003898,ORD_003898,CUST_000913,MERCH_0061,3389.95,USD,PAID,2026-03-20 06:40:51,2026-04-19 06:40:51
INV_003899,ORD_003899,CUST_002414,MERCH_0066,591.95,EUR,PAID,2026-01-17 05:27:36,2026-02-16 05:27:36
INV_003901,ORD_003901,CUST_001398,MERCH_0074,309.49,GBP,PAID,2026-02-02 13:23:02,2026-03-04 13:23:02
INV_003902,ORD_003902,CUST_001338,MERCH_0065,57.00,GBP,PAID,2026-03-16 02:49:53,2026-04-15 02:49:53
INV_003903,ORD_003903,CUST_003310,MERCH_0037,72.49,USD,PAID,2026-01-18 08:37:33,2026-02-17 08:37:33
INV_003904,ORD_003904,CUST_001122,MERCH_0066,63.95,EUR,PAID,2026-01-11 14:04:38,2026-02-10 14:04:38
INV_003905,ORD_003905,CUST_004711,MERCH_0020,2013.75,EUR,PAID,2026-01-13 17:12:24,2026-02-12 17:12:24
INV_003906,ORD_003906,CUST_002100,MERCH_0035,415.25,EUR,PAID,2026-04-01 00:24:45,2026-05-01 00:24:45
INV_003907,ORD_003907,CUST_004797,MERCH_0066,1499.00,INR,PAID,2026-02-27 22:02:55,2026-03-29 22:02:55
INV_003908,ORD_003908,CUST_002415,MERCH_0046,47.00,EUR,PAID,2026-02-15 13:20:44,2026-03-17 13:20:44
INV_003909,ORD_003909,CUST_003375,MERCH_0047,350.95,USD,PAID,2026-01-23 17:37:42,2026-02-22 17:37:42
INV_003910,ORD_003910,CUST_002500,MERCH_0034,23.80,EUR,PAID,2026-02-11 03:47:22,2026-03-13 03:47:22
INV_003911,ORD_003911,CUST_004192,MERCH_0091,55.25,CAD,PAID,2026-03-15 17:25:24,2026-04-14 17:25:24
INV_003912,ORD_003912,CUST_000674,MERCH_0031,45.95,GBP,PAID,2026-02-16 12:10:59,2026-03-18 12:10:59
INV_003913,ORD_003913,CUST_004317,MERCH_0034,576.75,EUR,PAID,2026-01-22 12:56:54,2026-02-21 12:56:54
INV_003914,ORD_003914,CUST_001242,MERCH_0033,799.00,INR,PAID,2026-01-17 03:28:07,2026-02-16 03:28:07
INV_003915,ORD_003915,CUST_000803,MERCH_0036,44.80,USD,PAID,2026-01-19 08:55:59,2026-02-18 08:55:59
INV_003916,ORD_003916,CUST_002831,MERCH_0062,863.00,EUR,PAID,2026-01-22 08:01:44,2026-02-21 08:01:44
INV_003917,ORD_003917,CUST_001719,MERCH_0059,15.50,EUR,PAID,2026-01-23 06:27:01,2026-02-22 06:27:01
INV_003918,ORD_003918,CUST_002920,MERCH_0047,1578.50,GBP,PAID,2026-03-08 13:54:27,2026-04-07 13:54:27
INV_003919,ORD_003919,CUST_000500,MERCH_0013,609.99,CAD,PAID,2026-02-24 08:35:31,2026-03-26 08:35:31
INV_003920,ORD_003920,CUST_004599,MERCH_0024,15.75,EUR,PAID,2026-01-12 23:30:53,2026-02-11 23:30:53
INV_003921,ORD_003921,CUST_002529,MERCH_0025,545.95,CAD,PAID,2026-01-20 07:17:11,2026-02-19 07:17:11
INV_003922,ORD_003922,CUST_000104,MERCH_0081,33.75,USD,PAID,2026-01-27 13:09:04,2026-02-26 13:09:04
INV_003923,ORD_003923,CUST_003765,MERCH_0095,32.25,EUR,PAID,2026-01-23 03:27:19,2026-02-22 03:27:19
INV_003924,ORD_003924,CUST_001399,MERCH_0098,4999.00,INR,PAID,2026-01-30 23:33:19,2026-03-01 23:33:19
INV_003925,ORD_003925,CUST_001369,MERCH_0011,970.25,EUR,PAID,2026-02-05 20:09:09,2026-03-07 20:09:09
INV_003926,ORD_003926,CUST_001334,MERCH_0061,19.99,USD,PAID,2026-01-28 14:15:15,2026-02-27 14:15:15
INV_003927,ORD_003927,CUST_004428,MERCH_0019,2967.49,USD,PAID,2026-01-21 17:54:33,2026-02-20 17:54:33
INV_003928,ORD_003928,CUST_003324,MERCH_0055,848.49,USD,PAID,2026-02-05 02:22:47,2026-03-07 02:22:47
INV_003929,ORD_003929,CUST_003585,MERCH_0060,210.49,USD,PAID,2026-02-08 04:14:19,2026-03-10 04:14:19
INV_003930,ORD_003930,CUST_000755,MERCH_0048,67.00,USD,PAID,2026-01-03 16:26:50,2026-02-02 16:26:50
INV_003931,ORD_003931,CUST_003890,MERCH_0100,3999.00,INR,PAID,2026-03-04 17:06:59,2026-04-03 17:06:59
INV_003932,ORD_003932,CUST_004120,MERCH_0047,1373.75,EUR,PAID,2026-01-08 13:24:17,2026-02-07 13:24:17
INV_003933,ORD_003933,CUST_001099,MERCH_0061,19.49,EUR,PAID,2026-02-02 08:25:45,2026-03-04 08:25:45
INV_003934,ORD_003934,CUST_001253,MERCH_0049,64.00,USD,PAID,2026-01-23 21:08:22,2026-02-22 21:08:22
INV_003935,ORD_003935,CUST_002871,MERCH_0023,65.50,EUR,PAID,2026-01-16 20:02:16,2026-02-15 20:02:16
INV_003936,ORD_003936,CUST_000630,MERCH_0029,60.49,EUR,PAID,2026-02-12 06:49:26,2026-03-14 06:49:26
INV_003937,ORD_003937,CUST_002909,MERCH_0029,289.50,USD,PAID,2026-03-14 22:25:20,2026-04-13 22:25:20
INV_003938,ORD_003938,CUST_001030,MERCH_0050,78.80,GBP,PAID,2026-01-17 13:13:08,2026-02-16 13:13:08
INV_003939,ORD_003939,CUST_002748,MERCH_0046,255.95,EUR,PAID,2026-01-17 10:59:01,2026-02-16 10:59:01
INV_003940,ORD_003940,CUST_003001,MERCH_0019,465.80,EUR,PAID,2026-01-29 09:02:34,2026-02-28 09:02:34
INV_003941,ORD_003941,CUST_001549,MERCH_0089,1560.80,CAD,PAID,2026-01-29 11:41:00,2026-02-28 11:41:00
INV_003942,ORD_003942,CUST_003114,MERCH_0045,2969.75,USD,PAID,2026-03-24 10:33:20,2026-04-23 10:33:20
INV_003943,ORD_003943,CUST_000766,MERCH_0001,74.95,USD,PAID,2026-02-04 00:19:51,2026-03-06 00:19:51
INV_003944,ORD_003944,CUST_004352,MERCH_0004,62.75,CAD,PAID,2026-03-20 10:13:46,2026-04-19 10:13:46
INV_003945,ORD_003945,CUST_004603,MERCH_0034,575.80,EUR,PAID,2026-02-13 20:28:30,2026-03-15 20:28:30
INV_003946,ORD_003946,CUST_002485,MERCH_0094,415.50,EUR,PAID,2026-01-21 23:42:01,2026-02-20 23:42:01
INV_003947,ORD_003947,CUST_003712,MERCH_0008,2622.25,GBP,PAID,2026-02-21 00:37:18,2026-03-23 00:37:18
INV_003948,ORD_003948,CUST_004342,MERCH_0043,2790.25,GBP,PAID,2026-01-01 20:23:32,2026-01-31 20:23:32
INV_003949,ORD_003949,CUST_004936,MERCH_0014,1499.00,INR,PAID,2026-03-29 23:32:32,2026-04-28 23:32:32
INV_003950,ORD_003950,CUST_001402,MERCH_0044,16.49,USD,PAID,2026-01-22 07:55:34,2026-02-21 07:55:34
INV_003951,ORD_003951,CUST_003160,MERCH_0083,578.49,USD,PAID,2026-01-19 19:25:29,2026-02-18 19:25:29
INV_003952,ORD_003952,CUST_003083,MERCH_0032,499.00,INR,PAID,2026-01-08 17:24:25,2026-02-07 17:24:25
INV_003953,ORD_003953,CUST_004624,MERCH_0021,499.00,INR,PAID,2026-03-23 00:51:40,2026-04-22 00:51:40
INV_003954,ORD_003954,CUST_004656,MERCH_0050,4999.00,INR,PAID,2026-03-18 02:41:01,2026-04-17 02:41:01
INV_003955,ORD_003955,CUST_000278,MERCH_0025,299.00,INR,PAID,2026-03-15 04:02:26,2026-04-14 04:02:26
INV_003956,ORD_003956,CUST_004842,MERCH_0059,320.80,GBP,PAID,2026-01-06 20:41:31,2026-02-05 20:41:31
INV_003957,ORD_003957,CUST_002827,MERCH_0058,21.80,GBP,PAID,2026-03-01 12:23:42,2026-03-31 12:23:42
INV_003958,ORD_003958,CUST_000423,MERCH_0038,80.80,EUR,PAID,2026-01-01 11:33:25,2026-01-31 11:33:25
INV_003959,ORD_003959,CUST_000072,MERCH_0070,427.00,EUR,PAID,2026-02-07 00:18:05,2026-03-09 00:18:05
INV_003960,ORD_003960,CUST_000511,MERCH_0064,34.49,USD,PAID,2026-03-22 20:18:05,2026-04-21 20:18:05
INV_003961,ORD_003961,CUST_004585,MERCH_0051,19.00,CAD,PAID,2026-03-22 18:11:55,2026-04-21 18:11:55
INV_003962,ORD_003962,CUST_001606,MERCH_0073,299.00,INR,PAID,2026-03-18 23:39:58,2026-04-17 23:39:58
INV_003963,ORD_003963,CUST_002307,MERCH_0015,69.49,USD,PAID,2026-03-01 21:28:00,2026-03-31 21:28:00
INV_003964,ORD_003964,CUST_002973,MERCH_0020,32.25,USD,PAID,2026-01-12 04:43:02,2026-02-11 04:43:02
INV_003965,ORD_003965,CUST_001195,MERCH_0058,34.80,USD,PAID,2026-01-11 20:31:04,2026-02-10 20:31:04
INV_003966,ORD_003966,CUST_000296,MERCH_0042,499.00,INR,PAID,2026-01-16 13:19:01,2026-02-15 13:19:01
INV_003967,ORD_003967,CUST_004300,MERCH_0082,3181.80,USD,PAID,2026-01-06 05:00:36,2026-02-05 05:00:36
INV_003968,ORD_003968,CUST_001134,MERCH_0033,1385.75,CAD,PAID,2026-02-10 23:58:41,2026-03-12 23:58:41
INV_003969,ORD_003969,CUST_001024,MERCH_0064,799.00,INR,PAID,2026-03-24 06:06:46,2026-04-23 06:06:46
INV_003970,ORD_003970,CUST_001068,MERCH_0079,4999.00,INR,PAID,2026-01-02 16:52:46,2026-02-01 16:52:46
INV_003971,ORD_003971,CUST_001370,MERCH_0067,591.80,CAD,PAID,2026-01-18 13:46:21,2026-02-17 13:46:21
INV_003972,ORD_003972,CUST_000257,MERCH_0030,540.25,USD,PAID,2026-03-10 01:25:06,2026-04-09 01:25:06
INV_003973,ORD_003973,CUST_001284,MERCH_0081,1928.25,EUR,PAID,2026-03-19 04:50:50,2026-04-18 04:50:50
INV_003974,ORD_003974,CUST_004037,MERCH_0092,416.95,GBP,PAID,2026-01-13 05:39:52,2026-02-12 05:39:52
INV_003975,ORD_003975,CUST_002820,MERCH_0053,72.49,USD,PAID,2026-02-15 17:32:34,2026-03-17 17:32:34
INV_003976,ORD_003976,CUST_004768,MERCH_0065,556.50,GBP,PAID,2026-01-21 21:27:35,2026-02-20 21:27:35
INV_003977,ORD_003977,CUST_002625,MERCH_0055,54.95,GBP,PAID,2026-01-26 06:16:24,2026-02-25 06:16:24
INV_003978,ORD_003978,CUST_002254,MERCH_0081,774.75,USD,PAID,2026-03-05 05:00:38,2026-04-04 05:00:38
INV_003979,ORD_003979,CUST_002674,MERCH_0054,40.95,USD,PAID,2026-03-15 18:49:08,2026-04-14 18:49:08
INV_003980,ORD_003980,CUST_002728,MERCH_0040,1999.00,INR,PAID,2026-03-12 12:45:50,2026-04-11 12:45:50
INV_003981,ORD_003981,CUST_004955,MERCH_0039,307.50,GBP,PAID,2026-03-29 20:08:02,2026-04-28 20:08:02
INV_003982,ORD_003982,CUST_003824,MERCH_0030,160.49,EUR,PAID,2026-03-04 07:46:50,2026-04-03 07:46:50
INV_003983,ORD_003983,CUST_000731,MERCH_0040,622.99,USD,PAID,2026-01-12 11:41:06,2026-02-11 11:41:06
INV_003984,ORD_003984,CUST_001994,MERCH_0046,4999.00,INR,PAID,2026-03-01 12:09:50,2026-03-31 12:09:50
INV_003985,ORD_003985,CUST_000320,MERCH_0044,72.25,USD,PAID,2026-02-26 07:42:15,2026-03-28 07:42:15
INV_003986,ORD_003986,CUST_001124,MERCH_0078,26.49,EUR,PAID,2026-01-13 01:18:26,2026-02-12 01:18:26
INV_003987,ORD_003987,CUST_000124,MERCH_0029,222.80,EUR,PAID,2026-01-04 18:37:10,2026-02-03 18:37:10
INV_003988,ORD_003988,CUST_002369,MERCH_0073,647.25,USD,PAID,2026-01-15 11:19:18,2026-02-14 11:19:18
INV_003989,ORD_003989,CUST_001352,MERCH_0026,312.80,EUR,PAID,2026-03-26 21:35:29,2026-04-25 21:35:29
INV_003990,ORD_003990,CUST_000504,MERCH_0011,2711.75,USD,PAID,2026-02-14 20:03:57,2026-03-16 20:03:57
INV_003991,ORD_003991,CUST_001524,MERCH_0035,112.50,USD,PAID,2026-02-12 05:51:21,2026-03-14 05:51:21
INV_003992,ORD_003992,CUST_004147,MERCH_0026,388.49,CAD,PAID,2026-03-13 12:48:04,2026-04-12 12:48:04
INV_003993,ORD_003993,CUST_002915,MERCH_0007,52.80,USD,PAID,2026-02-21 23:55:13,2026-03-23 23:55:13
INV_003994,ORD_003994,CUST_002501,MERCH_0084,2927.80,EUR,PAID,2026-02-02 16:59:49,2026-03-04 16:59:49
INV_003995,ORD_003995,CUST_002291,MERCH_0004,53.00,EUR,PAID,2026-01-16 00:02:13,2026-02-15 00:02:13
INV_003996,ORD_003996,CUST_003877,MERCH_0098,461.99,CAD,PAID,2026-02-13 13:27:39,2026-03-15 13:27:39
INV_003997,ORD_003997,CUST_001050,MERCH_0050,301.50,GBP,PAID,2026-03-14 13:07:12,2026-04-13 13:07:12
INV_003998,ORD_003998,CUST_002838,MERCH_0084,268.75,EUR,PAID,2026-03-13 23:44:28,2026-04-12 23:44:28
INV_004000,ORD_004000,CUST_000779,MERCH_0029,205.49,EUR,PAID,2026-03-13 23:32:24,2026-04-12 23:32:24
INV_004001,ORD_004001,CUST_001164,MERCH_0053,26.50,USD,PAID,2026-03-28 21:04:35,2026-04-27 21:04:35
INV_004002,ORD_004002,CUST_004059,MERCH_0071,23.80,GBP,PAID,2026-03-28 07:53:35,2026-04-27 07:53:35
INV_004003,ORD_004003,CUST_004207,MERCH_0090,2083.49,USD,PAID,2026-03-08 09:33:35,2026-04-07 09:33:35
INV_004004,ORD_004004,CUST_001745,MERCH_0062,40.95,GBP,PAID,2026-03-01 15:19:41,2026-03-31 15:19:41
INV_004005,ORD_004005,CUST_004911,MERCH_0083,568.25,EUR,PAID,2026-03-02 03:54:01,2026-04-01 03:54:01
INV_004006,ORD_004006,CUST_002577,MERCH_0014,129.80,EUR,PAID,2026-01-22 21:08:21,2026-02-21 21:08:21
INV_004007,ORD_004007,CUST_004857,MERCH_0079,4999.00,INR,PAID,2026-01-11 08:59:06,2026-02-10 08:59:06
INV_004008,ORD_004008,CUST_002256,MERCH_0073,45.25,USD,PAID,2026-01-29 14:37:00,2026-02-28 14:37:00
INV_004009,ORD_004009,CUST_004440,MERCH_0049,31.00,USD,PAID,2026-02-01 03:41:16,2026-03-03 03:41:16
INV_004010,ORD_004010,CUST_003350,MERCH_0032,206.75,GBP,PAID,2026-01-25 13:42:47,2026-02-24 13:42:47
INV_004011,ORD_004011,CUST_003269,MERCH_0046,327.00,CAD,PAID,2026-01-10 08:36:33,2026-02-09 08:36:33
INV_004012,ORD_004012,CUST_002369,MERCH_0066,40.95,USD,PAID,2026-03-08 12:11:42,2026-04-07 12:11:42
INV_004013,ORD_004013,CUST_000993,MERCH_0038,435.25,USD,PAID,2026-03-05 05:55:18,2026-04-04 05:55:18
INV_004014,ORD_004014,CUST_001434,MERCH_0026,1643.75,EUR,PAID,2026-03-28 07:10:59,2026-04-27 07:10:59
INV_004015,ORD_004015,CUST_002894,MERCH_0059,138.25,CAD,PAID,2026-02-15 07:30:39,2026-03-17 07:30:39
INV_004016,ORD_004016,CUST_003128,MERCH_0093,3008.00,GBP,PAID,2026-02-11 19:46:27,2026-03-13 19:46:27
INV_004017,ORD_004017,CUST_000671,MERCH_0055,41.25,GBP,PAID,2026-01-05 21:37:27,2026-02-04 21:37:27
INV_004018,ORD_004018,CUST_002128,MERCH_0014,48.95,GBP,PAID,2026-01-07 12:42:25,2026-02-06 12:42:25
INV_004019,ORD_004019,CUST_004777,MERCH_0041,23.00,EUR,PAID,2026-03-18 18:23:54,2026-04-17 18:23:54
INV_004020,ORD_004020,CUST_003175,MERCH_0014,229.49,CAD,PAID,2026-03-03 16:55:03,2026-04-02 16:55:03
INV_004021,ORD_004021,CUST_004717,MERCH_0076,9999.00,INR,OVERPAID,2026-03-20 15:21:51,2026-04-19 15:21:51
INV_004022,ORD_004022,CUST_000798,MERCH_0001,451.49,CAD,PAID,2026-03-24 14:40:49,2026-04-23 14:40:49
INV_004023,ORD_004023,CUST_003532,MERCH_0067,210.99,USD,PAID,2026-03-11 12:42:48,2026-04-10 12:42:48
INV_004024,ORD_004024,CUST_004247,MERCH_0088,4999.00,INR,PAID,2026-03-01 23:22:31,2026-03-31 23:22:31
INV_004025,ORD_004025,CUST_000659,MERCH_0096,25.75,EUR,PAID,2026-02-17 15:12:25,2026-03-19 15:12:25
INV_004026,ORD_004026,CUST_001961,MERCH_0015,517.80,EUR,PAID,2026-02-01 23:43:55,2026-03-03 23:43:55
INV_004027,ORD_004027,CUST_003466,MERCH_0063,31.49,EUR,PAID,2026-03-06 07:36:18,2026-04-05 07:36:18
INV_004028,ORD_004028,CUST_003141,MERCH_0015,561.49,EUR,PAID,2026-01-22 02:55:00,2026-02-21 02:55:00
INV_004029,ORD_004029,CUST_001411,MERCH_0053,44.75,USD,PAID,2026-02-22 06:13:02,2026-03-24 06:13:02
INV_004030,ORD_004030,CUST_000102,MERCH_0052,2354.95,EUR,PAID,2026-03-11 14:04:32,2026-04-10 14:04:32
INV_004031,ORD_004031,CUST_002471,MERCH_0058,392.25,USD,PAID,2026-03-05 00:17:27,2026-04-04 00:17:27
INV_004032,ORD_004032,CUST_001784,MERCH_0063,31.50,GBP,PAID,2026-03-02 00:08:55,2026-04-01 00:08:55
INV_004033,ORD_004033,CUST_000328,MERCH_0036,23.00,EUR,PAID,2026-03-29 16:41:22,2026-04-28 16:41:22
INV_004034,ORD_004034,CUST_004469,MERCH_0007,1999.00,INR,PAID,2026-03-10 17:22:33,2026-04-09 17:22:33
INV_004036,ORD_004036,CUST_001953,MERCH_0044,26.75,CAD,PAID,2026-03-04 13:35:23,2026-04-03 13:35:23
INV_004037,ORD_004037,CUST_003133,MERCH_0054,825.50,GBP,PAID,2026-02-05 21:29:12,2026-03-07 21:29:12
INV_004038,ORD_004038,CUST_003080,MERCH_0028,3999.00,INR,PAID,2026-02-13 02:16:21,2026-03-15 02:16:21
INV_004039,ORD_004039,CUST_004796,MERCH_0026,137.49,EUR,PAID,2026-02-15 20:49:45,2026-03-17 20:49:45
INV_004040,ORD_004040,CUST_004188,MERCH_0043,2640.49,EUR,PAID,2026-01-19 02:01:57,2026-02-18 02:01:57
INV_004041,ORD_004041,CUST_000089,MERCH_0086,70.25,EUR,PAID,2026-02-12 18:08:58,2026-03-14 18:08:58
INV_004042,ORD_004042,CUST_004168,MERCH_0061,559.80,CAD,PAID,2026-03-19 01:45:15,2026-04-18 01:45:15
INV_004043,ORD_004043,CUST_002913,MERCH_0080,52.80,USD,PAID,2026-02-15 11:55:39,2026-03-17 11:55:39
INV_004044,ORD_004044,CUST_000444,MERCH_0009,443.50,USD,PAID,2026-02-06 19:03:05,2026-03-08 19:03:05
INV_004045,ORD_004045,CUST_004234,MERCH_0086,618.25,EUR,PAID,2026-02-08 22:29:45,2026-03-10 22:29:45
INV_004046,ORD_004046,CUST_002712,MERCH_0050,1948.75,GBP,PAID,2026-01-07 04:33:23,2026-02-06 04:33:23
INV_004047,ORD_004047,CUST_003629,MERCH_0006,1564.49,EUR,PAID,2026-02-09 19:57:18,2026-03-11 19:57:18
INV_004048,ORD_004048,CUST_003582,MERCH_0061,499.00,INR,PAID,2026-01-06 10:57:08,2026-02-05 10:57:08
INV_004050,ORD_004050,CUST_004652,MERCH_0097,29.80,GBP,PAID,2026-02-13 20:25:57,2026-03-15 20:25:57
INV_004051,ORD_004051,CUST_000560,MERCH_0052,1999.00,INR,PAID,2026-01-28 13:53:52,2026-02-27 13:53:52
INV_004052,ORD_004052,CUST_004722,MERCH_0072,23.99,USD,PAID,2026-03-26 13:05:20,2026-04-25 13:05:20
INV_004053,ORD_004053,CUST_000349,MERCH_0074,1796.00,USD,PAID,2026-01-31 13:46:32,2026-03-02 13:46:32
INV_004054,ORD_004054,CUST_001502,MERCH_0033,999.00,INR,PAID,2026-03-28 04:46:36,2026-04-27 04:46:36
INV_004055,ORD_004055,CUST_002395,MERCH_0009,80.80,GBP,PAID,2026-03-28 04:18:25,2026-04-27 04:18:25
INV_004056,ORD_004056,CUST_003935,MERCH_0098,262.95,EUR,PAID,2026-03-18 09:57:12,2026-04-17 09:57:12
INV_004057,ORD_004057,CUST_001093,MERCH_0070,2031.49,USD,PAID,2026-01-09 03:40:38,2026-02-08 03:40:38
INV_004058,ORD_004058,CUST_002244,MERCH_0019,163.95,USD,PAID,2026-03-09 01:18:20,2026-04-08 01:18:20
INV_004059,ORD_004059,CUST_003213,MERCH_0051,76.49,EUR,PAID,2026-01-17 23:33:23,2026-02-16 23:33:23
INV_004060,ORD_004060,CUST_001755,MERCH_0021,540.99,CAD,PAID,2026-02-13 05:03:10,2026-03-15 05:03:10
INV_004061,ORD_004061,CUST_004840,MERCH_0074,570.49,CAD,PAID,2026-02-25 17:07:37,2026-03-27 17:07:37
INV_004062,ORD_004062,CUST_003473,MERCH_0074,38.95,GBP,PAID,2026-03-17 12:57:34,2026-04-16 12:57:34
INV_004063,ORD_004063,CUST_004466,MERCH_0078,374.00,CAD,PAID,2026-02-18 13:36:39,2026-03-20 13:36:39
INV_004064,ORD_004064,CUST_004428,MERCH_0085,604.95,GBP,PAID,2026-02-10 13:17:52,2026-03-12 13:17:52
INV_004065,ORD_004065,CUST_001717,MERCH_0001,66.50,USD,PAID,2026-03-12 09:05:45,2026-04-11 09:05:45
INV_004066,ORD_004066,CUST_004024,MERCH_0048,64.95,EUR,PAID,2026-02-21 21:42:45,2026-03-23 21:42:45
INV_004067,ORD_004067,CUST_003429,MERCH_0096,1108.00,CAD,PAID,2026-01-29 06:34:04,2026-02-28 06:34:04
INV_004068,ORD_004068,CUST_001132,MERCH_0010,45.25,GBP,PAID,2026-01-17 04:20:46,2026-02-16 04:20:46
INV_004069,ORD_004069,CUST_003634,MERCH_0048,235.95,EUR,PAID,2026-01-23 21:01:52,2026-02-22 21:01:52
INV_004070,ORD_004070,CUST_003592,MERCH_0063,1274.75,USD,PAID,2026-02-11 21:36:31,2026-03-13 21:36:31
INV_004071,ORD_004071,CUST_000402,MERCH_0008,4999.00,INR,PAID,2026-01-15 07:41:53,2026-02-14 07:41:53
INV_004072,ORD_004072,CUST_003767,MERCH_0015,479.75,USD,PAID,2026-03-05 22:14:33,2026-04-04 22:14:33
INV_004073,ORD_004073,CUST_001664,MERCH_0099,620.75,CAD,PAID,2026-01-25 03:44:17,2026-02-24 03:44:17
INV_004074,ORD_004074,CUST_003265,MERCH_0071,30.50,USD,PAID,2026-02-21 00:03:25,2026-03-23 00:03:25
INV_004075,ORD_004075,CUST_002856,MERCH_0049,77.75,EUR,PAID,2026-01-18 19:44:00,2026-02-17 19:44:00
INV_004076,ORD_004076,CUST_004019,MERCH_0070,18.99,GBP,PAID,2026-01-23 21:55:59,2026-02-22 21:55:59
INV_004077,ORD_004077,CUST_001614,MERCH_0004,440.50,USD,PAID,2026-01-21 13:27:01,2026-02-20 13:27:01
INV_004078,ORD_004078,CUST_003346,MERCH_0020,26.25,GBP,PAID,2026-03-06 15:34:26,2026-04-05 15:34:26
INV_004079,ORD_004079,CUST_004410,MERCH_0100,315.80,GBP,PAID,2026-03-25 03:47:23,2026-04-24 03:47:23
INV_004080,ORD_004080,CUST_004721,MERCH_0084,4999.00,INR,PAID,2026-02-12 19:34:32,2026-03-14 19:34:32
INV_004081,ORD_004081,CUST_001766,MERCH_0047,69.95,EUR,PAID,2026-03-09 12:28:40,2026-04-08 12:28:40
INV_004082,ORD_004082,CUST_001929,MERCH_0091,3489.95,EUR,PAID,2026-01-24 18:23:52,2026-02-23 18:23:52
INV_004083,ORD_004083,CUST_004396,MERCH_0068,499.49,EUR,PAID,2026-01-27 21:22:08,2026-02-26 21:22:08
INV_004084,ORD_004084,CUST_003872,MERCH_0047,2499.00,INR,PAID,2026-01-19 00:55:35,2026-02-18 00:55:35
INV_004085,ORD_004085,CUST_001208,MERCH_0098,74.99,EUR,PAID,2026-03-20 18:06:41,2026-04-19 18:06:41
INV_004086,ORD_004086,CUST_002908,MERCH_0066,604.00,USD,OVERPAID,2026-02-21 06:02:17,2026-03-23 06:02:17
INV_004087,ORD_004087,CUST_000135,MERCH_0041,398.95,USD,PAID,2026-02-02 00:27:38,2026-03-04 00:27:38
INV_004088,ORD_004088,CUST_002239,MERCH_0048,63.99,USD,PAID,2026-01-23 05:29:22,2026-02-22 05:29:22
INV_004089,ORD_004089,CUST_000504,MERCH_0092,234.80,EUR,PAID,2026-02-17 15:18:33,2026-03-19 15:18:33
INV_004090,ORD_004090,CUST_000693,MERCH_0094,19.75,USD,PAID,2026-03-15 17:50:47,2026-04-14 17:50:47
INV_004091,ORD_004091,CUST_003902,MERCH_0008,528.80,GBP,PAID,2026-03-24 02:11:01,2026-04-23 02:11:01
INV_004092,ORD_004092,CUST_002066,MERCH_0014,15000.00,INR,PAID,2026-02-05 02:12:16,2026-03-07 02:12:16
INV_004093,ORD_004093,CUST_000308,MERCH_0020,66.00,USD,PAID,2026-02-18 15:20:43,2026-03-20 15:20:43
INV_004094,ORD_004094,CUST_004340,MERCH_0047,3361.75,EUR,PAID,2026-03-28 04:18:57,2026-04-27 04:18:57
INV_004095,ORD_004095,CUST_003573,MERCH_0046,27.75,GBP,PAID,2026-02-03 04:24:16,2026-03-05 04:24:16
INV_004096,ORD_004096,CUST_000688,MERCH_0036,538.99,EUR,PAID,2026-01-19 16:58:00,2026-02-18 16:58:00
INV_004097,ORD_004097,CUST_004519,MERCH_0031,123.25,USD,PAID,2026-01-09 00:19:03,2026-02-08 00:19:03
INV_004098,ORD_004098,CUST_000107,MERCH_0009,195.75,GBP,PAID,2026-03-23 19:12:39,2026-04-22 19:12:39
INV_004099,ORD_004099,CUST_004117,MERCH_0091,276.49,EUR,PAID,2026-03-05 05:26:47,2026-04-04 05:26:47
INV_004100,ORD_004100,CUST_002257,MERCH_0009,2778.80,EUR,PAID,2026-01-31 18:53:10,2026-03-02 18:53:10
INV_004101,ORD_004101,CUST_004721,MERCH_0065,138.50,USD,PAID,2026-01-24 02:20:54,2026-02-23 02:20:54
INV_004102,ORD_004102,CUST_003141,MERCH_0042,179.75,USD,PAID,2026-03-26 05:21:11,2026-04-25 05:21:11
INV_004103,ORD_004103,CUST_002671,MERCH_0054,359.49,EUR,PAID,2026-01-26 21:47:12,2026-02-25 21:47:12
INV_004104,ORD_004104,CUST_002522,MERCH_0046,3278.50,USD,PAID,2026-02-14 21:32:38,2026-03-16 21:32:38
INV_004105,ORD_004105,CUST_002508,MERCH_0059,63.00,EUR,PAID,2026-02-21 17:28:53,2026-03-23 17:28:53
INV_004106,ORD_004106,CUST_004788,MERCH_0001,191.95,USD,PAID,2026-03-05 07:33:23,2026-04-04 07:33:23
INV_004107,ORD_004107,CUST_003417,MERCH_0007,2423.99,GBP,PAID,2026-02-08 15:39:36,2026-03-10 15:39:36
INV_004108,ORD_004108,CUST_000171,MERCH_0080,549.99,CAD,PAID,2026-03-23 07:55:20,2026-04-22 07:55:20
INV_004109,ORD_004109,CUST_002037,MERCH_0074,312.95,EUR,PAID,2026-02-26 23:44:26,2026-03-28 23:44:26
INV_004110,ORD_004110,CUST_001249,MERCH_0042,99.25,USD,PAID,2026-01-09 08:23:10,2026-02-08 08:23:10
INV_004111,ORD_004111,CUST_004073,MERCH_0035,44.50,USD,PAID,2026-01-08 05:50:57,2026-02-07 05:50:57
INV_004112,ORD_004112,CUST_003413,MERCH_0056,999.00,INR,PAID,2026-03-16 06:50:20,2026-04-15 06:50:20
INV_004113,ORD_004113,CUST_004402,MERCH_0001,35.95,EUR,PAID,2026-01-24 22:29:08,2026-02-23 22:29:08
INV_004114,ORD_004114,CUST_001777,MERCH_0050,351.50,CAD,PAID,2026-03-20 00:22:33,2026-04-19 00:22:33
INV_004115,ORD_004115,CUST_003305,MERCH_0041,625.25,GBP,PAID,2026-03-29 13:40:42,2026-04-28 13:40:42
INV_004117,ORD_004117,CUST_002573,MERCH_0012,3999.00,INR,PAID,2026-01-27 11:56:03,2026-02-26 11:56:03
INV_004118,ORD_004118,CUST_002243,MERCH_0080,2779.95,EUR,PAID,2026-03-02 10:41:40,2026-04-01 10:41:40
INV_004119,ORD_004119,CUST_000760,MERCH_0053,73.99,EUR,PAID,2026-03-28 14:28:58,2026-04-27 14:28:58
INV_004120,ORD_004120,CUST_003241,MERCH_0019,55.99,GBP,PAID,2026-02-08 06:24:11,2026-03-10 06:24:11
INV_004121,ORD_004121,CUST_003487,MERCH_0064,127.99,EUR,PAID,2026-02-12 09:29:01,2026-03-14 09:29:01
INV_004122,ORD_004122,CUST_004597,MERCH_0030,69.50,GBP,PAID,2026-01-11 05:43:06,2026-02-10 05:43:06
INV_004123,ORD_004123,CUST_002557,MERCH_0013,424.75,GBP,PAID,2026-02-07 16:48:43,2026-03-09 16:48:43
INV_004124,ORD_004124,CUST_002956,MERCH_0012,40.75,GBP,PAID,2026-01-09 06:41:28,2026-02-08 06:41:28
INV_004125,ORD_004125,CUST_003975,MERCH_0021,54.80,USD,PAID,2026-02-19 11:51:34,2026-03-21 11:51:34
INV_004126,ORD_004126,CUST_001440,MERCH_0096,470.49,EUR,PAID,2026-01-23 07:25:43,2026-02-22 07:25:43
INV_004127,ORD_004127,CUST_002837,MERCH_0022,616.99,GBP,PAID,2026-02-21 00:32:39,2026-03-23 00:32:39
INV_004128,ORD_004128,CUST_004060,MERCH_0090,50.80,USD,PAID,2026-01-30 20:19:58,2026-03-01 20:19:58
INV_004129,ORD_004129,CUST_003440,MERCH_0074,530.99,EUR,PAID,2026-01-11 10:27:44,2026-02-10 10:27:44
INV_004130,ORD_004130,CUST_002369,MERCH_0095,79.99,EUR,PAID,2026-01-26 19:03:03,2026-02-25 19:03:03
INV_004131,ORD_004131,CUST_001033,MERCH_0075,2755.99,EUR,PAID,2026-01-29 10:00:03,2026-02-28 10:00:03
INV_004132,ORD_004132,CUST_003699,MERCH_0086,30.25,GBP,PAID,2026-01-05 23:20:32,2026-02-04 23:20:32
INV_004133,ORD_004133,CUST_000165,MERCH_0023,363.25,EUR,PAID,2026-01-10 15:45:59,2026-02-09 15:45:59
INV_004134,ORD_004134,CUST_003884,MERCH_0045,611.80,CAD,PAID,2026-01-23 10:57:46,2026-02-22 10:57:46
INV_004135,ORD_004135,CUST_000588,MERCH_0035,15.49,EUR,PAID,2026-03-03 10:09:07,2026-04-02 10:09:07
INV_004136,ORD_004136,CUST_002451,MERCH_0085,60.49,EUR,PAID,2026-03-30 01:12:29,2026-04-29 01:12:29
INV_004137,ORD_004137,CUST_003985,MERCH_0070,559.25,CAD,PAID,2026-03-25 13:20:54,2026-04-24 13:20:54
INV_004138,ORD_004138,CUST_002108,MERCH_0069,54.49,CAD,PAID,2026-01-24 17:55:19,2026-02-23 17:55:19
INV_004139,ORD_004139,CUST_000191,MERCH_0084,98.00,EUR,PAID,2026-03-22 05:44:56,2026-04-21 05:44:56
INV_004140,ORD_004140,CUST_000027,MERCH_0044,15.00,USD,PAID,2026-01-24 05:42:31,2026-02-23 05:42:31
INV_004141,ORD_004141,CUST_000433,MERCH_0028,467.80,GBP,PAID,2026-01-04 01:38:15,2026-02-03 01:38:15
INV_004142,ORD_004142,CUST_004066,MERCH_0027,41.99,GBP,PAID,2026-01-22 20:29:26,2026-02-21 20:29:26
INV_004143,ORD_004143,CUST_003804,MERCH_0034,33.75,EUR,PAID,2026-01-24 00:19:57,2026-02-23 00:19:57
INV_004144,ORD_004144,CUST_002818,MERCH_0007,1901.80,CAD,PAID,2026-03-25 22:18:34,2026-04-24 22:18:34
INV_004145,ORD_004145,CUST_001189,MERCH_0038,107.25,USD,PAID,2026-02-11 03:53:26,2026-03-13 03:53:26
INV_004146,ORD_004146,CUST_000091,MERCH_0033,46.49,USD,PAID,2026-03-10 07:39:56,2026-04-09 07:39:56
INV_004147,ORD_004147,CUST_000730,MERCH_0078,54.25,CAD,PAID,2026-03-10 09:47:21,2026-04-09 09:47:21
INV_004148,ORD_004148,CUST_003507,MERCH_0023,38.25,USD,PAID,2026-01-05 06:36:23,2026-02-04 06:36:23
INV_004149,ORD_004149,CUST_004991,MERCH_0060,407.75,EUR,PAID,2026-03-30 23:31:49,2026-04-29 23:31:49
INV_004150,ORD_004150,CUST_000523,MERCH_0042,1970.95,EUR,PAID,2026-03-04 12:50:50,2026-04-03 12:50:50
INV_004151,ORD_004151,CUST_003262,MERCH_0046,80.49,USD,PAID,2026-02-05 20:36:56,2026-03-07 20:36:56
INV_004152,ORD_004152,CUST_001542,MERCH_0069,545.25,EUR,PAID,2026-02-11 21:22:48,2026-03-13 21:22:48
INV_004153,ORD_004153,CUST_000585,MERCH_0017,1999.00,INR,PAID,2026-01-25 03:29:48,2026-02-24 03:29:48
INV_004154,ORD_004154,CUST_002354,MERCH_0039,424.75,CAD,PAID,2026-03-13 20:45:07,2026-04-12 20:45:07
INV_004155,ORD_004155,CUST_003482,MERCH_0080,211.75,CAD,PAID,2026-03-28 07:17:46,2026-04-27 07:17:46
INV_004157,ORD_004157,CUST_003441,MERCH_0049,3002.25,USD,PAID,2026-03-24 19:34:50,2026-04-23 19:34:50
INV_004158,ORD_004158,CUST_002933,MERCH_0014,721.25,USD,PAID,2026-02-16 12:38:04,2026-03-18 12:38:04
INV_004159,ORD_004159,CUST_001330,MERCH_0003,58.50,EUR,PAID,2026-01-18 18:06:24,2026-02-17 18:06:24
INV_004161,ORD_004161,CUST_001046,MERCH_0053,75.95,USD,PAID,2026-01-12 08:43:10,2026-02-11 08:43:10
INV_004162,ORD_004162,CUST_003218,MERCH_0016,593.80,GBP,PAID,2026-02-17 18:10:11,2026-03-19 18:10:11
INV_004163,ORD_004163,CUST_004961,MERCH_0098,386.50,CAD,PAID,2026-01-11 01:42:34,2026-02-10 01:42:34
INV_004164,ORD_004164,CUST_003396,MERCH_0035,999.00,INR,PAID,2026-03-01 14:30:08,2026-03-31 14:30:08
INV_004165,ORD_004165,CUST_002796,MERCH_0005,40.80,USD,PAID,2026-02-13 10:56:03,2026-03-15 10:56:03
INV_004166,ORD_004166,CUST_001128,MERCH_0044,246.80,GBP,PAID,2026-02-14 09:34:38,2026-03-16 09:34:38
INV_004167,ORD_004167,CUST_004779,MERCH_0087,161.25,USD,PAID,2026-01-23 21:26:03,2026-02-22 21:26:03
INV_004168,ORD_004168,CUST_003577,MERCH_0072,303.25,USD,PAID,2026-02-18 09:50:00,2026-03-20 09:50:00
INV_004169,ORD_004169,CUST_004604,MERCH_0038,1499.00,INR,PAID,2026-03-21 18:00:52,2026-04-20 18:00:52
INV_004170,ORD_004170,CUST_001164,MERCH_0005,78.99,USD,PAID,2026-01-29 09:10:18,2026-02-28 09:10:18
INV_004171,ORD_004171,CUST_002730,MERCH_0027,791.50,CAD,PAID,2026-01-21 03:35:29,2026-02-20 03:35:29
INV_004172,ORD_004172,CUST_004110,MERCH_0056,356.99,GBP,PAID,2026-02-12 08:15:03,2026-03-14 08:15:03
INV_004173,ORD_004173,CUST_003319,MERCH_0008,340.95,USD,PAID,2026-02-04 17:33:04,2026-03-06 17:33:04
INV_004174,ORD_004174,CUST_002378,MERCH_0047,60.49,CAD,PAID,2026-03-15 00:49:00,2026-04-14 00:49:00
INV_004175,ORD_004175,CUST_001179,MERCH_0085,57.25,USD,PAID,2026-02-15 01:36:19,2026-03-17 01:36:19
INV_004176,ORD_004176,CUST_002453,MERCH_0067,999.00,INR,PAID,2026-01-21 02:33:43,2026-02-20 02:33:43
INV_004177,ORD_004177,CUST_000831,MERCH_0095,32.25,EUR,PAID,2026-01-17 16:30:09,2026-02-16 16:30:09
INV_004178,ORD_004178,CUST_004519,MERCH_0014,299.00,INR,PAID,2026-01-05 15:01:55,2026-02-04 15:01:55
INV_004180,ORD_004180,CUST_002235,MERCH_0062,2349.25,GBP,PAID,2026-03-11 18:20:22,2026-04-10 18:20:22
INV_004181,ORD_004181,CUST_001112,MERCH_0058,9999.00,INR,PAID,2026-02-01 09:16:48,2026-03-03 09:16:48
INV_004182,ORD_004182,CUST_004913,MERCH_0028,210.00,EUR,PAID,2026-03-12 14:42:22,2026-04-11 14:42:22
INV_004183,ORD_004183,CUST_002265,MERCH_0091,2290.75,EUR,PAID,2026-01-14 17:20:11,2026-02-13 17:20:11
INV_004184,ORD_004184,CUST_001450,MERCH_0065,643.49,USD,PAID,2026-01-03 04:23:52,2026-02-02 04:23:52
INV_004185,ORD_004185,CUST_001308,MERCH_0034,580.00,GBP,PAID,2026-03-17 23:45:09,2026-04-16 23:45:09
INV_004186,ORD_004186,CUST_003567,MERCH_0078,499.00,INR,PAID,2026-03-07 17:45:00,2026-04-06 17:45:00
INV_004187,ORD_004187,CUST_002799,MERCH_0061,22.75,CAD,PAID,2026-03-05 08:24:38,2026-04-04 08:24:38
INV_004188,ORD_004188,CUST_003883,MERCH_0077,45.25,GBP,PAID,2026-01-01 11:05:15,2026-01-31 11:05:15
INV_004189,ORD_004189,CUST_003013,MERCH_0024,117.49,USD,PAID,2026-01-20 13:54:05,2026-02-19 13:54:05
INV_004190,ORD_004190,CUST_000061,MERCH_0004,3007.99,GBP,PAID,2026-01-20 16:48:54,2026-02-19 16:48:54
INV_004191,ORD_004191,CUST_001933,MERCH_0025,68.99,EUR,PAID,2026-01-08 02:40:31,2026-02-07 02:40:31
INV_004192,ORD_004192,CUST_001156,MERCH_0021,62.25,GBP,PAID,2026-02-10 08:19:05,2026-03-12 08:19:05
INV_004193,ORD_004193,CUST_002550,MERCH_0083,60.49,USD,PAID,2026-03-09 10:38:36,2026-04-08 10:38:36
INV_004194,ORD_004194,CUST_003540,MERCH_0049,509.75,USD,PAID,2026-02-18 11:48:18,2026-03-20 11:48:18
INV_004195,ORD_004195,CUST_001506,MERCH_0022,56.50,GBP,PAID,2026-02-20 07:49:30,2026-03-22 07:49:30
INV_004196,ORD_004196,CUST_004655,MERCH_0098,1999.00,INR,PAID,2026-01-21 20:47:26,2026-02-20 20:47:26
INV_004197,ORD_004197,CUST_001445,MERCH_0045,299.00,INR,PAID,2026-01-12 21:28:15,2026-02-11 21:28:15
INV_004198,ORD_004198,CUST_001177,MERCH_0012,20.49,GBP,PAID,2026-01-20 08:57:46,2026-02-19 08:57:46
INV_004199,ORD_004199,CUST_003708,MERCH_0002,40.00,USD,PAID,2026-03-28 17:11:25,2026-04-27 17:11:25
INV_004200,ORD_004200,CUST_002207,MERCH_0084,17.95,EUR,PAID,2026-02-25 18:21:48,2026-03-27 18:21:48
INV_004201,ORD_004201,CUST_002438,MERCH_0053,272.50,USD,PAID,2026-01-17 13:05:42,2026-02-16 13:05:42
INV_004202,ORD_004202,CUST_003985,MERCH_0050,524.80,CAD,PAID,2026-02-10 21:38:38,2026-03-12 21:38:38
INV_004203,ORD_004203,CUST_001594,MERCH_0091,31.75,USD,PAID,2026-01-01 18:22:23,2026-01-31 18:22:23
INV_004204,ORD_004204,CUST_003705,MERCH_0013,576.25,GBP,PAID,2026-01-01 10:00:08,2026-01-31 10:00:08
INV_004205,ORD_004205,CUST_004940,MERCH_0038,2092.49,EUR,PAID,2026-01-28 19:18:29,2026-02-27 19:18:29
INV_004206,ORD_004206,CUST_003407,MERCH_0016,415.75,USD,PAID,2026-03-14 01:47:59,2026-04-13 01:47:59
INV_004207,ORD_004207,CUST_001292,MERCH_0024,154.99,USD,PAID,2026-02-19 00:12:42,2026-03-21 00:12:42
INV_004208,ORD_004208,CUST_003020,MERCH_0009,58.75,GBP,PAID,2026-03-02 00:27:03,2026-04-01 00:27:03
INV_004209,ORD_004209,CUST_003470,MERCH_0006,43.75,USD,PAID,2026-02-25 11:43:39,2026-03-27 11:43:39
INV_004210,ORD_004210,CUST_001125,MERCH_0007,223.00,CAD,PAID,2026-02-15 19:16:18,2026-03-17 19:16:18
INV_004211,ORD_004211,CUST_001142,MERCH_0089,795.50,GBP,PAID,2026-02-27 20:29:05,2026-03-29 20:29:05
INV_004212,ORD_004212,CUST_003045,MERCH_0032,60.50,GBP,PAID,2026-03-13 18:45:47,2026-04-12 18:45:47
INV_004213,ORD_004213,CUST_003847,MERCH_0098,9999.00,INR,PAID,2026-03-31 13:41:15,2026-04-30 13:41:15
INV_004214,ORD_004214,CUST_001282,MERCH_0069,381.00,EUR,PAID,2026-01-25 04:41:16,2026-02-24 04:41:16
INV_004215,ORD_004215,CUST_002132,MERCH_0033,49.25,CAD,PAID,2026-03-19 15:17:23,2026-04-18 15:17:23
INV_004216,ORD_004216,CUST_000530,MERCH_0068,9999.00,INR,PAID,2026-01-31 08:15:42,2026-03-02 08:15:42
INV_004217,ORD_004217,CUST_000413,MERCH_0019,16.49,USD,PAID,2026-01-18 03:26:49,2026-02-17 03:26:49
INV_004218,ORD_004218,CUST_004745,MERCH_0011,158.49,GBP,PAID,2026-03-10 19:04:52,2026-04-09 19:04:52
INV_004219,ORD_004219,CUST_001598,MERCH_0032,2512.99,GBP,PAID,2026-01-03 08:54:10,2026-02-02 08:54:10
INV_004220,ORD_004220,CUST_001959,MERCH_0037,36.80,GBP,PAID,2026-03-24 12:46:09,2026-04-23 12:46:09
INV_004221,ORD_004221,CUST_002161,MERCH_0084,63.25,EUR,PAID,2026-03-16 07:43:29,2026-04-15 07:43:29
INV_004222,ORD_004222,CUST_004257,MERCH_0008,1120.99,CAD,PAID,2026-03-14 05:50:06,2026-04-13 05:50:06
INV_004223,ORD_004223,CUST_000851,MERCH_0065,1962.00,EUR,PAID,2026-01-20 07:26:29,2026-02-19 07:26:29
INV_004224,ORD_004224,CUST_003899,MERCH_0032,423.50,GBP,PAID,2026-02-10 05:09:14,2026-03-12 05:09:14
INV_004225,ORD_004225,CUST_002867,MERCH_0068,24.75,GBP,PAID,2026-01-09 10:45:55,2026-02-08 10:45:55
INV_004226,ORD_004226,CUST_004100,MERCH_0053,255.49,EUR,PAID,2026-01-27 23:21:43,2026-02-26 23:21:43
INV_004227,ORD_004227,CUST_004272,MERCH_0044,15000.00,INR,PAID,2026-03-17 06:46:39,2026-04-16 06:46:39
INV_004228,ORD_004228,CUST_000436,MERCH_0016,39.25,USD,PAID,2026-01-10 09:35:14,2026-02-09 09:35:14
INV_004229,ORD_004229,CUST_000121,MERCH_0076,4999.00,INR,PAID,2026-01-10 17:55:00,2026-02-09 17:55:00
INV_004230,ORD_004230,CUST_000669,MERCH_0030,33.25,EUR,PAID,2026-02-09 01:48:30,2026-03-11 01:48:30
INV_004231,ORD_004231,CUST_004545,MERCH_0068,4999.00,INR,PAID,2026-02-24 06:45:40,2026-03-26 06:45:40
INV_004232,ORD_004232,CUST_000629,MERCH_0070,625.75,EUR,PAID,2026-03-25 05:00:59,2026-04-24 05:00:59
INV_004234,ORD_004234,CUST_001766,MERCH_0013,257.95,USD,PAID,2026-01-12 08:16:31,2026-02-11 08:16:31
INV_004235,ORD_004235,CUST_000172,MERCH_0030,74.95,USD,PAID,2026-01-27 21:47:08,2026-02-26 21:47:08
INV_004236,ORD_004236,CUST_003381,MERCH_0073,174.00,USD,PAID,2026-01-22 18:34:07,2026-02-21 18:34:07
INV_004237,ORD_004237,CUST_000060,MERCH_0047,9999.00,INR,PAID,2026-01-07 06:23:46,2026-02-06 06:23:46
INV_004238,ORD_004238,CUST_003187,MERCH_0057,477.49,EUR,PAID,2026-03-25 17:15:15,2026-04-24 17:15:15
INV_004239,ORD_004239,CUST_002547,MERCH_0053,112.50,GBP,PAID,2026-03-19 14:35:59,2026-04-18 14:35:59
INV_004240,ORD_004240,CUST_004287,MERCH_0040,483.49,USD,PAID,2026-03-31 12:20:36,2026-04-30 12:20:36
INV_004242,ORD_004242,CUST_004676,MERCH_0100,24.25,CAD,PAID,2026-02-10 03:06:36,2026-03-12 03:06:36
INV_004243,ORD_004243,CUST_001291,MERCH_0062,768.49,CAD,PAID,2026-03-26 05:17:49,2026-04-25 05:17:49
INV_004244,ORD_004244,CUST_003588,MERCH_0032,301.99,EUR,PAID,2026-01-14 08:11:58,2026-02-13 08:11:58
INV_004245,ORD_004245,CUST_000323,MERCH_0062,35.80,EUR,PAID,2026-03-17 22:42:50,2026-04-16 22:42:50
INV_004246,ORD_004246,CUST_002280,MERCH_0089,1999.00,INR,PAID,2026-01-11 02:29:07,2026-02-10 02:29:07
INV_004247,ORD_004247,CUST_000919,MERCH_0059,78.50,EUR,PAID,2026-01-09 09:33:08,2026-02-08 09:33:08
INV_004248,ORD_004248,CUST_003009,MERCH_0098,271.80,GBP,PAID,2026-02-25 14:55:48,2026-03-27 14:55:48
INV_004249,ORD_004249,CUST_003772,MERCH_0045,45.99,USD,PAID,2026-02-11 04:37:14,2026-03-13 04:37:14
INV_004250,ORD_004250,CUST_000387,MERCH_0069,70.25,CAD,PAID,2026-03-23 21:34:16,2026-04-22 21:34:16
INV_004251,ORD_004251,CUST_001673,MERCH_0033,588.50,EUR,PAID,2026-01-28 12:35:05,2026-02-27 12:35:05
INV_004252,ORD_004252,CUST_004776,MERCH_0029,16.75,USD,PAID,2026-02-23 03:50:18,2026-03-25 03:50:18
INV_004253,ORD_004253,CUST_002534,MERCH_0071,499.00,INR,PAID,2026-03-23 06:33:29,2026-04-22 06:33:29
INV_004254,ORD_004254,CUST_002884,MERCH_0019,20.80,GBP,PAID,2026-02-14 00:24:07,2026-03-16 00:24:07
INV_004255,ORD_004255,CUST_004931,MERCH_0095,65.95,USD,PAID,2026-02-25 00:21:54,2026-03-27 00:21:54
INV_004256,ORD_004256,CUST_004274,MERCH_0099,2499.00,INR,PAID,2026-02-11 02:05:48,2026-03-13 02:05:48
INV_004257,ORD_004257,CUST_003647,MERCH_0050,549.49,EUR,PAID,2026-03-07 13:04:05,2026-04-06 13:04:05
INV_004258,ORD_004258,CUST_003152,MERCH_0089,2863.99,EUR,PAID,2026-03-02 18:27:23,2026-04-01 18:27:23
INV_004259,ORD_004259,CUST_002170,MERCH_0086,35.95,EUR,PAID,2026-01-10 15:49:12,2026-02-09 15:49:12
INV_004260,ORD_004260,CUST_004369,MERCH_0005,818.99,EUR,PAID,2026-03-20 10:24:38,2026-04-19 10:24:38
INV_004261,ORD_004261,CUST_004397,MERCH_0070,3999.00,INR,PAID,2026-02-22 00:57:14,2026-03-24 00:57:14
INV_004262,ORD_004262,CUST_000925,MERCH_0074,144.75,USD,PAID,2026-03-31 15:43:21,2026-04-30 15:43:21
INV_004263,ORD_004263,CUST_001973,MERCH_0013,37.95,EUR,PAID,2026-01-28 03:28:07,2026-02-27 03:28:07
INV_004264,ORD_004264,CUST_003199,MERCH_0038,281.80,USD,PAID,2026-01-18 11:45:14,2026-02-17 11:45:14
INV_004265,ORD_004265,CUST_001332,MERCH_0053,299.00,INR,PAID,2026-02-17 01:14:37,2026-03-19 01:14:37
INV_004266,ORD_004266,CUST_004097,MERCH_0051,499.00,INR,PAID,2026-01-28 20:02:54,2026-02-27 20:02:54
INV_004267,ORD_004267,CUST_003171,MERCH_0077,273.49,GBP,PAID,2026-02-24 20:56:03,2026-03-26 20:56:03
INV_004268,ORD_004268,CUST_004679,MERCH_0089,68.95,GBP,PAID,2026-03-01 14:47:02,2026-03-31 14:47:02
INV_004269,ORD_004269,CUST_000325,MERCH_0012,247.25,EUR,PAID,2026-01-22 05:18:10,2026-02-21 05:18:10
INV_004270,ORD_004270,CUST_004875,MERCH_0093,58.00,EUR,PAID,2026-01-04 14:21:28,2026-02-03 14:21:28
INV_004271,ORD_004271,CUST_002822,MERCH_0010,62.75,EUR,PAID,2026-02-11 17:07:11,2026-03-13 17:07:11
INV_004272,ORD_004272,CUST_001536,MERCH_0020,634.49,GBP,PAID,2026-01-03 10:23:48,2026-02-02 10:23:48
INV_004273,ORD_004273,CUST_001589,MERCH_0042,570.49,USD,PAID,2026-02-14 22:10:28,2026-03-16 22:10:28
INV_004274,ORD_004274,CUST_001774,MERCH_0001,799.00,INR,PAID,2026-01-16 02:57:01,2026-02-15 02:57:01
INV_004275,ORD_004275,CUST_003899,MERCH_0063,2499.00,INR,PAID,2026-03-01 16:05:47,2026-03-31 16:05:47
INV_004276,ORD_004276,CUST_002405,MERCH_0098,601.50,USD,PAID,2026-02-19 08:42:05,2026-03-21 08:42:05
INV_004277,ORD_004277,CUST_002342,MERCH_0082,530.99,EUR,PAID,2026-02-12 18:18:47,2026-03-14 18:18:47
INV_004278,ORD_004278,CUST_003674,MERCH_0018,2499.00,INR,PAID,2026-02-25 10:19:04,2026-03-27 10:19:04
INV_004279,ORD_004279,CUST_003265,MERCH_0012,583.50,EUR,PAID,2026-02-03 21:31:24,2026-03-05 21:31:24
INV_004280,ORD_004280,CUST_004345,MERCH_0062,15000.00,INR,PAID,2026-02-08 12:06:08,2026-03-10 12:06:08
INV_004281,ORD_004281,CUST_002463,MERCH_0057,160.75,GBP,PAID,2026-02-13 12:30:55,2026-03-15 12:30:55
INV_004282,ORD_004282,CUST_001467,MERCH_0100,2329.25,EUR,PAID,2026-02-18 14:09:22,2026-03-20 14:09:22
INV_004283,ORD_004283,CUST_002317,MERCH_0086,18.00,GBP,PAID,2026-03-13 05:04:01,2026-04-12 05:04:01
INV_004284,ORD_004284,CUST_001438,MERCH_0052,67.25,USD,PAID,2026-01-15 07:56:24,2026-02-14 07:56:24
INV_004285,ORD_004285,CUST_001907,MERCH_0045,24.49,EUR,PAID,2026-01-09 15:09:37,2026-02-08 15:09:37
INV_004286,ORD_004286,CUST_000385,MERCH_0080,28.25,GBP,PAID,2026-02-21 22:28:34,2026-03-23 22:28:34
INV_004287,ORD_004287,CUST_000116,MERCH_0064,555.75,EUR,PAID,2026-03-19 23:38:04,2026-04-18 23:38:04
INV_004288,ORD_004288,CUST_003176,MERCH_0024,64.50,USD,PAID,2026-01-31 05:49:24,2026-03-02 05:49:24
INV_004289,ORD_004289,CUST_001603,MERCH_0058,45.49,USD,PAID,2026-03-31 14:42:16,2026-04-30 14:42:16
INV_004290,ORD_004290,CUST_001019,MERCH_0060,142.49,CAD,PAID,2026-01-09 08:10:11,2026-02-08 08:10:11
INV_004291,ORD_004291,CUST_004372,MERCH_0005,421.99,USD,PAID,2026-01-25 23:20:56,2026-02-24 23:20:56
INV_004292,ORD_004292,CUST_001775,MERCH_0088,23.50,GBP,PAID,2026-01-15 20:33:39,2026-02-14 20:33:39
INV_004293,ORD_004293,CUST_002152,MERCH_0075,80.75,CAD,PAID,2026-03-02 21:11:43,2026-04-01 21:11:43
INV_004294,ORD_004294,CUST_001133,MERCH_0027,423.99,USD,PAID,2026-02-26 09:44:22,2026-03-28 09:44:22
INV_004295,ORD_004295,CUST_001177,MERCH_0007,618.25,USD,PAID,2026-01-26 12:02:40,2026-02-25 12:02:40
INV_004296,ORD_004296,CUST_003271,MERCH_0049,284.95,USD,PAID,2026-03-21 06:13:10,2026-04-20 06:13:10
INV_004297,ORD_004297,CUST_002717,MERCH_0052,49.80,GBP,PAID,2026-02-19 00:56:47,2026-03-21 00:56:47
INV_004298,ORD_004298,CUST_004342,MERCH_0019,15000.00,INR,PAID,2026-03-08 17:52:49,2026-04-07 17:52:49
INV_004299,ORD_004299,CUST_004225,MERCH_0076,799.00,INR,PAID,2026-01-10 06:22:16,2026-02-09 06:22:16
INV_004300,ORD_004300,CUST_004160,MERCH_0018,50.75,USD,PAID,2026-02-04 16:21:35,2026-03-06 16:21:35
INV_004301,ORD_004301,CUST_001354,MERCH_0043,72.00,EUR,PAID,2026-01-23 15:11:28,2026-02-22 15:11:28
INV_004302,ORD_004302,CUST_001442,MERCH_0027,374.00,GBP,OVERPAID,2026-01-16 16:09:08,2026-02-15 16:09:08
INV_004303,ORD_004303,CUST_003832,MERCH_0055,305.95,GBP,PAID,2026-01-26 04:59:19,2026-02-25 04:59:19
INV_004304,ORD_004304,CUST_004463,MERCH_0030,70.95,EUR,PAID,2026-03-06 18:55:26,2026-04-05 18:55:26
INV_004305,ORD_004305,CUST_001426,MERCH_0069,1788.25,EUR,PAID,2026-01-08 19:21:27,2026-02-07 19:21:27
INV_004306,ORD_004306,CUST_001688,MERCH_0035,61.49,EUR,PAID,2026-01-10 08:29:42,2026-02-09 08:29:42
INV_004307,ORD_004307,CUST_001688,MERCH_0089,31.49,EUR,PAID,2026-01-03 07:56:28,2026-02-02 07:56:28
INV_004308,ORD_004308,CUST_000480,MERCH_0058,388.50,EUR,PAID,2026-02-14 16:40:39,2026-03-16 16:40:39
INV_004309,ORD_004309,CUST_004936,MERCH_0042,29.49,USD,PAID,2026-02-12 19:56:12,2026-03-14 19:56:12
INV_004310,ORD_004310,CUST_001728,MERCH_0063,799.00,INR,PAID,2026-01-12 16:39:02,2026-02-11 16:39:02
INV_004311,ORD_004311,CUST_004685,MERCH_0030,42.95,GBP,PAID,2026-01-28 11:41:54,2026-02-27 11:41:54
INV_004312,ORD_004312,CUST_004545,MERCH_0045,39.80,EUR,OVERPAID,2026-03-08 06:36:38,2026-04-07 06:36:38
INV_004313,ORD_004313,CUST_000582,MERCH_0063,29.25,EUR,PAID,2026-03-01 03:51:37,2026-03-31 03:51:37
INV_004314,ORD_004314,CUST_004230,MERCH_0021,526.00,GBP,PAID,2026-03-24 00:26:28,2026-04-23 00:26:28
INV_004315,ORD_004315,CUST_002564,MERCH_0049,200.00,EUR,PAID,2026-02-26 11:46:34,2026-03-28 11:46:34
INV_004316,ORD_004316,CUST_003392,MERCH_0045,257.99,CAD,PAID,2026-01-15 06:20:11,2026-02-14 06:20:11
INV_004317,ORD_004317,CUST_000362,MERCH_0088,22.50,USD,OVERPAID,2026-01-01 17:16:34,2026-01-31 17:16:34
INV_004318,ORD_004318,CUST_004718,MERCH_0031,852.25,EUR,PAID,2026-03-12 01:33:03,2026-04-11 01:33:03
INV_004319,ORD_004319,CUST_000581,MERCH_0050,96.49,USD,PAID,2026-03-24 18:36:25,2026-04-23 18:36:25
INV_004320,ORD_004320,CUST_002888,MERCH_0060,579.49,USD,PAID,2026-03-29 09:18:35,2026-04-28 09:18:35
INV_004321,ORD_004321,CUST_003301,MERCH_0008,520.99,CAD,PAID,2026-02-20 07:40:51,2026-03-22 07:40:51
INV_004322,ORD_004322,CUST_000163,MERCH_0055,54.00,EUR,PAID,2026-01-24 11:57:06,2026-02-23 11:57:06
INV_004323,ORD_004323,CUST_002863,MERCH_0008,15000.00,INR,PAID,2026-01-16 07:15:17,2026-02-15 07:15:17
INV_004324,ORD_004324,CUST_003126,MERCH_0039,341.25,GBP,PAID,2026-02-22 10:14:26,2026-03-24 10:14:26
INV_004325,ORD_004325,CUST_004138,MERCH_0092,16.00,USD,PAID,2026-01-30 21:54:53,2026-03-01 21:54:53
INV_004326,ORD_004326,CUST_003665,MERCH_0025,499.00,INR,PAID,2026-02-19 20:51:11,2026-03-21 20:51:11
INV_004327,ORD_004327,CUST_001479,MERCH_0025,69.75,USD,PAID,2026-01-15 14:15:50,2026-02-14 14:15:50
INV_004328,ORD_004328,CUST_002201,MERCH_0031,30.49,USD,PAID,2026-02-02 07:11:47,2026-03-04 07:11:47
INV_004329,ORD_004329,CUST_003581,MERCH_0054,59.00,USD,PAID,2026-01-08 22:46:05,2026-02-07 22:46:05
INV_004330,ORD_004330,CUST_002197,MERCH_0021,292.75,EUR,PAID,2026-02-18 19:29:01,2026-03-20 19:29:01
INV_004331,ORD_004331,CUST_001052,MERCH_0008,1573.25,USD,PAID,2026-02-08 15:26:29,2026-03-10 15:26:29
INV_004332,ORD_004332,CUST_000155,MERCH_0007,427.99,EUR,PAID,2026-02-19 04:30:57,2026-03-21 04:30:57
INV_004333,ORD_004333,CUST_004519,MERCH_0095,50.80,CAD,PAID,2026-01-14 12:06:58,2026-02-13 12:06:58
INV_004334,ORD_004334,CUST_001623,MERCH_0014,61.49,GBP,PAID,2026-03-03 13:34:03,2026-04-02 13:34:03
INV_004335,ORD_004335,CUST_001850,MERCH_0079,2508.95,EUR,PAID,2026-01-16 22:38:00,2026-02-15 22:38:00
INV_004336,ORD_004336,CUST_000312,MERCH_0085,66.25,USD,PAID,2026-01-07 19:09:01,2026-02-06 19:09:01
INV_004337,ORD_004337,CUST_004732,MERCH_0061,478.00,USD,PAID,2026-01-23 22:03:25,2026-02-22 22:03:25
INV_004338,ORD_004338,CUST_004898,MERCH_0054,103.00,EUR,PAID,2026-03-01 02:39:29,2026-03-31 02:39:29
INV_004339,ORD_004339,CUST_002945,MERCH_0079,38.49,EUR,PAID,2026-02-07 14:37:13,2026-03-09 14:37:13
INV_004340,ORD_004340,CUST_003529,MERCH_0065,4999.00,INR,PAID,2026-01-30 20:33:11,2026-03-01 20:33:11
INV_004341,ORD_004341,CUST_001624,MERCH_0029,48.75,EUR,PAID,2026-03-09 09:18:24,2026-04-08 09:18:24
INV_004342,ORD_004342,CUST_003312,MERCH_0067,1999.00,INR,PAID,2026-01-12 23:18:00,2026-02-11 23:18:00
INV_004343,ORD_004343,CUST_002252,MERCH_0041,3385.25,USD,PAID,2026-03-19 20:35:28,2026-04-18 20:35:28
INV_004344,ORD_004344,CUST_004698,MERCH_0098,622.99,EUR,PAID,2026-03-06 19:44:51,2026-04-05 19:44:51
INV_004345,ORD_004345,CUST_000484,MERCH_0069,46.80,GBP,PAID,2026-03-06 18:03:06,2026-04-05 18:03:06
INV_004346,ORD_004346,CUST_004242,MERCH_0065,4999.00,INR,PAID,2026-02-04 02:32:11,2026-03-06 02:32:11
INV_004347,ORD_004347,CUST_001341,MERCH_0093,78.75,USD,PAID,2026-02-14 06:03:08,2026-03-16 06:03:08
INV_004348,ORD_004348,CUST_004563,MERCH_0011,77.80,EUR,PAID,2026-01-09 22:26:55,2026-02-08 22:26:55
INV_004349,ORD_004349,CUST_000357,MERCH_0037,2439.80,USD,PAID,2026-01-18 06:02:00,2026-02-17 06:02:00
INV_004350,ORD_004350,CUST_003881,MERCH_0014,622.49,EUR,PAID,2026-03-03 04:03:03,2026-04-02 04:03:03
INV_004351,ORD_004351,CUST_001866,MERCH_0012,363.50,USD,PAID,2026-01-24 11:46:25,2026-02-23 11:46:25
INV_004352,ORD_004352,CUST_000768,MERCH_0011,499.00,INR,PAID,2026-03-12 20:24:47,2026-04-11 20:24:47
INV_004353,ORD_004353,CUST_004031,MERCH_0060,999.00,INR,PAID,2026-01-15 14:34:51,2026-02-14 14:34:51
INV_004354,ORD_004354,CUST_000619,MERCH_0049,182.25,USD,PAID,2026-02-20 13:31:49,2026-03-22 13:31:49
INV_004355,ORD_004355,CUST_002690,MERCH_0051,126.95,USD,PAID,2026-03-02 14:25:24,2026-04-01 14:25:24
INV_004356,ORD_004356,CUST_000973,MERCH_0095,1569.00,GBP,PAID,2026-02-28 21:03:28,2026-03-30 21:03:28
INV_004357,ORD_004357,CUST_003852,MERCH_0073,153.25,GBP,PAID,2026-02-22 05:26:20,2026-03-24 05:26:20
INV_004358,ORD_004358,CUST_004703,MERCH_0094,549.50,USD,PAID,2026-03-24 05:39:45,2026-04-23 05:39:45
INV_004359,ORD_004359,CUST_002909,MERCH_0049,72.25,USD,PAID,2026-02-14 13:39:35,2026-03-16 13:39:35
INV_004360,ORD_004360,CUST_004154,MERCH_0028,67.80,USD,PAID,2026-01-02 20:18:26,2026-02-01 20:18:26
INV_004361,ORD_004361,CUST_001957,MERCH_0073,260.95,USD,PAID,2026-01-28 09:37:21,2026-02-27 09:37:21
INV_004362,ORD_004362,CUST_000428,MERCH_0058,1499.00,INR,PAID,2026-02-13 16:31:07,2026-03-15 16:31:07
INV_004363,ORD_004363,CUST_001722,MERCH_0059,57.75,USD,PAID,2026-01-14 10:20:05,2026-02-13 10:20:05
INV_004364,ORD_004364,CUST_000124,MERCH_0068,9999.00,INR,PAID,2026-01-17 06:06:10,2026-02-16 06:06:10
INV_004365,ORD_004365,CUST_001786,MERCH_0080,113.75,CAD,PAID,2026-01-06 15:48:53,2026-02-05 15:48:53
INV_004366,ORD_004366,CUST_000681,MERCH_0088,381.75,USD,PAID,2026-02-03 21:35:39,2026-03-05 21:35:39
INV_004367,ORD_004367,CUST_004473,MERCH_0001,195.25,USD,PAID,2026-03-28 16:34:41,2026-04-27 16:34:41
INV_004368,ORD_004368,CUST_004329,MERCH_0079,40.25,USD,PAID,2026-03-03 14:25:47,2026-04-02 14:25:47
INV_004369,ORD_004369,CUST_001158,MERCH_0054,16.80,EUR,PAID,2026-03-03 13:56:48,2026-04-02 13:56:48
INV_004370,ORD_004370,CUST_002021,MERCH_0011,2281.99,EUR,PAID,2026-01-15 03:54:42,2026-02-14 03:54:42
INV_004371,ORD_004371,CUST_003808,MERCH_0016,243.95,USD,PAID,2026-01-12 02:59:54,2026-02-11 02:59:54
INV_004372,ORD_004372,CUST_000184,MERCH_0071,65.49,GBP,PAID,2026-01-15 20:45:26,2026-02-14 20:45:26
INV_004373,ORD_004373,CUST_001950,MERCH_0061,1702.80,USD,PAID,2026-01-29 23:52:52,2026-02-28 23:52:52
INV_004374,ORD_004374,CUST_002685,MERCH_0039,2044.75,GBP,PAID,2026-01-09 15:26:26,2026-02-08 15:26:26
INV_004375,ORD_004375,CUST_003365,MERCH_0045,472.00,CAD,PAID,2026-02-09 18:08:10,2026-03-11 18:08:10
INV_004376,ORD_004376,CUST_000157,MERCH_0043,56.95,USD,PAID,2026-01-06 14:04:17,2026-02-05 14:04:17
INV_004377,ORD_004377,CUST_003386,MERCH_0012,1499.00,INR,PAID,2026-02-05 20:29:26,2026-03-07 20:29:26
INV_004378,ORD_004378,CUST_003932,MERCH_0081,293.49,CAD,PAID,2026-02-17 11:01:07,2026-03-19 11:01:07
INV_004379,ORD_004379,CUST_004486,MERCH_0036,15000.00,INR,PAID,2026-02-12 09:00:49,2026-03-14 09:00:49
INV_004380,ORD_004380,CUST_002175,MERCH_0086,364.49,EUR,PAID,2026-01-20 09:00:36,2026-02-19 09:00:36
INV_004381,ORD_004381,CUST_003310,MERCH_0082,73.75,EUR,PAID,2026-02-05 16:01:30,2026-03-07 16:01:30
INV_004382,ORD_004382,CUST_002296,MERCH_0099,3999.00,INR,PAID,2026-03-15 10:11:38,2026-04-14 10:11:38
INV_004383,ORD_004383,CUST_000141,MERCH_0083,1516.49,USD,PAID,2026-02-05 11:42:18,2026-03-07 11:42:18
INV_004384,ORD_004384,CUST_002604,MERCH_0017,4999.00,INR,PAID,2026-02-26 20:55:55,2026-03-28 20:55:55
INV_004385,ORD_004385,CUST_002401,MERCH_0091,297.50,EUR,PAID,2026-02-26 01:09:51,2026-03-28 01:09:51
INV_004386,ORD_004386,CUST_001736,MERCH_0066,29.50,GBP,PAID,2026-03-30 19:10:06,2026-04-29 19:10:06
INV_004387,ORD_004387,CUST_001003,MERCH_0052,25.25,USD,PAID,2026-03-08 12:33:26,2026-04-07 12:33:26
INV_004388,ORD_004388,CUST_002673,MERCH_0030,451.75,EUR,OVERPAID,2026-02-25 04:22:47,2026-03-27 04:22:47
INV_004389,ORD_004389,CUST_004452,MERCH_0092,443.50,USD,PAID,2026-03-25 14:54:22,2026-04-24 14:54:22
INV_004390,ORD_004390,CUST_003657,MERCH_0035,520.49,EUR,OVERPAID,2026-03-06 21:36:33,2026-04-05 21:36:33
INV_004391,ORD_004391,CUST_001054,MERCH_0069,180.25,USD,PAID,2026-01-29 11:59:26,2026-02-28 11:59:26
INV_004392,ORD_004392,CUST_003534,MERCH_0067,530.95,GBP,PAID,2026-03-25 04:02:25,2026-04-24 04:02:25
INV_004393,ORD_004393,CUST_002067,MERCH_0018,650.75,GBP,PAID,2026-01-16 17:32:17,2026-02-15 17:32:17
INV_004394,ORD_004394,CUST_002060,MERCH_0044,2786.99,USD,PAID,2026-01-11 09:48:08,2026-02-10 09:48:08
INV_004395,ORD_004395,CUST_000061,MERCH_0045,1499.00,INR,PAID,2026-01-28 06:30:53,2026-02-27 06:30:53
INV_004396,ORD_004396,CUST_000639,MERCH_0035,115.80,EUR,PAID,2026-01-01 15:19:51,2026-01-31 15:19:51
INV_004397,ORD_004397,CUST_004744,MERCH_0023,49.50,GBP,PAID,2026-01-25 06:15:23,2026-02-24 06:15:23
INV_004398,ORD_004398,CUST_004725,MERCH_0016,2904.99,EUR,PAID,2026-02-27 07:31:25,2026-03-29 07:31:25
INV_004399,ORD_004399,CUST_004455,MERCH_0092,109.99,EUR,PAID,2026-03-18 10:44:44,2026-04-17 10:44:44
INV_004400,ORD_004400,CUST_003513,MERCH_0091,72.00,GBP,PAID,2026-01-18 03:35:32,2026-02-17 03:35:32
INV_004401,ORD_004401,CUST_002309,MERCH_0022,2499.00,INR,PAID,2026-02-20 14:33:45,2026-03-22 14:33:45
INV_004402,ORD_004402,CUST_003482,MERCH_0042,2943.00,EUR,PAID,2026-02-23 16:23:59,2026-03-25 16:23:59
INV_004403,ORD_004403,CUST_004115,MERCH_0083,19.50,USD,PAID,2026-03-25 04:18:14,2026-04-24 04:18:14
INV_004404,ORD_004404,CUST_004861,MERCH_0001,346.75,EUR,PAID,2026-01-27 21:11:08,2026-02-26 21:11:08
INV_004405,ORD_004405,CUST_004760,MERCH_0063,26.00,USD,PAID,2026-01-14 00:28:38,2026-02-13 00:28:38
INV_004406,ORD_004406,CUST_004600,MERCH_0077,605.99,EUR,PAID,2026-04-01 01:53:22,2026-05-01 01:53:22
INV_004407,ORD_004407,CUST_003533,MERCH_0022,36.75,USD,PAID,2026-03-19 00:24:27,2026-04-18 00:24:27
INV_004408,ORD_004408,CUST_000264,MERCH_0083,4999.00,INR,PAID,2026-01-02 12:38:29,2026-02-01 12:38:29
INV_004409,ORD_004409,CUST_002406,MERCH_0019,246.99,USD,OVERPAID,2026-02-07 08:11:20,2026-03-09 08:11:20
INV_004410,ORD_004410,CUST_001531,MERCH_0100,837.25,GBP,PAID,2026-01-14 22:12:56,2026-02-13 22:12:56
INV_004411,ORD_004411,CUST_002300,MERCH_0074,193.49,EUR,PAID,2026-03-31 11:09:24,2026-04-30 11:09:24
INV_004412,ORD_004412,CUST_004001,MERCH_0065,102.50,EUR,PAID,2026-01-25 09:56:28,2026-02-24 09:56:28
INV_004413,ORD_004413,CUST_001670,MERCH_0067,9999.00,INR,PAID,2026-01-27 10:10:09,2026-02-26 10:10:09
INV_004414,ORD_004414,CUST_002747,MERCH_0010,9999.00,INR,PAID,2026-01-31 14:41:23,2026-03-02 14:41:23
INV_004415,ORD_004415,CUST_004069,MERCH_0057,3109.80,USD,OVERPAID,2026-01-06 08:06:02,2026-02-05 08:06:02
INV_004416,ORD_004416,CUST_003291,MERCH_0029,9999.00,INR,PAID,2026-03-21 10:20:44,2026-04-20 10:20:44
INV_004417,ORD_004417,CUST_002773,MERCH_0002,70.49,GBP,PAID,2026-03-15 10:58:46,2026-04-14 10:58:46
INV_004418,ORD_004418,CUST_003820,MERCH_0070,53.49,EUR,PAID,2026-01-06 18:36:13,2026-02-05 18:36:13
INV_004419,ORD_004419,CUST_002104,MERCH_0079,476.50,EUR,PAID,2026-02-28 07:16:57,2026-03-30 07:16:57
INV_004420,ORD_004420,CUST_001907,MERCH_0027,642.25,GBP,PAID,2026-02-08 13:31:24,2026-03-10 13:31:24
INV_004421,ORD_004421,CUST_000191,MERCH_0034,140.49,USD,PAID,2026-03-16 12:29:32,2026-04-15 12:29:32
INV_004422,ORD_004422,CUST_001349,MERCH_0072,999.00,INR,PAID,2026-01-18 21:40:05,2026-02-17 21:40:05
INV_004423,ORD_004423,CUST_004210,MERCH_0086,579.49,GBP,PAID,2026-03-01 07:38:14,2026-03-31 07:38:14
INV_004424,ORD_004424,CUST_004900,MERCH_0058,2292.95,EUR,PAID,2026-01-12 06:09:07,2026-02-11 06:09:07
INV_004425,ORD_004425,CUST_004936,MERCH_0047,299.00,INR,PAID,2026-03-11 14:19:17,2026-04-10 14:19:17
INV_004426,ORD_004426,CUST_000570,MERCH_0078,491.25,USD,PAID,2026-01-04 13:18:56,2026-02-03 13:18:56
INV_004427,ORD_004427,CUST_001770,MERCH_0090,36.49,CAD,PAID,2026-01-19 13:37:13,2026-02-18 13:37:13
INV_004428,ORD_004428,CUST_001947,MERCH_0098,58.80,USD,PAID,2026-03-10 23:54:48,2026-04-09 23:54:48
INV_004429,ORD_004429,CUST_002279,MERCH_0056,72.49,CAD,PAID,2026-01-03 07:49:12,2026-02-02 07:49:12
INV_004430,ORD_004430,CUST_000803,MERCH_0048,107.50,USD,PAID,2026-01-03 00:39:50,2026-02-02 00:39:50
INV_004431,ORD_004431,CUST_002225,MERCH_0075,168.75,EUR,PAID,2026-02-04 16:06:08,2026-03-06 16:06:08
INV_004432,ORD_004432,CUST_004627,MERCH_0033,4999.00,INR,PAID,2026-01-25 03:45:30,2026-02-24 03:45:30
INV_004433,ORD_004433,CUST_003842,MERCH_0001,3219.25,GBP,PAID,2026-03-03 06:22:26,2026-04-02 06:22:26
INV_004434,ORD_004434,CUST_001786,MERCH_0006,514.49,EUR,PAID,2026-01-03 12:58:37,2026-02-02 12:58:37
INV_004435,ORD_004435,CUST_004351,MERCH_0043,200.49,EUR,PAID,2026-02-23 03:22:41,2026-03-25 03:22:41
INV_004436,ORD_004436,CUST_000782,MERCH_0047,1740.80,USD,PAID,2026-02-23 06:56:01,2026-03-25 06:56:01
INV_004437,ORD_004437,CUST_000160,MERCH_0090,1999.00,INR,PAID,2026-01-07 05:49:10,2026-02-06 05:49:10
INV_004438,ORD_004438,CUST_002774,MERCH_0024,532.99,USD,PAID,2026-01-26 05:11:29,2026-02-25 05:11:29
INV_004439,ORD_004439,CUST_000523,MERCH_0051,924.00,USD,PAID,2026-01-25 23:41:59,2026-02-24 23:41:59
INV_004440,ORD_004440,CUST_000176,MERCH_0076,69.95,USD,PAID,2026-02-02 19:12:34,2026-03-04 19:12:34
INV_004441,ORD_004441,CUST_002862,MERCH_0054,303.80,GBP,PAID,2026-01-25 04:54:09,2026-02-24 04:54:09
INV_004442,ORD_004442,CUST_003296,MERCH_0050,385.50,EUR,PAID,2026-02-17 12:32:00,2026-03-19 12:32:00
INV_004443,ORD_004443,CUST_004827,MERCH_0062,436.00,EUR,PAID,2026-02-27 22:48:58,2026-03-29 22:48:58
INV_004444,ORD_004444,CUST_000479,MERCH_0048,527.80,EUR,PAID,2026-03-19 13:42:20,2026-04-18 13:42:20
INV_004445,ORD_004445,CUST_004660,MERCH_0014,68.80,EUR,PAID,2026-01-14 19:46:04,2026-02-13 19:46:04
INV_004446,ORD_004446,CUST_003437,MERCH_0024,2483.80,USD,PAID,2026-01-01 09:51:58,2026-01-31 09:51:58
INV_004447,ORD_004447,CUST_001672,MERCH_0009,48.49,GBP,PAID,2026-01-13 15:23:10,2026-02-12 15:23:10
INV_004448,ORD_004448,CUST_001657,MERCH_0028,56.00,EUR,PAID,2026-03-05 01:13:57,2026-04-04 01:13:57
INV_004449,ORD_004449,CUST_003713,MERCH_0100,29.99,GBP,PAID,2026-01-10 10:37:58,2026-02-09 10:37:58
INV_004450,ORD_004450,CUST_003398,MERCH_0042,28.80,GBP,PAID,2026-01-18 13:28:00,2026-02-17 13:28:00
INV_004451,ORD_004451,CUST_002357,MERCH_0049,68.49,EUR,PAID,2026-02-24 22:44:52,2026-03-26 22:44:52
INV_004452,ORD_004452,CUST_003146,MERCH_0049,293.75,GBP,PAID,2026-01-20 04:03:01,2026-02-19 04:03:01
INV_004453,ORD_004453,CUST_000026,MERCH_0060,993.50,CAD,PAID,2026-01-10 14:04:10,2026-02-09 14:04:10
INV_004454,ORD_004454,CUST_000718,MERCH_0034,28.99,EUR,PAID,2026-03-29 11:08:31,2026-04-28 11:08:31
INV_004455,ORD_004455,CUST_000639,MERCH_0084,392.49,USD,PAID,2026-02-15 20:24:33,2026-03-17 20:24:33
INV_004456,ORD_004456,CUST_003181,MERCH_0095,67.50,EUR,PAID,2026-02-26 18:59:47,2026-03-28 18:59:47
INV_004457,ORD_004457,CUST_001117,MERCH_0016,1999.00,INR,PAID,2026-01-05 12:05:24,2026-02-04 12:05:24
INV_004458,ORD_004458,CUST_003119,MERCH_0044,15.50,EUR,PAID,2026-02-03 18:32:55,2026-03-05 18:32:55
INV_004459,ORD_004459,CUST_003155,MERCH_0052,15000.00,INR,PAID,2026-01-31 12:39:50,2026-03-02 12:39:50
INV_004460,ORD_004460,CUST_001310,MERCH_0081,32.49,USD,PAID,2026-03-31 10:28:32,2026-04-30 10:28:32
INV_004461,ORD_004461,CUST_003860,MERCH_0054,29.95,GBP,PAID,2026-02-11 22:39:29,2026-03-13 22:39:29
INV_004462,ORD_004462,CUST_000638,MERCH_0006,48.49,EUR,PAID,2026-01-05 05:22:24,2026-02-04 05:22:24
INV_004463,ORD_004463,CUST_004796,MERCH_0040,491.25,EUR,PAID,2026-02-03 08:45:40,2026-03-05 08:45:40
INV_004464,ORD_004464,CUST_003869,MERCH_0027,44.50,GBP,PAID,2026-03-08 20:59:06,2026-04-07 20:59:06
INV_004465,ORD_004465,CUST_002790,MERCH_0022,17.50,CAD,PAID,2026-03-18 22:09:17,2026-04-17 22:09:17
INV_004466,ORD_004466,CUST_003268,MERCH_0061,249.75,USD,PAID,2026-01-31 20:03:15,2026-03-02 20:03:15
INV_004467,ORD_004467,CUST_000598,MERCH_0098,45.95,GBP,PAID,2026-01-17 10:41:08,2026-02-16 10:41:08
INV_004468,ORD_004468,CUST_003814,MERCH_0087,4999.00,INR,PAID,2026-02-23 03:41:06,2026-03-25 03:41:06
INV_004469,ORD_004469,CUST_004694,MERCH_0082,390.95,USD,PAID,2026-03-19 19:49:21,2026-04-18 19:49:21
INV_004470,ORD_004470,CUST_002543,MERCH_0095,262.49,USD,PAID,2026-01-30 13:07:40,2026-03-01 13:07:40
INV_004471,ORD_004471,CUST_004804,MERCH_0096,2499.00,INR,PAID,2026-01-10 08:41:26,2026-02-09 08:41:26
INV_004472,ORD_004472,CUST_000699,MERCH_0075,3999.00,INR,PAID,2026-01-27 11:48:21,2026-02-26 11:48:21
INV_004473,ORD_004473,CUST_004925,MERCH_0028,33.95,USD,PAID,2026-02-04 10:25:44,2026-03-06 10:25:44
INV_004474,ORD_004474,CUST_000086,MERCH_0023,303.80,GBP,PAID,2026-03-22 07:33:39,2026-04-21 07:33:39
INV_004475,ORD_004475,CUST_001752,MERCH_0079,76.25,EUR,PAID,2026-01-26 02:39:17,2026-02-25 02:39:17
INV_004476,ORD_004476,CUST_001296,MERCH_0071,4999.00,INR,PAID,2026-02-20 11:50:27,2026-03-22 11:50:27
INV_004477,ORD_004477,CUST_002637,MERCH_0069,80.99,USD,PAID,2026-02-03 07:10:04,2026-03-05 07:10:04
INV_004478,ORD_004478,CUST_003774,MERCH_0018,497.25,USD,PAID,2026-02-19 02:07:23,2026-03-21 02:07:23
INV_004479,ORD_004479,CUST_001452,MERCH_0060,1499.00,INR,PAID,2026-01-31 08:47:47,2026-03-02 08:47:47
INV_004480,ORD_004480,CUST_002200,MERCH_0091,19.80,EUR,PAID,2026-02-27 20:52:12,2026-03-29 20:52:12
INV_004481,ORD_004481,CUST_002326,MERCH_0042,33.49,USD,PAID,2026-02-02 17:17:45,2026-03-04 17:17:45
INV_004482,ORD_004482,CUST_000821,MERCH_0072,2116.50,USD,OVERPAID,2026-01-21 04:07:30,2026-02-20 04:07:30
INV_004483,ORD_004483,CUST_000195,MERCH_0030,20.50,EUR,PAID,2026-02-25 05:45:39,2026-03-27 05:45:39
INV_004484,ORD_004484,CUST_004851,MERCH_0053,1475.25,USD,PAID,2026-02-12 21:30:13,2026-03-14 21:30:13
INV_004486,ORD_004486,CUST_002406,MERCH_0042,799.00,INR,PAID,2026-02-26 15:29:58,2026-03-28 15:29:58
INV_004487,ORD_004487,CUST_000945,MERCH_0094,39.75,USD,PAID,2026-01-15 00:38:03,2026-02-14 00:38:03
INV_004488,ORD_004488,CUST_003537,MERCH_0026,2499.00,INR,PAID,2026-03-13 02:03:01,2026-04-12 02:03:01
INV_004489,ORD_004489,CUST_002445,MERCH_0056,355.75,USD,PAID,2026-01-29 12:34:41,2026-02-28 12:34:41
INV_004490,ORD_004490,CUST_004046,MERCH_0097,44.99,USD,PAID,2026-01-18 20:30:41,2026-02-17 20:30:41
INV_004491,ORD_004491,CUST_000007,MERCH_0041,95.95,EUR,PAID,2026-01-16 06:31:01,2026-02-15 06:31:01
INV_004492,ORD_004492,CUST_001303,MERCH_0060,285.95,GBP,PAID,2026-01-15 18:29:11,2026-02-14 18:29:11
INV_004493,ORD_004493,CUST_004141,MERCH_0050,66.00,CAD,PAID,2026-02-26 11:11:40,2026-03-28 11:11:40
INV_004494,ORD_004494,CUST_002553,MERCH_0037,42.00,CAD,PAID,2026-03-13 14:24:57,2026-04-12 14:24:57
INV_004495,ORD_004495,CUST_003647,MERCH_0030,347.50,USD,PAID,2026-01-03 01:24:12,2026-02-02 01:24:12
INV_004496,ORD_004496,CUST_002407,MERCH_0024,313.80,USD,PAID,2026-03-20 08:40:23,2026-04-19 08:40:23
INV_004497,ORD_004497,CUST_002152,MERCH_0007,3098.49,EUR,PAID,2026-02-19 14:26:01,2026-03-21 14:26:01
INV_004498,ORD_004498,CUST_003663,MERCH_0072,54.00,USD,PAID,2026-02-21 01:49:38,2026-03-23 01:49:38
INV_004499,ORD_004499,CUST_003998,MERCH_0060,160.99,USD,PAID,2026-03-21 09:48:47,2026-04-20 09:48:47
INV_004500,ORD_004500,CUST_000940,MERCH_0076,115.80,CAD,PAID,2026-03-05 00:40:19,2026-04-04 00:40:19
INV_004501,ORD_004501,CUST_000113,MERCH_0087,316.25,EUR,PAID,2026-01-31 05:08:51,2026-03-02 05:08:51
INV_004502,ORD_004502,CUST_004886,MERCH_0100,3331.49,USD,PAID,2026-01-11 00:28:19,2026-02-10 00:28:19
INV_004503,ORD_004503,CUST_003114,MERCH_0060,58.95,USD,PAID,2026-02-17 21:39:27,2026-03-19 21:39:27
INV_004504,ORD_004504,CUST_003611,MERCH_0049,71.25,USD,PAID,2026-02-24 06:39:01,2026-03-26 06:39:01
INV_004505,ORD_004505,CUST_000931,MERCH_0084,461.99,EUR,PAID,2026-01-10 11:32:56,2026-02-09 11:32:56
INV_004506,ORD_004506,CUST_004278,MERCH_0056,403.80,USD,PAID,2026-02-18 06:10:56,2026-03-20 06:10:56
INV_004508,ORD_004508,CUST_000437,MERCH_0010,25.50,USD,PAID,2026-01-09 13:07:14,2026-02-08 13:07:14
INV_004509,ORD_004509,CUST_004589,MERCH_0090,179.80,USD,PAID,2026-01-10 08:16:26,2026-02-09 08:16:26
INV_004511,ORD_004511,CUST_000072,MERCH_0096,38.80,USD,PAID,2026-02-19 17:14:46,2026-03-21 17:14:46
INV_004512,ORD_004512,CUST_001582,MERCH_0094,37.50,USD,PAID,2026-02-10 02:19:13,2026-03-12 02:19:13
INV_004513,ORD_004513,CUST_000886,MERCH_0050,70.95,USD,PAID,2026-03-03 09:36:09,2026-04-02 09:36:09
INV_004514,ORD_004514,CUST_004684,MERCH_0023,322.50,EUR,PAID,2026-02-14 21:36:35,2026-03-16 21:36:35
INV_004515,ORD_004515,CUST_003361,MERCH_0066,1499.00,INR,PAID,2026-03-09 12:18:05,2026-04-08 12:18:05
INV_004516,ORD_004516,CUST_000384,MERCH_0047,606.00,GBP,PAID,2026-02-23 14:42:04,2026-03-25 14:42:04
INV_004517,ORD_004517,CUST_004564,MERCH_0018,799.00,INR,PAID,2026-01-30 17:46:36,2026-03-01 17:46:36
INV_004518,ORD_004518,CUST_002426,MERCH_0080,3999.00,INR,PAID,2026-01-11 21:22:16,2026-02-10 21:22:16
INV_004519,ORD_004519,CUST_001921,MERCH_0045,99.50,EUR,PAID,2026-03-29 06:12:29,2026-04-28 06:12:29
INV_004520,ORD_004520,CUST_004240,MERCH_0032,37.00,USD,PAID,2026-01-15 12:54:37,2026-02-14 12:54:37
INV_004521,ORD_004521,CUST_004525,MERCH_0062,402.95,GBP,PAID,2026-01-14 19:37:24,2026-02-13 19:37:24
INV_004522,ORD_004522,CUST_000991,MERCH_0022,17.49,CAD,PAID,2026-01-13 16:50:24,2026-02-12 16:50:24
INV_004523,ORD_004523,CUST_004055,MERCH_0022,1499.00,INR,PAID,2026-01-15 06:20:00,2026-02-14 06:20:00
INV_004524,ORD_004524,CUST_004302,MERCH_0072,1499.00,INR,PAID,2026-03-04 20:37:16,2026-04-03 20:37:16
INV_004525,ORD_004525,CUST_001367,MERCH_0070,277.75,GBP,PAID,2026-03-07 10:00:42,2026-04-06 10:00:42
INV_004526,ORD_004526,CUST_004930,MERCH_0016,80.80,USD,PAID,2026-02-26 23:56:30,2026-03-28 23:56:30
INV_004527,ORD_004527,CUST_000909,MERCH_0019,406.75,GBP,PAID,2026-01-24 14:10:40,2026-02-23 14:10:40
INV_004529,ORD_004529,CUST_004034,MERCH_0079,799.00,INR,PAID,2026-03-20 04:20:12,2026-04-19 04:20:12
INV_004530,ORD_004530,CUST_001789,MERCH_0005,15000.00,INR,PAID,2026-02-18 00:55:12,2026-03-20 00:55:12
INV_004531,ORD_004531,CUST_000413,MERCH_0019,644.25,USD,PAID,2026-03-15 07:38:41,2026-04-14 07:38:41
INV_004532,ORD_004532,CUST_003128,MERCH_0056,533.99,EUR,PAID,2026-02-17 05:16:12,2026-03-19 05:16:12
INV_004533,ORD_004533,CUST_002723,MERCH_0030,119.75,CAD,PAID,2026-01-22 21:51:22,2026-02-21 21:51:22
INV_004534,ORD_004534,CUST_003579,MERCH_0042,28.80,USD,PAID,2026-02-28 00:12:12,2026-03-30 00:12:12
INV_004535,ORD_004535,CUST_000360,MERCH_0096,19.25,EUR,PAID,2026-02-15 02:14:46,2026-03-17 02:14:46
INV_004536,ORD_004536,CUST_001089,MERCH_0034,541.99,USD,PAID,2026-03-15 13:28:39,2026-04-14 13:28:39
INV_004537,ORD_004537,CUST_000187,MERCH_0061,57.80,EUR,PAID,2026-01-07 11:28:46,2026-02-06 11:28:46
INV_004538,ORD_004538,CUST_003018,MERCH_0032,391.25,USD,PAID,2026-01-12 04:21:07,2026-02-11 04:21:07
INV_004539,ORD_004539,CUST_004022,MERCH_0006,612.80,EUR,PAID,2026-01-13 09:09:28,2026-02-12 09:09:28
INV_004540,ORD_004540,CUST_004716,MERCH_0097,82.75,EUR,PAID,2026-03-24 17:02:57,2026-04-23 17:02:57
INV_004541,ORD_004541,CUST_003931,MERCH_0069,99.99,EUR,PAID,2026-03-20 12:22:40,2026-04-19 12:22:40
INV_004542,ORD_004542,CUST_000081,MERCH_0066,46.95,EUR,PAID,2026-01-19 18:44:12,2026-02-18 18:44:12
INV_004543,ORD_004543,CUST_000237,MERCH_0089,9999.00,INR,PAID,2026-03-19 11:18:02,2026-04-18 11:18:02
INV_004544,ORD_004544,CUST_001454,MERCH_0018,2621.50,USD,PAID,2026-03-04 16:11:12,2026-04-03 16:11:12
INV_004545,ORD_004545,CUST_004711,MERCH_0031,27.25,GBP,PAID,2026-03-24 06:17:48,2026-04-23 06:17:48
INV_004546,ORD_004546,CUST_004603,MERCH_0059,636.00,CAD,PAID,2026-02-10 13:26:09,2026-03-12 13:26:09
INV_004547,ORD_004547,CUST_003219,MERCH_0070,631.80,USD,PAID,2026-02-16 21:12:33,2026-03-18 21:12:33
INV_004548,ORD_004548,CUST_000527,MERCH_0076,28.99,GBP,PAID,2026-01-12 23:16:17,2026-02-11 23:16:17
INV_004549,ORD_004549,CUST_001436,MERCH_0100,28.80,USD,PAID,2026-02-01 15:36:47,2026-03-03 15:36:47
INV_004550,ORD_004550,CUST_004122,MERCH_0044,35.75,GBP,OVERPAID,2026-01-30 13:31:12,2026-03-01 13:31:12
INV_004551,ORD_004551,CUST_002817,MERCH_0015,231.80,GBP,PAID,2026-03-24 03:14:01,2026-04-23 03:14:01
INV_004552,ORD_004552,CUST_002353,MERCH_0029,1608.25,EUR,PAID,2026-01-07 21:42:29,2026-02-06 21:42:29
INV_004553,ORD_004553,CUST_003611,MERCH_0060,441.95,EUR,PAID,2026-02-15 13:24:41,2026-03-17 13:24:41
INV_004554,ORD_004554,CUST_000500,MERCH_0037,70.75,EUR,PAID,2026-03-01 21:24:08,2026-03-31 21:24:08
INV_004555,ORD_004555,CUST_003499,MERCH_0013,209.25,USD,PAID,2026-03-09 19:22:57,2026-04-08 19:22:57
INV_004556,ORD_004556,CUST_000160,MERCH_0050,4999.00,INR,PAID,2026-02-01 22:37:25,2026-03-03 22:37:25
INV_004557,ORD_004557,CUST_003858,MERCH_0062,4999.00,INR,PAID,2026-02-22 19:02:17,2026-03-24 19:02:17
INV_004558,ORD_004558,CUST_004808,MERCH_0010,38.00,EUR,PAID,2026-02-22 17:51:39,2026-03-24 17:51:39
INV_004559,ORD_004559,CUST_001230,MERCH_0030,459.95,EUR,PAID,2026-01-16 22:07:59,2026-02-15 22:07:59
INV_004560,ORD_004560,CUST_004250,MERCH_0057,71.50,EUR,PAID,2026-03-31 00:08:58,2026-04-30 00:08:58
INV_004561,ORD_004561,CUST_000195,MERCH_0040,348.25,EUR,PAID,2026-02-09 21:47:42,2026-03-11 21:47:42
INV_004562,ORD_004562,CUST_003515,MERCH_0061,63.50,GBP,PAID,2026-03-01 10:46:04,2026-03-31 10:46:04
INV_004563,ORD_004563,CUST_004034,MERCH_0070,262.00,EUR,PAID,2026-02-20 14:23:15,2026-03-22 14:23:15
INV_004564,ORD_004564,CUST_002590,MERCH_0028,76.49,GBP,PAID,2026-03-19 19:24:31,2026-04-18 19:24:31
INV_004565,ORD_004565,CUST_002660,MERCH_0091,68.75,EUR,PAID,2026-03-15 16:32:24,2026-04-14 16:32:24
INV_004566,ORD_004566,CUST_003992,MERCH_0030,2699.50,GBP,PAID,2026-03-07 14:49:09,2026-04-06 14:49:09
INV_004567,ORD_004567,CUST_001087,MERCH_0090,20.95,USD,PAID,2026-01-06 23:51:44,2026-02-05 23:51:44
INV_004568,ORD_004568,CUST_001258,MERCH_0016,522.25,EUR,PAID,2026-01-29 14:45:51,2026-02-28 14:45:51
INV_004569,ORD_004569,CUST_000799,MERCH_0025,42.95,GBP,PAID,2026-02-17 21:47:06,2026-03-19 21:47:06
INV_004570,ORD_004570,CUST_004384,MERCH_0088,1499.00,INR,PAID,2026-03-20 05:01:20,2026-04-19 05:01:20
INV_004571,ORD_004571,CUST_000817,MERCH_0073,34.99,USD,PAID,2026-02-24 08:23:10,2026-03-26 08:23:10
INV_004572,ORD_004572,CUST_004202,MERCH_0032,66.95,USD,PAID,2026-02-02 22:30:03,2026-03-04 22:30:03
INV_004573,ORD_004573,CUST_000447,MERCH_0033,453.00,EUR,PAID,2026-03-27 15:43:24,2026-04-26 15:43:24
INV_004574,ORD_004574,CUST_003872,MERCH_0044,299.00,INR,PAID,2026-03-18 13:50:23,2026-04-17 13:50:23
INV_004575,ORD_004575,CUST_001283,MERCH_0085,49.80,GBP,PAID,2026-03-28 08:03:09,2026-04-27 08:03:09
INV_004576,ORD_004576,CUST_000098,MERCH_0081,3999.00,INR,PAID,2026-01-25 07:46:18,2026-02-24 07:46:18
INV_004577,ORD_004577,CUST_003846,MERCH_0055,533.75,EUR,PAID,2026-02-13 01:23:31,2026-03-15 01:23:31
INV_004578,ORD_004578,CUST_000660,MERCH_0041,266.00,CAD,PAID,2026-02-09 19:45:28,2026-03-11 19:45:28
INV_004579,ORD_004579,CUST_004988,MERCH_0002,558.00,USD,PAID,2026-03-09 18:09:40,2026-04-08 18:09:40
INV_004580,ORD_004580,CUST_004365,MERCH_0036,60.25,CAD,PAID,2026-01-02 18:38:22,2026-02-01 18:38:22
INV_004581,ORD_004581,CUST_002727,MERCH_0049,4999.00,INR,PAID,2026-01-03 04:22:28,2026-02-02 04:22:28
INV_004582,ORD_004582,CUST_004406,MERCH_0017,32.25,USD,PAID,2026-01-23 00:48:24,2026-02-22 00:48:24
INV_004583,ORD_004583,CUST_003995,MERCH_0011,46.25,USD,OVERPAID,2026-03-17 08:59:17,2026-04-16 08:59:17
INV_004584,ORD_004584,CUST_003888,MERCH_0005,999.00,INR,PAID,2026-01-01 21:07:58,2026-01-31 21:07:58
INV_004585,ORD_004585,CUST_001569,MERCH_0078,148.50,USD,PAID,2026-01-09 02:39:37,2026-02-08 02:39:37
INV_004586,ORD_004586,CUST_000626,MERCH_0026,15000.00,INR,PAID,2026-03-15 15:56:34,2026-04-14 15:56:34
INV_004587,ORD_004587,CUST_004322,MERCH_0007,57.80,EUR,PAID,2026-02-22 06:41:04,2026-03-24 06:41:04
INV_004588,ORD_004588,CUST_004191,MERCH_0069,608.25,USD,PAID,2026-03-23 19:12:30,2026-04-22 19:12:30
INV_004589,ORD_004589,CUST_004706,MERCH_0014,53.80,CAD,PAID,2026-02-23 15:06:42,2026-03-25 15:06:42
INV_004590,ORD_004590,CUST_003708,MERCH_0082,51.95,USD,PAID,2026-02-19 16:55:59,2026-03-21 16:55:59
INV_004591,ORD_004591,CUST_002801,MERCH_0067,62.75,USD,PAID,2026-03-13 22:24:55,2026-04-12 22:24:55
INV_004592,ORD_004592,CUST_002992,MERCH_0091,410.49,USD,PAID,2026-01-31 05:38:18,2026-03-02 05:38:18
INV_004593,ORD_004593,CUST_002821,MERCH_0083,25.50,EUR,PAID,2026-03-21 14:49:34,2026-04-20 14:49:34
INV_004594,ORD_004594,CUST_001225,MERCH_0076,45.99,USD,PAID,2026-01-03 21:35:43,2026-02-02 21:35:43
INV_004595,ORD_004595,CUST_003292,MERCH_0088,1628.75,USD,PAID,2026-03-03 22:15:53,2026-04-02 22:15:53
INV_004596,ORD_004596,CUST_001652,MERCH_0067,15000.00,INR,PAID,2026-03-12 18:37:15,2026-04-11 18:37:15
INV_004597,ORD_004597,CUST_004188,MERCH_0037,259.50,USD,PAID,2026-02-01 20:30:42,2026-03-03 20:30:42
INV_004598,ORD_004598,CUST_001701,MERCH_0042,1010.80,EUR,PAID,2026-01-26 10:06:21,2026-02-25 10:06:21
INV_004599,ORD_004599,CUST_000161,MERCH_0006,26.25,GBP,PAID,2026-01-21 05:32:31,2026-02-20 05:32:31
INV_004600,ORD_004600,CUST_002527,MERCH_0033,33.49,EUR,PAID,2026-03-09 16:29:39,2026-04-08 16:29:39
INV_004601,ORD_004601,CUST_001211,MERCH_0001,1313.95,EUR,PAID,2026-03-26 04:13:00,2026-04-25 04:13:00
INV_004602,ORD_004602,CUST_000954,MERCH_0074,56.99,CAD,PAID,2026-02-05 10:13:47,2026-03-07 10:13:47
INV_004603,ORD_004603,CUST_001370,MERCH_0049,18.75,EUR,PAID,2026-01-29 07:36:17,2026-02-28 07:36:17
INV_004604,ORD_004604,CUST_003593,MERCH_0015,43.95,USD,PAID,2026-02-15 01:27:46,2026-03-17 01:27:46
INV_004605,ORD_004605,CUST_002650,MERCH_0096,31.75,USD,PAID,2026-01-02 05:53:25,2026-02-01 05:53:25
INV_004606,ORD_004606,CUST_004086,MERCH_0077,374.49,GBP,PAID,2026-02-06 22:27:34,2026-03-08 22:27:34
INV_004607,ORD_004607,CUST_002443,MERCH_0014,499.95,EUR,PAID,2026-01-11 15:33:12,2026-02-10 15:33:12
INV_004608,ORD_004608,CUST_001579,MERCH_0087,113.80,EUR,PAID,2026-03-05 04:30:02,2026-04-04 04:30:02
INV_004609,ORD_004609,CUST_003002,MERCH_0047,23.00,EUR,PAID,2026-03-31 18:28:30,2026-04-30 18:28:30
INV_004610,ORD_004610,CUST_002635,MERCH_0017,15.99,USD,PAID,2026-01-19 20:54:33,2026-02-18 20:54:33
INV_004611,ORD_004611,CUST_004664,MERCH_0035,52.00,EUR,PAID,2026-03-13 05:27:12,2026-04-12 05:27:12
INV_004612,ORD_004612,CUST_001211,MERCH_0041,41.00,USD,PAID,2026-03-17 02:59:03,2026-04-16 02:59:03
INV_004613,ORD_004613,CUST_003519,MERCH_0096,27.50,USD,PAID,2026-01-03 11:34:58,2026-02-02 11:34:58
INV_004614,ORD_004614,CUST_003975,MERCH_0070,20.99,EUR,PAID,2026-03-01 09:51:38,2026-03-31 09:51:38
INV_004615,ORD_004615,CUST_002713,MERCH_0045,268.25,GBP,PAID,2026-03-11 00:06:51,2026-04-10 00:06:51
INV_004616,ORD_004616,CUST_003769,MERCH_0013,2218.99,USD,PAID,2026-01-09 21:56:23,2026-02-08 21:56:23
INV_004617,ORD_004617,CUST_003371,MERCH_0083,90.00,USD,PAID,2026-03-15 12:36:10,2026-04-14 12:36:10
INV_004618,ORD_004618,CUST_001969,MERCH_0092,3242.75,CAD,PAID,2026-02-02 18:28:06,2026-03-04 18:28:06
INV_004619,ORD_004619,CUST_001137,MERCH_0047,121.80,USD,PAID,2026-01-06 14:05:19,2026-02-05 14:05:19
INV_004620,ORD_004620,CUST_002038,MERCH_0060,35.99,GBP,PAID,2026-03-27 12:07:50,2026-04-26 12:07:50
INV_004621,ORD_004621,CUST_003234,MERCH_0020,69.50,GBP,PAID,2026-03-16 08:40:37,2026-04-15 08:40:37
INV_004622,ORD_004622,CUST_001122,MERCH_0031,499.00,INR,PAID,2026-03-29 05:52:11,2026-04-28 05:52:11
INV_004623,ORD_004623,CUST_000245,MERCH_0100,415.00,CAD,OVERPAID,2026-01-25 11:44:56,2026-02-24 11:44:56
INV_004624,ORD_004624,CUST_004791,MERCH_0028,204.00,EUR,PAID,2026-02-18 09:19:02,2026-03-20 09:19:02
INV_004625,ORD_004625,CUST_002979,MERCH_0005,328.00,USD,PAID,2026-03-16 10:44:34,2026-04-15 10:44:34
INV_004627,ORD_004627,CUST_002880,MERCH_0021,60.80,USD,PAID,2026-01-19 06:47:34,2026-02-18 06:47:34
INV_004628,ORD_004628,CUST_004763,MERCH_0019,26.80,EUR,PAID,2026-01-18 08:25:37,2026-02-17 08:25:37
INV_004629,ORD_004629,CUST_001533,MERCH_0018,140.49,GBP,PAID,2026-03-16 09:32:41,2026-04-15 09:32:41
INV_004630,ORD_004630,CUST_004486,MERCH_0078,17.95,USD,PAID,2026-02-13 23:56:20,2026-03-15 23:56:20
INV_004631,ORD_004631,CUST_001806,MERCH_0058,46.95,GBP,PAID,2026-01-12 23:37:06,2026-02-11 23:37:06
INV_004632,ORD_004632,CUST_001877,MERCH_0097,289.99,EUR,PAID,2026-01-07 21:34:18,2026-02-06 21:34:18
INV_004633,ORD_004633,CUST_003537,MERCH_0060,60.25,USD,PAID,2026-01-22 11:01:54,2026-02-21 11:01:54
INV_004634,ORD_004634,CUST_004807,MERCH_0050,18.80,EUR,PAID,2026-01-07 21:43:39,2026-02-06 21:43:39
INV_004635,ORD_004635,CUST_002556,MERCH_0035,559.75,EUR,PAID,2026-03-04 05:23:38,2026-04-03 05:23:38
INV_004636,ORD_004636,CUST_002596,MERCH_0004,2072.49,USD,PAID,2026-02-08 17:53:48,2026-03-10 17:53:48
INV_004637,ORD_004637,CUST_004876,MERCH_0039,492.49,GBP,PAID,2026-03-03 00:50:40,2026-04-02 00:50:40
INV_004638,ORD_004638,CUST_004545,MERCH_0048,24.00,EUR,PAID,2026-02-21 13:08:37,2026-03-23 13:08:37
INV_004639,ORD_004639,CUST_001525,MERCH_0011,445.75,GBP,PAID,2026-03-27 23:11:55,2026-04-26 23:11:55
INV_004640,ORD_004640,CUST_000398,MERCH_0050,494.49,GBP,PAID,2026-02-06 15:14:33,2026-03-08 15:14:33
INV_004641,ORD_004641,CUST_002022,MERCH_0035,1164.25,EUR,PAID,2026-02-02 16:40:28,2026-03-04 16:40:28
INV_004642,ORD_004642,CUST_001074,MERCH_0089,3999.00,INR,PAID,2026-03-07 00:01:17,2026-04-06 00:01:17
INV_004643,ORD_004643,CUST_003701,MERCH_0044,38.50,EUR,PAID,2026-02-05 18:37:48,2026-03-07 18:37:48
INV_004644,ORD_004644,CUST_003357,MERCH_0042,499.00,INR,PAID,2026-03-11 12:47:21,2026-04-10 12:47:21
INV_004645,ORD_004645,CUST_001717,MERCH_0051,476.49,USD,PAID,2026-03-17 03:23:20,2026-04-16 03:23:20
INV_004646,ORD_004646,CUST_004055,MERCH_0069,55.99,CAD,PAID,2026-02-22 05:10:48,2026-03-24 05:10:48
INV_004647,ORD_004647,CUST_000874,MERCH_0071,71.50,EUR,PAID,2026-01-22 21:25:14,2026-02-21 21:25:14
INV_004648,ORD_004648,CUST_000847,MERCH_0033,1790.00,EUR,PAID,2026-01-24 05:45:01,2026-02-23 05:45:01
INV_004649,ORD_004649,CUST_004560,MERCH_0015,799.00,INR,PAID,2026-03-23 11:35:00,2026-04-22 11:35:00
INV_004650,ORD_004650,CUST_000723,MERCH_0025,369.75,USD,PAID,2026-01-29 23:58:50,2026-02-28 23:58:50
INV_004651,ORD_004651,CUST_004358,MERCH_0057,15000.00,INR,PAID,2026-03-24 20:46:53,2026-04-23 20:46:53
INV_004652,ORD_004652,CUST_001083,MERCH_0023,3460.80,USD,OVERPAID,2026-01-17 00:22:31,2026-02-16 00:22:31
INV_004653,ORD_004653,CUST_001037,MERCH_0063,371.80,GBP,PAID,2026-02-02 21:59:03,2026-03-04 21:59:03
INV_004654,ORD_004654,CUST_004005,MERCH_0057,15.50,GBP,PAID,2026-01-30 03:29:05,2026-03-01 03:29:05
INV_004655,ORD_004655,CUST_002267,MERCH_0093,47.80,CAD,PAID,2026-01-29 23:33:13,2026-02-28 23:33:13
INV_004656,ORD_004656,CUST_001877,MERCH_0024,999.00,INR,PAID,2026-02-14 23:59:19,2026-03-16 23:59:19
INV_004657,ORD_004657,CUST_003436,MERCH_0067,57.75,EUR,PAID,2026-02-20 19:10:21,2026-03-22 19:10:21
INV_004658,ORD_004658,CUST_001491,MERCH_0024,88.95,USD,PAID,2026-02-13 17:55:33,2026-03-15 17:55:33
INV_004659,ORD_004659,CUST_003907,MERCH_0029,586.99,USD,PAID,2026-03-28 09:42:08,2026-04-27 09:42:08
INV_004660,ORD_004660,CUST_001313,MERCH_0011,93.00,USD,PAID,2026-03-12 13:56:52,2026-04-11 13:56:52
INV_004661,ORD_004661,CUST_001853,MERCH_0025,647.80,GBP,PAID,2026-03-08 03:08:39,2026-04-07 03:08:39
INV_004662,ORD_004662,CUST_001027,MERCH_0007,40.25,USD,PAID,2026-01-10 17:29:17,2026-02-09 17:29:17
INV_004663,ORD_004663,CUST_001547,MERCH_0097,392.25,USD,PAID,2026-02-09 20:27:27,2026-03-11 20:27:27
INV_004664,ORD_004664,CUST_002631,MERCH_0089,398.75,EUR,PAID,2026-03-25 00:24:13,2026-04-24 00:24:13
INV_004665,ORD_004665,CUST_003194,MERCH_0077,403.75,EUR,PAID,2026-02-18 16:01:32,2026-03-20 16:01:32
INV_004666,ORD_004666,CUST_004125,MERCH_0012,68.25,GBP,PAID,2026-03-05 04:03:09,2026-04-04 04:03:09
INV_004667,ORD_004667,CUST_000798,MERCH_0011,2499.00,INR,PAID,2026-02-03 06:03:12,2026-03-05 06:03:12
INV_004668,ORD_004668,CUST_002919,MERCH_0097,499.00,INR,PAID,2026-03-08 01:34:01,2026-04-07 01:34:01
INV_004669,ORD_004669,CUST_002215,MERCH_0083,38.99,EUR,PAID,2026-02-18 06:38:02,2026-03-20 06:38:02
INV_004670,ORD_004670,CUST_002855,MERCH_0029,61.75,CAD,PAID,2026-01-11 03:56:28,2026-02-10 03:56:28
INV_004671,ORD_004671,CUST_004921,MERCH_0039,34.99,GBP,PAID,2026-02-01 20:57:05,2026-03-03 20:57:05
INV_004672,ORD_004672,CUST_000298,MERCH_0052,453.25,USD,PAID,2026-02-03 12:22:02,2026-03-05 12:22:02
INV_004673,ORD_004673,CUST_002446,MERCH_0100,64.95,EUR,PAID,2026-01-26 08:53:46,2026-02-25 08:53:46
INV_004674,ORD_004674,CUST_001352,MERCH_0048,310.49,EUR,PAID,2026-03-24 15:00:33,2026-04-23 15:00:33
INV_004675,ORD_004675,CUST_001841,MERCH_0067,608.25,USD,PAID,2026-01-09 11:17:21,2026-02-08 11:17:21
INV_004676,ORD_004676,CUST_003579,MERCH_0068,15.80,CAD,PAID,2026-03-23 06:37:35,2026-04-22 06:37:35
INV_004677,ORD_004677,CUST_002075,MERCH_0079,78.50,EUR,PAID,2026-01-25 16:44:43,2026-02-24 16:44:43
INV_004678,ORD_004678,CUST_001871,MERCH_0044,17.80,USD,PAID,2026-03-12 05:01:38,2026-04-11 05:01:38
INV_004679,ORD_004679,CUST_004799,MERCH_0098,205.99,USD,PAID,2026-02-26 22:26:28,2026-03-28 22:26:28
INV_004680,ORD_004680,CUST_002552,MERCH_0011,52.80,EUR,PAID,2026-01-14 01:10:06,2026-02-13 01:10:06
INV_004681,ORD_004681,CUST_003770,MERCH_0084,45.49,GBP,PAID,2026-01-04 05:14:46,2026-02-03 05:14:46
INV_004682,ORD_004682,CUST_004641,MERCH_0072,37.00,USD,PAID,2026-01-12 15:08:59,2026-02-11 15:08:59
INV_004683,ORD_004683,CUST_002940,MERCH_0081,799.00,INR,PAID,2026-01-26 11:54:26,2026-02-25 11:54:26
INV_004684,ORD_004684,CUST_004195,MERCH_0007,135.25,USD,PAID,2026-01-08 05:19:49,2026-02-07 05:19:49
INV_004685,ORD_004685,CUST_004906,MERCH_0058,20.99,CAD,PAID,2026-01-03 02:02:03,2026-02-02 02:02:03
INV_004686,ORD_004686,CUST_004658,MERCH_0047,595.95,CAD,PAID,2026-03-24 16:42:55,2026-04-23 16:42:55
INV_004687,ORD_004687,CUST_004247,MERCH_0037,980.49,USD,PAID,2026-03-09 16:43:01,2026-04-08 16:43:01
INV_004688,ORD_004688,CUST_004934,MERCH_0045,124.75,GBP,PAID,2026-03-29 04:58:57,2026-04-28 04:58:57
INV_004690,ORD_004690,CUST_002625,MERCH_0008,79.25,EUR,PAID,2026-02-15 20:55:38,2026-03-17 20:55:38
INV_004691,ORD_004691,CUST_000432,MERCH_0006,354.95,GBP,PAID,2026-02-25 12:31:25,2026-03-27 12:31:25
INV_004692,ORD_004692,CUST_000362,MERCH_0052,648.25,GBP,PAID,2026-01-13 04:39:15,2026-02-12 04:39:15
INV_004693,ORD_004693,CUST_003691,MERCH_0040,123.75,USD,PAID,2026-03-16 16:39:02,2026-04-15 16:39:02
INV_004694,ORD_004694,CUST_000177,MERCH_0049,3241.25,GBP,PAID,2026-01-25 08:47:45,2026-02-24 08:47:45
INV_004695,ORD_004695,CUST_004384,MERCH_0051,543.00,USD,PAID,2026-01-20 16:45:51,2026-02-19 16:45:51
INV_004696,ORD_004696,CUST_004461,MERCH_0069,1127.95,USD,PAID,2026-01-03 09:30:03,2026-02-02 09:30:03
INV_004697,ORD_004697,CUST_002676,MERCH_0039,64.25,USD,PAID,2026-02-06 23:33:04,2026-03-08 23:33:04
INV_004698,ORD_004698,CUST_000929,MERCH_0071,224.50,EUR,PAID,2026-01-21 14:21:54,2026-02-20 14:21:54
INV_004699,ORD_004699,CUST_000465,MERCH_0013,1888.50,EUR,PAID,2026-01-23 17:24:17,2026-02-22 17:24:17
INV_004700,ORD_004700,CUST_000377,MERCH_0093,57.50,USD,PAID,2026-03-31 04:36:02,2026-04-30 04:36:02
INV_004701,ORD_004701,CUST_004050,MERCH_0095,163.99,EUR,PAID,2026-03-03 10:49:42,2026-04-02 10:49:42
INV_004702,ORD_004702,CUST_000557,MERCH_0004,51.80,CAD,PAID,2026-01-24 01:32:35,2026-02-23 01:32:35
INV_004703,ORD_004703,CUST_003871,MERCH_0007,982.49,USD,PAID,2026-03-10 20:09:18,2026-04-09 20:09:18
INV_004704,ORD_004704,CUST_004750,MERCH_0053,232.75,USD,PAID,2026-02-11 08:02:28,2026-03-13 08:02:28
INV_004705,ORD_004705,CUST_000114,MERCH_0071,2953.75,USD,PAID,2026-03-09 01:30:32,2026-04-08 01:30:32
INV_004706,ORD_004706,CUST_001628,MERCH_0099,22.49,EUR,PAID,2026-03-10 13:28:39,2026-04-09 13:28:39
INV_004707,ORD_004707,CUST_002364,MERCH_0078,55.25,EUR,PAID,2026-03-28 06:31:23,2026-04-27 06:31:23
INV_004708,ORD_004708,CUST_004994,MERCH_0051,269.50,USD,PAID,2026-02-28 19:18:05,2026-03-30 19:18:05
INV_004709,ORD_004709,CUST_004747,MERCH_0065,231.75,USD,PAID,2026-03-11 10:58:21,2026-04-10 10:58:21
INV_004710,ORD_004710,CUST_000615,MERCH_0067,33.80,USD,OVERPAID,2026-03-31 11:27:06,2026-04-30 11:27:06
INV_004711,ORD_004711,CUST_000284,MERCH_0031,15.95,EUR,PAID,2026-01-10 02:34:59,2026-02-09 02:34:59
INV_004712,ORD_004712,CUST_002780,MERCH_0020,53.95,EUR,PAID,2026-01-25 09:18:25,2026-02-24 09:18:25
INV_004713,ORD_004713,CUST_004092,MERCH_0061,600.75,EUR,PAID,2026-01-05 12:12:39,2026-02-04 12:12:39
INV_004714,ORD_004714,CUST_003598,MERCH_0048,45.49,USD,PAID,2026-03-30 22:12:43,2026-04-29 22:12:43
INV_004715,ORD_004715,CUST_000231,MERCH_0012,20.95,EUR,PAID,2026-03-07 07:21:02,2026-04-06 07:21:02
INV_004716,ORD_004716,CUST_001292,MERCH_0049,23.95,GBP,PAID,2026-02-11 10:57:06,2026-03-13 10:57:06
INV_004717,ORD_004717,CUST_003843,MERCH_0012,508.80,GBP,PAID,2026-04-01 05:31:02,2026-05-01 05:31:02
INV_004718,ORD_004718,CUST_004474,MERCH_0091,3471.00,USD,PAID,2026-03-03 08:06:57,2026-04-02 08:06:57
INV_004719,ORD_004719,CUST_002819,MERCH_0020,64.50,USD,PAID,2026-03-31 17:37:20,2026-04-30 17:37:20
INV_004720,ORD_004720,CUST_002663,MERCH_0021,2719.99,EUR,PAID,2026-03-29 07:57:18,2026-04-28 07:57:18
INV_004721,ORD_004721,CUST_002248,MERCH_0047,20.00,USD,PAID,2026-02-10 23:43:51,2026-03-12 23:43:51
INV_004722,ORD_004722,CUST_000118,MERCH_0061,299.00,INR,PAID,2026-03-31 02:14:53,2026-04-30 02:14:53
INV_004723,ORD_004723,CUST_001040,MERCH_0043,799.00,INR,PAID,2026-02-07 20:03:48,2026-03-09 20:03:48
INV_004724,ORD_004724,CUST_001891,MERCH_0030,136.99,CAD,PAID,2026-03-08 04:44:52,2026-04-07 04:44:52
INV_004725,ORD_004725,CUST_003905,MERCH_0096,42.50,USD,PAID,2026-01-02 18:28:37,2026-02-01 18:28:37
INV_004726,ORD_004726,CUST_001425,MERCH_0056,459.49,USD,PAID,2026-02-15 19:25:39,2026-03-17 19:25:39
INV_004727,ORD_004727,CUST_003221,MERCH_0065,27.95,USD,PAID,2026-03-25 03:04:44,2026-04-24 03:04:44
INV_004728,ORD_004728,CUST_004792,MERCH_0039,435.50,EUR,PAID,2026-03-30 15:59:10,2026-04-29 15:59:10
INV_004729,ORD_004729,CUST_001906,MERCH_0093,1499.00,INR,PAID,2026-01-20 08:16:31,2026-02-19 08:16:31
INV_004730,ORD_004730,CUST_000667,MERCH_0071,439.99,EUR,PAID,2026-02-18 22:42:23,2026-03-20 22:42:23
INV_004731,ORD_004731,CUST_004386,MERCH_0047,338.95,USD,PAID,2026-03-06 17:54:17,2026-04-05 17:54:17
INV_004732,ORD_004732,CUST_001444,MERCH_0009,471.75,EUR,PAID,2026-03-21 08:32:09,2026-04-20 08:32:09
INV_004733,ORD_004733,CUST_004518,MERCH_0100,799.00,INR,PAID,2026-02-03 10:32:36,2026-03-05 10:32:36
INV_004734,ORD_004734,CUST_004457,MERCH_0025,3412.80,USD,PAID,2026-03-10 22:00:52,2026-04-09 22:00:52
INV_004735,ORD_004735,CUST_000536,MERCH_0048,24.95,GBP,PAID,2026-01-21 22:31:59,2026-02-20 22:31:59
INV_004736,ORD_004736,CUST_000929,MERCH_0056,48.00,GBP,PAID,2026-03-03 09:48:58,2026-04-02 09:48:58
INV_004737,ORD_004737,CUST_000150,MERCH_0036,512.80,USD,PAID,2026-01-01 20:46:35,2026-01-31 20:46:35
INV_004738,ORD_004738,CUST_001806,MERCH_0094,397.80,EUR,PAID,2026-03-17 14:10:09,2026-04-16 14:10:09
INV_004739,ORD_004739,CUST_000781,MERCH_0023,327.75,EUR,PAID,2026-02-06 00:57:30,2026-03-08 00:57:30
INV_004740,ORD_004740,CUST_004050,MERCH_0014,38.25,EUR,PAID,2026-02-02 02:31:19,2026-03-04 02:31:19
INV_004741,ORD_004741,CUST_004702,MERCH_0041,993.99,EUR,PAID,2026-01-20 11:28:42,2026-02-19 11:28:42
INV_004742,ORD_004742,CUST_003875,MERCH_0072,15000.00,INR,PAID,2026-03-14 18:24:17,2026-04-13 18:24:17
INV_004743,ORD_004743,CUST_001876,MERCH_0018,244.00,USD,PAID,2026-02-03 22:39:50,2026-03-05 22:39:50
INV_004744,ORD_004744,CUST_004796,MERCH_0039,44.95,GBP,PAID,2026-01-14 20:39:31,2026-02-13 20:39:31
INV_004745,ORD_004745,CUST_003409,MERCH_0063,62.50,CAD,PAID,2026-03-01 18:11:08,2026-03-31 18:11:08
INV_004746,ORD_004746,CUST_002909,MERCH_0033,43.75,CAD,PAID,2026-03-26 12:36:20,2026-04-25 12:36:20
INV_004747,ORD_004747,CUST_004646,MERCH_0047,609.50,CAD,PAID,2026-02-24 21:59:13,2026-03-26 21:59:13
INV_004748,ORD_004748,CUST_000913,MERCH_0027,17.00,GBP,PAID,2026-01-26 21:06:26,2026-02-25 21:06:26
INV_004749,ORD_004749,CUST_004975,MERCH_0029,93.49,USD,PAID,2026-01-10 03:08:59,2026-02-09 03:08:59
INV_004750,ORD_004750,CUST_000589,MERCH_0022,54.75,GBP,PAID,2026-03-25 00:08:50,2026-04-24 00:08:50
INV_004751,ORD_004751,CUST_002468,MERCH_0028,1999.00,INR,PAID,2026-04-01 06:57:39,2026-05-01 06:57:39
INV_004752,ORD_004752,CUST_001192,MERCH_0071,979.49,GBP,PAID,2026-02-21 14:19:29,2026-03-23 14:19:29
INV_004753,ORD_004753,CUST_001850,MERCH_0063,63.80,EUR,PAID,2026-03-19 03:17:45,2026-04-18 03:17:45
INV_004754,ORD_004754,CUST_004258,MERCH_0056,637.75,GBP,PAID,2026-03-21 15:03:55,2026-04-20 15:03:55
INV_004755,ORD_004755,CUST_001270,MERCH_0098,48.80,EUR,PAID,2026-03-15 08:17:52,2026-04-14 08:17:52
INV_004756,ORD_004756,CUST_002889,MERCH_0049,349.99,GBP,PAID,2026-02-03 14:14:28,2026-03-05 14:14:28
INV_004757,ORD_004757,CUST_000239,MERCH_0016,630.99,EUR,PAID,2026-02-19 14:59:31,2026-03-21 14:59:31
INV_004758,ORD_004758,CUST_004229,MERCH_0031,49.80,GBP,PAID,2026-02-21 00:09:13,2026-03-23 00:09:13
INV_004759,ORD_004759,CUST_000747,MERCH_0064,228.49,GBP,PAID,2026-02-22 03:46:22,2026-03-24 03:46:22
INV_004760,ORD_004760,CUST_002335,MERCH_0093,48.75,EUR,PAID,2026-02-10 01:00:32,2026-03-12 01:00:32
INV_004761,ORD_004761,CUST_002635,MERCH_0022,30.25,EUR,PAID,2026-02-01 14:17:28,2026-03-03 14:17:28
INV_004762,ORD_004762,CUST_000908,MERCH_0086,2963.80,USD,PAID,2026-02-24 12:40:35,2026-03-26 12:40:35
INV_004763,ORD_004763,CUST_001120,MERCH_0047,346.99,GBP,PAID,2026-02-21 23:59:58,2026-03-23 23:59:58
INV_004764,ORD_004764,CUST_002598,MERCH_0036,59.95,USD,PAID,2026-03-06 03:49:40,2026-04-05 03:49:40
INV_004765,ORD_004765,CUST_001859,MERCH_0025,1499.00,INR,PAID,2026-02-16 10:02:57,2026-03-18 10:02:57
INV_004766,ORD_004766,CUST_001481,MERCH_0015,78.25,USD,PAID,2026-01-10 19:48:27,2026-02-09 19:48:27
INV_004767,ORD_004767,CUST_001689,MERCH_0068,65.95,USD,PAID,2026-03-20 13:19:47,2026-04-19 13:19:47
INV_004768,ORD_004768,CUST_002941,MERCH_0052,48.80,USD,PAID,2026-03-09 02:45:30,2026-04-08 02:45:30
INV_004769,ORD_004769,CUST_001867,MERCH_0063,613.49,EUR,PAID,2026-02-01 22:37:25,2026-03-03 22:37:25
INV_004770,ORD_004770,CUST_000031,MERCH_0036,65.75,CAD,PAID,2026-03-02 06:41:23,2026-04-01 06:41:23
INV_004771,ORD_004771,CUST_002753,MERCH_0080,413.50,EUR,PAID,2026-03-26 13:59:55,2026-04-25 13:59:55
INV_004772,ORD_004772,CUST_000665,MERCH_0059,2607.50,GBP,PAID,2026-02-21 08:31:52,2026-03-23 08:31:52
INV_004774,ORD_004774,CUST_002269,MERCH_0076,76.95,USD,PAID,2026-03-21 02:17:21,2026-04-20 02:17:21
INV_004775,ORD_004775,CUST_003625,MERCH_0029,526.80,EUR,PAID,2026-03-13 07:36:01,2026-04-12 07:36:01
INV_004776,ORD_004776,CUST_003354,MERCH_0074,19.25,USD,PAID,2026-03-06 05:44:58,2026-04-05 05:44:58
INV_004777,ORD_004777,CUST_004552,MERCH_0028,290.80,USD,PAID,2026-02-26 18:55:45,2026-03-28 18:55:45
INV_004778,ORD_004778,CUST_000609,MERCH_0024,186.80,CAD,PAID,2026-01-11 20:12:41,2026-02-10 20:12:41
INV_004779,ORD_004779,CUST_001802,MERCH_0057,299.00,INR,PAID,2026-02-02 04:08:50,2026-03-04 04:08:50
INV_004780,ORD_004780,CUST_003375,MERCH_0100,52.00,USD,PAID,2026-02-21 02:41:35,2026-03-23 02:41:35
INV_004781,ORD_004781,CUST_004796,MERCH_0021,182.25,GBP,PAID,2026-01-24 00:29:02,2026-02-23 00:29:02
INV_004782,ORD_004782,CUST_001088,MERCH_0074,69.25,EUR,PAID,2026-02-25 14:11:02,2026-03-27 14:11:02
INV_004783,ORD_004783,CUST_003074,MERCH_0080,799.00,INR,PAID,2026-02-07 18:22:26,2026-03-09 18:22:26
INV_004784,ORD_004784,CUST_003013,MERCH_0047,15000.00,INR,PAID,2026-01-02 09:40:43,2026-02-01 09:40:43
INV_004785,ORD_004785,CUST_004101,MERCH_0030,55.49,USD,PAID,2026-02-25 23:55:12,2026-03-27 23:55:12
INV_004786,ORD_004786,CUST_004893,MERCH_0061,3029.80,EUR,PAID,2026-01-02 11:23:43,2026-02-01 11:23:43
INV_004787,ORD_004787,CUST_004232,MERCH_0016,505.25,EUR,PAID,2026-01-18 05:30:32,2026-02-17 05:30:32
INV_004788,ORD_004788,CUST_004596,MERCH_0017,1386.50,EUR,PAID,2026-01-03 20:29:25,2026-02-02 20:29:25
INV_004789,ORD_004789,CUST_003875,MERCH_0012,38.25,EUR,PAID,2026-03-10 04:05:43,2026-04-09 04:05:43
INV_004790,ORD_004790,CUST_004342,MERCH_0070,48.50,CAD,PAID,2026-01-20 19:52:29,2026-02-19 19:52:29
INV_004791,ORD_004791,CUST_000637,MERCH_0077,455.95,EUR,PAID,2026-02-14 12:06:19,2026-03-16 12:06:19
INV_004792,ORD_004792,CUST_004653,MERCH_0041,15000.00,INR,PAID,2026-02-23 23:26:55,2026-03-25 23:26:55
INV_004793,ORD_004793,CUST_000394,MERCH_0020,478.50,EUR,PAID,2026-03-15 09:32:26,2026-04-14 09:32:26
INV_004794,ORD_004794,CUST_004867,MERCH_0092,499.00,INR,PAID,2026-03-22 03:44:52,2026-04-21 03:44:52
INV_004795,ORD_004795,CUST_000357,MERCH_0070,299.00,INR,PAID,2026-02-17 21:53:20,2026-03-19 21:53:20
INV_004796,ORD_004796,CUST_003291,MERCH_0061,299.00,INR,PAID,2026-02-07 12:26:08,2026-03-09 12:26:08
INV_004797,ORD_004797,CUST_001072,MERCH_0040,58.50,CAD,PAID,2026-01-22 09:47:38,2026-02-21 09:47:38
INV_004798,ORD_004798,CUST_002755,MERCH_0034,192.50,EUR,PAID,2026-03-05 20:30:48,2026-04-04 20:30:48
INV_004799,ORD_004799,CUST_000216,MERCH_0083,499.00,INR,PAID,2026-02-26 07:52:34,2026-03-28 07:52:34
INV_004800,ORD_004800,CUST_001305,MERCH_0045,479.49,USD,PAID,2026-02-02 06:54:26,2026-03-04 06:54:26
INV_004801,ORD_004801,CUST_002484,MERCH_0054,37.99,EUR,PAID,2026-03-24 15:58:03,2026-04-23 15:58:03
INV_004802,ORD_004802,CUST_004023,MERCH_0087,182.75,USD,PAID,2026-01-16 02:47:14,2026-02-15 02:47:14
INV_004803,ORD_004803,CUST_001937,MERCH_0039,3016.99,GBP,PAID,2026-03-21 03:04:19,2026-04-20 03:04:19
INV_004804,ORD_004804,CUST_004713,MERCH_0077,212.49,GBP,PAID,2026-03-13 02:03:55,2026-04-12 02:03:55
INV_004805,ORD_004805,CUST_002485,MERCH_0034,28.80,USD,PAID,2026-02-26 11:12:21,2026-03-28 11:12:21
INV_004806,ORD_004806,CUST_003154,MERCH_0007,632.80,GBP,PAID,2026-03-11 06:38:50,2026-04-10 06:38:50
INV_004807,ORD_004807,CUST_000305,MERCH_0062,79.80,CAD,PAID,2026-02-02 22:46:29,2026-03-04 22:46:29
INV_004808,ORD_004808,CUST_004731,MERCH_0024,74.00,GBP,PAID,2026-02-14 03:14:54,2026-03-16 03:14:54
INV_004809,ORD_004809,CUST_000027,MERCH_0066,1700.95,USD,PAID,2026-03-26 11:41:36,2026-04-25 11:41:36
INV_004810,ORD_004810,CUST_002560,MERCH_0083,351.49,USD,PAID,2026-03-04 01:00:14,2026-04-03 01:00:14
INV_004811,ORD_004811,CUST_004519,MERCH_0090,39.25,EUR,PAID,2026-02-07 20:49:10,2026-03-09 20:49:10
INV_004812,ORD_004812,CUST_000764,MERCH_0022,487.80,USD,PAID,2026-01-07 11:47:25,2026-02-06 11:47:25
INV_004813,ORD_004813,CUST_002595,MERCH_0090,68.95,GBP,PAID,2026-01-09 12:32:08,2026-02-08 12:32:08
INV_004814,ORD_004814,CUST_000949,MERCH_0020,238.80,USD,PAID,2026-03-13 02:46:50,2026-04-12 02:46:50
INV_004815,ORD_004815,CUST_000398,MERCH_0036,121.75,USD,PAID,2026-01-23 11:50:03,2026-02-22 11:50:03
INV_004816,ORD_004816,CUST_004009,MERCH_0020,2499.00,INR,PAID,2026-01-21 17:06:48,2026-02-20 17:06:48
INV_004818,ORD_004818,CUST_004132,MERCH_0017,43.50,USD,PAID,2026-01-20 22:26:52,2026-02-19 22:26:52
INV_004819,ORD_004819,CUST_001775,MERCH_0006,2683.25,CAD,PAID,2026-03-05 05:55:19,2026-04-04 05:55:19
INV_004820,ORD_004820,CUST_002248,MERCH_0025,200.50,EUR,PAID,2026-02-02 20:00:20,2026-03-04 20:00:20
INV_004821,ORD_004821,CUST_004447,MERCH_0043,20.75,EUR,PAID,2026-02-07 13:42:38,2026-03-09 13:42:38
INV_004822,ORD_004822,CUST_002425,MERCH_0094,451.25,USD,PAID,2026-02-22 05:39:35,2026-03-24 05:39:35
INV_004823,ORD_004823,CUST_003345,MERCH_0008,242.99,EUR,PAID,2026-03-01 04:15:11,2026-03-31 04:15:11
INV_004824,ORD_004824,CUST_000648,MERCH_0028,65.99,EUR,PAID,2026-02-08 21:54:02,2026-03-10 21:54:02
INV_004825,ORD_004825,CUST_002197,MERCH_0028,630.50,EUR,PAID,2026-01-08 08:20:34,2026-02-07 08:20:34
INV_004826,ORD_004826,CUST_001741,MERCH_0022,340.99,GBP,PAID,2026-02-23 19:05:19,2026-03-25 19:05:19
INV_004827,ORD_004827,CUST_000353,MERCH_0046,57.99,CAD,PAID,2026-03-20 13:36:36,2026-04-19 13:36:36
INV_004828,ORD_004828,CUST_001969,MERCH_0040,633.80,GBP,PAID,2026-02-26 13:41:25,2026-03-28 13:41:25
INV_004829,ORD_004829,CUST_003241,MERCH_0001,116.25,EUR,PAID,2026-01-05 01:36:15,2026-02-04 01:36:15
INV_004830,ORD_004830,CUST_001088,MERCH_0045,15.00,USD,PAID,2026-01-11 12:26:21,2026-02-10 12:26:21
INV_004831,ORD_004831,CUST_000419,MERCH_0025,17.49,CAD,PAID,2026-02-22 01:36:54,2026-03-24 01:36:54
INV_004832,ORD_004832,CUST_003677,MERCH_0060,220.50,EUR,PAID,2026-01-07 04:54:54,2026-02-06 04:54:54
INV_004833,ORD_004833,CUST_003678,MERCH_0090,227.49,GBP,PAID,2026-02-27 09:40:50,2026-03-29 09:40:50
INV_004834,ORD_004834,CUST_000143,MERCH_0099,50.25,USD,PAID,2026-01-30 19:45:29,2026-03-01 19:45:29
INV_004835,ORD_004835,CUST_002672,MERCH_0096,80.95,GBP,PAID,2026-01-30 13:07:23,2026-03-01 13:07:23
INV_004836,ORD_004836,CUST_000578,MERCH_0003,2677.49,GBP,PAID,2026-02-08 01:48:23,2026-03-10 01:48:23
INV_004838,ORD_004838,CUST_002445,MERCH_0087,1071.95,USD,PAID,2026-01-02 04:54:46,2026-02-01 04:54:46
INV_004839,ORD_004839,CUST_001682,MERCH_0091,23.95,GBP,PAID,2026-03-29 16:46:40,2026-04-28 16:46:40
INV_004840,ORD_004840,CUST_000680,MERCH_0031,516.25,GBP,PAID,2026-03-30 21:04:28,2026-04-29 21:04:28
INV_004841,ORD_004841,CUST_005000,MERCH_0052,41.75,CAD,PAID,2026-03-20 21:06:02,2026-04-19 21:06:02
INV_004842,ORD_004842,CUST_004157,MERCH_0053,15.75,EUR,PAID,2026-03-23 18:36:50,2026-04-22 18:36:50
INV_004843,ORD_004843,CUST_001341,MERCH_0008,1499.00,INR,PAID,2026-02-16 13:32:54,2026-03-18 13:32:54
INV_004844,ORD_004844,CUST_003180,MERCH_0040,601.99,GBP,PAID,2026-01-28 12:15:05,2026-02-27 12:15:05
INV_004845,ORD_004845,CUST_002170,MERCH_0100,523.25,CAD,PAID,2026-03-03 16:49:05,2026-04-02 16:49:05
INV_004846,ORD_004846,CUST_001217,MERCH_0028,36.50,EUR,PAID,2026-01-25 12:15:10,2026-02-24 12:15:10
INV_004847,ORD_004847,CUST_002505,MERCH_0018,376.49,EUR,PAID,2026-01-01 20:17:13,2026-01-31 20:17:13
INV_004849,ORD_004849,CUST_003519,MERCH_0011,43.49,USD,PAID,2026-03-13 19:50:29,2026-04-12 19:50:29
INV_004851,ORD_004851,CUST_000478,MERCH_0039,33.95,EUR,PAID,2026-01-30 04:00:15,2026-03-01 04:00:15
INV_004852,ORD_004852,CUST_000577,MERCH_0055,53.00,EUR,PAID,2026-03-26 21:09:02,2026-04-25 21:09:02
INV_004853,ORD_004853,CUST_003794,MERCH_0040,692.25,EUR,PAID,2026-03-29 15:43:17,2026-04-28 15:43:17
INV_004854,ORD_004854,CUST_003938,MERCH_0079,570.75,CAD,PAID,2026-03-15 18:40:46,2026-04-14 18:40:46
INV_004855,ORD_004855,CUST_003945,MERCH_0094,261.95,GBP,PAID,2026-03-30 18:31:16,2026-04-29 18:31:16
INV_004856,ORD_004856,CUST_003377,MERCH_0082,597.50,EUR,PAID,2026-03-17 02:35:23,2026-04-16 02:35:23
INV_004857,ORD_004857,CUST_004778,MERCH_0092,374.80,GBP,PAID,2026-03-01 18:21:21,2026-03-31 18:21:21
INV_004858,ORD_004858,CUST_000305,MERCH_0089,73.49,GBP,PAID,2026-02-09 20:00:10,2026-03-11 20:00:10
INV_004859,ORD_004859,CUST_001538,MERCH_0061,353.25,USD,PAID,2026-01-15 05:31:57,2026-02-14 05:31:57
INV_004860,ORD_004860,CUST_000609,MERCH_0059,629.25,EUR,PAID,2026-02-07 21:40:35,2026-03-09 21:40:35
INV_004861,ORD_004861,CUST_002154,MERCH_0044,576.50,EUR,PAID,2026-01-12 01:46:28,2026-02-11 01:46:28
INV_004862,ORD_004862,CUST_000931,MERCH_0001,718.25,USD,PAID,2026-02-11 03:12:21,2026-03-13 03:12:21
INV_004863,ORD_004863,CUST_001029,MERCH_0049,46.25,USD,PAID,2026-02-18 00:47:40,2026-03-20 00:47:40
INV_004864,ORD_004864,CUST_002712,MERCH_0076,43.75,EUR,PAID,2026-02-07 21:17:13,2026-03-09 21:17:13
INV_004865,ORD_004865,CUST_004465,MERCH_0047,60.25,USD,PAID,2026-03-19 22:54:14,2026-04-18 22:54:14
INV_004866,ORD_004866,CUST_000321,MERCH_0044,499.00,INR,PAID,2026-01-06 20:18:17,2026-02-05 20:18:17
INV_004867,ORD_004867,CUST_003059,MERCH_0002,241.00,CAD,PAID,2026-02-24 07:35:00,2026-03-26 07:35:00
INV_004868,ORD_004868,CUST_004190,MERCH_0068,2654.50,GBP,PAID,2026-01-25 05:21:52,2026-02-24 05:21:52
INV_004869,ORD_004869,CUST_000355,MERCH_0052,176.50,GBP,PAID,2026-01-16 21:44:34,2026-02-15 21:44:34
INV_004870,ORD_004870,CUST_004829,MERCH_0056,455.80,EUR,PAID,2026-03-06 13:26:13,2026-04-05 13:26:13
INV_004871,ORD_004871,CUST_000565,MERCH_0012,999.00,INR,PAID,2026-01-31 23:41:22,2026-03-02 23:41:22
INV_004872,ORD_004872,CUST_003821,MERCH_0037,52.75,USD,PAID,2026-03-10 09:02:42,2026-04-09 09:02:42
INV_004873,ORD_004873,CUST_003558,MERCH_0051,439.49,USD,PAID,2026-03-13 08:40:06,2026-04-12 08:40:06
INV_004874,ORD_004874,CUST_000472,MERCH_0086,508.80,USD,PAID,2026-02-06 05:25:19,2026-03-08 05:25:19
INV_004875,ORD_004875,CUST_003121,MERCH_0087,563.95,EUR,PAID,2026-03-25 04:04:21,2026-04-24 04:04:21
INV_004876,ORD_004876,CUST_003739,MERCH_0020,2683.50,EUR,PAID,2026-02-28 10:40:18,2026-03-30 10:40:18
INV_004877,ORD_004877,CUST_003056,MERCH_0051,461.49,EUR,PAID,2026-03-19 12:14:57,2026-04-18 12:14:57
INV_004878,ORD_004878,CUST_004531,MERCH_0026,312.95,GBP,PAID,2026-02-11 10:39:41,2026-03-13 10:39:41
INV_004879,ORD_004879,CUST_002488,MERCH_0014,2512.99,USD,PAID,2026-02-06 14:29:37,2026-03-08 14:29:37
INV_004880,ORD_004880,CUST_003703,MERCH_0055,623.80,EUR,PAID,2026-02-26 10:39:22,2026-03-28 10:39:22
INV_004881,ORD_004881,CUST_001857,MERCH_0017,2300.80,GBP,PAID,2026-03-25 11:29:24,2026-04-24 11:29:24
INV_004882,ORD_004882,CUST_004734,MERCH_0027,473.80,EUR,PAID,2026-02-14 01:49:39,2026-03-16 01:49:39
INV_004883,ORD_004883,CUST_000657,MERCH_0069,1741.99,EUR,PAID,2026-03-07 18:23:49,2026-04-06 18:23:49
INV_004884,ORD_004884,CUST_000714,MERCH_0015,304.99,EUR,PAID,2026-03-20 07:06:35,2026-04-19 07:06:35
INV_004885,ORD_004885,CUST_001249,MERCH_0007,1398.49,USD,PAID,2026-01-12 18:00:11,2026-02-11 18:00:11
INV_004886,ORD_004886,CUST_001332,MERCH_0062,37.75,USD,PAID,2026-03-17 06:14:22,2026-04-16 06:14:22
INV_004887,ORD_004887,CUST_001429,MERCH_0067,154.25,CAD,PAID,2026-01-30 21:30:36,2026-03-01 21:30:36
INV_004888,ORD_004888,CUST_003677,MERCH_0072,62.80,GBP,PAID,2026-01-16 15:21:15,2026-02-15 15:21:15
INV_004889,ORD_004889,CUST_001292,MERCH_0010,3055.75,GBP,PAID,2026-03-02 08:39:59,2026-04-01 08:39:59
INV_004890,ORD_004890,CUST_002259,MERCH_0049,440.80,USD,PAID,2026-02-07 20:48:44,2026-03-09 20:48:44
INV_004891,ORD_004891,CUST_002717,MERCH_0071,56.00,CAD,PAID,2026-03-30 03:27:21,2026-04-29 03:27:21
INV_004892,ORD_004892,CUST_001494,MERCH_0080,865.50,EUR,PAID,2026-01-15 20:42:36,2026-02-14 20:42:36
INV_004893,ORD_004893,CUST_000945,MERCH_0040,15000.00,INR,OVERPAID,2026-01-30 03:40:07,2026-03-01 03:40:07
INV_004894,ORD_004894,CUST_003102,MERCH_0001,258.80,GBP,PAID,2026-03-13 12:33:56,2026-04-12 12:33:56
INV_004895,ORD_004895,CUST_003872,MERCH_0068,478.49,USD,PAID,2026-03-04 15:48:47,2026-04-03 15:48:47
INV_004896,ORD_004896,CUST_001927,MERCH_0019,1999.00,INR,PAID,2026-01-05 06:34:06,2026-02-04 06:34:06
INV_004897,ORD_004897,CUST_000787,MERCH_0096,1999.00,INR,PAID,2026-02-09 17:57:51,2026-03-11 17:57:51
INV_004898,ORD_004898,CUST_001341,MERCH_0053,145.00,EUR,PAID,2026-01-17 13:14:55,2026-02-16 13:14:55
INV_004899,ORD_004899,CUST_004677,MERCH_0004,347.75,EUR,PAID,2026-04-01 06:31:47,2026-05-01 06:31:47
INV_004900,ORD_004900,CUST_002180,MERCH_0089,71.50,USD,PAID,2026-02-08 19:53:25,2026-03-10 19:53:25
INV_004901,ORD_004901,CUST_002554,MERCH_0040,466.80,EUR,PAID,2026-01-28 23:23:36,2026-02-27 23:23:36
INV_004902,ORD_004902,CUST_001823,MERCH_0012,9999.00,INR,PAID,2026-01-17 20:37:09,2026-02-16 20:37:09
INV_004903,ORD_004903,CUST_000327,MERCH_0011,482.50,CAD,PAID,2026-03-16 11:20:43,2026-04-15 11:20:43
INV_004904,ORD_004904,CUST_003101,MERCH_0020,2010.00,EUR,PAID,2026-03-07 06:32:15,2026-04-06 06:32:15
INV_004905,ORD_004905,CUST_000507,MERCH_0087,80.95,USD,PAID,2026-02-28 19:53:28,2026-03-30 19:53:28
INV_004906,ORD_004906,CUST_004922,MERCH_0011,19.95,USD,PAID,2026-01-24 21:44:18,2026-02-23 21:44:18
INV_004907,ORD_004907,CUST_001862,MERCH_0062,2089.80,USD,PAID,2026-01-12 02:10:48,2026-02-11 02:10:48
INV_004908,ORD_004908,CUST_004184,MERCH_0021,609.00,USD,PAID,2026-02-08 03:34:25,2026-03-10 03:34:25
INV_004909,ORD_004909,CUST_001530,MERCH_0078,358.95,GBP,OVERPAID,2026-01-16 19:00:07,2026-02-15 19:00:07
INV_004910,ORD_004910,CUST_002832,MERCH_0011,218.50,GBP,PAID,2026-02-25 23:59:49,2026-03-27 23:59:49
INV_004911,ORD_004911,CUST_004520,MERCH_0009,58.50,GBP,PAID,2026-01-19 13:39:16,2026-02-18 13:39:16
INV_004912,ORD_004912,CUST_000937,MERCH_0010,63.50,EUR,PAID,2026-03-11 02:26:49,2026-04-10 02:26:49
INV_004913,ORD_004913,CUST_004319,MERCH_0008,72.25,USD,PAID,2026-03-04 07:39:16,2026-04-03 07:39:16
INV_004914,ORD_004914,CUST_004246,MERCH_0029,1263.80,USD,PAID,2026-03-12 01:56:32,2026-04-11 01:56:32
INV_004915,ORD_004915,CUST_001830,MERCH_0096,404.99,EUR,PAID,2026-02-12 03:44:57,2026-03-14 03:44:57
INV_004916,ORD_004916,CUST_003527,MERCH_0091,935.49,USD,PAID,2026-03-14 17:30:13,2026-04-13 17:30:13
INV_004917,ORD_004917,CUST_001484,MERCH_0007,26.49,GBP,PAID,2026-03-10 11:38:39,2026-04-09 11:38:39
INV_004918,ORD_004918,CUST_001188,MERCH_0020,36.49,USD,PAID,2026-03-13 06:12:01,2026-04-12 06:12:01
INV_004919,ORD_004919,CUST_004503,MERCH_0002,169.00,GBP,PAID,2026-01-21 08:20:47,2026-02-20 08:20:47
INV_004920,ORD_004920,CUST_002700,MERCH_0009,15000.00,INR,PAID,2026-03-20 02:01:46,2026-04-19 02:01:46
INV_004921,ORD_004921,CUST_003947,MERCH_0007,999.00,INR,PAID,2026-03-22 02:55:50,2026-04-21 02:55:50
INV_004922,ORD_004922,CUST_004335,MERCH_0023,20.49,USD,PAID,2026-02-14 01:19:52,2026-03-16 01:19:52
INV_004923,ORD_004923,CUST_003270,MERCH_0086,76.00,USD,PAID,2026-02-19 06:22:03,2026-03-21 06:22:03
INV_004924,ORD_004924,CUST_001289,MERCH_0037,554.80,USD,PAID,2026-03-12 00:11:53,2026-04-11 00:11:53
INV_004925,ORD_004925,CUST_004809,MERCH_0099,1972.75,USD,PAID,2026-03-02 07:01:43,2026-04-01 07:01:43
INV_004926,ORD_004926,CUST_002140,MERCH_0059,205.99,GBP,PAID,2026-01-25 14:27:37,2026-02-24 14:27:37
INV_004927,ORD_004927,CUST_002094,MERCH_0034,599.99,GBP,PAID,2026-01-05 07:40:00,2026-02-04 07:40:00
INV_004928,ORD_004928,CUST_000848,MERCH_0082,3372.00,EUR,PAID,2026-02-13 09:35:16,2026-03-15 09:35:16
INV_004929,ORD_004929,CUST_004878,MERCH_0078,540.25,USD,PAID,2026-02-12 09:34:19,2026-03-14 09:34:19
INV_004930,ORD_004930,CUST_002709,MERCH_0064,526.49,CAD,PAID,2026-01-24 06:01:20,2026-02-23 06:01:20
INV_004931,ORD_004931,CUST_004293,MERCH_0061,202.00,EUR,PAID,2026-01-09 01:09:55,2026-02-08 01:09:55
INV_004932,ORD_004932,CUST_002335,MERCH_0033,26.75,USD,PAID,2026-02-11 04:56:51,2026-03-13 04:56:51
INV_004933,ORD_004933,CUST_000942,MERCH_0037,358.00,EUR,PAID,2026-03-11 13:40:11,2026-04-10 13:40:11
INV_004934,ORD_004934,CUST_001482,MERCH_0074,516.25,USD,PAID,2026-01-24 11:20:06,2026-02-23 11:20:06
INV_004935,ORD_004935,CUST_002226,MERCH_0062,55.95,CAD,PAID,2026-03-18 05:17:10,2026-04-17 05:17:10
INV_004936,ORD_004936,CUST_001786,MERCH_0077,580.95,EUR,PAID,2026-01-07 08:22:47,2026-02-06 08:22:47
INV_004937,ORD_004937,CUST_001578,MERCH_0046,49.75,GBP,PAID,2026-02-03 08:14:52,2026-03-05 08:14:52
INV_004938,ORD_004938,CUST_003347,MERCH_0009,1455.99,EUR,PAID,2026-03-14 10:33:15,2026-04-13 10:33:15
INV_004939,ORD_004939,CUST_002917,MERCH_0045,280.80,GBP,PAID,2026-01-13 06:43:18,2026-02-12 06:43:18
INV_004940,ORD_004940,CUST_000439,MERCH_0098,499.00,INR,PAID,2026-01-31 05:07:06,2026-03-02 05:07:06
INV_004941,ORD_004941,CUST_003080,MERCH_0015,51.25,EUR,PAID,2026-03-12 15:24:22,2026-04-11 15:24:22
INV_004942,ORD_004942,CUST_001665,MERCH_0003,2295.25,EUR,PAID,2026-01-27 03:45:12,2026-02-26 03:45:12
INV_004943,ORD_004943,CUST_004242,MERCH_0051,42.95,USD,PAID,2026-02-27 23:35:46,2026-03-29 23:35:46
INV_004944,ORD_004944,CUST_004533,MERCH_0081,634.49,USD,PAID,2026-01-04 05:51:45,2026-02-03 05:51:45
INV_004945,ORD_004945,CUST_000140,MERCH_0025,443.00,GBP,PAID,2026-03-31 15:32:11,2026-04-30 15:32:11
INV_004946,ORD_004946,CUST_001663,MERCH_0086,129.49,GBP,PAID,2026-02-22 10:27:26,2026-03-24 10:27:26
INV_004947,ORD_004947,CUST_003533,MERCH_0032,2499.00,INR,PAID,2026-03-08 01:35:15,2026-04-07 01:35:15
INV_004948,ORD_004948,CUST_002543,MERCH_0066,1639.80,USD,PAID,2026-01-05 20:02:19,2026-02-04 20:02:19
INV_004949,ORD_004949,CUST_004811,MERCH_0039,38.49,USD,PAID,2026-02-14 23:11:53,2026-03-16 23:11:53
INV_004950,ORD_004950,CUST_003461,MERCH_0030,799.00,INR,PAID,2026-02-09 21:24:35,2026-03-11 21:24:35
INV_004951,ORD_004951,CUST_000965,MERCH_0014,3001.50,GBP,PAID,2026-03-25 03:36:11,2026-04-24 03:36:11
INV_004952,ORD_004952,CUST_000704,MERCH_0059,2784.99,USD,PAID,2026-03-01 14:03:40,2026-03-31 14:03:40
INV_004953,ORD_004953,CUST_002727,MERCH_0007,1539.75,EUR,PAID,2026-02-06 21:44:29,2026-03-08 21:44:29
INV_004954,ORD_004954,CUST_004315,MERCH_0066,1499.00,INR,PAID,2026-02-02 23:55:09,2026-03-04 23:55:09
INV_004955,ORD_004955,CUST_002656,MERCH_0079,2604.75,EUR,PAID,2026-01-26 10:27:48,2026-02-25 10:27:48
INV_004956,ORD_004956,CUST_000057,MERCH_0094,66.49,USD,PAID,2026-01-27 18:32:31,2026-02-26 18:32:31
INV_004957,ORD_004957,CUST_000383,MERCH_0032,93.49,EUR,PAID,2026-01-13 01:34:12,2026-02-12 01:34:12
INV_004958,ORD_004958,CUST_000423,MERCH_0018,4999.00,INR,PAID,2026-02-17 16:30:37,2026-03-19 16:30:37
INV_004959,ORD_004959,CUST_002851,MERCH_0050,586.75,GBP,PAID,2026-02-10 16:50:28,2026-03-12 16:50:28
INV_004960,ORD_004960,CUST_003736,MERCH_0098,62.49,EUR,PAID,2026-03-10 15:07:41,2026-04-09 15:07:41
INV_004961,ORD_004961,CUST_001355,MERCH_0095,495.95,EUR,PAID,2026-01-13 13:32:02,2026-02-12 13:32:02
INV_004962,ORD_004962,CUST_004729,MERCH_0100,470.49,USD,PAID,2026-01-01 10:40:18,2026-01-31 10:40:18
INV_004963,ORD_004963,CUST_004458,MERCH_0013,54.95,EUR,PAID,2026-03-18 15:19:55,2026-04-17 15:19:55
INV_004964,ORD_004964,CUST_002049,MERCH_0071,49.99,USD,PAID,2026-02-07 19:56:09,2026-03-09 19:56:09
INV_004965,ORD_004965,CUST_003020,MERCH_0047,17.50,USD,OVERPAID,2026-02-11 22:07:34,2026-03-13 22:07:34
INV_004966,ORD_004966,CUST_002407,MERCH_0004,76.49,GBP,PAID,2026-01-03 18:49:57,2026-02-02 18:49:57
INV_004967,ORD_004967,CUST_001211,MERCH_0013,38.80,EUR,PAID,2026-03-14 16:20:03,2026-04-13 16:20:03
INV_004968,ORD_004968,CUST_000694,MERCH_0039,605.99,EUR,PAID,2026-03-07 16:24:19,2026-04-06 16:24:19
INV_004969,ORD_004969,CUST_001704,MERCH_0020,27.75,USD,PAID,2026-01-05 03:41:06,2026-02-04 03:41:06
INV_004970,ORD_004970,CUST_002082,MERCH_0060,61.99,EUR,PAID,2026-02-26 10:08:07,2026-03-28 10:08:07
INV_004971,ORD_004971,CUST_002652,MERCH_0041,49.99,EUR,PAID,2026-03-04 00:13:08,2026-04-03 00:13:08
INV_004972,ORD_004972,CUST_004040,MERCH_0071,80.75,USD,PAID,2026-01-13 15:37:34,2026-02-12 15:37:34
INV_004973,ORD_004973,CUST_000974,MERCH_0084,21.50,USD,PAID,2026-01-30 06:20:51,2026-03-01 06:20:51
INV_004974,ORD_004974,CUST_003980,MERCH_0043,499.00,INR,PAID,2026-02-26 01:00:21,2026-03-28 01:00:21
INV_004975,ORD_004975,CUST_001656,MERCH_0055,59.95,USD,PAID,2026-02-25 21:59:54,2026-03-27 21:59:54
INV_004976,ORD_004976,CUST_003954,MERCH_0031,2499.00,INR,PAID,2026-01-05 18:22:20,2026-02-04 18:22:20
INV_004977,ORD_004977,CUST_004493,MERCH_0051,45.00,USD,PAID,2026-01-24 04:09:13,2026-02-23 04:09:13
INV_004978,ORD_004978,CUST_002145,MERCH_0047,50.00,EUR,PAID,2026-03-03 21:42:44,2026-04-02 21:42:44
INV_004979,ORD_004979,CUST_001649,MERCH_0081,43.75,USD,PAID,2026-02-11 20:45:52,2026-03-13 20:45:52
INV_004980,ORD_004980,CUST_002442,MERCH_0045,375.00,USD,PAID,2026-03-15 08:59:44,2026-04-14 08:59:44
INV_004981,ORD_004981,CUST_001745,MERCH_0075,528.25,EUR,PAID,2026-01-03 07:35:27,2026-02-02 07:35:27
INV_004982,ORD_004982,CUST_003063,MERCH_0007,275.80,USD,PAID,2026-03-14 09:09:05,2026-04-13 09:09:05
INV_004983,ORD_004983,CUST_002423,MERCH_0044,278.50,GBP,PAID,2026-01-19 22:49:01,2026-02-18 22:49:01
INV_004985,ORD_004985,CUST_003655,MERCH_0005,3482.49,EUR,PAID,2026-03-14 05:22:20,2026-04-13 05:22:20
INV_004986,ORD_004986,CUST_004173,MERCH_0056,1454.95,CAD,PAID,2026-03-06 11:15:06,2026-04-05 11:15:06
INV_004987,ORD_004987,CUST_000541,MERCH_0069,52.80,GBP,PAID,2026-03-06 17:58:35,2026-04-05 17:58:35
INV_004988,ORD_004988,CUST_002498,MERCH_0047,48.75,EUR,PAID,2026-01-20 15:28:51,2026-02-19 15:28:51
INV_004989,ORD_004989,CUST_004855,MERCH_0032,62.80,CAD,PAID,2026-02-01 01:00:11,2026-03-03 01:00:11
INV_004990,ORD_004990,CUST_003021,MERCH_0086,17.25,USD,PAID,2026-02-20 22:11:49,2026-03-22 22:11:49
INV_004991,ORD_004991,CUST_000915,MERCH_0002,66.50,EUR,PAID,2026-03-30 22:05:46,2026-04-29 22:05:46
INV_004993,ORD_004993,CUST_003164,MERCH_0021,44.50,GBP,PAID,2026-03-19 03:20:55,2026-04-18 03:20:55
INV_004994,ORD_004994,CUST_000131,MERCH_0012,263.00,USD,PAID,2026-02-18 23:02:57,2026-03-20 23:02:57
INV_004995,ORD_004995,CUST_004826,MERCH_0042,2499.00,INR,PAID,2026-02-16 14:15:37,2026-03-18 14:15:37
INV_004996,ORD_004996,CUST_001760,MERCH_0096,152.80,USD,PAID,2026-01-10 01:46:28,2026-02-09 01:46:28
INV_004997,ORD_004997,CUST_003360,MERCH_0046,2685.75,EUR,PAID,2026-02-03 17:22:40,2026-03-05 17:22:40
INV_004998,ORD_004998,CUST_000254,MERCH_0098,17.50,USD,PAID,2026-04-01 01:25:09,2026-05-01 01:25:09
INV_004999,ORD_004999,CUST_000231,MERCH_0049,62.50,EUR,PAID,2026-02-08 02:07:30,2026-03-10 02:07:30
INV_005000,ORD_005000,CUST_000796,MERCH_0015,259.95,CAD,PAID,2026-01-13 20:46:47,2026-02-12 20:46:47
INV_005001,ORD_005001,CUST_001217,MERCH_0099,51.95,EUR,PAID,2026-01-08 20:35:36,2026-02-07 20:35:36
INV_005002,ORD_005002,CUST_003932,MERCH_0056,618.49,GBP,PAID,2026-01-12 01:06:12,2026-02-11 01:06:12
INV_005003,ORD_005003,CUST_004351,MERCH_0031,1914.80,EUR,PAID,2026-03-09 02:24:47,2026-04-08 02:24:47
INV_005004,ORD_005004,CUST_001729,MERCH_0031,80.80,USD,PAID,2026-01-20 07:12:04,2026-02-19 07:12:04
INV_005005,ORD_005005,CUST_001277,MERCH_0096,317.95,USD,PAID,2026-02-18 11:52:06,2026-03-20 11:52:06
INV_005006,ORD_005006,CUST_003138,MERCH_0038,427.95,EUR,PAID,2026-01-26 15:42:54,2026-02-25 15:42:54
INV_005007,ORD_005007,CUST_003051,MERCH_0010,3211.49,GBP,PAID,2026-01-13 16:01:07,2026-02-12 16:01:07
INV_005008,ORD_005008,CUST_001601,MERCH_0021,80.25,GBP,PAID,2026-02-11 15:09:17,2026-03-13 15:09:17
INV_005009,ORD_005009,CUST_000829,MERCH_0048,799.00,INR,PAID,2026-01-08 06:11:48,2026-02-07 06:11:48
INV_005010,ORD_005010,CUST_001713,MERCH_0003,186.25,EUR,PAID,2026-01-09 01:23:16,2026-02-08 01:23:16
INV_005011,ORD_005011,CUST_000442,MERCH_0061,27.75,EUR,PAID,2026-03-24 19:20:42,2026-04-23 19:20:42
INV_005012,ORD_005012,CUST_003590,MERCH_0046,2183.95,USD,PAID,2026-01-28 02:13:57,2026-02-27 02:13:57
INV_005013,ORD_005013,CUST_002775,MERCH_0053,2499.00,INR,PAID,2026-03-10 01:38:56,2026-04-09 01:38:56
INV_005014,ORD_005014,CUST_003203,MERCH_0054,176.99,EUR,PAID,2026-03-28 23:57:26,2026-04-27 23:57:26
INV_005015,ORD_005015,CUST_000628,MERCH_0020,29.25,CAD,PAID,2026-03-16 21:23:53,2026-04-15 21:23:53
INV_005016,ORD_005016,CUST_001029,MERCH_0087,27.99,USD,PAID,2026-03-01 06:40:40,2026-03-31 06:40:40
INV_005017,ORD_005017,CUST_000807,MERCH_0038,1999.00,INR,PAID,2026-02-23 10:10:16,2026-03-25 10:10:16
INV_005018,ORD_005018,CUST_001842,MERCH_0093,100.95,USD,PAID,2026-02-20 13:49:38,2026-03-22 13:49:38
INV_005019,ORD_005019,CUST_004844,MERCH_0014,517.80,GBP,PAID,2026-01-04 22:02:23,2026-02-03 22:02:23
INV_005020,ORD_005020,CUST_000863,MERCH_0013,3368.00,EUR,PAID,2026-02-24 06:58:46,2026-03-26 06:58:46
INV_005021,ORD_005021,CUST_004789,MERCH_0034,149.25,EUR,PAID,2026-03-08 10:51:31,2026-04-07 10:51:31
INV_005022,ORD_005022,CUST_004033,MERCH_0056,69.99,GBP,PAID,2026-03-21 03:59:47,2026-04-20 03:59:47
INV_005023,ORD_005023,CUST_004227,MERCH_0019,148.95,USD,PAID,2026-02-05 20:14:46,2026-03-07 20:14:46
INV_005024,ORD_005024,CUST_004213,MERCH_0052,26.99,USD,PAID,2026-03-18 13:02:43,2026-04-17 13:02:43
INV_005025,ORD_005025,CUST_002227,MERCH_0026,47.99,USD,PAID,2026-02-19 22:58:09,2026-03-21 22:58:09
INV_005026,ORD_005026,CUST_000821,MERCH_0085,32.99,EUR,PAID,2026-03-09 21:12:38,2026-04-08 21:12:38
INV_005027,ORD_005027,CUST_001609,MERCH_0072,433.25,GBP,PAID,2026-03-01 20:17:03,2026-03-31 20:17:03
INV_005028,ORD_005028,CUST_000373,MERCH_0003,33.95,GBP,PAID,2026-01-11 14:54:14,2026-02-10 14:54:14
INV_005029,ORD_005029,CUST_003647,MERCH_0067,29.75,GBP,PAID,2026-03-20 19:12:52,2026-04-19 19:12:52
INV_005030,ORD_005030,CUST_004701,MERCH_0001,35.25,GBP,PAID,2026-02-08 18:35:41,2026-03-10 18:35:41
INV_005031,ORD_005031,CUST_003489,MERCH_0057,643.00,EUR,PAID,2026-01-17 15:21:13,2026-02-16 15:21:13
INV_005032,ORD_005032,CUST_000330,MERCH_0018,50.80,EUR,PAID,2026-02-12 07:00:33,2026-03-14 07:00:33
INV_005033,ORD_005033,CUST_001971,MERCH_0003,342.75,USD,PAID,2026-02-14 15:32:22,2026-03-16 15:32:22
INV_005034,ORD_005034,CUST_001670,MERCH_0067,609.50,EUR,PAID,2026-01-01 16:17:56,2026-01-31 16:17:56
INV_005036,ORD_005036,CUST_004285,MERCH_0079,72.00,USD,PAID,2026-03-18 02:45:46,2026-04-17 02:45:46
INV_005037,ORD_005037,CUST_001383,MERCH_0091,580.80,USD,PAID,2026-01-22 00:45:21,2026-02-21 00:45:21
INV_005038,ORD_005038,CUST_002589,MERCH_0009,354.95,GBP,PAID,2026-03-07 03:12:04,2026-04-06 03:12:04
INV_005039,ORD_005039,CUST_000776,MERCH_0019,351.25,CAD,PAID,2026-01-03 10:19:10,2026-02-02 10:19:10
INV_005040,ORD_005040,CUST_002159,MERCH_0100,608.00,EUR,PAID,2026-01-15 14:22:17,2026-02-14 14:22:17
INV_005041,ORD_005041,CUST_002282,MERCH_0031,42.80,USD,PAID,2026-01-19 13:48:37,2026-02-18 13:48:37
INV_005042,ORD_005042,CUST_001082,MERCH_0071,638.99,EUR,PAID,2026-04-01 01:18:28,2026-05-01 01:18:28
INV_005043,ORD_005043,CUST_004041,MERCH_0077,530.95,CAD,PAID,2026-01-28 12:07:41,2026-02-27 12:07:41
INV_005044,ORD_005044,CUST_003266,MERCH_0069,67.99,GBP,PAID,2026-01-25 23:13:18,2026-02-24 23:13:18
INV_005045,ORD_005045,CUST_002965,MERCH_0050,2319.95,GBP,OVERPAID,2026-03-21 10:03:55,2026-04-20 10:03:55
INV_005046,ORD_005046,CUST_000575,MERCH_0011,499.00,INR,PAID,2026-02-12 07:56:22,2026-03-14 07:56:22
INV_005047,ORD_005047,CUST_003355,MERCH_0013,27.25,USD,PAID,2026-01-06 10:17:05,2026-02-05 10:17:05
INV_005048,ORD_005048,CUST_001484,MERCH_0094,100.95,EUR,PAID,2026-01-10 07:04:56,2026-02-09 07:04:56
INV_005049,ORD_005049,CUST_000556,MERCH_0040,42.50,USD,PAID,2026-03-20 11:45:18,2026-04-19 11:45:18
INV_005050,ORD_005050,CUST_003569,MERCH_0045,65.25,CAD,PAID,2026-03-25 16:17:29,2026-04-24 16:17:29
INV_005051,ORD_005051,CUST_003752,MERCH_0098,150.80,EUR,PAID,2026-03-30 09:29:49,2026-04-29 09:29:49
INV_005052,ORD_005052,CUST_000390,MERCH_0056,799.00,INR,PAID,2026-01-31 07:00:58,2026-03-02 07:00:58
INV_005053,ORD_005053,CUST_000625,MERCH_0074,33.80,GBP,PAID,2026-03-07 01:27:29,2026-04-06 01:27:29
INV_005054,ORD_005054,CUST_000203,MERCH_0036,2439.49,GBP,PAID,2026-02-15 07:40:17,2026-03-17 07:40:17
INV_005055,ORD_005055,CUST_000470,MERCH_0064,379.75,CAD,PAID,2026-01-19 22:01:44,2026-02-18 22:01:44
INV_005056,ORD_005056,CUST_004010,MERCH_0039,217.95,GBP,PAID,2026-01-06 19:17:15,2026-02-05 19:17:15
INV_005057,ORD_005057,CUST_000232,MERCH_0007,350.99,CAD,PAID,2026-01-28 12:28:46,2026-02-27 12:28:46
INV_005058,ORD_005058,CUST_003345,MERCH_0040,162.75,EUR,PAID,2026-03-31 07:00:14,2026-04-30 07:00:14
INV_005059,ORD_005059,CUST_001699,MERCH_0050,76.80,EUR,PAID,2026-01-24 17:13:00,2026-02-23 17:13:00
INV_005060,ORD_005060,CUST_002917,MERCH_0059,15000.00,INR,PAID,2026-02-10 22:45:24,2026-03-12 22:45:24
INV_005061,ORD_005061,CUST_000761,MERCH_0074,50.49,USD,PAID,2026-01-22 15:43:58,2026-02-21 15:43:58
INV_005062,ORD_005062,CUST_002096,MERCH_0055,371.75,EUR,PAID,2026-03-14 10:42:41,2026-04-13 10:42:41
INV_005063,ORD_005063,CUST_000779,MERCH_0052,277.95,USD,PAID,2026-01-02 14:01:13,2026-02-01 14:01:13
INV_005064,ORD_005064,CUST_004593,MERCH_0013,52.99,GBP,PAID,2026-01-19 22:27:49,2026-02-18 22:27:49
INV_005065,ORD_005065,CUST_003382,MERCH_0062,114.80,CAD,PAID,2026-02-04 15:07:26,2026-03-06 15:07:26
INV_005066,ORD_005066,CUST_002094,MERCH_0098,117.00,USD,PAID,2026-01-10 04:10:00,2026-02-09 04:10:00
INV_005067,ORD_005067,CUST_000920,MERCH_0048,53.95,GBP,PAID,2026-01-21 15:17:00,2026-02-20 15:17:00
INV_005068,ORD_005068,CUST_002633,MERCH_0075,27.49,CAD,PAID,2026-01-01 13:34:39,2026-01-31 13:34:39
INV_005069,ORD_005069,CUST_004978,MERCH_0009,427.49,USD,PAID,2026-03-09 17:22:44,2026-04-08 17:22:44
INV_005070,ORD_005070,CUST_000707,MERCH_0070,290.80,GBP,PAID,2026-01-11 21:43:44,2026-02-10 21:43:44
INV_005071,ORD_005071,CUST_004402,MERCH_0026,1746.49,EUR,PAID,2026-01-20 16:40:43,2026-02-19 16:40:43
INV_005072,ORD_005072,CUST_001279,MERCH_0075,54.25,USD,PAID,2026-03-22 05:15:10,2026-04-21 05:15:10
INV_005073,ORD_005073,CUST_003346,MERCH_0038,30.50,EUR,PAID,2026-02-24 00:20:11,2026-03-26 00:20:11
INV_005074,ORD_005074,CUST_001712,MERCH_0048,299.00,INR,OVERPAID,2026-02-23 05:36:58,2026-03-25 05:36:58
INV_005075,ORD_005075,CUST_001629,MERCH_0012,24.50,EUR,PAID,2026-03-06 18:41:27,2026-04-05 18:41:27
INV_005077,ORD_005077,CUST_001860,MERCH_0043,299.00,INR,PAID,2026-02-27 20:04:47,2026-03-29 20:04:47
INV_005078,ORD_005078,CUST_000925,MERCH_0094,50.00,EUR,PAID,2026-03-09 20:05:00,2026-04-08 20:05:00
INV_005079,ORD_005079,CUST_001640,MERCH_0029,609.00,USD,PAID,2026-02-11 15:34:35,2026-03-13 15:34:35
INV_005080,ORD_005080,CUST_002004,MERCH_0028,71.95,EUR,PAID,2026-02-11 22:34:47,2026-03-13 22:34:47
INV_005081,ORD_005081,CUST_003011,MERCH_0050,1719.99,EUR,PAID,2026-02-22 06:27:27,2026-03-24 06:27:27
INV_005082,ORD_005082,CUST_001155,MERCH_0012,4999.00,INR,PAID,2026-01-20 14:19:34,2026-02-19 14:19:34
INV_005083,ORD_005083,CUST_000344,MERCH_0027,211.00,EUR,PAID,2026-03-10 12:27:33,2026-04-09 12:27:33
INV_005084,ORD_005084,CUST_003621,MERCH_0052,495.75,EUR,PAID,2026-01-20 03:15:49,2026-02-19 03:15:49
INV_005085,ORD_005085,CUST_002522,MERCH_0043,266.49,USD,PAID,2026-02-17 19:58:18,2026-03-19 19:58:18
INV_005086,ORD_005086,CUST_004670,MERCH_0030,2747.80,GBP,PAID,2026-01-26 11:58:33,2026-02-25 11:58:33
INV_005087,ORD_005087,CUST_000987,MERCH_0066,63.25,EUR,PAID,2026-03-16 22:14:33,2026-04-15 22:14:33
INV_005088,ORD_005088,CUST_002499,MERCH_0037,25.00,USD,PAID,2026-02-15 00:14:50,2026-03-17 00:14:50
INV_005089,ORD_005089,CUST_004825,MERCH_0080,1814.95,EUR,PAID,2026-03-19 09:42:42,2026-04-18 09:42:42
INV_005090,ORD_005090,CUST_004850,MERCH_0028,479.75,USD,PAID,2026-01-25 08:52:11,2026-02-24 08:52:11
INV_005091,ORD_005091,CUST_001210,MERCH_0070,383.49,EUR,PAID,2026-01-23 15:23:11,2026-02-22 15:23:11
INV_005092,ORD_005092,CUST_003438,MERCH_0047,999.00,INR,PAID,2026-03-11 21:39:17,2026-04-10 21:39:17
INV_005093,ORD_005093,CUST_004772,MERCH_0047,1117.95,EUR,OVERPAID,2026-01-19 01:36:32,2026-02-18 01:36:32
INV_005094,ORD_005094,CUST_004258,MERCH_0037,436.80,EUR,PAID,2026-03-23 07:41:08,2026-04-22 07:41:08
INV_005095,ORD_005095,CUST_001863,MERCH_0093,563.95,USD,PAID,2026-02-09 01:39:05,2026-03-11 01:39:05
INV_005096,ORD_005096,CUST_000953,MERCH_0006,299.00,INR,PAID,2026-03-19 17:41:25,2026-04-18 17:41:25
INV_005097,ORD_005097,CUST_001173,MERCH_0061,609.50,CAD,PAID,2026-02-04 13:27:24,2026-03-06 13:27:24
INV_005098,ORD_005098,CUST_004154,MERCH_0082,26.95,USD,PAID,2026-03-24 11:02:08,2026-04-23 11:02:08
INV_005099,ORD_005099,CUST_000895,MERCH_0021,1499.00,INR,PAID,2026-03-04 01:13:07,2026-04-03 01:13:07
INV_005100,ORD_005100,CUST_001878,MERCH_0097,1542.49,USD,PAID,2026-02-08 07:26:44,2026-03-10 07:26:44
INV_005101,ORD_005101,CUST_001344,MERCH_0006,247.49,USD,PAID,2026-01-20 01:15:48,2026-02-19 01:15:48
INV_005102,ORD_005102,CUST_001125,MERCH_0094,4999.00,INR,PAID,2026-01-02 00:18:48,2026-02-01 00:18:48
INV_005103,ORD_005103,CUST_003544,MERCH_0011,48.95,GBP,PAID,2026-03-03 20:50:14,2026-04-02 20:50:14
INV_005104,ORD_005104,CUST_002976,MERCH_0030,447.99,USD,PAID,2026-02-28 02:17:15,2026-03-30 02:17:15
INV_005105,ORD_005105,CUST_004795,MERCH_0047,55.95,GBP,PAID,2026-03-19 07:22:57,2026-04-18 07:22:57
INV_005106,ORD_005106,CUST_002412,MERCH_0042,3017.80,CAD,PAID,2026-03-13 01:43:59,2026-04-12 01:43:59
INV_005107,ORD_005107,CUST_002036,MERCH_0031,519.75,EUR,PAID,2026-03-05 14:50:58,2026-04-04 14:50:58
INV_005108,ORD_005108,CUST_000609,MERCH_0081,2109.99,USD,PAID,2026-02-13 01:42:12,2026-03-15 01:42:12
INV_005109,ORD_005109,CUST_003066,MERCH_0077,1168.25,EUR,PAID,2026-03-05 08:08:02,2026-04-04 08:08:02
INV_005110,ORD_005110,CUST_003084,MERCH_0072,133.95,EUR,PAID,2026-01-21 05:14:36,2026-02-20 05:14:36
INV_005111,ORD_005111,CUST_004232,MERCH_0032,799.00,INR,PAID,2026-02-11 19:18:44,2026-03-13 19:18:44
INV_005112,ORD_005112,CUST_004118,MERCH_0043,23.99,USD,PAID,2026-01-26 08:04:15,2026-02-25 08:04:15
INV_005113,ORD_005113,CUST_001495,MERCH_0042,30.80,CAD,PAID,2026-01-19 10:04:02,2026-02-18 10:04:02
INV_005114,ORD_005114,CUST_002015,MERCH_0002,62.49,USD,PAID,2026-03-27 12:01:53,2026-04-26 12:01:53
INV_005115,ORD_005115,CUST_001931,MERCH_0004,49.80,USD,PAID,2026-02-06 12:19:44,2026-03-08 12:19:44
INV_005116,ORD_005116,CUST_000124,MERCH_0044,49.80,USD,PAID,2026-03-24 08:33:04,2026-04-23 08:33:04
INV_005117,ORD_005117,CUST_002625,MERCH_0023,56.25,USD,PAID,2026-01-23 12:01:50,2026-02-22 12:01:50
INV_005118,ORD_005118,CUST_000247,MERCH_0081,269.80,EUR,PAID,2026-03-19 03:09:30,2026-04-18 03:09:30
INV_005119,ORD_005119,CUST_000247,MERCH_0030,276.75,CAD,PAID,2026-03-29 02:32:51,2026-04-28 02:32:51
INV_005122,ORD_005122,CUST_000082,MERCH_0050,142.99,USD,PAID,2026-02-11 20:46:37,2026-03-13 20:46:37
INV_005123,ORD_005123,CUST_004427,MERCH_0012,27.95,GBP,PAID,2026-01-23 13:29:12,2026-02-22 13:29:12
INV_005124,ORD_005124,CUST_001656,MERCH_0035,27.75,CAD,PAID,2026-03-30 21:22:42,2026-04-29 21:22:42
INV_005125,ORD_005125,CUST_002875,MERCH_0014,799.00,INR,PAID,2026-03-29 21:59:20,2026-04-28 21:59:20
INV_005126,ORD_005126,CUST_000647,MERCH_0034,32.49,GBP,PAID,2026-01-29 19:30:21,2026-02-28 19:30:21
INV_005127,ORD_005127,CUST_001965,MERCH_0061,640.25,CAD,PAID,2026-02-22 10:17:59,2026-03-24 10:17:59
INV_005128,ORD_005128,CUST_003324,MERCH_0097,301.95,GBP,PAID,2026-02-19 21:20:53,2026-03-21 21:20:53
INV_005129,ORD_005129,CUST_000850,MERCH_0073,339.75,GBP,PAID,2026-01-18 19:28:34,2026-02-17 19:28:34
INV_005130,ORD_005130,CUST_003793,MERCH_0001,79.95,GBP,PAID,2026-03-05 15:19:40,2026-04-04 15:19:40
INV_005131,ORD_005131,CUST_003935,MERCH_0008,1919.49,EUR,PAID,2026-03-21 14:12:58,2026-04-20 14:12:58
INV_005132,ORD_005132,CUST_003457,MERCH_0072,536.49,USD,PAID,2026-01-02 13:32:35,2026-02-01 13:32:35
INV_005133,ORD_005133,CUST_004480,MERCH_0010,305.49,EUR,PAID,2026-03-11 10:05:08,2026-04-10 10:05:08
INV_005134,ORD_005134,CUST_000027,MERCH_0059,47.95,GBP,PAID,2026-02-19 16:48:33,2026-03-21 16:48:33
INV_005135,ORD_005135,CUST_003850,MERCH_0052,420.49,USD,PAID,2026-01-14 07:46:48,2026-02-13 07:46:48
INV_005136,ORD_005136,CUST_001081,MERCH_0093,58.50,EUR,PAID,2026-02-09 08:35:11,2026-03-11 08:35:11
INV_005137,ORD_005137,CUST_000057,MERCH_0001,386.80,CAD,PAID,2026-02-22 01:20:08,2026-03-24 01:20:08
INV_005138,ORD_005138,CUST_001357,MERCH_0057,69.99,GBP,PAID,2026-01-16 20:21:54,2026-02-15 20:21:54
INV_005139,ORD_005139,CUST_001898,MERCH_0073,585.49,USD,PAID,2026-02-04 19:00:32,2026-03-06 19:00:32
INV_005140,ORD_005140,CUST_004977,MERCH_0087,563.75,USD,PAID,2026-03-12 10:39:18,2026-04-11 10:39:18
INV_005141,ORD_005141,CUST_001583,MERCH_0089,3028.99,USD,PAID,2026-03-18 07:10:17,2026-04-17 07:10:17
INV_005142,ORD_005142,CUST_002843,MERCH_0089,121.95,USD,PAID,2026-03-07 02:34:04,2026-04-06 02:34:04
INV_005143,ORD_005143,CUST_004814,MERCH_0030,79.49,EUR,PAID,2026-02-14 19:16:41,2026-03-16 19:16:41
INV_005144,ORD_005144,CUST_004735,MERCH_0042,555.99,EUR,PAID,2026-03-31 16:56:48,2026-04-30 16:56:48
INV_005145,ORD_005145,CUST_003589,MERCH_0089,497.25,USD,PAID,2026-03-30 13:08:29,2026-04-29 13:08:29
INV_005146,ORD_005146,CUST_004814,MERCH_0035,2641.00,EUR,PAID,2026-02-08 10:08:17,2026-03-10 10:08:17
INV_005147,ORD_005147,CUST_004505,MERCH_0027,34.80,EUR,PAID,2026-01-04 01:48:17,2026-02-03 01:48:17
INV_005148,ORD_005148,CUST_003163,MERCH_0087,352.50,GBP,PAID,2026-02-21 00:46:59,2026-03-23 00:46:59
INV_005149,ORD_005149,CUST_002660,MERCH_0070,1499.00,INR,PAID,2026-03-13 23:24:54,2026-04-12 23:24:54
INV_005150,ORD_005150,CUST_004960,MERCH_0065,499.00,INR,PAID,2026-03-01 09:37:43,2026-03-31 09:37:43
INV_005151,ORD_005151,CUST_002436,MERCH_0036,296.80,EUR,PAID,2026-01-13 13:53:39,2026-02-12 13:53:39
INV_005152,ORD_005152,CUST_000116,MERCH_0096,18.25,USD,PAID,2026-01-28 19:02:12,2026-02-27 19:02:12
INV_005153,ORD_005153,CUST_000752,MERCH_0028,1499.00,INR,PAID,2026-02-11 13:39:16,2026-03-13 13:39:16
INV_005154,ORD_005154,CUST_001794,MERCH_0029,71.00,USD,PAID,2026-02-13 01:48:52,2026-03-15 01:48:52
INV_005155,ORD_005155,CUST_003234,MERCH_0055,629.00,EUR,PAID,2026-01-03 09:37:53,2026-02-02 09:37:53
INV_005156,ORD_005156,CUST_004581,MERCH_0093,134.49,USD,PAID,2026-03-07 00:47:30,2026-04-06 00:47:30
INV_005157,ORD_005157,CUST_001232,MERCH_0036,71.99,EUR,PAID,2026-01-07 08:17:20,2026-02-06 08:17:20
INV_005158,ORD_005158,CUST_001849,MERCH_0057,2789.99,EUR,PAID,2026-01-28 08:55:18,2026-02-27 08:55:18
INV_005159,ORD_005159,CUST_000294,MERCH_0092,411.99,CAD,PAID,2026-01-05 16:02:31,2026-02-04 16:02:31
INV_005160,ORD_005160,CUST_004789,MERCH_0064,408.50,EUR,PAID,2026-01-17 16:12:02,2026-02-16 16:12:02
INV_005161,ORD_005161,CUST_000493,MERCH_0061,566.25,USD,PAID,2026-03-06 23:33:44,2026-04-05 23:33:44
INV_005162,ORD_005162,CUST_002581,MERCH_0084,32.49,USD,PAID,2026-01-26 12:32:06,2026-02-25 12:32:06
INV_005163,ORD_005163,CUST_004542,MERCH_0033,19.75,USD,PAID,2026-03-27 20:51:39,2026-04-26 20:51:39
INV_005164,ORD_005164,CUST_003203,MERCH_0083,45.99,EUR,PAID,2026-02-25 09:01:34,2026-03-27 09:01:34
INV_005165,ORD_005165,CUST_003113,MERCH_0089,69.00,USD,PAID,2026-01-17 08:59:00,2026-02-16 08:59:00
INV_005166,ORD_005166,CUST_002848,MERCH_0074,174.49,CAD,PAID,2026-03-14 11:17:17,2026-04-13 11:17:17
INV_005167,ORD_005167,CUST_002657,MERCH_0056,387.25,GBP,PAID,2026-01-20 01:34:10,2026-02-19 01:34:10
INV_005168,ORD_005168,CUST_003929,MERCH_0072,2551.00,EUR,PAID,2026-02-24 13:52:36,2026-03-26 13:52:36
INV_005169,ORD_005169,CUST_002781,MERCH_0023,477.50,USD,PAID,2026-01-07 16:13:52,2026-02-06 16:13:52
INV_005170,ORD_005170,CUST_001311,MERCH_0042,326.49,EUR,PAID,2026-01-07 18:38:08,2026-02-06 18:38:08
INV_005171,ORD_005171,CUST_000370,MERCH_0003,244.00,EUR,PAID,2026-03-08 14:16:20,2026-04-07 14:16:20
INV_005172,ORD_005172,CUST_001862,MERCH_0060,384.99,USD,PAID,2026-02-15 18:25:27,2026-03-17 18:25:27
INV_005173,ORD_005173,CUST_000258,MERCH_0018,360.99,EUR,PAID,2026-02-16 19:30:35,2026-03-18 19:30:35
INV_005174,ORD_005174,CUST_002449,MERCH_0075,746.75,USD,PAID,2026-03-09 16:51:56,2026-04-08 16:51:56
INV_005175,ORD_005175,CUST_001108,MERCH_0020,47.99,EUR,PAID,2026-03-22 05:05:56,2026-04-21 05:05:56
INV_005176,ORD_005176,CUST_003212,MERCH_0031,55.50,CAD,PAID,2026-03-13 19:03:55,2026-04-12 19:03:55
INV_005177,ORD_005177,CUST_001555,MERCH_0095,27.00,CAD,PAID,2026-03-05 15:30:30,2026-04-04 15:30:30
INV_005178,ORD_005178,CUST_002000,MERCH_0086,511.75,EUR,PAID,2026-02-18 03:07:03,2026-03-20 03:07:03
INV_005179,ORD_005179,CUST_001478,MERCH_0066,460.75,EUR,PAID,2026-03-14 09:19:07,2026-04-13 09:19:07
INV_005180,ORD_005180,CUST_000851,MERCH_0010,2900.00,USD,PAID,2026-02-20 10:53:11,2026-03-22 10:53:11
INV_005181,ORD_005181,CUST_001693,MERCH_0029,25.49,EUR,PAID,2026-01-05 20:04:22,2026-02-04 20:04:22
INV_005182,ORD_005182,CUST_000147,MERCH_0021,497.50,CAD,PAID,2026-03-25 15:28:46,2026-04-24 15:28:46
INV_005183,ORD_005183,CUST_001936,MERCH_0035,46.25,USD,PAID,2026-01-21 02:34:13,2026-02-20 02:34:13
INV_005184,ORD_005184,CUST_004858,MERCH_0063,650.00,CAD,PAID,2026-02-12 14:25:29,2026-03-14 14:25:29
INV_005185,ORD_005185,CUST_001299,MERCH_0035,2820.99,GBP,PAID,2026-01-20 16:25:49,2026-02-19 16:25:49
INV_005186,ORD_005186,CUST_004783,MERCH_0004,299.00,INR,PAID,2026-01-19 08:10:38,2026-02-18 08:10:38
INV_005187,ORD_005187,CUST_001253,MERCH_0019,646.95,GBP,PAID,2026-04-01 06:47:58,2026-05-01 06:47:58
INV_005188,ORD_005188,CUST_001559,MERCH_0052,1999.00,INR,PAID,2026-03-05 04:09:36,2026-04-04 04:09:36
INV_005189,ORD_005189,CUST_004300,MERCH_0087,46.95,EUR,PAID,2026-03-12 06:20:08,2026-04-11 06:20:08
INV_005190,ORD_005190,CUST_001980,MERCH_0042,257.75,USD,PAID,2026-02-11 05:36:25,2026-03-13 05:36:25
INV_005191,ORD_005191,CUST_003645,MERCH_0088,75.49,CAD,PAID,2026-01-06 22:39:46,2026-02-05 22:39:46
INV_005192,ORD_005192,CUST_002387,MERCH_0091,2499.00,INR,PAID,2026-01-31 00:10:56,2026-03-02 00:10:56
INV_005193,ORD_005193,CUST_000355,MERCH_0062,16.49,EUR,PAID,2026-02-07 14:52:38,2026-03-09 14:52:38
INV_005194,ORD_005194,CUST_003089,MERCH_0002,1362.99,EUR,PAID,2026-03-31 18:48:28,2026-04-30 18:48:28
INV_005195,ORD_005195,CUST_001757,MERCH_0037,375.95,USD,PAID,2026-02-12 12:37:32,2026-03-14 12:37:32
INV_005196,ORD_005196,CUST_004062,MERCH_0014,532.80,USD,PAID,2026-01-28 21:38:57,2026-02-27 21:38:57
INV_005197,ORD_005197,CUST_000098,MERCH_0077,1609.80,USD,PAID,2026-03-03 23:29:35,2026-04-02 23:29:35
INV_005198,ORD_005198,CUST_000288,MERCH_0079,337.95,USD,PAID,2026-02-15 11:36:22,2026-03-17 11:36:22
INV_005199,ORD_005199,CUST_002769,MERCH_0042,285.49,USD,PAID,2026-02-03 01:32:25,2026-03-05 01:32:25
INV_005200,ORD_005200,CUST_003850,MERCH_0099,513.80,EUR,PAID,2026-03-12 17:25:31,2026-04-11 17:25:31
INV_005201,ORD_005201,CUST_002109,MERCH_0096,3430.25,EUR,PAID,2026-01-03 06:58:53,2026-02-02 06:58:53
INV_005202,ORD_005202,CUST_001701,MERCH_0049,839.75,GBP,OVERPAID,2026-03-29 22:57:57,2026-04-28 22:57:57
INV_005203,ORD_005203,CUST_004490,MERCH_0066,2173.50,GBP,PAID,2026-01-28 15:08:30,2026-02-27 15:08:30
INV_005204,ORD_005204,CUST_003437,MERCH_0067,489.50,CAD,PAID,2026-02-08 09:51:27,2026-03-10 09:51:27
INV_005205,ORD_005205,CUST_004631,MERCH_0037,24.95,USD,PAID,2026-02-12 20:57:04,2026-03-14 20:57:04
INV_005206,ORD_005206,CUST_000846,MERCH_0046,619.49,CAD,PAID,2026-03-17 12:04:35,2026-04-16 12:04:35
INV_005207,ORD_005207,CUST_001794,MERCH_0054,461.95,CAD,PAID,2026-01-27 12:31:05,2026-02-26 12:31:05
INV_005208,ORD_005208,CUST_004403,MERCH_0082,2586.99,CAD,PAID,2026-03-15 23:44:49,2026-04-14 23:44:49
INV_005209,ORD_005209,CUST_002550,MERCH_0015,547.50,USD,PAID,2026-03-23 07:05:09,2026-04-22 07:05:09
INV_005210,ORD_005210,CUST_000608,MERCH_0057,2499.00,INR,PAID,2026-01-13 17:45:25,2026-02-12 17:45:25
INV_005211,ORD_005211,CUST_002215,MERCH_0046,543.75,GBP,PAID,2026-03-19 17:55:58,2026-04-18 17:55:58
INV_005212,ORD_005212,CUST_002755,MERCH_0033,65.25,GBP,PAID,2026-03-31 09:13:05,2026-04-30 09:13:05
INV_005213,ORD_005213,CUST_000268,MERCH_0073,4999.00,INR,PAID,2026-02-08 23:59:01,2026-03-10 23:59:01
INV_005214,ORD_005214,CUST_000128,MERCH_0005,578.49,EUR,PAID,2026-01-28 18:01:11,2026-02-27 18:01:11
INV_005215,ORD_005215,CUST_000038,MERCH_0053,2499.00,INR,PAID,2026-01-08 00:28:49,2026-02-07 00:28:49
INV_005216,ORD_005216,CUST_004639,MERCH_0075,3408.80,GBP,PAID,2026-03-14 05:24:42,2026-04-13 05:24:42
INV_005217,ORD_005217,CUST_004645,MERCH_0092,299.00,INR,PAID,2026-02-17 13:46:28,2026-03-19 13:46:28
INV_005218,ORD_005218,CUST_001994,MERCH_0090,39.00,USD,PAID,2026-02-20 20:14:30,2026-03-22 20:14:30
INV_005219,ORD_005219,CUST_000670,MERCH_0025,468.50,USD,PAID,2026-03-01 11:26:41,2026-03-31 11:26:41
INV_005220,ORD_005220,CUST_003369,MERCH_0042,57.50,CAD,PAID,2026-03-09 09:54:18,2026-04-08 09:54:18
INV_005221,ORD_005221,CUST_004553,MERCH_0065,349.99,USD,PAID,2026-03-24 02:43:38,2026-04-23 02:43:38
INV_005222,ORD_005222,CUST_004672,MERCH_0069,43.75,EUR,PAID,2026-03-13 17:35:11,2026-04-12 17:35:11
INV_005223,ORD_005223,CUST_004124,MERCH_0087,332.00,CAD,PAID,2026-03-06 08:01:08,2026-04-05 08:01:08
INV_005224,ORD_005224,CUST_004524,MERCH_0069,493.00,USD,PAID,2026-03-26 10:14:30,2026-04-25 10:14:30
INV_005225,ORD_005225,CUST_002758,MERCH_0068,28.80,GBP,PAID,2026-01-24 00:19:40,2026-02-23 00:19:40
INV_005226,ORD_005226,CUST_004673,MERCH_0041,15.00,GBP,PAID,2026-03-08 07:18:00,2026-04-07 07:18:00
INV_005227,ORD_005227,CUST_001383,MERCH_0030,276.75,USD,PAID,2026-03-04 12:43:40,2026-04-03 12:43:40
INV_005228,ORD_005228,CUST_000085,MERCH_0040,1499.00,INR,PAID,2026-03-02 02:53:19,2026-04-01 02:53:19
INV_005229,ORD_005229,CUST_000323,MERCH_0047,15.75,GBP,PAID,2026-02-12 21:41:40,2026-03-14 21:41:40
INV_005230,ORD_005230,CUST_002191,MERCH_0039,64.49,USD,PAID,2026-03-08 11:36:58,2026-04-07 11:36:58
INV_005231,ORD_005231,CUST_003981,MERCH_0085,9999.00,INR,PAID,2026-01-06 15:01:46,2026-02-05 15:01:46
INV_005232,ORD_005232,CUST_003069,MERCH_0013,267.49,EUR,PAID,2026-03-23 21:02:35,2026-04-22 21:02:35
INV_005233,ORD_005233,CUST_000639,MERCH_0008,35.75,EUR,PAID,2026-01-03 18:33:28,2026-02-02 18:33:28
INV_005234,ORD_005234,CUST_004426,MERCH_0092,38.49,CAD,PAID,2026-01-31 20:58:31,2026-03-02 20:58:31
INV_005235,ORD_005235,CUST_002202,MERCH_0013,26.49,EUR,PAID,2026-03-18 04:20:54,2026-04-17 04:20:54
INV_005236,ORD_005236,CUST_001163,MERCH_0029,595.99,USD,PAID,2026-01-10 05:35:03,2026-02-09 05:35:03
INV_005237,ORD_005237,CUST_002022,MERCH_0038,392.49,USD,PAID,2026-03-04 01:00:29,2026-04-03 01:00:29
INV_005238,ORD_005238,CUST_000711,MERCH_0069,28.75,GBP,PAID,2026-02-17 10:22:34,2026-03-19 10:22:34
INV_005239,ORD_005239,CUST_001713,MERCH_0036,134.25,EUR,PAID,2026-03-13 08:00:28,2026-04-12 08:00:28
INV_005240,ORD_005240,CUST_004587,MERCH_0087,437.00,EUR,PAID,2026-02-20 23:41:26,2026-03-22 23:41:26
INV_005241,ORD_005241,CUST_004482,MERCH_0079,276.50,GBP,PAID,2026-01-19 14:08:42,2026-02-18 14:08:42
INV_005242,ORD_005242,CUST_003058,MERCH_0017,403.00,EUR,PAID,2026-03-04 06:24:10,2026-04-03 06:24:10
INV_005243,ORD_005243,CUST_000588,MERCH_0057,399.80,EUR,PAID,2026-03-29 01:45:19,2026-04-28 01:45:19
INV_005244,ORD_005244,CUST_002853,MERCH_0003,40.50,USD,PAID,2026-02-26 06:37:47,2026-03-28 06:37:47
INV_005245,ORD_005245,CUST_004779,MERCH_0099,97.80,USD,PAID,2026-02-14 10:39:09,2026-03-16 10:39:09
INV_005247,ORD_005247,CUST_000370,MERCH_0037,175.50,USD,PAID,2026-01-27 07:43:39,2026-02-26 07:43:39
INV_005248,ORD_005248,CUST_000498,MERCH_0088,214.25,USD,PAID,2026-01-11 01:13:51,2026-02-10 01:13:51
INV_005249,ORD_005249,CUST_000147,MERCH_0015,38.95,USD,PAID,2026-02-09 20:55:43,2026-03-11 20:55:43
INV_005250,ORD_005250,CUST_002798,MERCH_0005,553.95,GBP,PAID,2026-03-06 18:26:51,2026-04-05 18:26:51
INV_005251,ORD_005251,CUST_001015,MERCH_0075,46.49,EUR,PAID,2026-01-17 20:21:08,2026-02-16 20:21:08
INV_005252,ORD_005252,CUST_000172,MERCH_0027,545.50,GBP,PAID,2026-03-01 16:10:58,2026-03-31 16:10:58
INV_005253,ORD_005253,CUST_001445,MERCH_0092,125.99,USD,PAID,2026-03-30 15:04:43,2026-04-29 15:04:43
INV_005254,ORD_005254,CUST_001550,MERCH_0002,1999.00,INR,PAID,2026-01-26 08:45:45,2026-02-25 08:45:45
INV_005255,ORD_005255,CUST_004784,MERCH_0011,434.95,EUR,PAID,2026-03-21 11:36:44,2026-04-20 11:36:44
INV_005256,ORD_005256,CUST_003048,MERCH_0076,26.99,USD,PAID,2026-01-28 11:36:37,2026-02-27 11:36:37
INV_005257,ORD_005257,CUST_004673,MERCH_0058,1189.95,USD,PAID,2026-03-25 03:37:22,2026-04-24 03:37:22
INV_005258,ORD_005258,CUST_004697,MERCH_0082,1499.00,INR,PAID,2026-02-02 20:10:59,2026-03-04 20:10:59
INV_005259,ORD_005259,CUST_002628,MERCH_0036,53.99,GBP,PAID,2026-03-22 06:25:32,2026-04-21 06:25:32
INV_005260,ORD_005260,CUST_001616,MERCH_0056,146.50,GBP,PAID,2026-02-23 08:11:41,2026-03-25 08:11:41
INV_005261,ORD_005261,CUST_001345,MERCH_0014,46.95,EUR,OVERPAID,2026-01-11 11:48:39,2026-02-10 11:48:39
INV_005262,ORD_005262,CUST_003490,MERCH_0029,299.00,INR,PAID,2026-03-26 13:47:57,2026-04-25 13:47:57
INV_005263,ORD_005263,CUST_000333,MERCH_0075,94.25,EUR,PAID,2026-01-08 22:55:34,2026-02-07 22:55:34
INV_005264,ORD_005264,CUST_003305,MERCH_0092,64.49,USD,PAID,2026-02-25 08:32:04,2026-03-27 08:32:04
INV_005265,ORD_005265,CUST_001599,MERCH_0065,799.00,INR,PAID,2026-03-12 09:16:00,2026-04-11 09:16:00
INV_005266,ORD_005266,CUST_000832,MERCH_0090,514.49,EUR,PAID,2026-03-06 01:48:45,2026-04-05 01:48:45
INV_005267,ORD_005267,CUST_002540,MERCH_0052,60.75,EUR,PAID,2026-01-02 15:09:18,2026-02-01 15:09:18
INV_005268,ORD_005268,CUST_003461,MERCH_0008,311.80,GBP,PAID,2026-02-25 16:45:50,2026-03-27 16:45:50
INV_005269,ORD_005269,CUST_002550,MERCH_0030,257.25,CAD,PAID,2026-01-28 19:54:46,2026-02-27 19:54:46
INV_005270,ORD_005270,CUST_004316,MERCH_0092,377.95,EUR,PAID,2026-01-21 07:53:09,2026-02-20 07:53:09
INV_005271,ORD_005271,CUST_000436,MERCH_0015,127.25,GBP,PAID,2026-02-15 22:21:33,2026-03-17 22:21:33
INV_005272,ORD_005272,CUST_004487,MERCH_0043,452.25,EUR,PAID,2026-03-23 19:40:51,2026-04-22 19:40:51
INV_005273,ORD_005273,CUST_004189,MERCH_0014,78.25,USD,PAID,2026-03-24 11:22:28,2026-04-23 11:22:28
INV_005274,ORD_005274,CUST_000211,MERCH_0055,370.75,EUR,PAID,2026-01-21 02:02:07,2026-02-20 02:02:07
INV_005275,ORD_005275,CUST_004091,MERCH_0019,43.50,EUR,PAID,2026-01-10 21:00:53,2026-02-09 21:00:53
INV_005276,ORD_005276,CUST_004976,MERCH_0030,1301.00,EUR,PAID,2026-01-06 17:23:38,2026-02-05 17:23:38
INV_005277,ORD_005277,CUST_003656,MERCH_0048,523.95,USD,PAID,2026-02-10 07:53:24,2026-03-12 07:53:24
INV_005278,ORD_005278,CUST_000230,MERCH_0033,31.50,GBP,PAID,2026-03-29 11:59:58,2026-04-28 11:59:58
INV_005279,ORD_005279,CUST_003675,MERCH_0094,9999.00,INR,PAID,2026-01-18 05:34:08,2026-02-17 05:34:08
INV_005280,ORD_005280,CUST_000790,MERCH_0055,58.49,CAD,PAID,2026-01-30 13:23:14,2026-03-01 13:23:14
INV_005281,ORD_005281,CUST_000139,MERCH_0067,199.75,USD,PAID,2026-02-17 23:51:45,2026-03-19 23:51:45
INV_005282,ORD_005282,CUST_002036,MERCH_0025,4999.00,INR,PAID,2026-03-05 04:03:11,2026-04-04 04:03:11
INV_005283,ORD_005283,CUST_003158,MERCH_0070,395.25,EUR,OVERPAID,2026-01-06 21:20:08,2026-02-05 21:20:08
INV_005284,ORD_005284,CUST_000352,MERCH_0009,3060.00,CAD,PAID,2026-03-24 02:01:52,2026-04-23 02:01:52
INV_005285,ORD_005285,CUST_000451,MERCH_0034,64.95,USD,PAID,2026-03-20 15:42:47,2026-04-19 15:42:47
INV_005286,ORD_005286,CUST_001647,MERCH_0051,68.99,USD,PAID,2026-02-02 03:15:45,2026-03-04 03:15:45
INV_005287,ORD_005287,CUST_004219,MERCH_0003,570.99,USD,PAID,2026-02-24 20:20:09,2026-03-26 20:20:09
INV_005288,ORD_005288,CUST_003972,MERCH_0092,135.95,CAD,PAID,2026-02-05 06:58:10,2026-03-07 06:58:10
INV_005289,ORD_005289,CUST_004412,MERCH_0028,316.50,EUR,PAID,2026-02-28 13:13:55,2026-03-30 13:13:55
INV_005290,ORD_005290,CUST_000191,MERCH_0070,208.75,USD,OVERPAID,2026-02-03 11:52:23,2026-03-05 11:52:23
INV_005291,ORD_005291,CUST_002272,MERCH_0099,255.80,EUR,PAID,2026-03-10 07:03:32,2026-04-09 07:03:32
INV_005292,ORD_005292,CUST_001756,MERCH_0056,25.49,EUR,PAID,2026-01-05 21:14:08,2026-02-04 21:14:08
INV_005294,ORD_005294,CUST_002732,MERCH_0074,418.00,USD,PAID,2026-02-13 18:24:02,2026-03-15 18:24:02
INV_005295,ORD_005295,CUST_003510,MERCH_0016,56.50,EUR,PAID,2026-01-16 05:33:43,2026-02-15 05:33:43
INV_005296,ORD_005296,CUST_003029,MERCH_0031,56.50,USD,PAID,2026-02-13 16:47:16,2026-03-15 16:47:16
INV_005297,ORD_005297,CUST_003113,MERCH_0001,604.80,GBP,PAID,2026-02-19 06:47:54,2026-03-21 06:47:54
INV_005298,ORD_005298,CUST_002682,MERCH_0040,15000.00,INR,PAID,2026-03-27 20:05:06,2026-04-26 20:05:06
INV_005299,ORD_005299,CUST_000244,MERCH_0062,299.00,INR,PAID,2026-01-02 18:18:02,2026-02-01 18:18:02
INV_005300,ORD_005300,CUST_002646,MERCH_0030,78.75,USD,PAID,2026-03-20 19:42:24,2026-04-19 19:42:24
INV_005301,ORD_005301,CUST_003488,MERCH_0083,299.00,INR,PAID,2026-01-21 08:48:53,2026-02-20 08:48:53
INV_005302,ORD_005302,CUST_001341,MERCH_0088,44.50,USD,PAID,2026-01-21 23:50:51,2026-02-20 23:50:51
INV_005303,ORD_005303,CUST_001875,MERCH_0057,124.49,GBP,PAID,2026-01-05 03:04:57,2026-02-04 03:04:57
INV_005304,ORD_005304,CUST_003280,MERCH_0006,90.99,CAD,PAID,2026-01-15 11:31:42,2026-02-14 11:31:42
INV_005305,ORD_005305,CUST_000629,MERCH_0081,155.75,GBP,PAID,2026-03-06 07:56:10,2026-04-05 07:56:10
INV_005306,ORD_005306,CUST_002836,MERCH_0071,48.75,USD,PAID,2026-02-21 14:04:08,2026-03-23 14:04:08
INV_005307,ORD_005307,CUST_001702,MERCH_0017,16.80,USD,PAID,2026-01-06 14:16:41,2026-02-05 14:16:41
INV_005308,ORD_005308,CUST_002799,MERCH_0065,72.50,CAD,PAID,2026-01-02 22:54:14,2026-02-01 22:54:14
INV_005309,ORD_005309,CUST_004572,MERCH_0021,257.80,EUR,PAID,2026-01-25 04:28:13,2026-02-24 04:28:13
INV_005310,ORD_005310,CUST_002307,MERCH_0045,604.95,USD,PAID,2026-03-08 22:30:18,2026-04-07 22:30:18
INV_005311,ORD_005311,CUST_000235,MERCH_0069,306.99,USD,PAID,2026-03-17 05:29:59,2026-04-16 05:29:59
INV_005312,ORD_005312,CUST_003079,MERCH_0099,1683.00,GBP,PAID,2026-02-14 03:20:17,2026-03-16 03:20:17
INV_005313,ORD_005313,CUST_003369,MERCH_0078,619.95,USD,PAID,2026-03-15 03:27:04,2026-04-14 03:27:04
INV_005314,ORD_005314,CUST_000068,MERCH_0083,2334.75,EUR,PAID,2026-03-31 03:36:55,2026-04-30 03:36:55
INV_005315,ORD_005315,CUST_000334,MERCH_0065,54.00,USD,PAID,2026-01-26 07:59:22,2026-02-25 07:59:22
INV_005316,ORD_005316,CUST_001527,MERCH_0066,15.49,USD,PAID,2026-01-26 18:07:13,2026-02-25 18:07:13
INV_005317,ORD_005317,CUST_004695,MERCH_0065,76.00,EUR,PAID,2026-01-20 22:49:28,2026-02-19 22:49:28
INV_005318,ORD_005318,CUST_002291,MERCH_0071,78.25,USD,PAID,2026-03-24 10:03:26,2026-04-23 10:03:26
INV_005319,ORD_005319,CUST_002558,MERCH_0058,299.00,INR,PAID,2026-03-17 04:18:16,2026-04-16 04:18:16
INV_005320,ORD_005320,CUST_002266,MERCH_0023,58.00,CAD,PAID,2026-02-11 08:28:31,2026-03-13 08:28:31
INV_005321,ORD_005321,CUST_001907,MERCH_0044,552.25,EUR,PAID,2026-02-02 20:34:39,2026-03-04 20:34:39
INV_005322,ORD_005322,CUST_000912,MERCH_0013,1499.00,INR,PAID,2026-03-04 06:51:45,2026-04-03 06:51:45
INV_005323,ORD_005323,CUST_004735,MERCH_0062,184.95,USD,PAID,2026-02-19 13:01:15,2026-03-21 13:01:15
INV_005324,ORD_005324,CUST_003433,MERCH_0095,305.00,GBP,PAID,2026-01-15 00:38:47,2026-02-14 00:38:47
INV_005325,ORD_005325,CUST_001617,MERCH_0022,46.00,EUR,PAID,2026-01-23 05:42:36,2026-02-22 05:42:36
INV_005326,ORD_005326,CUST_004010,MERCH_0025,32.49,USD,PAID,2026-03-31 22:07:21,2026-04-30 22:07:21
INV_005327,ORD_005327,CUST_003018,MERCH_0065,533.95,EUR,PAID,2026-01-08 03:43:48,2026-02-07 03:43:48
INV_005328,ORD_005328,CUST_002588,MERCH_0015,492.00,CAD,PAID,2026-03-02 01:21:34,2026-04-01 01:21:34
INV_005329,ORD_005329,CUST_000912,MERCH_0100,317.49,CAD,PAID,2026-01-10 08:51:50,2026-02-09 08:51:50
INV_005330,ORD_005330,CUST_000373,MERCH_0056,74.75,CAD,PAID,2026-03-07 04:09:09,2026-04-06 04:09:09
INV_005331,ORD_005331,CUST_004171,MERCH_0099,15.95,USD,PAID,2026-03-19 09:50:51,2026-04-18 09:50:51
INV_005332,ORD_005332,CUST_003831,MERCH_0050,313.25,USD,PAID,2026-03-07 07:57:18,2026-04-06 07:57:18
INV_005333,ORD_005333,CUST_002555,MERCH_0010,214.75,GBP,PAID,2026-02-03 13:43:53,2026-03-05 13:43:53
INV_005334,ORD_005334,CUST_001669,MERCH_0063,134.25,GBP,PAID,2026-01-19 14:07:09,2026-02-18 14:07:09
INV_005335,ORD_005335,CUST_001195,MERCH_0099,74.95,CAD,PAID,2026-01-03 15:13:59,2026-02-02 15:13:59
INV_005336,ORD_005336,CUST_002586,MERCH_0012,1499.00,INR,PAID,2026-02-16 13:58:52,2026-03-18 13:58:52
INV_005337,ORD_005337,CUST_001375,MERCH_0011,603.50,USD,PAID,2026-01-02 13:15:52,2026-02-01 13:15:52
INV_005338,ORD_005338,CUST_003053,MERCH_0097,2095.50,USD,PAID,2026-01-16 02:23:42,2026-02-15 02:23:42
INV_005339,ORD_005339,CUST_000312,MERCH_0020,68.99,GBP,PAID,2026-02-11 10:52:26,2026-03-13 10:52:26
INV_005340,ORD_005340,CUST_000394,MERCH_0057,464.49,USD,PAID,2026-02-13 00:26:56,2026-03-15 00:26:56
INV_005341,ORD_005341,CUST_001058,MERCH_0068,550.95,USD,PAID,2026-02-03 14:17:28,2026-03-05 14:17:28
INV_005342,ORD_005342,CUST_000876,MERCH_0080,640.80,USD,PAID,2026-03-09 02:49:31,2026-04-08 02:49:31
INV_005343,ORD_005343,CUST_004505,MERCH_0047,41.25,EUR,PAID,2026-02-27 13:12:10,2026-03-29 13:12:10
INV_005344,ORD_005344,CUST_000648,MERCH_0062,90.50,EUR,PAID,2026-02-03 18:13:05,2026-03-05 18:13:05
INV_005345,ORD_005345,CUST_002388,MERCH_0074,2764.99,GBP,PAID,2026-01-05 14:53:48,2026-02-04 14:53:48
INV_005346,ORD_005346,CUST_000034,MERCH_0057,910.25,GBP,PAID,2026-03-28 14:25:52,2026-04-27 14:25:52
INV_005347,ORD_005347,CUST_001162,MERCH_0007,75.95,USD,OVERPAID,2026-03-19 00:52:33,2026-04-18 00:52:33
INV_005348,ORD_005348,CUST_002254,MERCH_0015,2263.49,USD,PAID,2026-02-16 03:03:29,2026-03-18 03:03:29
INV_005349,ORD_005349,CUST_001056,MERCH_0021,2239.50,EUR,PAID,2026-02-09 10:47:51,2026-03-11 10:47:51
INV_005350,ORD_005350,CUST_002061,MERCH_0014,112.80,CAD,PAID,2026-03-11 18:04:04,2026-04-10 18:04:04
INV_005351,ORD_005351,CUST_000147,MERCH_0071,637.25,EUR,PAID,2026-01-20 22:43:08,2026-02-19 22:43:08
INV_005352,ORD_005352,CUST_002861,MERCH_0095,336.50,CAD,PAID,2026-04-01 05:15:52,2026-05-01 05:15:52
INV_005353,ORD_005353,CUST_002714,MERCH_0039,591.49,EUR,PAID,2026-03-08 21:13:25,2026-04-07 21:13:25
INV_005354,ORD_005354,CUST_001620,MERCH_0020,311.50,EUR,PAID,2026-03-16 06:45:13,2026-04-15 06:45:13
INV_005355,ORD_005355,CUST_001667,MERCH_0012,55.80,CAD,PAID,2026-03-27 21:45:39,2026-04-26 21:45:39
INV_005356,ORD_005356,CUST_002646,MERCH_0063,29.50,CAD,PAID,2026-02-04 11:26:03,2026-03-06 11:26:03
INV_005357,ORD_005357,CUST_001296,MERCH_0005,201.95,GBP,PAID,2026-03-12 16:06:20,2026-04-11 16:06:20
INV_005358,ORD_005358,CUST_003762,MERCH_0071,445.25,USD,PAID,2026-02-20 05:53:57,2026-03-22 05:53:57
INV_005359,ORD_005359,CUST_002568,MERCH_0036,369.99,USD,PAID,2026-03-15 05:02:05,2026-04-14 05:02:05
INV_005360,ORD_005360,CUST_001701,MERCH_0059,33.99,EUR,PAID,2026-01-17 10:49:37,2026-02-16 10:49:37
INV_005361,ORD_005361,CUST_001303,MERCH_0021,1839.99,USD,PAID,2026-02-06 23:16:56,2026-03-08 23:16:56
INV_005362,ORD_005362,CUST_004750,MERCH_0008,604.99,EUR,PAID,2026-01-10 16:17:22,2026-02-09 16:17:22
INV_005363,ORD_005363,CUST_003969,MERCH_0077,75.99,USD,OVERPAID,2026-03-30 18:44:39,2026-04-29 18:44:39
INV_005364,ORD_005364,CUST_002208,MERCH_0064,214.25,USD,PAID,2026-02-24 02:58:17,2026-03-26 02:58:17
INV_005365,ORD_005365,CUST_002154,MERCH_0017,46.00,USD,PAID,2026-02-08 22:02:39,2026-03-10 22:02:39
INV_005366,ORD_005366,CUST_002335,MERCH_0078,416.00,USD,PAID,2026-01-03 19:35:22,2026-02-02 19:35:22
INV_005368,ORD_005368,CUST_000146,MERCH_0010,27.00,EUR,PAID,2026-03-06 01:30:31,2026-04-05 01:30:31
INV_005369,ORD_005369,CUST_001223,MERCH_0057,349.80,EUR,PAID,2026-02-24 07:04:23,2026-03-26 07:04:23
INV_005370,ORD_005370,CUST_004731,MERCH_0061,30.75,EUR,PAID,2026-02-13 03:42:28,2026-03-15 03:42:28
INV_005371,ORD_005371,CUST_002450,MERCH_0054,4999.00,INR,PAID,2026-01-22 03:37:38,2026-02-21 03:37:38
INV_005372,ORD_005372,CUST_003729,MERCH_0076,221.25,EUR,PAID,2026-01-25 18:52:36,2026-02-24 18:52:36
INV_005373,ORD_005373,CUST_004814,MERCH_0013,279.80,GBP,PAID,2026-03-07 17:55:18,2026-04-06 17:55:18
INV_005374,ORD_005374,CUST_003333,MERCH_0071,47.49,GBP,PAID,2026-03-22 13:17:29,2026-04-21 13:17:29
INV_005375,ORD_005375,CUST_000179,MERCH_0022,68.25,USD,PAID,2026-02-09 21:42:21,2026-03-11 21:42:21
INV_005376,ORD_005376,CUST_000696,MERCH_0054,110.95,GBP,PAID,2026-02-27 18:57:22,2026-03-29 18:57:22
INV_005377,ORD_005377,CUST_003569,MERCH_0023,136.50,EUR,PAID,2026-01-31 14:54:15,2026-03-02 14:54:15
INV_005378,ORD_005378,CUST_003530,MERCH_0096,533.49,GBP,PAID,2026-01-31 22:42:19,2026-03-02 22:42:19
INV_005379,ORD_005379,CUST_001918,MERCH_0055,17.49,CAD,PAID,2026-02-10 15:07:32,2026-03-12 15:07:32
INV_005380,ORD_005380,CUST_000399,MERCH_0055,190.49,USD,PAID,2026-01-05 06:39:45,2026-02-04 06:39:45
INV_005381,ORD_005381,CUST_004600,MERCH_0068,251.49,USD,PAID,2026-03-06 03:41:09,2026-04-05 03:41:09
INV_005382,ORD_005382,CUST_000780,MERCH_0017,360.00,USD,PAID,2026-01-07 03:57:56,2026-02-06 03:57:56
INV_005383,ORD_005383,CUST_000283,MERCH_0007,74.49,USD,PAID,2026-02-27 12:14:57,2026-03-29 12:14:57
INV_005384,ORD_005384,CUST_001011,MERCH_0081,53.99,USD,PAID,2026-01-09 09:52:48,2026-02-08 09:52:48
INV_005385,ORD_005385,CUST_000931,MERCH_0010,420.80,CAD,PAID,2026-01-17 11:29:03,2026-02-16 11:29:03
INV_005386,ORD_005386,CUST_004638,MERCH_0025,16.80,USD,PAID,2026-01-06 15:23:22,2026-02-05 15:23:22
INV_005387,ORD_005387,CUST_004038,MERCH_0031,62.49,EUR,PAID,2026-03-30 18:45:35,2026-04-29 18:45:35
INV_005388,ORD_005388,CUST_002606,MERCH_0064,59.49,GBP,PAID,2026-03-15 07:37:31,2026-04-14 07:37:31
INV_005389,ORD_005389,CUST_004884,MERCH_0044,44.80,GBP,PAID,2026-01-07 15:34:46,2026-02-06 15:34:46
INV_005390,ORD_005390,CUST_001501,MERCH_0046,15000.00,INR,PAID,2026-03-16 14:15:06,2026-04-15 14:15:06
INV_005391,ORD_005391,CUST_004511,MERCH_0062,63.25,EUR,PAID,2026-01-20 01:55:51,2026-02-19 01:55:51
INV_005392,ORD_005392,CUST_004528,MERCH_0065,75.99,EUR,PAID,2026-01-08 09:39:27,2026-02-07 09:39:27
INV_005393,ORD_005393,CUST_003492,MERCH_0061,2542.50,GBP,PAID,2026-03-29 10:00:37,2026-04-28 10:00:37
INV_005394,ORD_005394,CUST_001414,MERCH_0037,41.75,USD,PAID,2026-03-17 20:18:10,2026-04-16 20:18:10
INV_005395,ORD_005395,CUST_001180,MERCH_0068,74.49,CAD,PAID,2026-03-25 18:22:03,2026-04-24 18:22:03
INV_005396,ORD_005396,CUST_003514,MERCH_0015,406.00,USD,PAID,2026-03-01 01:15:25,2026-03-31 01:15:25
INV_005397,ORD_005397,CUST_003595,MERCH_0096,54.49,CAD,PAID,2026-01-30 04:27:50,2026-03-01 04:27:50
INV_005398,ORD_005398,CUST_003268,MERCH_0052,433.75,GBP,PAID,2026-01-18 06:02:07,2026-02-17 06:02:07
INV_005399,ORD_005399,CUST_001911,MERCH_0069,499.00,INR,PAID,2026-01-19 15:03:49,2026-02-18 15:03:49
INV_005400,ORD_005400,CUST_003859,MERCH_0060,67.49,USD,PAID,2026-03-08 02:57:28,2026-04-07 02:57:28
INV_005402,ORD_005402,CUST_004297,MERCH_0086,328.50,USD,PAID,2026-03-04 13:05:31,2026-04-03 13:05:31
INV_005403,ORD_005403,CUST_002618,MERCH_0019,134.00,USD,PAID,2026-02-24 02:39:23,2026-03-26 02:39:23
INV_005404,ORD_005404,CUST_000213,MERCH_0043,2499.00,INR,PAID,2026-02-27 04:08:10,2026-03-29 04:08:10
INV_005405,ORD_005405,CUST_002977,MERCH_0024,2784.50,EUR,PAID,2026-03-14 05:41:05,2026-04-13 05:41:05
INV_005406,ORD_005406,CUST_004577,MERCH_0082,350.80,USD,PAID,2026-01-26 20:53:46,2026-02-25 20:53:46
INV_005407,ORD_005407,CUST_000854,MERCH_0053,78.50,USD,OVERPAID,2026-02-18 10:35:18,2026-03-20 10:35:18
INV_005408,ORD_005408,CUST_001838,MERCH_0043,35.00,CAD,PAID,2026-03-20 22:56:38,2026-04-19 22:56:38
INV_005409,ORD_005409,CUST_002117,MERCH_0003,41.99,EUR,PAID,2026-02-21 14:32:27,2026-03-23 14:32:27
INV_005410,ORD_005410,CUST_000986,MERCH_0063,42.25,EUR,PAID,2026-03-25 07:50:22,2026-04-24 07:50:22
INV_005411,ORD_005411,CUST_002103,MERCH_0062,1261.75,CAD,PAID,2026-02-24 03:59:23,2026-03-26 03:59:23
INV_005412,ORD_005412,CUST_000283,MERCH_0019,495.99,EUR,PAID,2026-01-15 08:20:46,2026-02-14 08:20:46
INV_005413,ORD_005413,CUST_002990,MERCH_0074,187.99,EUR,PAID,2026-03-11 10:47:40,2026-04-10 10:47:40
INV_005414,ORD_005414,CUST_000129,MERCH_0048,558.25,USD,PAID,2026-03-20 15:53:18,2026-04-19 15:53:18
INV_005415,ORD_005415,CUST_004775,MERCH_0083,3349.50,USD,PAID,2026-01-26 15:53:57,2026-02-25 15:53:57
INV_005416,ORD_005416,CUST_004570,MERCH_0002,44.75,EUR,PAID,2026-01-08 21:45:29,2026-02-07 21:45:29
INV_005417,ORD_005417,CUST_003358,MERCH_0089,2127.80,EUR,PAID,2026-02-11 14:23:07,2026-03-13 14:23:07
INV_005418,ORD_005418,CUST_003095,MERCH_0060,542.49,GBP,PAID,2026-01-03 09:51:20,2026-02-02 09:51:20
INV_005419,ORD_005419,CUST_002176,MERCH_0070,571.49,CAD,PAID,2026-02-26 00:32:17,2026-03-28 00:32:17
INV_005420,ORD_005420,CUST_001616,MERCH_0071,1499.00,INR,PAID,2026-01-27 12:07:13,2026-02-26 12:07:13
INV_005421,ORD_005421,CUST_002563,MERCH_0089,73.49,EUR,PAID,2026-02-27 22:57:58,2026-03-29 22:57:58
INV_005422,ORD_005422,CUST_002024,MERCH_0049,600.00,EUR,PAID,2026-01-31 17:44:06,2026-03-02 17:44:06
INV_005423,ORD_005423,CUST_003832,MERCH_0002,52.25,CAD,PAID,2026-03-13 05:45:02,2026-04-12 05:45:02
INV_005424,ORD_005424,CUST_004874,MERCH_0051,217.80,GBP,PAID,2026-02-27 02:43:40,2026-03-29 02:43:40
INV_005425,ORD_005425,CUST_004383,MERCH_0040,43.25,EUR,PAID,2026-02-18 08:01:26,2026-03-20 08:01:26
INV_005426,ORD_005426,CUST_001079,MERCH_0055,30.75,EUR,PAID,2026-01-26 15:27:05,2026-02-25 15:27:05
INV_005427,ORD_005427,CUST_003200,MERCH_0099,1129.50,EUR,PAID,2026-02-02 21:55:54,2026-03-04 21:55:54
INV_005428,ORD_005428,CUST_003467,MERCH_0053,2150.99,GBP,PAID,2026-03-24 00:55:48,2026-04-23 00:55:48
INV_005429,ORD_005429,CUST_000510,MERCH_0083,543.95,USD,PAID,2026-01-22 04:30:27,2026-02-21 04:30:27
INV_005430,ORD_005430,CUST_001308,MERCH_0010,72.50,USD,PAID,2026-03-22 05:56:11,2026-04-21 05:56:11
INV_005431,ORD_005431,CUST_001116,MERCH_0061,499.00,INR,PAID,2026-01-13 01:42:01,2026-02-12 01:42:01
INV_005432,ORD_005432,CUST_000392,MERCH_0076,524.50,CAD,PAID,2026-01-17 16:31:50,2026-02-16 16:31:50
INV_005433,ORD_005433,CUST_000629,MERCH_0011,313.00,EUR,OVERPAID,2026-01-22 05:18:22,2026-02-21 05:18:22
INV_005434,ORD_005434,CUST_001154,MERCH_0078,573.75,GBP,PAID,2026-02-18 08:04:10,2026-03-20 08:04:10
INV_005435,ORD_005435,CUST_003700,MERCH_0043,2148.99,USD,PAID,2026-01-12 09:43:04,2026-02-11 09:43:04
INV_005436,ORD_005436,CUST_001289,MERCH_0061,299.00,INR,PAID,2026-02-14 15:50:39,2026-03-16 15:50:39
INV_005437,ORD_005437,CUST_000905,MERCH_0064,3067.25,USD,PAID,2026-02-17 11:35:43,2026-03-19 11:35:43
INV_005438,ORD_005438,CUST_004596,MERCH_0083,37.25,USD,PAID,2026-01-19 13:50:23,2026-02-18 13:50:23
INV_005439,ORD_005439,CUST_002640,MERCH_0048,499.00,INR,PAID,2026-03-12 13:34:46,2026-04-11 13:34:46
INV_005440,ORD_005440,CUST_000359,MERCH_0069,46.50,GBP,PAID,2026-02-07 06:12:33,2026-03-09 06:12:33
INV_005441,ORD_005441,CUST_003948,MERCH_0089,2976.50,CAD,OVERPAID,2026-02-01 08:49:12,2026-03-03 08:49:12
INV_005442,ORD_005442,CUST_002790,MERCH_0090,53.00,USD,PAID,2026-03-01 06:15:27,2026-03-31 06:15:27
INV_005443,ORD_005443,CUST_003420,MERCH_0036,15.49,USD,PAID,2026-03-22 12:19:55,2026-04-21 12:19:55
INV_005444,ORD_005444,CUST_000148,MERCH_0006,633.25,EUR,PAID,2026-02-11 08:29:57,2026-03-13 08:29:57
INV_005445,ORD_005445,CUST_003247,MERCH_0098,2450.00,EUR,PAID,2026-01-25 03:33:28,2026-02-24 03:33:28
INV_005446,ORD_005446,CUST_003222,MERCH_0018,58.75,EUR,PAID,2026-01-07 14:41:06,2026-02-06 14:41:06
INV_005447,ORD_005447,CUST_000917,MERCH_0097,143.50,EUR,PAID,2026-02-16 13:10:20,2026-03-18 13:10:20
INV_005448,ORD_005448,CUST_002400,MERCH_0004,1999.00,INR,PAID,2026-02-27 18:56:33,2026-03-29 18:56:33
INV_005449,ORD_005449,CUST_000196,MERCH_0063,78.75,EUR,PAID,2026-01-08 16:10:51,2026-02-07 16:10:51
INV_005450,ORD_005450,CUST_001973,MERCH_0020,499.00,INR,PAID,2026-02-19 01:34:54,2026-03-21 01:34:54
INV_005451,ORD_005451,CUST_002065,MERCH_0064,47.25,EUR,PAID,2026-01-23 00:26:14,2026-02-22 00:26:14
INV_005452,ORD_005452,CUST_001745,MERCH_0094,3079.80,EUR,PAID,2026-02-01 08:01:45,2026-03-03 08:01:45
INV_005453,ORD_005453,CUST_001289,MERCH_0018,1262.95,GBP,PAID,2026-03-29 22:41:38,2026-04-28 22:41:38
INV_005455,ORD_005455,CUST_004087,MERCH_0013,49.75,EUR,PAID,2026-03-05 11:28:22,2026-04-04 11:28:22
INV_005456,ORD_005456,CUST_004224,MERCH_0094,33.50,USD,PAID,2026-03-15 07:02:18,2026-04-14 07:02:18
INV_005457,ORD_005457,CUST_004936,MERCH_0046,80.50,EUR,PAID,2026-02-18 02:51:30,2026-03-20 02:51:30
INV_005458,ORD_005458,CUST_002145,MERCH_0099,261.00,GBP,PAID,2026-03-02 07:18:15,2026-04-01 07:18:15
INV_005459,ORD_005459,CUST_002258,MERCH_0011,400.95,USD,PAID,2026-02-04 06:06:12,2026-03-06 06:06:12
INV_005460,ORD_005460,CUST_003796,MERCH_0083,799.00,INR,PAID,2026-03-31 18:23:15,2026-04-30 18:23:15
INV_005461,ORD_005461,CUST_004367,MERCH_0033,461.80,CAD,PAID,2026-01-22 00:14:17,2026-02-21 00:14:17
INV_005462,ORD_005462,CUST_004868,MERCH_0030,2245.49,USD,PAID,2026-01-20 08:10:24,2026-02-19 08:10:24
INV_005463,ORD_005463,CUST_003124,MERCH_0045,441.25,EUR,PAID,2026-03-09 18:11:47,2026-04-08 18:11:47
INV_005465,ORD_005465,CUST_003047,MERCH_0022,54.49,USD,PAID,2026-02-02 23:50:19,2026-03-04 23:50:19
INV_005466,ORD_005466,CUST_000682,MERCH_0034,999.00,INR,PAID,2026-01-08 21:03:52,2026-02-07 21:03:52
INV_005467,ORD_005467,CUST_000681,MERCH_0005,799.00,INR,PAID,2026-02-14 11:53:45,2026-03-16 11:53:45
INV_005468,ORD_005468,CUST_001888,MERCH_0054,504.00,EUR,PAID,2026-01-01 09:19:32,2026-01-31 09:19:32
INV_005469,ORD_005469,CUST_003517,MERCH_0041,420.50,EUR,PAID,2026-02-24 17:37:54,2026-03-26 17:37:54
INV_005470,ORD_005470,CUST_004305,MERCH_0080,275.75,USD,PAID,2026-01-30 23:04:05,2026-03-01 23:04:05
INV_005471,ORD_005471,CUST_001560,MERCH_0048,593.25,EUR,PAID,2026-01-13 18:55:42,2026-02-12 18:55:42
INV_005472,ORD_005472,CUST_000108,MERCH_0032,287.99,EUR,PAID,2026-03-24 14:30:50,2026-04-23 14:30:50
INV_005473,ORD_005473,CUST_004572,MERCH_0085,1105.95,EUR,PAID,2026-02-06 22:38:55,2026-03-08 22:38:55
INV_005474,ORD_005474,CUST_002730,MERCH_0053,464.75,EUR,OVERPAID,2026-03-01 01:19:03,2026-03-31 01:19:03
INV_005475,ORD_005475,CUST_004318,MERCH_0007,284.95,USD,PAID,2026-01-02 18:10:47,2026-02-01 18:10:47
INV_005476,ORD_005476,CUST_004353,MERCH_0065,9999.00,INR,PAID,2026-01-31 00:51:20,2026-03-02 00:51:20
INV_005477,ORD_005477,CUST_000176,MERCH_0016,35.75,CAD,PAID,2026-02-05 17:59:12,2026-03-07 17:59:12
INV_005478,ORD_005478,CUST_001187,MERCH_0065,168.49,GBP,PAID,2026-01-24 10:14:14,2026-02-23 10:14:14
INV_005479,ORD_005479,CUST_001036,MERCH_0009,61.49,GBP,PAID,2026-03-24 11:37:33,2026-04-23 11:37:33
INV_005480,ORD_005480,CUST_002478,MERCH_0066,34.00,EUR,PAID,2026-02-25 00:37:54,2026-03-27 00:37:54
INV_005481,ORD_005481,CUST_001975,MERCH_0055,398.00,USD,PAID,2026-01-11 06:41:39,2026-02-10 06:41:39
INV_005482,ORD_005482,CUST_001759,MERCH_0018,25.75,USD,PAID,2026-02-07 12:58:56,2026-03-09 12:58:56
INV_005483,ORD_005483,CUST_003097,MERCH_0062,31.75,EUR,PAID,2026-03-21 01:38:45,2026-04-20 01:38:45
INV_005484,ORD_005484,CUST_001820,MERCH_0066,300.95,EUR,PAID,2026-01-09 09:43:07,2026-02-08 09:43:07
INV_005485,ORD_005485,CUST_004199,MERCH_0056,577.75,EUR,PAID,2026-02-16 08:54:50,2026-03-18 08:54:50
INV_005486,ORD_005486,CUST_004467,MERCH_0048,202.75,CAD,PAID,2026-01-26 16:01:29,2026-02-25 16:01:29
INV_005487,ORD_005487,CUST_001177,MERCH_0001,210.80,USD,PAID,2026-02-25 13:02:14,2026-03-27 13:02:14
INV_005488,ORD_005488,CUST_001117,MERCH_0055,15000.00,INR,PAID,2026-01-22 03:07:17,2026-02-21 03:07:17
INV_005489,ORD_005489,CUST_002475,MERCH_0054,50.49,USD,PAID,2026-01-08 17:10:48,2026-02-07 17:10:48
INV_005490,ORD_005490,CUST_002765,MERCH_0050,494.80,USD,PAID,2026-03-15 14:21:08,2026-04-14 14:21:08
INV_005491,ORD_005491,CUST_002115,MERCH_0063,54.50,USD,PAID,2026-01-24 10:04:34,2026-02-23 10:04:34
INV_005492,ORD_005492,CUST_000219,MERCH_0073,348.25,EUR,PAID,2026-01-25 11:31:05,2026-02-24 11:31:05
INV_005493,ORD_005493,CUST_004545,MERCH_0086,28.99,USD,PAID,2026-02-16 10:58:02,2026-03-18 10:58:02
INV_005494,ORD_005494,CUST_003078,MERCH_0063,548.99,GBP,PAID,2026-03-31 17:44:49,2026-04-30 17:44:49
INV_005495,ORD_005495,CUST_004900,MERCH_0048,35.00,GBP,PAID,2026-03-08 01:49:02,2026-04-07 01:49:02
INV_005496,ORD_005496,CUST_004463,MERCH_0092,560.95,USD,PAID,2026-01-19 02:43:56,2026-02-18 02:43:56
INV_005497,ORD_005497,CUST_001404,MERCH_0072,64.49,USD,PAID,2026-01-05 06:49:20,2026-02-04 06:49:20
INV_005498,ORD_005498,CUST_003974,MERCH_0031,799.00,INR,PAID,2026-01-13 20:39:06,2026-02-12 20:39:06
INV_005499,ORD_005499,CUST_000545,MERCH_0021,2597.00,EUR,PAID,2026-03-05 22:39:54,2026-04-04 22:39:54
INV_005500,ORD_005500,CUST_000389,MERCH_0006,39.75,USD,PAID,2026-01-15 09:47:38,2026-02-14 09:47:38
INV_005501,ORD_005501,CUST_000229,MERCH_0003,2127.50,USD,PAID,2026-03-04 03:26:55,2026-04-03 03:26:55
INV_005502,ORD_005502,CUST_000511,MERCH_0040,16.99,USD,PAID,2026-03-25 09:40:40,2026-04-24 09:40:40
INV_005503,ORD_005503,CUST_001638,MERCH_0050,21.99,EUR,PAID,2026-01-08 04:34:11,2026-02-07 04:34:11
INV_005504,ORD_005504,CUST_000270,MERCH_0018,59.99,GBP,PAID,2026-03-06 21:53:53,2026-04-05 21:53:53
INV_005505,ORD_005505,CUST_000305,MERCH_0062,203.49,GBP,OVERPAID,2026-01-27 18:54:24,2026-02-26 18:54:24
INV_005506,ORD_005506,CUST_000221,MERCH_0008,59.99,USD,PAID,2026-01-01 22:00:59,2026-01-31 22:00:59
INV_005507,ORD_005507,CUST_003890,MERCH_0081,4999.00,INR,PAID,2026-02-09 00:18:29,2026-03-11 00:18:29
INV_005508,ORD_005508,CUST_001586,MERCH_0083,65.25,CAD,PAID,2026-03-05 16:51:22,2026-04-04 16:51:22
INV_005509,ORD_005509,CUST_000320,MERCH_0017,562.00,EUR,PAID,2026-03-03 11:24:38,2026-04-02 11:24:38
INV_005510,ORD_005510,CUST_003559,MERCH_0012,540.80,EUR,PAID,2026-03-23 07:45:51,2026-04-22 07:45:51
INV_005511,ORD_005511,CUST_000364,MERCH_0003,366.75,USD,PAID,2026-02-03 00:09:14,2026-03-05 00:09:14
INV_005512,ORD_005512,CUST_001530,MERCH_0006,236.80,GBP,PAID,2026-03-19 00:50:55,2026-04-18 00:50:55
INV_005513,ORD_005513,CUST_003650,MERCH_0043,348.49,USD,OVERPAID,2026-03-28 13:16:53,2026-04-27 13:16:53
INV_005514,ORD_005514,CUST_003145,MERCH_0056,999.00,INR,PAID,2026-01-03 18:15:14,2026-02-02 18:15:14
INV_005515,ORD_005515,CUST_004635,MERCH_0054,1460.75,EUR,PAID,2026-01-22 12:01:08,2026-02-21 12:01:08
INV_005516,ORD_005516,CUST_000255,MERCH_0069,999.00,INR,PAID,2026-01-27 09:25:17,2026-02-26 09:25:17
INV_005517,ORD_005517,CUST_003068,MERCH_0035,360.49,CAD,PAID,2026-03-18 09:50:51,2026-04-17 09:50:51
INV_005518,ORD_005518,CUST_000929,MERCH_0071,74.49,EUR,PAID,2026-02-02 03:11:21,2026-03-04 03:11:21
INV_005519,ORD_005519,CUST_000783,MERCH_0074,636.00,GBP,PAID,2026-02-12 22:25:28,2026-03-14 22:25:28
INV_005520,ORD_005520,CUST_001273,MERCH_0004,1738.50,EUR,PAID,2026-03-09 21:16:25,2026-04-08 21:16:25
INV_005521,ORD_005521,CUST_000422,MERCH_0061,418.99,EUR,PAID,2026-02-10 01:50:56,2026-03-12 01:50:56
INV_005522,ORD_005522,CUST_004663,MERCH_0015,3493.80,USD,PAID,2026-03-14 15:18:59,2026-04-13 15:18:59
INV_005523,ORD_005523,CUST_000236,MERCH_0085,33.99,EUR,PAID,2026-01-09 06:41:16,2026-02-08 06:41:16
INV_005524,ORD_005524,CUST_004768,MERCH_0053,149.50,USD,PAID,2026-02-03 23:14:01,2026-03-05 23:14:01
INV_005525,ORD_005525,CUST_000241,MERCH_0081,362.49,EUR,PAID,2026-01-18 07:35:56,2026-02-17 07:35:56
INV_005526,ORD_005526,CUST_003151,MERCH_0037,1513.99,EUR,PAID,2026-02-27 04:58:28,2026-03-29 04:58:28
INV_005527,ORD_005527,CUST_002253,MERCH_0083,3459.75,EUR,PAID,2026-01-27 05:03:08,2026-02-26 05:03:08
INV_005528,ORD_005528,CUST_001123,MERCH_0058,30.80,USD,PAID,2026-03-01 14:11:08,2026-03-31 14:11:08
INV_005529,ORD_005529,CUST_004114,MERCH_0067,40.95,CAD,PAID,2026-03-13 02:43:02,2026-04-12 02:43:02
INV_005530,ORD_005530,CUST_001816,MERCH_0012,558.95,USD,PAID,2026-03-09 02:44:10,2026-04-08 02:44:10
INV_005531,ORD_005531,CUST_001049,MERCH_0044,431.75,USD,PAID,2026-01-11 20:32:54,2026-02-10 20:32:54
INV_005532,ORD_005532,CUST_002549,MERCH_0009,499.00,INR,PAID,2026-01-19 06:34:04,2026-02-18 06:34:04
INV_005533,ORD_005533,CUST_004682,MERCH_0033,37.75,GBP,PAID,2026-03-16 21:38:16,2026-04-15 21:38:16
INV_005534,ORD_005534,CUST_002803,MERCH_0075,251.75,USD,PAID,2026-03-26 23:37:46,2026-04-25 23:37:46
INV_005535,ORD_005535,CUST_004618,MERCH_0086,603.80,GBP,PAID,2026-01-21 14:48:38,2026-02-20 14:48:38
INV_005536,ORD_005536,CUST_000657,MERCH_0074,368.80,CAD,PAID,2026-01-26 19:43:37,2026-02-25 19:43:37
INV_005537,ORD_005537,CUST_000831,MERCH_0007,68.80,GBP,PAID,2026-02-22 01:22:00,2026-03-24 01:22:00
INV_005538,ORD_005538,CUST_000458,MERCH_0035,80.25,EUR,PAID,2026-01-09 01:22:29,2026-02-08 01:22:29
INV_005539,ORD_005539,CUST_003804,MERCH_0005,555.49,GBP,PAID,2026-01-24 18:55:51,2026-02-23 18:55:51
INV_005540,ORD_005540,CUST_004126,MERCH_0010,439.00,GBP,PAID,2026-03-22 22:52:07,2026-04-21 22:52:07
INV_005541,ORD_005541,CUST_001912,MERCH_0048,526.00,USD,PAID,2026-01-28 10:49:24,2026-02-27 10:49:24
INV_005542,ORD_005542,CUST_003747,MERCH_0018,419.75,USD,PAID,2026-02-13 12:35:46,2026-03-15 12:35:46
INV_005543,ORD_005543,CUST_004423,MERCH_0010,1356.49,USD,PAID,2026-02-09 19:45:08,2026-03-11 19:45:08
INV_005544,ORD_005544,CUST_000423,MERCH_0031,241.95,USD,PAID,2026-01-03 17:42:23,2026-02-02 17:42:23
INV_005545,ORD_005545,CUST_003340,MERCH_0014,62.49,GBP,PAID,2026-03-22 03:45:19,2026-04-21 03:45:19
INV_005546,ORD_005546,CUST_003893,MERCH_0008,448.25,USD,PAID,2026-01-23 17:08:08,2026-02-22 17:08:08
INV_005547,ORD_005547,CUST_001353,MERCH_0062,44.75,USD,PAID,2026-02-25 08:41:27,2026-03-27 08:41:27
INV_005548,ORD_005548,CUST_001885,MERCH_0064,255.50,EUR,PAID,2026-03-05 06:33:02,2026-04-04 06:33:02
INV_005549,ORD_005549,CUST_001795,MERCH_0045,157.49,GBP,PAID,2026-01-13 01:46:09,2026-02-12 01:46:09
INV_005550,ORD_005550,CUST_004832,MERCH_0080,523.95,GBP,OVERPAID,2026-02-21 11:49:14,2026-03-23 11:49:14
INV_005551,ORD_005551,CUST_004259,MERCH_0042,1001.80,USD,PAID,2026-01-03 20:29:20,2026-02-02 20:29:20
INV_005552,ORD_005552,CUST_002798,MERCH_0033,4999.00,INR,PAID,2026-03-23 23:50:49,2026-04-22 23:50:49
INV_005553,ORD_005553,CUST_002479,MERCH_0067,1499.00,INR,PAID,2026-02-01 14:11:07,2026-03-03 14:11:07
INV_005554,ORD_005554,CUST_001575,MERCH_0023,299.00,INR,PAID,2026-03-28 20:30:23,2026-04-27 20:30:23
INV_005555,ORD_005555,CUST_002819,MERCH_0060,16.49,USD,PAID,2026-02-16 17:50:21,2026-03-18 17:50:21
INV_005556,ORD_005556,CUST_003497,MERCH_0028,53.25,GBP,PAID,2026-02-21 10:19:30,2026-03-23 10:19:30
INV_005557,ORD_005557,CUST_001820,MERCH_0045,2331.00,USD,PAID,2026-01-07 18:23:45,2026-02-06 18:23:45
INV_005558,ORD_005558,CUST_003642,MERCH_0041,799.00,INR,PAID,2026-01-08 04:32:03,2026-02-07 04:32:03
INV_005559,ORD_005559,CUST_001661,MERCH_0045,363.80,EUR,PAID,2026-03-18 05:24:18,2026-04-17 05:24:18
INV_005560,ORD_005560,CUST_004312,MERCH_0054,244.50,USD,PAID,2026-03-25 23:59:14,2026-04-24 23:59:14
INV_005561,ORD_005561,CUST_001221,MERCH_0093,24.50,USD,PAID,2026-01-27 23:06:23,2026-02-26 23:06:23
INV_005562,ORD_005562,CUST_003605,MERCH_0079,34.00,USD,PAID,2026-01-11 12:18:17,2026-02-10 12:18:17
INV_005563,ORD_005563,CUST_001069,MERCH_0040,53.00,USD,PAID,2026-03-07 15:28:33,2026-04-06 15:28:33
INV_005564,ORD_005564,CUST_000800,MERCH_0082,62.75,GBP,PAID,2026-02-25 09:42:57,2026-03-27 09:42:57
INV_005565,ORD_005565,CUST_001452,MERCH_0004,68.49,USD,PAID,2026-03-28 10:06:49,2026-04-27 10:06:49
INV_005566,ORD_005566,CUST_004566,MERCH_0059,564.80,USD,PAID,2026-03-16 19:27:03,2026-04-15 19:27:03
INV_005567,ORD_005567,CUST_003784,MERCH_0089,260.80,EUR,PAID,2026-01-15 13:32:06,2026-02-14 13:32:06
INV_005568,ORD_005568,CUST_000229,MERCH_0078,340.25,USD,PAID,2026-03-11 15:32:59,2026-04-10 15:32:59
INV_005569,ORD_005569,CUST_002467,MERCH_0032,2499.00,INR,PAID,2026-02-05 19:27:36,2026-03-07 19:27:36
INV_005570,ORD_005570,CUST_001763,MERCH_0011,63.50,USD,PAID,2026-02-05 20:01:28,2026-03-07 20:01:28
INV_005571,ORD_005571,CUST_000983,MERCH_0029,2181.49,GBP,PAID,2026-01-21 06:42:57,2026-02-20 06:42:57
INV_005572,ORD_005572,CUST_001797,MERCH_0024,9999.00,INR,PAID,2026-03-27 14:44:03,2026-04-26 14:44:03
INV_005573,ORD_005573,CUST_002400,MERCH_0067,1499.00,INR,PAID,2026-02-07 19:15:35,2026-03-09 19:15:35
INV_005574,ORD_005574,CUST_000891,MERCH_0098,77.80,EUR,PAID,2026-02-20 05:02:17,2026-03-22 05:02:17
INV_005575,ORD_005575,CUST_001309,MERCH_0041,35.49,USD,PAID,2026-02-17 21:54:19,2026-03-19 21:54:19
INV_005576,ORD_005576,CUST_001675,MERCH_0082,1629.49,GBP,PAID,2026-03-15 21:22:08,2026-04-14 21:22:08
INV_005577,ORD_005577,CUST_001334,MERCH_0100,79.75,GBP,PAID,2026-03-23 19:41:59,2026-04-22 19:41:59
INV_005578,ORD_005578,CUST_001738,MERCH_0011,2238.75,EUR,PAID,2026-01-03 20:27:05,2026-02-02 20:27:05
INV_005579,ORD_005579,CUST_004739,MERCH_0015,529.25,USD,OVERPAID,2026-02-13 00:15:55,2026-03-15 00:15:55
INV_005580,ORD_005580,CUST_002219,MERCH_0013,453.50,GBP,PAID,2026-01-07 12:47:40,2026-02-06 12:47:40
INV_005581,ORD_005581,CUST_000910,MERCH_0021,32.80,EUR,PAID,2026-03-20 21:36:56,2026-04-19 21:36:56
INV_005582,ORD_005582,CUST_003303,MERCH_0078,69.80,EUR,PAID,2026-03-15 14:02:02,2026-04-14 14:02:02
INV_005583,ORD_005583,CUST_003534,MERCH_0019,539.25,CAD,PAID,2026-02-17 16:37:57,2026-03-19 16:37:57
INV_005584,ORD_005584,CUST_002856,MERCH_0070,67.49,GBP,PAID,2026-04-01 02:56:19,2026-05-01 02:56:19
INV_005585,ORD_005585,CUST_003850,MERCH_0032,79.95,EUR,PAID,2026-01-02 12:51:03,2026-02-01 12:51:03
INV_005586,ORD_005586,CUST_004036,MERCH_0098,599.50,EUR,PAID,2026-02-24 04:24:15,2026-03-26 04:24:15
INV_005587,ORD_005587,CUST_004737,MERCH_0093,1740.25,GBP,PAID,2026-01-22 02:17:05,2026-02-21 02:17:05
INV_005588,ORD_005588,CUST_003202,MERCH_0091,621.49,USD,PAID,2026-01-07 18:50:42,2026-02-06 18:50:42
INV_005589,ORD_005589,CUST_002879,MERCH_0085,2403.75,EUR,PAID,2026-01-19 20:34:41,2026-02-18 20:34:41
INV_005590,ORD_005590,CUST_002516,MERCH_0054,534.25,GBP,PAID,2026-01-17 01:20:14,2026-02-16 01:20:14
INV_005591,ORD_005591,CUST_001121,MERCH_0044,999.00,INR,PAID,2026-02-17 11:52:25,2026-03-19 11:52:25
INV_005592,ORD_005592,CUST_003976,MERCH_0099,395.95,GBP,PAID,2026-02-09 05:32:47,2026-03-11 05:32:47
INV_005593,ORD_005593,CUST_001880,MERCH_0016,126.25,USD,PAID,2026-01-09 01:18:01,2026-02-08 01:18:01
INV_005594,ORD_005594,CUST_002733,MERCH_0039,677.99,CAD,PAID,2026-01-12 17:28:23,2026-02-11 17:28:23
INV_005595,ORD_005595,CUST_004543,MERCH_0052,454.25,USD,PAID,2026-01-08 07:03:22,2026-02-07 07:03:22
INV_005596,ORD_005596,CUST_002641,MERCH_0061,38.95,USD,PAID,2026-01-03 09:57:51,2026-02-02 09:57:51
INV_005597,ORD_005597,CUST_003188,MERCH_0036,2189.95,GBP,PAID,2026-03-10 09:31:51,2026-04-09 09:31:51
INV_005598,ORD_005598,CUST_002921,MERCH_0092,299.00,EUR,PAID,2026-02-21 08:00:22,2026-03-23 08:00:22
INV_005599,ORD_005599,CUST_002505,MERCH_0049,393.25,USD,PAID,2026-01-05 08:13:13,2026-02-04 08:13:13
INV_005600,ORD_005600,CUST_001075,MERCH_0087,182.80,USD,PAID,2026-01-29 03:39:37,2026-02-28 03:39:37
INV_005601,ORD_005601,CUST_004030,MERCH_0043,9999.00,INR,PAID,2026-02-10 13:45:12,2026-03-12 13:45:12
INV_005602,ORD_005602,CUST_004546,MERCH_0039,50.25,EUR,PAID,2026-03-19 18:46:31,2026-04-18 18:46:31
INV_005603,ORD_005603,CUST_002383,MERCH_0047,157.49,USD,PAID,2026-03-14 13:37:24,2026-04-13 13:37:24
INV_005604,ORD_005604,CUST_001131,MERCH_0023,2379.99,GBP,PAID,2026-01-16 00:58:04,2026-02-15 00:58:04
INV_005605,ORD_005605,CUST_002477,MERCH_0018,3999.00,INR,PAID,2026-01-23 13:47:08,2026-02-22 13:47:08
INV_005606,ORD_005606,CUST_005000,MERCH_0069,3312.99,EUR,PAID,2026-03-10 17:56:38,2026-04-09 17:56:38
INV_005607,ORD_005607,CUST_000955,MERCH_0085,471.75,USD,PAID,2026-03-09 11:55:49,2026-04-08 11:55:49
INV_005608,ORD_005608,CUST_001423,MERCH_0022,93.80,CAD,OVERPAID,2026-03-11 15:40:18,2026-04-10 15:40:18
INV_005609,ORD_005609,CUST_002430,MERCH_0073,863.75,USD,PAID,2026-03-06 08:26:44,2026-04-05 08:26:44
INV_005610,ORD_005610,CUST_004266,MERCH_0018,1999.00,INR,PAID,2026-03-16 01:57:43,2026-04-15 01:57:43
INV_005611,ORD_005611,CUST_004807,MERCH_0005,146.49,USD,PAID,2026-01-22 11:18:03,2026-02-21 11:18:03
INV_005612,ORD_005612,CUST_001757,MERCH_0043,69.95,EUR,PAID,2026-03-03 08:47:41,2026-04-02 08:47:41
INV_005613,ORD_005613,CUST_003379,MERCH_0051,608.00,USD,PAID,2026-03-18 06:08:42,2026-04-17 06:08:42
INV_005614,ORD_005614,CUST_001079,MERCH_0082,63.99,USD,PAID,2026-01-04 02:08:12,2026-02-03 02:08:12
INV_005615,ORD_005615,CUST_001240,MERCH_0093,147.49,USD,PAID,2026-02-15 08:06:49,2026-03-17 08:06:49
INV_005616,ORD_005616,CUST_003329,MERCH_0061,106.00,GBP,PAID,2026-01-29 11:29:36,2026-02-28 11:29:36
INV_005617,ORD_005617,CUST_002748,MERCH_0004,474.99,EUR,PAID,2026-03-10 15:16:57,2026-04-09 15:16:57
INV_005618,ORD_005618,CUST_004582,MERCH_0099,24.50,EUR,PAID,2026-01-11 17:48:19,2026-02-10 17:48:19
INV_005619,ORD_005619,CUST_003468,MERCH_0054,457.50,USD,PAID,2026-02-19 06:12:53,2026-03-21 06:12:53
INV_005620,ORD_005620,CUST_002840,MERCH_0053,435.00,EUR,PAID,2026-03-27 05:43:32,2026-04-26 05:43:32
INV_005621,ORD_005621,CUST_000267,MERCH_0019,517.49,GBP,PAID,2026-03-11 06:57:59,2026-04-10 06:57:59
INV_005622,ORD_005622,CUST_002017,MERCH_0079,63.25,USD,OVERPAID,2026-02-25 05:02:06,2026-03-27 05:02:06
INV_005623,ORD_005623,CUST_002113,MERCH_0064,34.50,GBP,PAID,2026-03-03 05:42:39,2026-04-02 05:42:39
INV_005624,ORD_005624,CUST_000403,MERCH_0005,416.80,EUR,PAID,2026-03-09 16:02:59,2026-04-08 16:02:59
INV_005625,ORD_005625,CUST_001544,MERCH_0018,3999.00,INR,PAID,2026-02-26 03:57:03,2026-03-28 03:57:03
INV_005626,ORD_005626,CUST_003741,MERCH_0044,203.00,EUR,PAID,2026-02-19 20:04:12,2026-03-21 20:04:12
INV_005627,ORD_005627,CUST_003082,MERCH_0046,66.50,CAD,PAID,2026-01-03 00:16:31,2026-02-02 00:16:31
INV_005628,ORD_005628,CUST_000795,MERCH_0030,4999.00,INR,PAID,2026-02-05 15:44:02,2026-03-07 15:44:02
INV_005629,ORD_005629,CUST_002264,MERCH_0021,511.80,EUR,PAID,2026-02-10 03:16:10,2026-03-12 03:16:10
INV_005630,ORD_005630,CUST_000736,MERCH_0038,3201.00,CAD,PAID,2026-01-06 19:48:33,2026-02-05 19:48:33
INV_005631,ORD_005631,CUST_001442,MERCH_0022,58.99,CAD,PAID,2026-01-28 20:29:42,2026-02-27 20:29:42
INV_005632,ORD_005632,CUST_004698,MERCH_0037,135.49,USD,PAID,2026-01-10 07:23:39,2026-02-09 07:23:39
INV_005633,ORD_005633,CUST_004375,MERCH_0043,3304.75,GBP,PAID,2026-01-23 08:25:23,2026-02-22 08:25:23
INV_005634,ORD_005634,CUST_003996,MERCH_0081,41.99,EUR,PAID,2026-01-28 21:58:23,2026-02-27 21:58:23
INV_005635,ORD_005635,CUST_001680,MERCH_0093,25.75,USD,PAID,2026-02-06 18:48:10,2026-03-08 18:48:10
INV_005636,ORD_005636,CUST_003272,MERCH_0013,1866.25,USD,OVERPAID,2026-02-04 15:27:43,2026-03-06 15:27:43
INV_005637,ORD_005637,CUST_003311,MERCH_0097,80.99,GBP,PAID,2026-02-25 15:38:46,2026-03-27 15:38:46
INV_005638,ORD_005638,CUST_002778,MERCH_0019,299.00,INR,PAID,2026-02-09 18:15:07,2026-03-11 18:15:07
INV_005639,ORD_005639,CUST_000595,MERCH_0100,60.80,EUR,PAID,2026-01-10 04:35:20,2026-02-09 04:35:20
INV_005640,ORD_005640,CUST_003961,MERCH_0091,187.50,USD,PAID,2026-03-19 08:57:20,2026-04-18 08:57:20
INV_005641,ORD_005641,CUST_004928,MERCH_0096,299.00,INR,PAID,2026-03-28 06:23:29,2026-04-27 06:23:29
INV_005642,ORD_005642,CUST_003039,MERCH_0079,45.75,EUR,PAID,2026-02-05 15:05:40,2026-03-07 15:05:40
INV_005643,ORD_005643,CUST_004434,MERCH_0099,52.75,GBP,PAID,2026-02-20 20:19:54,2026-03-22 20:19:54
INV_005644,ORD_005644,CUST_003681,MERCH_0049,582.75,USD,PAID,2026-01-30 14:20:34,2026-03-01 14:20:34
INV_005645,ORD_005645,CUST_003389,MERCH_0047,18.99,CAD,PAID,2026-01-21 13:23:43,2026-02-20 13:23:43
INV_005646,ORD_005646,CUST_001085,MERCH_0034,50.49,CAD,PAID,2026-03-13 23:12:53,2026-04-12 23:12:53
INV_005647,ORD_005647,CUST_002088,MERCH_0044,799.00,INR,PAID,2026-02-12 08:50:41,2026-03-14 08:50:41
INV_005648,ORD_005648,CUST_001502,MERCH_0010,25.80,USD,PAID,2026-03-03 11:52:45,2026-04-02 11:52:45
INV_005649,ORD_005649,CUST_003989,MERCH_0086,373.50,CAD,PAID,2026-02-19 16:01:09,2026-03-21 16:01:09
INV_005650,ORD_005650,CUST_004688,MERCH_0098,139.25,EUR,PAID,2026-03-14 02:33:57,2026-04-13 02:33:57
INV_005651,ORD_005651,CUST_003465,MERCH_0095,33.00,USD,PAID,2026-02-22 22:29:22,2026-03-24 22:29:22
INV_005652,ORD_005652,CUST_003819,MERCH_0083,144.95,USD,PAID,2026-03-15 14:58:48,2026-04-14 14:58:48
INV_005653,ORD_005653,CUST_001041,MERCH_0021,271.95,GBP,PAID,2026-01-17 04:24:53,2026-02-16 04:24:53
INV_005655,ORD_005655,CUST_001537,MERCH_0091,567.75,USD,PAID,2026-01-16 00:03:39,2026-02-15 00:03:39
INV_005656,ORD_005656,CUST_003622,MERCH_0053,328.95,EUR,PAID,2026-01-07 10:38:54,2026-02-06 10:38:54
INV_005657,ORD_005657,CUST_003315,MERCH_0093,44.00,EUR,PAID,2026-01-14 08:36:18,2026-02-13 08:36:18
INV_005658,ORD_005658,CUST_004830,MERCH_0074,49.00,GBP,PAID,2026-01-10 20:12:59,2026-02-09 20:12:59
INV_005659,ORD_005659,CUST_004979,MERCH_0028,152.49,EUR,PAID,2026-03-16 00:11:38,2026-04-15 00:11:38
INV_005660,ORD_005660,CUST_000672,MERCH_0019,2399.49,GBP,PAID,2026-03-29 14:40:32,2026-04-28 14:40:32
INV_005661,ORD_005661,CUST_000750,MERCH_0046,27.80,USD,PAID,2026-03-16 02:14:00,2026-04-15 02:14:00
INV_005662,ORD_005662,CUST_001790,MERCH_0032,33.25,EUR,PAID,2026-01-10 10:55:57,2026-02-09 10:55:57
INV_005664,ORD_005664,CUST_002015,MERCH_0036,63.00,GBP,PAID,2026-03-27 00:28:57,2026-04-26 00:28:57
INV_005665,ORD_005665,CUST_002033,MERCH_0027,1640.50,EUR,PAID,2026-02-07 00:31:21,2026-03-09 00:31:21
INV_005666,ORD_005666,CUST_003518,MERCH_0036,399.95,EUR,PAID,2026-02-25 22:44:34,2026-03-27 22:44:34
INV_005667,ORD_005667,CUST_004285,MERCH_0039,42.99,CAD,PAID,2026-02-24 10:40:45,2026-03-26 10:40:45
INV_005668,ORD_005668,CUST_000467,MERCH_0024,31.80,EUR,PAID,2026-03-26 16:13:48,2026-04-25 16:13:48
INV_005669,ORD_005669,CUST_001199,MERCH_0054,579.99,EUR,PAID,2026-02-14 05:20:34,2026-03-16 05:20:34
INV_005670,ORD_005670,CUST_003897,MERCH_0006,76.50,CAD,PAID,2026-02-05 18:30:52,2026-03-07 18:30:52
INV_005671,ORD_005671,CUST_004055,MERCH_0009,576.80,USD,PAID,2026-02-20 05:25:08,2026-03-22 05:25:08
INV_005672,ORD_005672,CUST_003928,MERCH_0051,93.80,EUR,PAID,2026-03-09 16:25:56,2026-04-08 16:25:56
INV_005673,ORD_005673,CUST_003317,MERCH_0073,71.00,EUR,PAID,2026-02-16 11:14:52,2026-03-18 11:14:52
INV_005674,ORD_005674,CUST_003025,MERCH_0095,58.49,USD,PAID,2026-03-22 11:57:20,2026-04-21 11:57:20
INV_005675,ORD_005675,CUST_002227,MERCH_0079,2871.80,EUR,PAID,2026-03-29 08:20:05,2026-04-28 08:20:05
INV_005676,ORD_005676,CUST_003020,MERCH_0019,1499.00,INR,PAID,2026-03-07 23:02:20,2026-04-06 23:02:20
INV_005677,ORD_005677,CUST_002403,MERCH_0057,44.95,USD,PAID,2026-02-03 04:44:46,2026-03-05 04:44:46
INV_005678,ORD_005678,CUST_004293,MERCH_0068,71.75,USD,PAID,2026-03-31 02:19:40,2026-04-30 02:19:40
INV_005679,ORD_005679,CUST_002911,MERCH_0061,316.50,EUR,PAID,2026-03-22 14:38:55,2026-04-21 14:38:55
INV_005680,ORD_005680,CUST_002630,MERCH_0018,74.75,USD,PAID,2026-01-04 00:49:15,2026-02-03 00:49:15
INV_005681,ORD_005681,CUST_003854,MERCH_0023,1674.00,EUR,PAID,2026-02-20 14:56:41,2026-03-22 14:56:41
INV_005682,ORD_005682,CUST_000326,MERCH_0027,434.50,EUR,PAID,2026-01-20 10:24:54,2026-02-19 10:24:54
INV_005683,ORD_005683,CUST_003151,MERCH_0029,32.75,USD,PAID,2026-01-03 11:54:02,2026-02-02 11:54:02
INV_005684,ORD_005684,CUST_000053,MERCH_0041,556.95,USD,PAID,2026-02-12 09:08:36,2026-03-14 09:08:36
INV_005685,ORD_005685,CUST_003194,MERCH_0087,44.99,EUR,PAID,2026-03-07 16:42:45,2026-04-06 16:42:45
INV_005686,ORD_005686,CUST_001643,MERCH_0058,64.80,USD,PAID,2026-03-17 22:02:12,2026-04-16 22:02:12
INV_005687,ORD_005687,CUST_000499,MERCH_0010,73.49,USD,PAID,2026-03-29 12:36:39,2026-04-28 12:36:39
INV_005688,ORD_005688,CUST_002621,MERCH_0042,23.50,EUR,PAID,2026-02-20 01:04:38,2026-03-22 01:04:38
INV_005689,ORD_005689,CUST_000826,MERCH_0080,452.49,GBP,PAID,2026-01-28 22:25:09,2026-02-27 22:25:09
INV_005690,ORD_005690,CUST_001939,MERCH_0069,21.80,EUR,PAID,2026-01-11 23:41:06,2026-02-10 23:41:06
INV_005691,ORD_005691,CUST_004790,MERCH_0008,9999.00,INR,PAID,2026-03-06 16:41:26,2026-04-05 16:41:26
INV_005692,ORD_005692,CUST_003008,MERCH_0042,283.00,EUR,PAID,2026-01-15 14:09:49,2026-02-14 14:09:49
INV_005693,ORD_005693,CUST_000280,MERCH_0062,215.75,GBP,PAID,2026-03-25 04:01:05,2026-04-24 04:01:05
INV_005694,ORD_005694,CUST_000018,MERCH_0093,320.80,USD,PAID,2026-01-21 06:53:57,2026-02-20 06:53:57
INV_005695,ORD_005695,CUST_004969,MERCH_0094,60.49,EUR,PAID,2026-01-28 00:52:17,2026-02-27 00:52:17
INV_005696,ORD_005696,CUST_001360,MERCH_0089,110.49,CAD,PAID,2026-01-19 15:41:23,2026-02-18 15:41:23
INV_005697,ORD_005697,CUST_001971,MERCH_0052,499.00,INR,PAID,2026-03-29 01:19:35,2026-04-28 01:19:35
INV_005698,ORD_005698,CUST_000121,MERCH_0066,67.00,USD,PAID,2026-03-20 18:43:08,2026-04-19 18:43:08
INV_005699,ORD_005699,CUST_004201,MERCH_0089,799.00,INR,PAID,2026-02-27 12:59:38,2026-03-29 12:59:38
INV_005700,ORD_005700,CUST_001684,MERCH_0098,3999.00,INR,PAID,2026-03-07 07:00:21,2026-04-06 07:00:21
INV_005701,ORD_005701,CUST_002247,MERCH_0015,70.25,EUR,PAID,2026-01-16 20:33:33,2026-02-15 20:33:33
INV_005702,ORD_005702,CUST_000554,MERCH_0020,2499.00,INR,PAID,2026-03-09 04:37:21,2026-04-08 04:37:21
INV_005703,ORD_005703,CUST_003091,MERCH_0003,934.49,EUR,PAID,2026-03-05 12:17:31,2026-04-04 12:17:31
INV_005704,ORD_005704,CUST_001526,MERCH_0065,211.95,USD,PAID,2026-01-01 22:51:54,2026-01-31 22:51:54
INV_005705,ORD_005705,CUST_004887,MERCH_0013,74.99,GBP,PAID,2026-01-31 03:14:11,2026-03-02 03:14:11
INV_005706,ORD_005706,CUST_004246,MERCH_0078,15000.00,INR,PAID,2026-03-22 03:10:07,2026-04-21 03:10:07
INV_005707,ORD_005707,CUST_000201,MERCH_0057,53.99,GBP,PAID,2026-02-28 07:56:16,2026-03-30 07:56:16
INV_005708,ORD_005708,CUST_002596,MERCH_0025,204.49,GBP,PAID,2026-02-18 22:00:03,2026-03-20 22:00:03
INV_005709,ORD_005709,CUST_004721,MERCH_0072,4999.00,INR,PAID,2026-03-02 09:57:22,2026-04-01 09:57:22
INV_005710,ORD_005710,CUST_004553,MERCH_0012,151.95,USD,PAID,2026-02-21 01:21:09,2026-03-23 01:21:09
INV_005711,ORD_005711,CUST_000409,MERCH_0016,2499.00,INR,PAID,2026-02-27 15:11:16,2026-03-29 15:11:16
INV_005713,ORD_005713,CUST_004866,MERCH_0030,71.75,USD,PAID,2026-01-22 04:37:31,2026-02-21 04:37:31
INV_005714,ORD_005714,CUST_003995,MERCH_0039,57.80,EUR,OVERPAID,2026-01-09 09:54:02,2026-02-08 09:54:02
INV_005715,ORD_005715,CUST_001238,MERCH_0020,9999.00,INR,PAID,2026-03-11 13:52:32,2026-04-10 13:52:32
INV_005716,ORD_005716,CUST_004877,MERCH_0069,282.00,GBP,PAID,2026-03-01 19:34:39,2026-03-31 19:34:39
INV_005717,ORD_005717,CUST_004908,MERCH_0007,51.50,GBP,PAID,2026-01-15 20:39:15,2026-02-14 20:39:15
INV_005718,ORD_005718,CUST_000576,MERCH_0019,71.49,CAD,PAID,2026-02-14 00:51:28,2026-03-16 00:51:28
INV_005720,ORD_005720,CUST_003177,MERCH_0014,185.50,USD,PAID,2026-02-25 12:52:47,2026-03-27 12:52:47
INV_005721,ORD_005721,CUST_002052,MERCH_0069,377.75,USD,PAID,2026-01-04 22:38:07,2026-02-03 22:38:07
INV_005722,ORD_005722,CUST_001739,MERCH_0058,428.25,EUR,PAID,2026-01-28 02:48:35,2026-02-27 02:48:35
INV_005723,ORD_005723,CUST_002702,MERCH_0012,1196.50,USD,PAID,2026-03-11 18:49:13,2026-04-10 18:49:13
INV_005724,ORD_005724,CUST_003730,MERCH_0061,21.50,GBP,PAID,2026-03-27 11:49:35,2026-04-26 11:49:35
INV_005725,ORD_005725,CUST_004721,MERCH_0071,1999.00,INR,PAID,2026-02-12 06:04:18,2026-03-14 06:04:18
INV_005726,ORD_005726,CUST_004419,MERCH_0014,162.25,EUR,PAID,2026-02-15 19:43:08,2026-03-17 19:43:08
INV_005727,ORD_005727,CUST_001809,MERCH_0048,78.49,USD,PAID,2026-03-03 15:43:42,2026-04-02 15:43:42
INV_005728,ORD_005728,CUST_001464,MERCH_0052,345.50,GBP,PAID,2026-01-06 07:48:18,2026-02-05 07:48:18
INV_005729,ORD_005729,CUST_002988,MERCH_0034,319.49,USD,PAID,2026-01-02 15:16:06,2026-02-01 15:16:06
INV_005730,ORD_005730,CUST_002987,MERCH_0087,2469.80,GBP,PAID,2026-02-02 14:03:11,2026-03-04 14:03:11
INV_005731,ORD_005731,CUST_002931,MERCH_0005,46.99,USD,PAID,2026-02-11 00:21:22,2026-03-13 00:21:22
INV_005732,ORD_005732,CUST_001632,MERCH_0036,242.75,EUR,PAID,2026-03-03 04:49:10,2026-04-02 04:49:10
INV_005733,ORD_005733,CUST_002884,MERCH_0030,39.50,GBP,PAID,2026-03-02 10:28:23,2026-04-01 10:28:23
INV_005734,ORD_005734,CUST_001233,MERCH_0032,75.00,USD,PAID,2026-02-23 05:16:18,2026-03-25 05:16:18
INV_005735,ORD_005735,CUST_001001,MERCH_0010,432.75,GBP,PAID,2026-02-23 06:45:57,2026-03-25 06:45:57
INV_005736,ORD_005736,CUST_000638,MERCH_0089,42.95,GBP,PAID,2026-01-14 06:47:22,2026-02-13 06:47:22
INV_005737,ORD_005737,CUST_001627,MERCH_0073,44.80,EUR,PAID,2026-03-21 01:44:04,2026-04-20 01:44:04
INV_005738,ORD_005738,CUST_003394,MERCH_0079,18.75,CAD,PAID,2026-01-14 22:43:50,2026-02-13 22:43:50
INV_005739,ORD_005739,CUST_001611,MERCH_0032,44.80,USD,PAID,2026-01-21 16:33:39,2026-02-20 16:33:39
INV_005740,ORD_005740,CUST_001324,MERCH_0071,596.99,GBP,PAID,2026-03-01 18:55:09,2026-03-31 18:55:09
INV_005741,ORD_005741,CUST_002739,MERCH_0079,361.99,EUR,PAID,2026-01-07 19:27:42,2026-02-06 19:27:42
INV_005742,ORD_005742,CUST_003401,MERCH_0005,365.95,EUR,PAID,2026-01-24 13:49:20,2026-02-23 13:49:20
INV_005743,ORD_005743,CUST_000368,MERCH_0068,9999.00,INR,PAID,2026-01-27 14:59:17,2026-02-26 14:59:17
INV_005744,ORD_005744,CUST_001603,MERCH_0028,3999.00,INR,PAID,2026-03-04 00:15:01,2026-04-03 00:15:01
INV_005745,ORD_005745,CUST_003674,MERCH_0033,16.49,USD,PAID,2026-03-18 11:03:08,2026-04-17 11:03:08
INV_005746,ORD_005746,CUST_004803,MERCH_0014,560.80,EUR,PAID,2026-03-29 07:31:35,2026-04-28 07:31:35
INV_005747,ORD_005747,CUST_004131,MERCH_0003,314.80,GBP,PAID,2026-01-06 09:22:58,2026-02-05 09:22:58
INV_005748,ORD_005748,CUST_004263,MERCH_0063,31.00,USD,PAID,2026-01-28 17:40:27,2026-02-27 17:40:27
INV_005749,ORD_005749,CUST_000558,MERCH_0055,2585.25,EUR,PAID,2026-02-24 04:14:18,2026-03-26 04:14:18
INV_005750,ORD_005750,CUST_001307,MERCH_0064,2499.00,INR,PAID,2026-03-16 22:04:02,2026-04-15 22:04:02
INV_005751,ORD_005751,CUST_001710,MERCH_0090,438.49,EUR,PAID,2026-03-12 18:52:20,2026-04-11 18:52:20
INV_005752,ORD_005752,CUST_002408,MERCH_0029,3273.50,USD,PAID,2026-02-18 12:55:10,2026-03-20 12:55:10
INV_005753,ORD_005753,CUST_000412,MERCH_0099,66.75,EUR,PAID,2026-02-16 01:37:58,2026-03-18 01:37:58
INV_005754,ORD_005754,CUST_001381,MERCH_0086,1971.95,USD,PAID,2026-02-08 00:12:51,2026-03-10 00:12:51
INV_005755,ORD_005755,CUST_004701,MERCH_0041,644.49,USD,PAID,2026-02-27 22:24:15,2026-03-29 22:24:15
INV_005756,ORD_005756,CUST_001524,MERCH_0041,35.80,EUR,PAID,2026-03-27 00:12:53,2026-04-26 00:12:53
INV_005757,ORD_005757,CUST_003833,MERCH_0015,39.49,EUR,PAID,2026-01-12 00:12:08,2026-02-11 00:12:08
INV_005758,ORD_005758,CUST_002941,MERCH_0004,55.99,USD,PAID,2026-01-16 04:37:58,2026-02-15 04:37:58
INV_005759,ORD_005759,CUST_000586,MERCH_0023,3320.75,EUR,PAID,2026-03-15 04:38:47,2026-04-14 04:38:47
INV_005760,ORD_005760,CUST_002432,MERCH_0034,580.99,USD,PAID,2026-01-03 13:12:06,2026-02-02 13:12:06
INV_005761,ORD_005761,CUST_001333,MERCH_0022,74.49,EUR,PAID,2026-02-17 10:13:34,2026-03-19 10:13:34
INV_005762,ORD_005762,CUST_001939,MERCH_0048,66.00,GBP,PAID,2026-01-02 06:09:36,2026-02-01 06:09:36
INV_005763,ORD_005763,CUST_002485,MERCH_0007,50.95,USD,PAID,2026-01-14 11:48:19,2026-02-13 11:48:19
INV_005764,ORD_005764,CUST_004105,MERCH_0038,76.49,USD,PAID,2026-02-01 00:25:53,2026-03-03 00:25:53
INV_005765,ORD_005765,CUST_001154,MERCH_0031,644.00,USD,PAID,2026-03-12 09:55:19,2026-04-11 09:55:19
INV_005766,ORD_005766,CUST_001853,MERCH_0073,63.95,EUR,PAID,2026-01-16 20:35:12,2026-02-15 20:35:12
INV_005767,ORD_005767,CUST_004621,MERCH_0004,1527.99,GBP,PAID,2026-02-17 19:52:42,2026-03-19 19:52:42
INV_005768,ORD_005768,CUST_004268,MERCH_0002,587.50,EUR,PAID,2026-03-14 05:13:13,2026-04-13 05:13:13
INV_005769,ORD_005769,CUST_002067,MERCH_0073,66.80,USD,PAID,2026-02-20 18:07:17,2026-03-22 18:07:17
INV_005770,ORD_005770,CUST_000781,MERCH_0008,59.99,EUR,PAID,2026-02-15 13:45:19,2026-03-17 13:45:19
INV_005771,ORD_005771,CUST_003750,MERCH_0046,16.25,GBP,PAID,2026-01-19 20:59:42,2026-02-18 20:59:42
INV_005772,ORD_005772,CUST_000949,MERCH_0001,17.00,USD,PAID,2026-01-18 08:23:26,2026-02-17 08:23:26
INV_005773,ORD_005773,CUST_002775,MERCH_0052,1834.95,USD,PAID,2026-03-02 17:48:20,2026-04-01 17:48:20
INV_005774,ORD_005774,CUST_001616,MERCH_0002,41.50,EUR,PAID,2026-03-20 05:51:39,2026-04-19 05:51:39
INV_005775,ORD_005775,CUST_002445,MERCH_0067,51.25,EUR,PAID,2026-02-24 10:53:29,2026-03-26 10:53:29
INV_005776,ORD_005776,CUST_002498,MERCH_0071,65.50,EUR,PAID,2026-01-22 17:00:23,2026-02-21 17:00:23
INV_005777,ORD_005777,CUST_001169,MERCH_0065,600.50,EUR,PAID,2026-03-03 07:54:25,2026-04-02 07:54:25
INV_005778,ORD_005778,CUST_001401,MERCH_0027,2484.99,GBP,PAID,2026-03-18 22:58:21,2026-04-17 22:58:21
INV_005779,ORD_005779,CUST_000256,MERCH_0047,18.95,EUR,PAID,2026-02-12 14:13:33,2026-03-14 14:13:33
INV_005780,ORD_005780,CUST_004679,MERCH_0017,83.50,USD,PAID,2026-02-17 09:11:59,2026-03-19 09:11:59
INV_005781,ORD_005781,CUST_003710,MERCH_0031,15000.00,INR,PAID,2026-03-28 23:47:53,2026-04-27 23:47:53
INV_005782,ORD_005782,CUST_001483,MERCH_0008,60.00,GBP,PAID,2026-03-07 20:55:43,2026-04-06 20:55:43
INV_005783,ORD_005783,CUST_000199,MERCH_0014,554.80,EUR,PAID,2026-03-20 21:59:03,2026-04-19 21:59:03
INV_005784,ORD_005784,CUST_003968,MERCH_0025,229.25,CAD,PAID,2026-02-15 23:51:52,2026-03-17 23:51:52
INV_005785,ORD_005785,CUST_004218,MERCH_0022,1499.00,INR,PAID,2026-03-12 04:13:59,2026-04-11 04:13:59
INV_005786,ORD_005786,CUST_001737,MERCH_0024,171.25,USD,PAID,2026-02-24 03:34:29,2026-03-26 03:34:29
INV_005787,ORD_005787,CUST_002615,MERCH_0039,284.80,EUR,PAID,2026-02-02 05:53:37,2026-03-04 05:53:37
INV_005788,ORD_005788,CUST_001420,MERCH_0005,244.75,CAD,PAID,2026-03-13 15:49:16,2026-04-12 15:49:16
INV_005790,ORD_005790,CUST_000170,MERCH_0075,1999.00,INR,PAID,2026-03-20 12:23:40,2026-04-19 12:23:40
INV_005791,ORD_005791,CUST_004833,MERCH_0019,9999.00,INR,PAID,2026-03-05 11:43:11,2026-04-04 11:43:11
INV_005792,ORD_005792,CUST_002225,MERCH_0046,374.80,EUR,PAID,2026-01-02 09:41:07,2026-02-01 09:41:07
INV_005793,ORD_005793,CUST_004072,MERCH_0089,103.95,EUR,PAID,2026-01-10 18:14:10,2026-02-09 18:14:10
INV_005794,ORD_005794,CUST_004309,MERCH_0019,1668.75,CAD,PAID,2026-02-06 06:00:45,2026-03-08 06:00:45
INV_005795,ORD_005795,CUST_001237,MERCH_0052,67.80,USD,PAID,2026-04-01 06:28:58,2026-05-01 06:28:58
INV_005796,ORD_005796,CUST_004102,MERCH_0047,3316.50,USD,PAID,2026-03-17 10:40:10,2026-04-16 10:40:10
INV_005797,ORD_005797,CUST_002934,MERCH_0077,2852.95,CAD,PAID,2026-02-08 04:12:43,2026-03-10 04:12:43
INV_005798,ORD_005798,CUST_002393,MERCH_0094,226.75,USD,OVERPAID,2026-02-27 03:26:54,2026-03-29 03:26:54
INV_005799,ORD_005799,CUST_002087,MERCH_0040,29.75,GBP,PAID,2026-01-30 08:55:49,2026-03-01 08:55:49
INV_005801,ORD_005801,CUST_003556,MERCH_0083,280.00,GBP,PAID,2026-02-09 13:20:28,2026-03-11 13:20:28
INV_005802,ORD_005802,CUST_000857,MERCH_0060,441.00,CAD,PAID,2026-02-14 18:16:39,2026-03-16 18:16:39
INV_005803,ORD_005803,CUST_001094,MERCH_0018,3439.95,USD,PAID,2026-01-20 21:01:54,2026-02-19 21:01:54
INV_005804,ORD_005804,CUST_003233,MERCH_0058,2515.25,EUR,PAID,2026-02-05 02:18:31,2026-03-07 02:18:31
INV_005805,ORD_005805,CUST_002221,MERCH_0089,318.25,USD,PAID,2026-02-15 07:18:01,2026-03-17 07:18:01
INV_005806,ORD_005806,CUST_002030,MERCH_0087,15.25,GBP,PAID,2026-02-13 15:58:19,2026-03-15 15:58:19
INV_005807,ORD_005807,CUST_003360,MERCH_0100,59.95,GBP,PAID,2026-02-17 02:51:38,2026-03-19 02:51:38
INV_005808,ORD_005808,CUST_004947,MERCH_0096,62.49,EUR,PAID,2026-03-06 23:49:59,2026-04-05 23:49:59
INV_005809,ORD_005809,CUST_004548,MERCH_0086,345.75,GBP,PAID,2026-01-13 09:19:32,2026-02-12 09:19:32
INV_005810,ORD_005810,CUST_004986,MERCH_0061,136.75,CAD,PAID,2026-01-22 13:00:36,2026-02-21 13:00:36
INV_005811,ORD_005811,CUST_003157,MERCH_0087,1499.00,INR,PAID,2026-01-20 21:47:50,2026-02-19 21:47:50
INV_005812,ORD_005812,CUST_002568,MERCH_0068,23.49,USD,PAID,2026-01-09 04:43:54,2026-02-08 04:43:54
INV_005813,ORD_005813,CUST_001886,MERCH_0063,45.99,GBP,PAID,2026-03-27 05:57:51,2026-04-26 05:57:51
INV_005814,ORD_005814,CUST_001000,MERCH_0054,370.99,USD,PAID,2026-01-12 12:35:02,2026-02-11 12:35:02
INV_005815,ORD_005815,CUST_000080,MERCH_0039,22.49,CAD,PAID,2026-01-01 14:29:39,2026-01-31 14:29:39
INV_005816,ORD_005816,CUST_003379,MERCH_0055,184.25,CAD,PAID,2026-02-17 02:08:16,2026-03-19 02:08:16
INV_005817,ORD_005817,CUST_001652,MERCH_0046,289.75,CAD,PAID,2026-01-24 23:12:45,2026-02-23 23:12:45
INV_005818,ORD_005818,CUST_001582,MERCH_0004,276.80,USD,PAID,2026-01-09 16:28:05,2026-02-08 16:28:05
INV_005819,ORD_005819,CUST_002213,MERCH_0011,62.49,USD,PAID,2026-03-30 00:56:19,2026-04-29 00:56:19
INV_005820,ORD_005820,CUST_001145,MERCH_0059,61.75,EUR,PAID,2026-01-06 20:50:50,2026-02-05 20:50:50
INV_005821,ORD_005821,CUST_002791,MERCH_0046,881.80,EUR,PAID,2026-01-31 15:07:08,2026-03-02 15:07:08
INV_005822,ORD_005822,CUST_000813,MERCH_0006,2530.00,CAD,PAID,2026-01-14 05:06:08,2026-02-13 05:06:08
INV_005823,ORD_005823,CUST_004415,MERCH_0026,40.00,USD,PAID,2026-02-10 23:43:19,2026-03-12 23:43:19
INV_005824,ORD_005824,CUST_001131,MERCH_0082,56.00,USD,PAID,2026-03-26 07:28:37,2026-04-25 07:28:37
INV_005825,ORD_005825,CUST_002364,MERCH_0072,54.25,EUR,PAID,2026-01-09 15:11:17,2026-02-08 15:11:17
INV_005826,ORD_005826,CUST_003188,MERCH_0037,251.99,USD,PAID,2026-03-02 13:22:59,2026-04-01 13:22:59
INV_005827,ORD_005827,CUST_004681,MERCH_0026,433.25,EUR,PAID,2026-02-01 15:00:08,2026-03-03 15:00:08
INV_005828,ORD_005828,CUST_001033,MERCH_0049,9999.00,INR,PAID,2026-03-10 05:15:45,2026-04-09 05:15:45
INV_005829,ORD_005829,CUST_004456,MERCH_0013,470.50,USD,PAID,2026-03-05 10:30:58,2026-04-04 10:30:58
INV_005830,ORD_005830,CUST_004660,MERCH_0093,452.75,USD,PAID,2026-02-07 14:56:43,2026-03-09 14:56:43
INV_005831,ORD_005831,CUST_002858,MERCH_0056,1545.25,EUR,PAID,2026-01-15 04:34:49,2026-02-14 04:34:49
INV_005832,ORD_005832,CUST_003102,MERCH_0071,499.00,INR,PAID,2026-03-15 00:28:05,2026-04-14 00:28:05
INV_005833,ORD_005833,CUST_003074,MERCH_0018,241.49,USD,PAID,2026-03-31 21:51:47,2026-04-30 21:51:47
INV_005834,ORD_005834,CUST_004737,MERCH_0042,616.80,USD,PAID,2026-03-23 17:20:17,2026-04-22 17:20:17
INV_005835,ORD_005835,CUST_001418,MERCH_0049,3371.75,USD,PAID,2026-03-12 20:10:46,2026-04-11 20:10:46
INV_005836,ORD_005836,CUST_003735,MERCH_0056,15.50,EUR,PAID,2026-01-04 19:46:16,2026-02-03 19:46:16
INV_005837,ORD_005837,CUST_000772,MERCH_0013,414.00,GBP,PAID,2026-03-02 07:49:10,2026-04-01 07:49:10
INV_005838,ORD_005838,CUST_001590,MERCH_0018,58.75,EUR,PAID,2026-02-12 04:32:01,2026-03-14 04:32:01
INV_005839,ORD_005839,CUST_000978,MERCH_0028,33.50,USD,OVERPAID,2026-01-08 02:14:03,2026-02-07 02:14:03
INV_005840,ORD_005840,CUST_002420,MERCH_0063,9999.00,INR,PAID,2026-03-07 05:42:09,2026-04-06 05:42:09
INV_005841,ORD_005841,CUST_001835,MERCH_0032,331.99,USD,PAID,2026-01-28 10:06:51,2026-02-27 10:06:51
INV_005842,ORD_005842,CUST_003141,MERCH_0018,69.50,GBP,PAID,2026-03-18 02:41:49,2026-04-17 02:41:49
INV_005843,ORD_005843,CUST_001079,MERCH_0036,79.25,EUR,PAID,2026-03-06 13:44:36,2026-04-05 13:44:36
INV_005844,ORD_005844,CUST_001518,MERCH_0002,299.00,INR,PAID,2026-03-22 07:31:31,2026-04-21 07:31:31
INV_005845,ORD_005845,CUST_002342,MERCH_0010,335.75,USD,PAID,2026-01-07 18:25:37,2026-02-06 18:25:37
INV_005846,ORD_005846,CUST_000745,MERCH_0071,50.95,USD,PAID,2026-02-23 12:07:52,2026-03-25 12:07:52
INV_005847,ORD_005847,CUST_002758,MERCH_0089,4999.00,INR,PAID,2026-01-16 15:04:26,2026-02-15 15:04:26
INV_005848,ORD_005848,CUST_001161,MERCH_0029,3999.00,INR,PAID,2026-01-14 05:03:52,2026-02-13 05:03:52
INV_005849,ORD_005849,CUST_001965,MERCH_0014,44.95,EUR,PAID,2026-01-31 08:02:44,2026-03-02 08:02:44
INV_005850,ORD_005850,CUST_004736,MERCH_0029,274.75,USD,PAID,2026-03-29 00:32:38,2026-04-28 00:32:38
INV_005851,ORD_005851,CUST_000968,MERCH_0002,627.49,CAD,PAID,2026-01-18 06:08:26,2026-02-17 06:08:26
INV_005852,ORD_005852,CUST_000511,MERCH_0077,299.00,INR,PAID,2026-01-25 06:41:16,2026-02-24 06:41:16
INV_005853,ORD_005853,CUST_003346,MERCH_0037,109.25,USD,PAID,2026-02-24 13:58:41,2026-03-26 13:58:41
INV_005854,ORD_005854,CUST_004039,MERCH_0087,67.80,USD,PAID,2026-03-24 00:43:48,2026-04-23 00:43:48
INV_005855,ORD_005855,CUST_004477,MERCH_0070,58.80,USD,PAID,2026-03-31 12:09:04,2026-04-30 12:09:04
INV_005856,ORD_005856,CUST_003984,MERCH_0077,53.80,USD,PAID,2026-03-11 00:24:23,2026-04-10 00:24:23
INV_005857,ORD_005857,CUST_004182,MERCH_0097,499.00,INR,PAID,2026-03-01 20:50:31,2026-03-31 20:50:31
INV_005858,ORD_005858,CUST_004853,MERCH_0074,1885.75,EUR,PAID,2026-03-14 09:51:03,2026-04-13 09:51:03
INV_005859,ORD_005859,CUST_000189,MERCH_0065,799.00,INR,PAID,2026-02-14 14:59:53,2026-03-16 14:59:53
INV_005860,ORD_005860,CUST_004417,MERCH_0080,120.75,EUR,PAID,2026-01-02 01:12:20,2026-02-01 01:12:20
INV_005861,ORD_005861,CUST_003563,MERCH_0035,17.99,USD,PAID,2026-03-03 17:44:27,2026-04-02 17:44:27
INV_005862,ORD_005862,CUST_004569,MERCH_0006,68.50,EUR,PAID,2026-03-14 17:47:12,2026-04-13 17:47:12
INV_005863,ORD_005863,CUST_004699,MERCH_0047,78.95,USD,PAID,2026-01-25 01:46:55,2026-02-24 01:46:55
INV_005864,ORD_005864,CUST_002063,MERCH_0024,56.95,USD,PAID,2026-03-19 11:42:19,2026-04-18 11:42:19
INV_005865,ORD_005865,CUST_002535,MERCH_0063,384.49,USD,PAID,2026-02-11 21:52:39,2026-03-13 21:52:39
INV_005866,ORD_005866,CUST_000903,MERCH_0096,270.00,EUR,PAID,2026-03-18 16:08:29,2026-04-17 16:08:29
INV_005867,ORD_005867,CUST_004382,MERCH_0086,78.95,EUR,PAID,2026-02-25 21:04:32,2026-03-27 21:04:32
INV_005868,ORD_005868,CUST_004513,MERCH_0067,623.00,CAD,PAID,2026-01-14 15:28:19,2026-02-13 15:28:19
INV_005869,ORD_005869,CUST_000313,MERCH_0085,16.99,EUR,PAID,2026-03-06 16:30:13,2026-04-05 16:30:13
INV_005870,ORD_005870,CUST_003396,MERCH_0021,637.00,GBP,PAID,2026-02-26 00:51:28,2026-03-28 00:51:28
INV_005871,ORD_005871,CUST_000004,MERCH_0085,2716.80,USD,PAID,2026-02-27 06:19:27,2026-03-29 06:19:27
INV_005872,ORD_005872,CUST_000552,MERCH_0050,2532.50,EUR,PAID,2026-01-25 12:03:17,2026-02-24 12:03:17
INV_005873,ORD_005873,CUST_001506,MERCH_0056,568.25,GBP,PAID,2026-02-08 09:17:56,2026-03-10 09:17:56
INV_005874,ORD_005874,CUST_002354,MERCH_0068,73.25,USD,PAID,2026-01-30 20:45:15,2026-03-01 20:45:15
INV_005876,ORD_005876,CUST_002535,MERCH_0090,39.49,GBP,PAID,2026-03-05 10:35:38,2026-04-04 10:35:38
INV_005877,ORD_005877,CUST_001878,MERCH_0010,565.49,EUR,PAID,2026-01-16 00:02:10,2026-02-15 00:02:10
INV_005878,ORD_005878,CUST_000889,MERCH_0051,22.80,USD,PAID,2026-01-02 09:33:49,2026-02-01 09:33:49
INV_005879,ORD_005879,CUST_000465,MERCH_0038,21.95,GBP,PAID,2026-03-04 12:30:30,2026-04-03 12:30:30
INV_005880,ORD_005880,CUST_001101,MERCH_0093,224.80,GBP,PAID,2026-02-19 02:50:59,2026-03-21 02:50:59
INV_005881,ORD_005881,CUST_003464,MERCH_0015,568.95,GBP,PAID,2026-03-31 12:16:57,2026-04-30 12:16:57
INV_005882,ORD_005882,CUST_002586,MERCH_0020,645.99,EUR,PAID,2026-03-19 14:46:36,2026-04-18 14:46:36
INV_005883,ORD_005883,CUST_004760,MERCH_0046,38.75,CAD,PAID,2026-02-26 11:56:26,2026-03-28 11:56:26
INV_005884,ORD_005884,CUST_003255,MERCH_0015,3999.00,INR,PAID,2026-02-27 16:46:31,2026-03-29 16:46:31
INV_005886,ORD_005886,CUST_000762,MERCH_0025,999.00,INR,PAID,2026-02-01 17:47:03,2026-03-03 17:47:03
INV_005887,ORD_005887,CUST_003555,MERCH_0028,51.25,USD,PAID,2026-03-21 13:54:34,2026-04-20 13:54:34
INV_005888,ORD_005888,CUST_001501,MERCH_0081,56.50,EUR,PAID,2026-03-18 19:39:02,2026-04-17 19:39:02
INV_005889,ORD_005889,CUST_000552,MERCH_0041,336.95,EUR,PAID,2026-01-11 11:39:08,2026-02-10 11:39:08
INV_005890,ORD_005890,CUST_004638,MERCH_0079,1928.00,GBP,PAID,2026-03-21 14:21:51,2026-04-20 14:21:51
INV_005891,ORD_005891,CUST_002239,MERCH_0081,3178.99,EUR,PAID,2026-02-02 04:50:10,2026-03-04 04:50:10
INV_005892,ORD_005892,CUST_000691,MERCH_0040,33.95,CAD,PAID,2026-03-31 11:14:51,2026-04-30 11:14:51
INV_005893,ORD_005893,CUST_001108,MERCH_0047,799.00,INR,PAID,2026-02-28 08:47:55,2026-03-30 08:47:55
INV_005894,ORD_005894,CUST_003727,MERCH_0042,43.25,EUR,PAID,2026-01-18 19:57:55,2026-02-17 19:57:55
INV_005895,ORD_005895,CUST_002111,MERCH_0060,365.75,USD,PAID,2026-02-25 21:46:25,2026-03-27 21:46:25
INV_005896,ORD_005896,CUST_004238,MERCH_0013,48.99,USD,PAID,2026-03-20 02:11:36,2026-04-19 02:11:36
INV_005897,ORD_005897,CUST_003971,MERCH_0068,508.50,USD,PAID,2026-01-24 07:02:51,2026-02-23 07:02:51
INV_005898,ORD_005898,CUST_003204,MERCH_0030,9999.00,INR,PAID,2026-03-25 12:39:06,2026-04-24 12:39:06
INV_005899,ORD_005899,CUST_001305,MERCH_0011,2331.50,GBP,PAID,2026-03-14 19:24:09,2026-04-13 19:24:09
INV_005900,ORD_005900,CUST_003063,MERCH_0023,339.80,USD,PAID,2026-01-30 09:35:48,2026-03-01 09:35:48
INV_005901,ORD_005901,CUST_002285,MERCH_0002,74.49,GBP,PAID,2026-01-22 06:49:09,2026-02-21 06:49:09
INV_005902,ORD_005902,CUST_001379,MERCH_0087,75.95,EUR,PAID,2026-03-08 02:59:48,2026-04-07 02:59:48
INV_005903,ORD_005903,CUST_000205,MERCH_0035,420.99,EUR,PAID,2026-03-09 16:03:10,2026-04-08 16:03:10
INV_005904,ORD_005904,CUST_000389,MERCH_0057,649.95,EUR,PAID,2026-02-06 14:35:39,2026-03-08 14:35:39
INV_005905,ORD_005905,CUST_001772,MERCH_0083,80.95,GBP,PAID,2026-01-18 18:52:01,2026-02-17 18:52:01
INV_005906,ORD_005906,CUST_003931,MERCH_0082,30.50,USD,PAID,2026-01-09 18:38:28,2026-02-08 18:38:28
INV_005907,ORD_005907,CUST_003933,MERCH_0073,71.75,EUR,PAID,2026-02-14 17:19:47,2026-03-16 17:19:47
INV_005908,ORD_005908,CUST_002244,MERCH_0044,618.25,USD,PAID,2026-02-26 17:53:40,2026-03-28 17:53:40
INV_005909,ORD_005909,CUST_000857,MERCH_0089,592.25,EUR,PAID,2026-03-26 12:00:28,2026-04-25 12:00:28
INV_005910,ORD_005910,CUST_004269,MERCH_0086,1999.00,INR,PAID,2026-03-14 05:32:54,2026-04-13 05:32:54
INV_005911,ORD_005911,CUST_000073,MERCH_0058,3999.00,INR,PAID,2026-02-09 01:19:32,2026-03-11 01:19:32
INV_005912,ORD_005912,CUST_004744,MERCH_0024,2496.99,CAD,PAID,2026-03-18 13:10:49,2026-04-17 13:10:49
INV_005913,ORD_005913,CUST_002124,MERCH_0093,46.75,GBP,PAID,2026-03-26 17:44:12,2026-04-25 17:44:12
INV_005914,ORD_005914,CUST_000584,MERCH_0049,174.95,USD,PAID,2026-01-14 00:06:48,2026-02-13 00:06:48
INV_005915,ORD_005915,CUST_001551,MERCH_0058,499.00,INR,PAID,2026-01-11 09:21:54,2026-02-10 09:21:54
INV_005916,ORD_005916,CUST_003403,MERCH_0083,15000.00,INR,PAID,2026-03-31 17:46:23,2026-04-30 17:46:23
INV_005917,ORD_005917,CUST_001484,MERCH_0001,36.49,CAD,PAID,2026-03-05 08:26:30,2026-04-04 08:26:30
INV_005918,ORD_005918,CUST_001280,MERCH_0009,29.50,EUR,PAID,2026-01-31 10:36:37,2026-03-02 10:36:37
INV_005919,ORD_005919,CUST_004872,MERCH_0094,9999.00,INR,PAID,2026-02-16 09:44:03,2026-03-18 09:44:03
INV_005920,ORD_005920,CUST_004258,MERCH_0025,646.25,EUR,PAID,2026-01-05 22:16:38,2026-02-04 22:16:38
INV_005921,ORD_005921,CUST_002053,MERCH_0088,449.95,EUR,PAID,2026-03-23 06:36:42,2026-04-22 06:36:42
INV_005922,ORD_005922,CUST_000822,MERCH_0065,614.95,USD,PAID,2026-03-15 09:12:46,2026-04-14 09:12:46
INV_005923,ORD_005923,CUST_003871,MERCH_0091,34.25,GBP,PAID,2026-01-18 23:38:03,2026-02-17 23:38:03
INV_005924,ORD_005924,CUST_004419,MERCH_0014,499.00,INR,PAID,2026-01-30 12:28:21,2026-03-01 12:28:21
INV_005925,ORD_005925,CUST_000208,MERCH_0032,474.25,USD,PAID,2026-03-06 06:38:11,2026-04-05 06:38:11
INV_005926,ORD_005926,CUST_004253,MERCH_0082,517.80,USD,PAID,2026-03-12 04:42:02,2026-04-11 04:42:02
INV_005927,ORD_005927,CUST_003079,MERCH_0074,21.49,USD,PAID,2026-01-03 14:22:03,2026-02-02 14:22:03
INV_005929,ORD_005929,CUST_000486,MERCH_0069,378.49,GBP,PAID,2026-01-19 11:56:55,2026-02-18 11:56:55
INV_005930,ORD_005930,CUST_002598,MERCH_0037,66.50,CAD,PAID,2026-03-04 17:47:47,2026-04-03 17:47:47
INV_005931,ORD_005931,CUST_004735,MERCH_0059,24.50,USD,PAID,2026-02-14 09:21:27,2026-03-16 09:21:27
INV_005932,ORD_005932,CUST_004104,MERCH_0039,23.75,CAD,PAID,2026-01-08 03:25:05,2026-02-07 03:25:05
INV_005933,ORD_005933,CUST_003477,MERCH_0017,2499.00,INR,PAID,2026-03-27 16:20:48,2026-04-26 16:20:48
INV_005934,ORD_005934,CUST_002791,MERCH_0041,35.25,EUR,PAID,2026-03-29 08:45:27,2026-04-28 08:45:27
INV_005935,ORD_005935,CUST_004131,MERCH_0085,1499.00,INR,PAID,2026-03-18 22:49:10,2026-04-17 22:49:10
INV_005936,ORD_005936,CUST_003220,MERCH_0021,377.00,EUR,PAID,2026-03-21 07:26:03,2026-04-20 07:26:03
INV_005937,ORD_005937,CUST_003335,MERCH_0012,4999.00,INR,PAID,2026-03-27 20:34:38,2026-04-26 20:34:38
INV_005938,ORD_005938,CUST_004801,MERCH_0020,999.00,INR,PAID,2026-03-06 11:47:20,2026-04-05 11:47:20
INV_005939,ORD_005939,CUST_003670,MERCH_0078,155.00,CAD,PAID,2026-02-28 15:23:39,2026-03-30 15:23:39
INV_005940,ORD_005940,CUST_003556,MERCH_0073,2499.00,INR,PAID,2026-02-17 21:24:21,2026-03-19 21:24:21
INV_005941,ORD_005941,CUST_003635,MERCH_0027,1643.80,EUR,PAID,2026-03-21 14:36:56,2026-04-20 14:36:56
INV_005942,ORD_005942,CUST_004879,MERCH_0039,1621.75,USD,PAID,2026-01-09 15:25:22,2026-02-08 15:25:22
INV_005943,ORD_005943,CUST_000114,MERCH_0029,63.75,GBP,PAID,2026-02-23 17:35:08,2026-03-25 17:35:08
INV_005944,ORD_005944,CUST_000917,MERCH_0063,2862.49,USD,PAID,2026-02-04 07:56:36,2026-03-06 07:56:36
INV_005945,ORD_005945,CUST_001973,MERCH_0007,146.95,GBP,PAID,2026-01-16 18:27:41,2026-02-15 18:27:41
INV_005946,ORD_005946,CUST_002821,MERCH_0035,334.25,USD,PAID,2026-02-06 03:13:27,2026-03-08 03:13:27
INV_005947,ORD_005947,CUST_004153,MERCH_0043,3999.00,INR,PAID,2026-03-18 15:43:56,2026-04-17 15:43:56
INV_005948,ORD_005948,CUST_003804,MERCH_0022,1268.49,USD,PAID,2026-03-07 09:00:17,2026-04-06 09:00:17
INV_005949,ORD_005949,CUST_003137,MERCH_0062,499.00,INR,PAID,2026-01-21 06:49:08,2026-02-20 06:49:08
INV_005950,ORD_005950,CUST_000252,MERCH_0060,135.49,USD,PAID,2026-02-23 21:56:23,2026-03-25 21:56:23
INV_005951,ORD_005951,CUST_003600,MERCH_0088,51.75,USD,PAID,2026-02-08 16:45:29,2026-03-10 16:45:29
INV_005952,ORD_005952,CUST_004456,MERCH_0091,74.99,USD,PAID,2026-01-26 10:54:32,2026-02-25 10:54:32
INV_005953,ORD_005953,CUST_004544,MERCH_0080,172.50,GBP,PAID,2026-02-13 18:35:08,2026-03-15 18:35:08
INV_005954,ORD_005954,CUST_001475,MERCH_0062,4999.00,INR,PAID,2026-02-05 22:46:41,2026-03-07 22:46:41
INV_005955,ORD_005955,CUST_000989,MERCH_0004,66.25,USD,PAID,2026-03-25 08:54:43,2026-04-24 08:54:43
INV_005956,ORD_005956,CUST_003031,MERCH_0047,133.00,EUR,PAID,2026-02-23 22:54:33,2026-03-25 22:54:33
INV_005957,ORD_005957,CUST_001522,MERCH_0085,723.75,EUR,PAID,2026-03-04 09:35:31,2026-04-03 09:35:31
INV_005958,ORD_005958,CUST_003483,MERCH_0004,222.75,EUR,PAID,2026-01-25 03:25:23,2026-02-24 03:25:23
INV_005959,ORD_005959,CUST_004320,MERCH_0085,473.49,GBP,PAID,2026-02-14 06:34:03,2026-03-16 06:34:03
INV_005960,ORD_005960,CUST_000749,MERCH_0043,76.00,GBP,PAID,2026-02-11 00:08:16,2026-03-13 00:08:16
INV_005961,ORD_005961,CUST_000262,MERCH_0086,72.75,EUR,PAID,2026-01-03 06:55:24,2026-02-02 06:55:24
INV_005962,ORD_005962,CUST_002879,MERCH_0085,299.00,INR,PAID,2026-02-02 03:11:12,2026-03-04 03:11:12
INV_005963,ORD_005963,CUST_002662,MERCH_0008,31.95,USD,PAID,2026-01-19 11:51:16,2026-02-18 11:51:16
INV_005964,ORD_005964,CUST_004991,MERCH_0033,799.00,INR,PAID,2026-01-17 21:49:32,2026-02-16 21:49:32
INV_005965,ORD_005965,CUST_001662,MERCH_0066,24.75,USD,PAID,2026-01-25 05:21:12,2026-02-24 05:21:12
INV_005966,ORD_005966,CUST_000121,MERCH_0075,15000.00,INR,OVERPAID,2026-03-28 19:24:03,2026-04-27 19:24:03
INV_005967,ORD_005967,CUST_000252,MERCH_0016,580.00,USD,PAID,2026-03-23 19:45:52,2026-04-22 19:45:52
INV_005968,ORD_005968,CUST_001689,MERCH_0044,440.75,USD,PAID,2026-01-20 12:37:13,2026-02-19 12:37:13
INV_005969,ORD_005969,CUST_000323,MERCH_0059,127.49,USD,PAID,2026-03-18 03:40:25,2026-04-17 03:40:25
INV_005970,ORD_005970,CUST_003939,MERCH_0028,401.00,USD,PAID,2026-03-10 19:38:39,2026-04-09 19:38:39
INV_005971,ORD_005971,CUST_001936,MERCH_0051,4999.00,INR,PAID,2026-03-19 22:10:18,2026-04-18 22:10:18
INV_005972,ORD_005972,CUST_002877,MERCH_0022,999.00,INR,PAID,2026-03-28 11:47:35,2026-04-27 11:47:35
INV_005973,ORD_005973,CUST_003609,MERCH_0022,799.00,INR,PAID,2026-03-23 10:24:24,2026-04-22 10:24:24
INV_005974,ORD_005974,CUST_004240,MERCH_0082,53.50,USD,PAID,2026-02-15 09:05:09,2026-03-17 09:05:09
INV_005975,ORD_005975,CUST_000572,MERCH_0011,351.75,GBP,PAID,2026-01-01 15:54:44,2026-01-31 15:54:44
INV_005976,ORD_005976,CUST_003833,MERCH_0054,362.99,GBP,PAID,2026-03-25 05:08:45,2026-04-24 05:08:45
INV_005977,ORD_005977,CUST_003619,MERCH_0098,33.00,CAD,PAID,2026-01-07 12:35:19,2026-02-06 12:35:19
INV_005978,ORD_005978,CUST_001737,MERCH_0014,26.75,USD,PAID,2026-02-23 05:11:30,2026-03-25 05:11:30
INV_005979,ORD_005979,CUST_000413,MERCH_0083,39.99,GBP,PAID,2026-01-29 09:16:49,2026-02-28 09:16:49
INV_005980,ORD_005980,CUST_000015,MERCH_0088,108.80,USD,PAID,2026-02-26 18:31:00,2026-03-28 18:31:00
INV_005981,ORD_005981,CUST_000163,MERCH_0007,42.99,GBP,PAID,2026-03-23 17:07:53,2026-04-22 17:07:53
INV_005982,ORD_005982,CUST_000960,MERCH_0029,1499.00,INR,PAID,2026-01-27 02:45:06,2026-02-26 02:45:06
INV_005983,ORD_005983,CUST_002885,MERCH_0030,2345.50,GBP,PAID,2026-03-02 02:58:00,2026-04-01 02:58:00
INV_005984,ORD_005984,CUST_001879,MERCH_0098,73.50,GBP,PAID,2026-03-17 07:48:11,2026-04-16 07:48:11
INV_005985,ORD_005985,CUST_002120,MERCH_0099,27.49,GBP,PAID,2026-02-23 15:49:29,2026-03-25 15:49:29
INV_005986,ORD_005986,CUST_003220,MERCH_0047,335.49,USD,PAID,2026-03-02 02:19:05,2026-04-01 02:19:05
INV_005987,ORD_005987,CUST_004327,MERCH_0076,62.95,EUR,PAID,2026-02-24 18:12:12,2026-03-26 18:12:12
INV_005988,ORD_005988,CUST_004802,MERCH_0066,79.95,GBP,PAID,2026-01-26 03:03:18,2026-02-25 03:03:18
INV_005989,ORD_005989,CUST_004466,MERCH_0024,21.50,USD,PAID,2026-03-17 19:43:34,2026-04-16 19:43:34
INV_005991,ORD_005991,CUST_004242,MERCH_0016,122.75,USD,PAID,2026-02-15 06:35:33,2026-03-17 06:35:33
INV_005992,ORD_005992,CUST_001349,MERCH_0036,9999.00,INR,PAID,2026-03-19 00:10:00,2026-04-18 00:10:00
INV_005993,ORD_005993,CUST_004521,MERCH_0055,15000.00,INR,PAID,2026-01-08 01:28:47,2026-02-07 01:28:47
INV_005994,ORD_005994,CUST_002353,MERCH_0035,67.25,GBP,PAID,2026-02-12 07:52:16,2026-03-14 07:52:16
INV_005995,ORD_005995,CUST_002769,MERCH_0030,1192.49,EUR,PAID,2026-03-06 07:48:56,2026-04-05 07:48:56
INV_005996,ORD_005996,CUST_001522,MERCH_0077,352.99,USD,PAID,2026-02-15 16:08:04,2026-03-17 16:08:04
INV_005997,ORD_005997,CUST_003289,MERCH_0029,2692.95,GBP,PAID,2026-01-06 17:49:22,2026-02-05 17:49:22
INV_005998,ORD_005998,CUST_004987,MERCH_0001,34.50,USD,OVERPAID,2026-03-14 04:39:37,2026-04-13 04:39:37
INV_005999,ORD_005999,CUST_000212,MERCH_0014,1244.00,USD,PAID,2026-02-11 23:14:31,2026-03-13 23:14:31
INV_006000,ORD_006000,CUST_004178,MERCH_0073,53.49,USD,PAID,2026-01-02 20:36:54,2026-02-01 20:36:54
INV_006002,ORD_006002,CUST_001485,MERCH_0072,401.80,EUR,PAID,2026-03-18 10:58:28,2026-04-17 10:58:28
INV_006003,ORD_006003,CUST_004237,MERCH_0057,497.75,EUR,PAID,2026-03-24 20:19:38,2026-04-23 20:19:38
INV_006004,ORD_006004,CUST_002382,MERCH_0075,75.25,GBP,PAID,2026-03-08 19:04:26,2026-04-07 19:04:26
INV_006005,ORD_006005,CUST_000660,MERCH_0015,370.80,CAD,PAID,2026-03-17 01:41:05,2026-04-16 01:41:05
INV_006006,ORD_006006,CUST_001784,MERCH_0026,71.80,GBP,PAID,2026-02-16 17:42:06,2026-03-18 17:42:06
INV_006007,ORD_006007,CUST_004251,MERCH_0050,499.00,INR,PAID,2026-01-11 22:15:49,2026-02-10 22:15:49
INV_006008,ORD_006008,CUST_003958,MERCH_0007,37.50,EUR,PAID,2026-03-09 11:50:33,2026-04-08 11:50:33
INV_006009,ORD_006009,CUST_004811,MERCH_0081,50.25,USD,PAID,2026-03-28 12:58:25,2026-04-27 12:58:25
INV_006010,ORD_006010,CUST_000890,MERCH_0077,155.75,EUR,PAID,2026-03-12 17:48:54,2026-04-11 17:48:54
INV_006011,ORD_006011,CUST_004265,MERCH_0045,2051.95,USD,PAID,2026-01-15 16:24:29,2026-02-14 16:24:29
INV_006012,ORD_006012,CUST_001785,MERCH_0040,63.99,EUR,PAID,2026-02-22 21:55:53,2026-03-24 21:55:53
INV_006013,ORD_006013,CUST_000567,MERCH_0045,157.95,CAD,PAID,2026-01-07 03:00:15,2026-02-06 03:00:15
INV_006015,ORD_006015,CUST_000609,MERCH_0083,33.80,EUR,PAID,2026-01-28 00:23:15,2026-02-27 00:23:15
INV_006016,ORD_006016,CUST_001079,MERCH_0031,23.50,GBP,PAID,2026-01-31 15:22:03,2026-03-02 15:22:03
INV_006017,ORD_006017,CUST_000863,MERCH_0087,51.00,USD,PAID,2026-02-14 18:05:19,2026-03-16 18:05:19
INV_006018,ORD_006018,CUST_003944,MERCH_0016,1291.95,USD,OVERPAID,2026-01-17 19:16:31,2026-02-16 19:16:31
INV_006019,ORD_006019,CUST_001394,MERCH_0045,68.80,USD,PAID,2026-01-12 16:40:24,2026-02-11 16:40:24
INV_006020,ORD_006020,CUST_003464,MERCH_0031,64.25,GBP,PAID,2026-02-24 05:20:07,2026-03-26 05:20:07
INV_006021,ORD_006021,CUST_003172,MERCH_0074,314.50,GBP,PAID,2026-01-01 19:18:44,2026-01-31 19:18:44
INV_006023,ORD_006023,CUST_002367,MERCH_0099,30.75,EUR,PAID,2026-01-19 20:31:18,2026-02-18 20:31:18
INV_006024,ORD_006024,CUST_002343,MERCH_0093,2815.80,USD,PAID,2026-02-01 09:24:20,2026-03-03 09:24:20
INV_006025,ORD_006025,CUST_003883,MERCH_0075,41.00,USD,PAID,2026-03-01 05:38:20,2026-03-31 05:38:20
INV_006026,ORD_006026,CUST_004206,MERCH_0010,489.50,USD,PAID,2026-02-02 20:13:58,2026-03-04 20:13:58
INV_006027,ORD_006027,CUST_004895,MERCH_0001,516.99,USD,PAID,2026-01-21 15:58:35,2026-02-20 15:58:35
INV_006028,ORD_006028,CUST_004800,MERCH_0050,59.25,EUR,PAID,2026-03-14 06:16:21,2026-04-13 06:16:21
INV_006029,ORD_006029,CUST_002301,MERCH_0063,54.99,GBP,PAID,2026-01-05 00:49:50,2026-02-04 00:49:50
INV_006030,ORD_006030,CUST_004432,MERCH_0041,440.75,GBP,PAID,2026-03-05 07:34:43,2026-04-04 07:34:43
INV_006031,ORD_006031,CUST_000484,MERCH_0069,605.49,EUR,PAID,2026-03-24 16:57:49,2026-04-23 16:57:49
INV_006032,ORD_006032,CUST_000085,MERCH_0007,60.49,CAD,PAID,2026-02-08 19:41:15,2026-03-10 19:41:15
INV_006033,ORD_006033,CUST_002154,MERCH_0001,70.80,GBP,PAID,2026-02-20 07:04:50,2026-03-22 07:04:50
INV_006034,ORD_006034,CUST_000467,MERCH_0014,28.00,GBP,PAID,2026-02-28 14:09:57,2026-03-30 14:09:57
INV_006036,ORD_006036,CUST_003154,MERCH_0086,9999.00,INR,OVERPAID,2026-03-31 07:54:50,2026-04-30 07:54:50
INV_006037,ORD_006037,CUST_001810,MERCH_0005,799.00,INR,PAID,2026-03-29 06:56:04,2026-04-28 06:56:04
INV_006038,ORD_006038,CUST_003064,MERCH_0031,78.99,USD,PAID,2026-01-21 21:11:25,2026-02-20 21:11:25
INV_006039,ORD_006039,CUST_002597,MERCH_0017,3230.49,GBP,PAID,2026-01-04 00:54:33,2026-02-03 00:54:33
INV_006040,ORD_006040,CUST_003289,MERCH_0079,557.80,USD,PAID,2026-02-05 05:49:31,2026-03-07 05:49:31
INV_006041,ORD_006041,CUST_004198,MERCH_0002,9999.00,INR,PAID,2026-03-03 03:35:09,2026-04-02 03:35:09
INV_006042,ORD_006042,CUST_004163,MERCH_0055,54.25,GBP,PAID,2026-02-24 23:49:57,2026-03-26 23:49:57
INV_006044,ORD_006044,CUST_004574,MERCH_0027,41.49,USD,PAID,2026-02-22 19:53:23,2026-03-24 19:53:23
INV_006046,ORD_006046,CUST_002690,MERCH_0043,910.95,USD,PAID,2026-02-08 22:01:40,2026-03-10 22:01:40
INV_006047,ORD_006047,CUST_000231,MERCH_0050,60.75,CAD,PAID,2026-01-10 19:39:25,2026-02-09 19:39:25
INV_006048,ORD_006048,CUST_003000,MERCH_0083,9999.00,INR,PAID,2026-01-15 19:20:44,2026-02-14 19:20:44
INV_006049,ORD_006049,CUST_001506,MERCH_0098,15.00,USD,PAID,2026-02-02 03:42:33,2026-03-04 03:42:33
INV_006050,ORD_006050,CUST_004589,MERCH_0094,602.49,CAD,PAID,2026-02-26 02:18:41,2026-03-28 02:18:41
INV_006051,ORD_006051,CUST_004066,MERCH_0047,38.75,USD,PAID,2026-03-11 09:47:37,2026-04-10 09:47:37
INV_006052,ORD_006052,CUST_003301,MERCH_0072,43.99,USD,PAID,2026-03-15 22:58:52,2026-04-14 22:58:52
INV_006054,ORD_006054,CUST_001658,MERCH_0010,553.99,GBP,PAID,2026-01-19 02:30:21,2026-02-18 02:30:21
INV_006055,ORD_006055,CUST_004176,MERCH_0034,99.95,EUR,PAID,2026-01-15 05:21:44,2026-02-14 05:21:44
INV_006056,ORD_006056,CUST_003636,MERCH_0042,354.75,EUR,OVERPAID,2026-01-21 14:10:36,2026-02-20 14:10:36
INV_006057,ORD_006057,CUST_001111,MERCH_0006,464.50,EUR,PAID,2026-03-06 18:22:03,2026-04-05 18:22:03
INV_006059,ORD_006059,CUST_000120,MERCH_0021,578.75,USD,PAID,2026-02-16 01:24:34,2026-03-18 01:24:34
INV_006060,ORD_006060,CUST_001588,MERCH_0061,499.00,INR,PAID,2026-02-08 01:20:57,2026-03-10 01:20:57
INV_006061,ORD_006061,CUST_002318,MERCH_0060,53.49,GBP,PAID,2026-03-11 23:27:24,2026-04-10 23:27:24
INV_006062,ORD_006062,CUST_004706,MERCH_0020,17.95,GBP,PAID,2026-01-11 01:53:29,2026-02-10 01:53:29
INV_006063,ORD_006063,CUST_001250,MERCH_0066,1518.75,USD,PAID,2026-02-01 18:47:09,2026-03-03 18:47:09
INV_006064,ORD_006064,CUST_002836,MERCH_0081,286.99,USD,PAID,2026-01-30 13:42:12,2026-03-01 13:42:12
INV_006065,ORD_006065,CUST_003770,MERCH_0036,507.00,EUR,PAID,2026-02-23 00:47:04,2026-03-25 00:47:04
INV_006066,ORD_006066,CUST_004393,MERCH_0080,31.99,EUR,PAID,2026-02-07 05:50:10,2026-03-09 05:50:10
INV_006067,ORD_006067,CUST_002132,MERCH_0042,36.75,EUR,PAID,2026-02-22 11:54:36,2026-03-24 11:54:36
INV_006068,ORD_006068,CUST_000653,MERCH_0004,603.80,USD,PAID,2026-02-28 12:47:54,2026-03-30 12:47:54
INV_006069,ORD_006069,CUST_000260,MERCH_0060,20.50,EUR,PAID,2026-01-02 10:06:04,2026-02-01 10:06:04
INV_006070,ORD_006070,CUST_002310,MERCH_0060,1379.00,GBP,PAID,2026-03-20 06:24:22,2026-04-19 06:24:22
INV_006071,ORD_006071,CUST_002525,MERCH_0090,299.00,INR,PAID,2026-03-04 13:23:22,2026-04-03 13:23:22
INV_006072,ORD_006072,CUST_002940,MERCH_0007,1175.25,EUR,OVERPAID,2026-02-18 04:32:32,2026-03-20 04:32:32
INV_006073,ORD_006073,CUST_002665,MERCH_0021,25.50,CAD,PAID,2026-02-27 20:02:22,2026-03-29 20:02:22
INV_006074,ORD_006074,CUST_003538,MERCH_0015,15000.00,INR,PAID,2026-01-16 10:58:38,2026-02-15 10:58:38
INV_006075,ORD_006075,CUST_001763,MERCH_0011,51.75,USD,PAID,2026-02-17 17:36:45,2026-03-19 17:36:45
INV_006076,ORD_006076,CUST_000364,MERCH_0041,328.80,EUR,OVERPAID,2026-03-20 00:47:42,2026-04-19 00:47:42
INV_006077,ORD_006077,CUST_002581,MERCH_0036,2499.00,INR,PAID,2026-02-27 18:32:21,2026-03-29 18:32:21
INV_006078,ORD_006078,CUST_002740,MERCH_0079,35.25,GBP,PAID,2026-02-18 22:01:35,2026-03-20 22:01:35
INV_006079,ORD_006079,CUST_001799,MERCH_0082,68.50,USD,PAID,2026-03-18 20:13:26,2026-04-17 20:13:26
INV_006080,ORD_006080,CUST_004180,MERCH_0028,292.50,USD,PAID,2026-01-28 17:44:14,2026-02-27 17:44:14
INV_006081,ORD_006081,CUST_001227,MERCH_0041,2499.00,INR,PAID,2026-03-23 21:30:14,2026-04-22 21:30:14
INV_006082,ORD_006082,CUST_004297,MERCH_0016,125.00,GBP,PAID,2026-02-10 09:50:14,2026-03-12 09:50:14
INV_006083,ORD_006083,CUST_004619,MERCH_0007,385.25,GBP,PAID,2026-03-15 16:21:11,2026-04-14 16:21:11
INV_006084,ORD_006084,CUST_004026,MERCH_0098,58.00,EUR,PAID,2026-01-02 22:17:14,2026-02-01 22:17:14
INV_006085,ORD_006085,CUST_002098,MERCH_0063,186.25,EUR,PAID,2026-01-16 04:33:47,2026-02-15 04:33:47
INV_006086,ORD_006086,CUST_004654,MERCH_0015,21.95,USD,PAID,2026-03-13 03:36:42,2026-04-12 03:36:42
INV_006087,ORD_006087,CUST_004989,MERCH_0019,594.00,USD,PAID,2026-01-15 13:33:00,2026-02-14 13:33:00
INV_006088,ORD_006088,CUST_000885,MERCH_0085,705.80,CAD,OVERPAID,2026-03-26 10:08:31,2026-04-25 10:08:31
INV_006089,ORD_006089,CUST_004509,MERCH_0012,1121.00,EUR,PAID,2026-01-05 03:26:26,2026-02-04 03:26:26
INV_006090,ORD_006090,CUST_000944,MERCH_0024,35.75,GBP,PAID,2026-03-27 17:34:47,2026-04-26 17:34:47
INV_006091,ORD_006091,CUST_003560,MERCH_0058,605.80,USD,OVERPAID,2026-02-01 16:50:11,2026-03-03 16:50:11
INV_006092,ORD_006092,CUST_004386,MERCH_0080,3439.80,USD,PAID,2026-02-27 02:40:25,2026-03-29 02:40:25
INV_006093,ORD_006093,CUST_000173,MERCH_0065,35.50,USD,PAID,2026-02-18 13:40:47,2026-03-20 13:40:47
INV_006094,ORD_006094,CUST_000870,MERCH_0002,1375.50,USD,PAID,2026-01-30 15:26:29,2026-03-01 15:26:29
INV_006095,ORD_006095,CUST_000278,MERCH_0018,416.80,EUR,PAID,2026-01-26 22:45:26,2026-02-25 22:45:26
INV_006096,ORD_006096,CUST_004183,MERCH_0010,18.25,GBP,PAID,2026-01-30 19:03:48,2026-03-01 19:03:48
INV_006097,ORD_006097,CUST_001707,MERCH_0084,999.00,INR,PAID,2026-01-22 12:38:49,2026-02-21 12:38:49
INV_006098,ORD_006098,CUST_000432,MERCH_0019,61.75,USD,PAID,2026-03-08 06:57:42,2026-04-07 06:57:42
INV_006099,ORD_006099,CUST_001435,MERCH_0088,31.25,CAD,PAID,2026-01-24 10:15:30,2026-02-23 10:15:30
INV_006100,ORD_006100,CUST_000464,MERCH_0065,362.75,USD,PAID,2026-01-19 15:42:47,2026-02-18 15:42:47
INV_006101,ORD_006101,CUST_002416,MERCH_0046,57.99,EUR,PAID,2026-03-15 16:50:13,2026-04-14 16:50:13
INV_006102,ORD_006102,CUST_001536,MERCH_0021,641.49,USD,PAID,2026-03-01 10:53:23,2026-03-31 10:53:23
INV_006103,ORD_006103,CUST_003837,MERCH_0011,619.49,USD,PAID,2026-02-15 21:50:07,2026-03-17 21:50:07
INV_006104,ORD_006104,CUST_002753,MERCH_0076,2948.99,EUR,PAID,2026-02-09 13:19:19,2026-03-11 13:19:19
INV_006105,ORD_006105,CUST_003691,MERCH_0011,59.95,USD,PAID,2026-02-17 19:34:51,2026-03-19 19:34:51
INV_006106,ORD_006106,CUST_002752,MERCH_0062,24.50,EUR,PAID,2026-03-26 21:46:21,2026-04-25 21:46:21
INV_006107,ORD_006107,CUST_001483,MERCH_0013,1999.00,INR,PAID,2026-03-02 02:52:10,2026-04-01 02:52:10
INV_006108,ORD_006108,CUST_002661,MERCH_0025,72.95,EUR,PAID,2026-01-17 10:02:14,2026-02-16 10:02:14
INV_006109,ORD_006109,CUST_000341,MERCH_0014,54.99,GBP,OVERPAID,2026-01-26 23:56:10,2026-02-25 23:56:10
INV_006110,ORD_006110,CUST_001729,MERCH_0036,324.50,GBP,PAID,2026-01-07 19:39:44,2026-02-06 19:39:44
INV_006112,ORD_006112,CUST_001789,MERCH_0009,15000.00,INR,PAID,2026-03-22 14:11:14,2026-04-21 14:11:14
INV_006113,ORD_006113,CUST_003549,MERCH_0093,436.95,EUR,PAID,2026-01-10 22:08:55,2026-02-09 22:08:55
INV_006114,ORD_006114,CUST_001290,MERCH_0024,170.99,EUR,PAID,2026-01-24 11:00:29,2026-02-23 11:00:29
INV_006115,ORD_006115,CUST_004022,MERCH_0045,768.95,CAD,PAID,2026-01-03 20:36:46,2026-02-02 20:36:46
INV_006116,ORD_006116,CUST_004382,MERCH_0035,1245.75,USD,PAID,2026-02-06 03:58:18,2026-03-08 03:58:18
INV_006117,ORD_006117,CUST_003806,MERCH_0072,402.80,EUR,PAID,2026-01-19 16:58:08,2026-02-18 16:58:08
INV_006118,ORD_006118,CUST_002074,MERCH_0066,34.99,EUR,PAID,2026-03-05 22:41:26,2026-04-04 22:41:26
INV_006119,ORD_006119,CUST_001218,MERCH_0077,132.50,USD,PAID,2026-02-14 01:01:42,2026-03-16 01:01:42
INV_006120,ORD_006120,CUST_000340,MERCH_0016,28.49,CAD,PAID,2026-01-14 16:55:24,2026-02-13 16:55:24
INV_006121,ORD_006121,CUST_004067,MERCH_0092,53.80,GBP,PAID,2026-02-23 03:49:18,2026-03-25 03:49:18
INV_006122,ORD_006122,CUST_000031,MERCH_0094,2965.80,USD,PAID,2026-01-13 18:37:04,2026-02-12 18:37:04
INV_006123,ORD_006123,CUST_001021,MERCH_0030,147.99,EUR,PAID,2026-02-11 08:33:32,2026-03-13 08:33:32
INV_006124,ORD_006124,CUST_004062,MERCH_0085,66.95,EUR,PAID,2026-02-12 10:57:32,2026-03-14 10:57:32
INV_006125,ORD_006125,CUST_004290,MERCH_0071,400.95,GBP,PAID,2026-02-22 19:46:06,2026-03-24 19:46:06
INV_006126,ORD_006126,CUST_004155,MERCH_0035,1560.95,EUR,PAID,2026-02-19 22:30:19,2026-03-21 22:30:19
INV_006127,ORD_006127,CUST_002703,MERCH_0054,2377.80,GBP,PAID,2026-03-28 04:39:51,2026-04-27 04:39:51
INV_006128,ORD_006128,CUST_003819,MERCH_0012,1013.75,GBP,PAID,2026-03-22 21:16:47,2026-04-21 21:16:47
INV_006129,ORD_006129,CUST_003033,MERCH_0067,58.75,EUR,PAID,2026-01-03 14:47:21,2026-02-02 14:47:21
INV_006130,ORD_006130,CUST_000011,MERCH_0009,648.25,EUR,PAID,2026-01-29 08:43:56,2026-02-28 08:43:56
INV_006131,ORD_006131,CUST_001498,MERCH_0039,613.50,EUR,PAID,2026-01-21 07:26:14,2026-02-20 07:26:14
INV_006132,ORD_006132,CUST_000673,MERCH_0045,37.25,CAD,PAID,2026-03-19 15:04:34,2026-04-18 15:04:34
INV_006133,ORD_006133,CUST_000534,MERCH_0013,4999.00,INR,PAID,2026-03-03 04:20:27,2026-04-02 04:20:27
INV_006134,ORD_006134,CUST_002553,MERCH_0045,63.50,EUR,PAID,2026-02-15 17:09:11,2026-03-17 17:09:11
INV_006135,ORD_006135,CUST_000201,MERCH_0005,3419.49,EUR,PAID,2026-02-11 01:45:06,2026-03-13 01:45:06
INV_006136,ORD_006136,CUST_003847,MERCH_0020,39.00,USD,PAID,2026-03-17 20:03:31,2026-04-16 20:03:31
INV_006137,ORD_006137,CUST_002080,MERCH_0081,42.25,EUR,PAID,2026-03-08 11:28:56,2026-04-07 11:28:56
INV_006138,ORD_006138,CUST_004279,MERCH_0051,70.99,EUR,PAID,2026-03-24 20:05:16,2026-04-23 20:05:16
INV_006139,ORD_006139,CUST_002547,MERCH_0086,1127.99,GBP,PAID,2026-02-16 04:11:14,2026-03-18 04:11:14
INV_006140,ORD_006140,CUST_002625,MERCH_0018,1999.00,INR,PAID,2026-02-24 07:59:35,2026-03-26 07:59:35
INV_006141,ORD_006141,CUST_003907,MERCH_0044,449.25,USD,PAID,2026-01-10 06:46:49,2026-02-09 06:46:49
INV_006142,ORD_006142,CUST_002213,MERCH_0067,2571.80,USD,PAID,2026-03-14 06:27:42,2026-04-13 06:27:42
INV_006143,ORD_006143,CUST_004076,MERCH_0018,18.95,USD,PAID,2026-02-14 16:35:08,2026-03-16 16:35:08
INV_006144,ORD_006144,CUST_000821,MERCH_0070,499.00,INR,PAID,2026-02-16 08:47:37,2026-03-18 08:47:37
INV_006145,ORD_006145,CUST_001322,MERCH_0047,36.25,EUR,PAID,2026-03-30 20:24:12,2026-04-29 20:24:12
INV_006146,ORD_006146,CUST_001384,MERCH_0068,1499.00,INR,PAID,2026-03-17 09:53:50,2026-04-16 09:53:50
INV_006147,ORD_006147,CUST_001124,MERCH_0084,332.95,EUR,PAID,2026-01-12 05:48:44,2026-02-11 05:48:44
INV_006148,ORD_006148,CUST_003587,MERCH_0019,74.00,USD,PAID,2026-02-11 02:28:32,2026-03-13 02:28:32
INV_006149,ORD_006149,CUST_000504,MERCH_0060,67.75,EUR,PAID,2026-03-08 20:48:03,2026-04-07 20:48:03
INV_006150,ORD_006150,CUST_002055,MERCH_0053,137.25,GBP,PAID,2026-02-12 00:58:28,2026-03-14 00:58:28
INV_006151,ORD_006151,CUST_000330,MERCH_0076,30.50,USD,PAID,2026-03-18 06:36:14,2026-04-17 06:36:14
INV_006152,ORD_006152,CUST_004050,MERCH_0038,108.75,USD,PAID,2026-02-10 14:04:45,2026-03-12 14:04:45
INV_006153,ORD_006153,CUST_003997,MERCH_0002,75.95,USD,PAID,2026-02-26 17:27:58,2026-03-28 17:27:58
INV_006154,ORD_006154,CUST_002116,MERCH_0035,58.50,EUR,PAID,2026-03-23 13:19:19,2026-04-22 13:19:19
INV_006155,ORD_006155,CUST_002615,MERCH_0073,37.00,GBP,PAID,2026-01-31 05:38:52,2026-03-02 05:38:52
INV_006156,ORD_006156,CUST_002975,MERCH_0050,2182.80,USD,PAID,2026-01-20 20:28:05,2026-02-19 20:28:05
INV_006157,ORD_006157,CUST_003880,MERCH_0088,30.75,EUR,PAID,2026-01-26 23:20:07,2026-02-25 23:20:07
INV_006158,ORD_006158,CUST_003856,MERCH_0082,1999.00,INR,PAID,2026-01-03 14:06:29,2026-02-02 14:06:29
INV_006160,ORD_006160,CUST_001045,MERCH_0031,1012.25,EUR,PAID,2026-02-17 08:14:38,2026-03-19 08:14:38
INV_006161,ORD_006161,CUST_003757,MERCH_0016,56.99,EUR,PAID,2026-01-16 00:58:38,2026-02-15 00:58:38
INV_006162,ORD_006162,CUST_002521,MERCH_0023,313.00,GBP,PAID,2026-02-12 08:15:12,2026-03-14 08:15:12
INV_006163,ORD_006163,CUST_002227,MERCH_0045,46.25,USD,PAID,2026-01-17 23:40:30,2026-02-16 23:40:30
INV_006164,ORD_006164,CUST_003978,MERCH_0091,300.95,USD,PAID,2026-02-23 11:21:52,2026-03-25 11:21:52
INV_006165,ORD_006165,CUST_001482,MERCH_0059,59.50,CAD,PAID,2026-01-21 05:13:26,2026-02-20 05:13:26
INV_006166,ORD_006166,CUST_003693,MERCH_0044,38.49,GBP,PAID,2026-02-27 17:08:49,2026-03-29 17:08:49
INV_006167,ORD_006167,CUST_003988,MERCH_0013,4999.00,INR,PAID,2026-01-22 21:42:31,2026-02-21 21:42:31
INV_006168,ORD_006168,CUST_001169,MERCH_0009,90.25,GBP,PAID,2026-01-26 13:32:52,2026-02-25 13:32:52
INV_006169,ORD_006169,CUST_002000,MERCH_0039,937.49,GBP,PAID,2026-02-13 20:28:25,2026-03-15 20:28:25
INV_006170,ORD_006170,CUST_000412,MERCH_0054,62.75,GBP,PAID,2026-03-27 12:07:59,2026-04-26 12:07:59
INV_006171,ORD_006171,CUST_001525,MERCH_0060,72.99,USD,PAID,2026-01-23 22:44:34,2026-02-22 22:44:34
INV_006172,ORD_006172,CUST_003351,MERCH_0016,3099.25,EUR,PAID,2026-02-17 12:30:14,2026-03-19 12:30:14
INV_006173,ORD_006173,CUST_002731,MERCH_0100,31.49,GBP,PAID,2026-01-31 04:15:40,2026-03-02 04:15:40
INV_006174,ORD_006174,CUST_000808,MERCH_0086,36.00,EUR,PAID,2026-01-31 21:26:10,2026-03-02 21:26:10
INV_006175,ORD_006175,CUST_003933,MERCH_0068,59.80,EUR,PAID,2026-02-25 09:57:30,2026-03-27 09:57:30
INV_006177,ORD_006177,CUST_004147,MERCH_0064,509.49,USD,PAID,2026-03-03 20:48:52,2026-04-02 20:48:52
INV_006178,ORD_006178,CUST_004874,MERCH_0039,3999.00,INR,PAID,2026-02-27 06:10:43,2026-03-29 06:10:43
INV_006179,ORD_006179,CUST_000994,MERCH_0021,48.49,USD,PAID,2026-01-07 07:22:30,2026-02-06 07:22:30
INV_006180,ORD_006180,CUST_001861,MERCH_0076,284.75,USD,PAID,2026-01-24 23:22:54,2026-02-23 23:22:54
INV_006181,ORD_006181,CUST_001101,MERCH_0042,3999.00,INR,PAID,2026-03-14 13:26:17,2026-04-13 13:26:17
INV_006182,ORD_006182,CUST_001528,MERCH_0051,188.99,GBP,PAID,2026-03-20 13:09:59,2026-04-19 13:09:59
INV_006183,ORD_006183,CUST_000343,MERCH_0036,999.00,INR,PAID,2026-03-14 01:12:46,2026-04-13 01:12:46
INV_006184,ORD_006184,CUST_004328,MERCH_0015,118.00,GBP,OVERPAID,2026-03-30 13:52:50,2026-04-29 13:52:50
INV_006185,ORD_006185,CUST_004199,MERCH_0083,63.49,USD,PAID,2026-01-15 13:47:09,2026-02-14 13:47:09
INV_006186,ORD_006186,CUST_000172,MERCH_0097,2499.00,INR,PAID,2026-01-08 00:47:32,2026-02-07 00:47:32
INV_006187,ORD_006187,CUST_003015,MERCH_0078,169.25,USD,PAID,2026-02-18 07:27:25,2026-03-20 07:27:25
INV_006188,ORD_006188,CUST_001827,MERCH_0044,346.75,GBP,PAID,2026-03-23 05:32:37,2026-04-22 05:32:37
INV_006189,ORD_006189,CUST_001281,MERCH_0100,76.25,EUR,PAID,2026-01-21 12:01:18,2026-02-20 12:01:18
INV_006190,ORD_006190,CUST_000854,MERCH_0057,511.75,EUR,PAID,2026-03-29 06:26:53,2026-04-28 06:26:53
INV_006191,ORD_006191,CUST_003895,MERCH_0070,1608.95,EUR,PAID,2026-03-10 10:14:34,2026-04-09 10:14:34
INV_006192,ORD_006192,CUST_002909,MERCH_0086,299.00,INR,PAID,2026-03-22 05:30:30,2026-04-21 05:30:30
INV_006193,ORD_006193,CUST_003967,MERCH_0019,241.99,EUR,PAID,2026-03-14 12:14:54,2026-04-13 12:14:54
INV_006194,ORD_006194,CUST_002398,MERCH_0056,85.95,EUR,PAID,2026-01-26 10:12:48,2026-02-25 10:12:48
INV_006195,ORD_006195,CUST_001495,MERCH_0072,36.75,USD,PAID,2026-01-25 23:00:23,2026-02-24 23:00:23
INV_006196,ORD_006196,CUST_002227,MERCH_0050,104.25,EUR,PAID,2026-01-30 11:25:00,2026-03-01 11:25:00
INV_006197,ORD_006197,CUST_004677,MERCH_0055,1826.00,GBP,PAID,2026-01-31 16:14:45,2026-03-02 16:14:45
INV_006198,ORD_006198,CUST_002551,MERCH_0039,27.49,EUR,PAID,2026-02-09 21:59:52,2026-03-11 21:59:52
INV_006199,ORD_006199,CUST_001124,MERCH_0002,1788.75,CAD,PAID,2026-02-21 08:16:48,2026-03-23 08:16:48
INV_006200,ORD_006200,CUST_002687,MERCH_0043,36.80,USD,PAID,2026-03-15 14:24:40,2026-04-14 14:24:40
INV_006201,ORD_006201,CUST_001608,MERCH_0003,21.95,EUR,PAID,2026-03-11 10:34:49,2026-04-10 10:34:49
INV_006202,ORD_006202,CUST_004893,MERCH_0061,1499.00,INR,PAID,2026-01-06 04:56:52,2026-02-05 04:56:52
INV_006203,ORD_006203,CUST_004771,MERCH_0052,4999.00,INR,PAID,2026-02-09 18:51:58,2026-03-11 18:51:58
INV_006204,ORD_006204,CUST_004097,MERCH_0038,1419.25,USD,PAID,2026-03-26 16:53:19,2026-04-25 16:53:19
INV_006205,ORD_006205,CUST_000696,MERCH_0026,73.25,EUR,PAID,2026-01-31 23:37:44,2026-03-02 23:37:44
INV_006206,ORD_006206,CUST_004343,MERCH_0041,62.00,USD,PAID,2026-01-12 22:08:59,2026-02-11 22:08:59
INV_006207,ORD_006207,CUST_004017,MERCH_0048,119.95,EUR,PAID,2026-01-24 03:38:46,2026-02-23 03:38:46
INV_006208,ORD_006208,CUST_004049,MERCH_0067,615.00,GBP,PAID,2026-03-24 23:48:20,2026-04-23 23:48:20
INV_006209,ORD_006209,CUST_001922,MERCH_0068,22.50,EUR,PAID,2026-03-19 16:53:29,2026-04-18 16:53:29
INV_006210,ORD_006210,CUST_001301,MERCH_0030,32.50,EUR,PAID,2026-01-18 14:02:28,2026-02-17 14:02:28
INV_006211,ORD_006211,CUST_003223,MERCH_0019,25.75,CAD,PAID,2026-03-02 19:39:50,2026-04-01 19:39:50
INV_006212,ORD_006212,CUST_000309,MERCH_0084,358.49,GBP,PAID,2026-03-12 03:09:31,2026-04-11 03:09:31
INV_006213,ORD_006213,CUST_000190,MERCH_0026,572.95,CAD,PAID,2026-01-14 07:13:29,2026-02-13 07:13:29
INV_006214,ORD_006214,CUST_001687,MERCH_0030,206.00,USD,PAID,2026-03-04 21:49:47,2026-04-03 21:49:47
INV_006215,ORD_006215,CUST_001281,MERCH_0028,999.00,INR,PAID,2026-02-17 11:29:53,2026-03-19 11:29:53
INV_006216,ORD_006216,CUST_002133,MERCH_0031,2127.49,GBP,PAID,2026-01-09 15:37:35,2026-02-08 15:37:35
INV_006217,ORD_006217,CUST_001166,MERCH_0008,2046.25,CAD,PAID,2026-01-10 16:48:11,2026-02-09 16:48:11
INV_006219,ORD_006219,CUST_000065,MERCH_0039,999.00,INR,PAID,2026-03-03 13:15:41,2026-04-02 13:15:41
INV_006220,ORD_006220,CUST_004946,MERCH_0076,266.75,EUR,PAID,2026-03-12 13:48:59,2026-04-11 13:48:59
INV_006221,ORD_006221,CUST_003422,MERCH_0001,37.50,USD,PAID,2026-03-11 02:53:24,2026-04-10 02:53:24
INV_006222,ORD_006222,CUST_003397,MERCH_0080,169.80,USD,PAID,2026-02-15 08:16:56,2026-03-17 08:16:56
INV_006223,ORD_006223,CUST_000700,MERCH_0096,999.00,INR,PAID,2026-03-10 14:24:39,2026-04-09 14:24:39
INV_006224,ORD_006224,CUST_001629,MERCH_0029,70.95,EUR,PAID,2026-03-09 02:12:34,2026-04-08 02:12:34
INV_006225,ORD_006225,CUST_003896,MERCH_0050,981.49,USD,PAID,2026-03-10 17:45:37,2026-04-09 17:45:37
INV_006226,ORD_006226,CUST_003136,MERCH_0075,1580.50,GBP,PAID,2026-03-31 14:17:15,2026-04-30 14:17:15
INV_006227,ORD_006227,CUST_004688,MERCH_0028,550.25,USD,PAID,2026-02-11 20:12:22,2026-03-13 20:12:22
INV_006228,ORD_006228,CUST_002894,MERCH_0013,22.80,USD,PAID,2026-03-03 11:02:20,2026-04-02 11:02:20
INV_006229,ORD_006229,CUST_002797,MERCH_0089,15000.00,INR,PAID,2026-02-26 02:58:57,2026-03-28 02:58:57
INV_006231,ORD_006231,CUST_000656,MERCH_0091,68.00,GBP,PAID,2026-02-01 06:55:02,2026-03-03 06:55:02
INV_006232,ORD_006232,CUST_003742,MERCH_0085,3420.75,USD,PAID,2026-03-19 09:59:14,2026-04-18 09:59:14
INV_006233,ORD_006233,CUST_004957,MERCH_0035,67.25,GBP,PAID,2026-03-26 01:28:27,2026-04-25 01:28:27
INV_006235,ORD_006235,CUST_004607,MERCH_0095,1436.49,GBP,PAID,2026-01-18 15:04:51,2026-02-17 15:04:51
INV_006236,ORD_006236,CUST_004867,MERCH_0051,241.50,EUR,PAID,2026-01-07 16:16:46,2026-02-06 16:16:46
INV_006237,ORD_006237,CUST_000182,MERCH_0056,31.25,EUR,PAID,2026-02-24 09:08:49,2026-03-26 09:08:49
INV_006238,ORD_006238,CUST_000960,MERCH_0007,383.95,GBP,PAID,2026-03-11 10:47:21,2026-04-10 10:47:21
INV_006239,ORD_006239,CUST_000034,MERCH_0054,499.00,INR,PAID,2026-03-06 20:35:19,2026-04-05 20:35:19
INV_006240,ORD_006240,CUST_000181,MERCH_0039,34.00,USD,PAID,2026-01-26 17:09:39,2026-02-25 17:09:39
INV_006242,ORD_006242,CUST_004952,MERCH_0050,56.99,EUR,PAID,2026-01-30 12:15:16,2026-03-01 12:15:16
INV_006243,ORD_006243,CUST_002841,MERCH_0002,918.50,USD,PAID,2026-03-15 08:56:52,2026-04-14 08:56:52
INV_006244,ORD_006244,CUST_001482,MERCH_0023,590.95,USD,PAID,2026-01-27 23:31:27,2026-02-26 23:31:27
INV_006245,ORD_006245,CUST_003335,MERCH_0011,1999.00,INR,PAID,2026-01-14 21:28:39,2026-02-13 21:28:39
INV_006246,ORD_006246,CUST_000211,MERCH_0040,1514.49,USD,PAID,2026-01-14 22:29:21,2026-02-13 22:29:21
INV_006247,ORD_006247,CUST_001477,MERCH_0076,2333.49,EUR,PAID,2026-03-19 13:42:20,2026-04-18 13:42:20
INV_006248,ORD_006248,CUST_004194,MERCH_0028,79.49,USD,PAID,2026-02-06 08:44:26,2026-03-08 08:44:26
INV_006249,ORD_006249,CUST_000248,MERCH_0088,89.75,CAD,PAID,2026-02-01 15:59:39,2026-03-03 15:59:39
INV_006250,ORD_006250,CUST_001640,MERCH_0049,319.00,USD,PAID,2026-03-23 13:14:47,2026-04-22 13:14:47
INV_006251,ORD_006251,CUST_003833,MERCH_0031,47.75,EUR,PAID,2026-02-14 22:23:27,2026-03-16 22:23:27
INV_006252,ORD_006252,CUST_001390,MERCH_0025,999.00,INR,PAID,2026-03-04 22:01:53,2026-04-03 22:01:53
INV_006253,ORD_006253,CUST_001993,MERCH_0039,49.00,CAD,PAID,2026-01-22 11:18:21,2026-02-21 11:18:21
INV_006254,ORD_006254,CUST_003094,MERCH_0051,2316.99,USD,PAID,2026-01-25 16:33:57,2026-02-24 16:33:57
INV_006255,ORD_006255,CUST_001399,MERCH_0077,193.99,CAD,PAID,2026-02-08 23:26:02,2026-03-10 23:26:02
INV_006256,ORD_006256,CUST_001670,MERCH_0068,1578.25,USD,PAID,2026-02-11 04:10:25,2026-03-13 04:10:25
INV_006257,ORD_006257,CUST_002626,MERCH_0084,425.99,USD,PAID,2026-02-03 00:23:38,2026-03-05 00:23:38
INV_006258,ORD_006258,CUST_004409,MERCH_0029,54.95,USD,PAID,2026-02-10 21:50:19,2026-03-12 21:50:19
INV_006259,ORD_006259,CUST_004217,MERCH_0046,499.00,INR,PAID,2026-01-07 13:43:27,2026-02-06 13:43:27
INV_006260,ORD_006260,CUST_002480,MERCH_0005,185.50,USD,PAID,2026-03-12 22:10:08,2026-04-11 22:10:08
INV_006261,ORD_006261,CUST_004324,MERCH_0096,420.25,USD,PAID,2026-01-11 21:49:37,2026-02-10 21:49:37
INV_006262,ORD_006262,CUST_002390,MERCH_0025,1999.00,INR,PAID,2026-03-11 03:27:30,2026-04-10 03:27:30
INV_006263,ORD_006263,CUST_004048,MERCH_0038,404.50,GBP,PAID,2026-02-10 20:16:17,2026-03-12 20:16:17
INV_006264,ORD_006264,CUST_000393,MERCH_0020,473.49,USD,PAID,2026-02-06 07:18:10,2026-03-08 07:18:10
INV_006265,ORD_006265,CUST_004792,MERCH_0087,2424.80,EUR,PAID,2026-02-12 16:35:15,2026-03-14 16:35:15
INV_006266,ORD_006266,CUST_003818,MERCH_0075,3999.00,INR,PAID,2026-02-09 07:44:32,2026-03-11 07:44:32
INV_006267,ORD_006267,CUST_001903,MERCH_0093,2499.00,INR,PAID,2026-01-11 09:04:24,2026-02-10 09:04:24
INV_006268,ORD_006268,CUST_001662,MERCH_0046,1581.50,GBP,PAID,2026-02-02 20:36:31,2026-03-04 20:36:31
INV_006269,ORD_006269,CUST_004792,MERCH_0082,1999.00,INR,PAID,2026-01-20 19:18:28,2026-02-19 19:18:28
INV_006270,ORD_006270,CUST_002680,MERCH_0010,2583.50,EUR,PAID,2026-02-20 19:42:44,2026-03-22 19:42:44
INV_006271,ORD_006271,CUST_004538,MERCH_0086,347.00,USD,PAID,2026-02-02 22:43:25,2026-03-04 22:43:25
INV_006273,ORD_006273,CUST_003270,MERCH_0074,49.00,EUR,PAID,2026-02-14 14:46:49,2026-03-16 14:46:49
INV_006274,ORD_006274,CUST_003898,MERCH_0029,2327.49,USD,PAID,2026-01-31 23:01:45,2026-03-02 23:01:45
INV_006275,ORD_006275,CUST_003653,MERCH_0066,37.50,USD,PAID,2026-03-07 04:14:38,2026-04-06 04:14:38
INV_006276,ORD_006276,CUST_004249,MERCH_0052,67.95,GBP,PAID,2026-02-05 01:21:45,2026-03-07 01:21:45
INV_006277,ORD_006277,CUST_003863,MERCH_0037,179.80,EUR,PAID,2026-01-09 05:33:32,2026-02-08 05:33:32
INV_006278,ORD_006278,CUST_004630,MERCH_0068,425.49,EUR,PAID,2026-03-02 11:23:21,2026-04-01 11:23:21
INV_006279,ORD_006279,CUST_000097,MERCH_0072,44.75,USD,PAID,2026-01-26 00:39:30,2026-02-25 00:39:30
INV_006280,ORD_006280,CUST_003860,MERCH_0054,48.25,USD,PAID,2026-01-04 13:23:37,2026-02-03 13:23:37
INV_006281,ORD_006281,CUST_003753,MERCH_0090,34.95,CAD,PAID,2026-03-04 03:10:32,2026-04-03 03:10:32
INV_006282,ORD_006282,CUST_000995,MERCH_0069,384.00,CAD,PAID,2026-01-25 03:43:25,2026-02-24 03:43:25
INV_006283,ORD_006283,CUST_004027,MERCH_0070,385.75,EUR,PAID,2026-03-27 05:02:42,2026-04-26 05:02:42
INV_006284,ORD_006284,CUST_003471,MERCH_0021,80.95,USD,PAID,2026-03-03 17:51:21,2026-04-02 17:51:21
INV_006285,ORD_006285,CUST_004392,MERCH_0038,777.50,USD,PAID,2026-02-22 05:45:35,2026-03-24 05:45:35
INV_006286,ORD_006286,CUST_003519,MERCH_0025,55.50,USD,PAID,2026-02-04 01:19:31,2026-03-06 01:19:31
INV_006287,ORD_006287,CUST_000839,MERCH_0046,23.49,USD,PAID,2026-02-03 17:24:15,2026-03-05 17:24:15
INV_006288,ORD_006288,CUST_001554,MERCH_0020,1086.95,USD,PAID,2026-02-28 07:48:10,2026-03-30 07:48:10
INV_006289,ORD_006289,CUST_004120,MERCH_0027,70.99,GBP,PAID,2026-01-20 16:59:39,2026-02-19 16:59:39
INV_006290,ORD_006290,CUST_002271,MERCH_0069,2527.99,GBP,PAID,2026-02-22 10:31:44,2026-03-24 10:31:44
INV_006291,ORD_006291,CUST_003733,MERCH_0028,499.00,INR,PAID,2026-01-02 22:51:59,2026-02-01 22:51:59
INV_006292,ORD_006292,CUST_001642,MERCH_0034,166.95,GBP,PAID,2026-01-14 18:20:08,2026-02-13 18:20:08
INV_006293,ORD_006293,CUST_002399,MERCH_0016,38.99,GBP,PAID,2026-02-04 05:56:13,2026-03-06 05:56:13
INV_006294,ORD_006294,CUST_000460,MERCH_0014,3038.75,EUR,PAID,2026-01-17 21:30:01,2026-02-16 21:30:01
INV_006295,ORD_006295,CUST_001909,MERCH_0093,1499.00,INR,PAID,2026-02-25 09:14:13,2026-03-27 09:14:13
INV_006296,ORD_006296,CUST_000008,MERCH_0087,499.00,INR,PAID,2026-02-14 05:44:27,2026-03-16 05:44:27
INV_006297,ORD_006297,CUST_002129,MERCH_0025,596.99,USD,PAID,2026-01-31 20:22:24,2026-03-02 20:22:24
INV_006298,ORD_006298,CUST_004830,MERCH_0052,563.75,GBP,PAID,2026-01-28 22:07:20,2026-02-27 22:07:20
INV_006299,ORD_006299,CUST_004183,MERCH_0076,1187.95,USD,PAID,2026-01-22 19:06:11,2026-02-21 19:06:11
INV_006300,ORD_006300,CUST_001966,MERCH_0026,118.75,USD,PAID,2026-01-17 15:44:28,2026-02-16 15:44:28
INV_006301,ORD_006301,CUST_003820,MERCH_0051,2499.00,INR,PAID,2026-01-18 03:05:16,2026-02-17 03:05:16
INV_006302,ORD_006302,CUST_002317,MERCH_0013,72.25,USD,PAID,2026-02-17 22:38:27,2026-03-19 22:38:27
INV_006303,ORD_006303,CUST_002107,MERCH_0069,387.25,USD,PAID,2026-01-29 16:59:33,2026-02-28 16:59:33
INV_006304,ORD_006304,CUST_004004,MERCH_0037,75.00,GBP,PAID,2026-01-10 21:56:33,2026-02-09 21:56:33
INV_006305,ORD_006305,CUST_002133,MERCH_0047,862.99,EUR,PAID,2026-01-05 04:09:37,2026-02-04 04:09:37
INV_006306,ORD_006306,CUST_003716,MERCH_0061,499.00,INR,PAID,2026-01-12 00:09:36,2026-02-11 00:09:36
INV_006307,ORD_006307,CUST_003625,MERCH_0025,583.75,CAD,PAID,2026-01-11 01:02:35,2026-02-10 01:02:35
INV_006308,ORD_006308,CUST_004480,MERCH_0008,461.80,USD,PAID,2026-03-27 02:18:31,2026-04-26 02:18:31
INV_006309,ORD_006309,CUST_003786,MERCH_0016,313.25,USD,PAID,2026-02-12 09:24:09,2026-03-14 09:24:09
INV_006310,ORD_006310,CUST_001221,MERCH_0056,499.00,INR,PAID,2026-02-10 01:41:01,2026-03-12 01:41:01
INV_006311,ORD_006311,CUST_004360,MERCH_0009,56.99,USD,PAID,2026-02-10 05:55:28,2026-03-12 05:55:28
INV_006312,ORD_006312,CUST_004377,MERCH_0064,1046.49,EUR,PAID,2026-03-17 13:50:30,2026-04-16 13:50:30
INV_006313,ORD_006313,CUST_000167,MERCH_0058,79.80,USD,PAID,2026-01-23 18:42:42,2026-02-22 18:42:42
INV_006314,ORD_006314,CUST_002316,MERCH_0053,436.50,EUR,PAID,2026-02-06 17:22:27,2026-03-08 17:22:27
INV_006315,ORD_006315,CUST_000768,MERCH_0022,2876.75,GBP,PAID,2026-02-25 00:46:00,2026-03-27 00:46:00
INV_006316,ORD_006316,CUST_003218,MERCH_0010,299.00,INR,PAID,2026-02-19 13:19:03,2026-03-21 13:19:03
INV_006317,ORD_006317,CUST_002680,MERCH_0062,52.80,EUR,PAID,2026-01-12 21:44:51,2026-02-11 21:44:51
INV_006318,ORD_006318,CUST_003738,MERCH_0069,196.25,GBP,PAID,2026-02-01 07:36:36,2026-03-03 07:36:36
INV_006319,ORD_006319,CUST_003148,MERCH_0060,174.50,USD,PAID,2026-02-07 18:12:04,2026-03-09 18:12:04
INV_006320,ORD_006320,CUST_004205,MERCH_0005,2499.00,INR,PAID,2026-03-31 05:05:10,2026-04-30 05:05:10
INV_006321,ORD_006321,CUST_004584,MERCH_0039,54.00,USD,PAID,2026-01-13 03:37:44,2026-02-12 03:37:44
INV_006322,ORD_006322,CUST_002539,MERCH_0061,61.50,EUR,PAID,2026-03-12 08:06:08,2026-04-11 08:06:08
INV_006323,ORD_006323,CUST_004626,MERCH_0100,71.75,USD,PAID,2026-03-15 15:57:29,2026-04-14 15:57:29
INV_006324,ORD_006324,CUST_004972,MERCH_0057,45.00,GBP,PAID,2026-01-15 10:19:03,2026-02-14 10:19:03
INV_006325,ORD_006325,CUST_000610,MERCH_0067,187.50,GBP,PAID,2026-02-18 02:44:42,2026-03-20 02:44:42
INV_006326,ORD_006326,CUST_000409,MERCH_0042,38.75,USD,PAID,2026-02-22 14:26:36,2026-03-24 14:26:36
INV_006327,ORD_006327,CUST_004476,MERCH_0089,346.50,GBP,PAID,2026-03-25 23:08:57,2026-04-24 23:08:57
INV_006328,ORD_006328,CUST_002035,MERCH_0037,60.49,GBP,PAID,2026-01-21 14:45:42,2026-02-20 14:45:42
INV_006329,ORD_006329,CUST_001764,MERCH_0038,74.50,EUR,PAID,2026-03-14 02:52:21,2026-04-13 02:52:21
INV_006330,ORD_006330,CUST_000244,MERCH_0093,134.95,GBP,PAID,2026-03-23 17:20:42,2026-04-22 17:20:42
INV_006331,ORD_006331,CUST_002000,MERCH_0021,462.25,CAD,PAID,2026-03-16 14:40:38,2026-04-15 14:40:38
INV_006332,ORD_006332,CUST_002600,MERCH_0009,451.95,CAD,PAID,2026-03-20 22:04:46,2026-04-19 22:04:46
INV_006333,ORD_006333,CUST_002358,MERCH_0045,9999.00,INR,PAID,2026-03-29 00:44:07,2026-04-28 00:44:07
INV_006334,ORD_006334,CUST_003358,MERCH_0041,77.00,EUR,PAID,2026-01-20 06:27:01,2026-02-19 06:27:01
INV_006335,ORD_006335,CUST_003245,MERCH_0001,179.00,USD,PAID,2026-01-19 15:38:37,2026-02-18 15:38:37
INV_006336,ORD_006336,CUST_001867,MERCH_0020,194.49,EUR,PAID,2026-03-16 11:28:15,2026-04-15 11:28:15
INV_006337,ORD_006337,CUST_001651,MERCH_0017,18.99,CAD,PAID,2026-02-15 16:16:37,2026-03-17 16:16:37
INV_006338,ORD_006338,CUST_001615,MERCH_0021,401.75,USD,PAID,2026-03-15 17:47:41,2026-04-14 17:47:41
INV_006340,ORD_006340,CUST_002906,MERCH_0081,36.50,CAD,PAID,2026-03-08 20:57:14,2026-04-07 20:57:14
INV_006341,ORD_006341,CUST_004950,MERCH_0090,2239.99,USD,PAID,2026-02-22 22:31:09,2026-03-24 22:31:09
INV_006342,ORD_006342,CUST_000770,MERCH_0051,299.00,INR,PAID,2026-03-11 07:33:05,2026-04-10 07:33:05
INV_006343,ORD_006343,CUST_004517,MERCH_0083,240.25,USD,PAID,2026-02-08 10:07:21,2026-03-10 10:07:21
INV_006344,ORD_006344,CUST_000135,MERCH_0093,421.95,EUR,PAID,2026-04-01 06:10:47,2026-05-01 06:10:47
INV_006345,ORD_006345,CUST_000244,MERCH_0049,165.25,USD,PAID,2026-01-05 21:50:27,2026-02-04 21:50:27
INV_006346,ORD_006346,CUST_000598,MERCH_0096,68.99,EUR,PAID,2026-02-04 02:40:17,2026-03-06 02:40:17
INV_006347,ORD_006347,CUST_003551,MERCH_0082,50.99,CAD,PAID,2026-02-13 09:09:35,2026-03-15 09:09:35
INV_006348,ORD_006348,CUST_003307,MERCH_0072,295.95,EUR,PAID,2026-01-24 23:39:06,2026-02-23 23:39:06
INV_006349,ORD_006349,CUST_002129,MERCH_0060,68.49,CAD,PAID,2026-03-30 05:38:47,2026-04-29 05:38:47
INV_006350,ORD_006350,CUST_002784,MERCH_0004,299.00,INR,PAID,2026-02-11 19:35:56,2026-03-13 19:35:56
INV_006351,ORD_006351,CUST_000528,MERCH_0083,484.95,USD,PAID,2026-02-26 06:04:31,2026-03-28 06:04:31
INV_006352,ORD_006352,CUST_000378,MERCH_0077,174.80,CAD,PAID,2026-01-16 14:00:19,2026-02-15 14:00:19
INV_006353,ORD_006353,CUST_004149,MERCH_0029,20.00,EUR,PAID,2026-02-25 00:48:15,2026-03-27 00:48:15
INV_006354,ORD_006354,CUST_002727,MERCH_0054,336.00,USD,PAID,2026-03-04 21:13:15,2026-04-03 21:13:15
INV_006355,ORD_006355,CUST_004559,MERCH_0059,49.50,GBP,PAID,2026-03-29 23:08:07,2026-04-28 23:08:07
INV_006356,ORD_006356,CUST_003720,MERCH_0007,60.25,USD,PAID,2026-02-18 16:46:05,2026-03-20 16:46:05
INV_006357,ORD_006357,CUST_003179,MERCH_0012,71.80,USD,PAID,2026-02-27 11:01:40,2026-03-29 11:01:40
INV_006358,ORD_006358,CUST_003897,MERCH_0076,81.95,GBP,PAID,2026-01-27 05:04:31,2026-02-26 05:04:31
INV_006359,ORD_006359,CUST_001207,MERCH_0057,70.25,USD,PAID,2026-02-09 23:48:49,2026-03-11 23:48:49
INV_006360,ORD_006360,CUST_001460,MERCH_0067,553.49,USD,PAID,2026-03-21 20:32:55,2026-04-20 20:32:55
INV_006361,ORD_006361,CUST_001381,MERCH_0034,246.80,GBP,PAID,2026-02-21 10:37:14,2026-03-23 10:37:14
INV_006362,ORD_006362,CUST_001266,MERCH_0089,2115.49,USD,PAID,2026-03-09 15:55:35,2026-04-08 15:55:35
INV_006363,ORD_006363,CUST_003573,MERCH_0061,260.25,EUR,PAID,2026-01-17 20:11:04,2026-02-16 20:11:04
INV_006364,ORD_006364,CUST_002852,MERCH_0055,61.49,USD,PAID,2026-02-02 13:32:41,2026-03-04 13:32:41
INV_006365,ORD_006365,CUST_000465,MERCH_0026,28.99,EUR,PAID,2026-02-28 01:04:03,2026-03-30 01:04:03
INV_006366,ORD_006366,CUST_002037,MERCH_0088,458.25,USD,PAID,2026-01-05 20:13:23,2026-02-04 20:13:23
INV_006367,ORD_006367,CUST_003484,MERCH_0006,258.49,EUR,PAID,2026-02-18 19:36:58,2026-03-20 19:36:58
INV_006368,ORD_006368,CUST_002689,MERCH_0096,566.25,GBP,PAID,2026-03-07 00:09:33,2026-04-06 00:09:33
INV_006369,ORD_006369,CUST_000374,MERCH_0087,191.99,USD,PAID,2026-03-01 20:46:18,2026-03-31 20:46:18
INV_006370,ORD_006370,CUST_002130,MERCH_0061,299.00,INR,PAID,2026-03-06 22:22:42,2026-04-05 22:22:42
INV_006371,ORD_006371,CUST_000459,MERCH_0081,78.00,GBP,PAID,2026-01-02 05:50:38,2026-02-01 05:50:38
INV_006372,ORD_006372,CUST_003084,MERCH_0031,499.00,INR,PAID,2026-01-23 21:09:07,2026-02-22 21:09:07
INV_006373,ORD_006373,CUST_001582,MERCH_0078,335.95,USD,PAID,2026-01-29 15:35:54,2026-02-28 15:35:54
INV_006374,ORD_006374,CUST_003625,MERCH_0003,39.00,EUR,PAID,2026-02-20 23:27:50,2026-03-22 23:27:50
INV_006376,ORD_006376,CUST_003614,MERCH_0080,489.95,GBP,PAID,2026-03-29 11:48:12,2026-04-28 11:48:12
INV_006377,ORD_006377,CUST_000002,MERCH_0022,90.00,USD,PAID,2026-02-03 17:43:20,2026-03-05 17:43:20
INV_006378,ORD_006378,CUST_003272,MERCH_0001,16.49,USD,PAID,2026-01-19 06:47:16,2026-02-18 06:47:16
INV_006379,ORD_006379,CUST_000329,MERCH_0078,34.95,USD,PAID,2026-02-26 20:21:12,2026-03-28 20:21:12
INV_006380,ORD_006380,CUST_002861,MERCH_0036,48.99,USD,PAID,2026-02-09 06:04:47,2026-03-11 06:04:47
INV_006381,ORD_006381,CUST_001031,MERCH_0019,3210.49,GBP,PAID,2026-01-02 18:47:25,2026-02-01 18:47:25
INV_006382,ORD_006382,CUST_002147,MERCH_0053,9999.00,INR,PAID,2026-03-08 10:22:22,2026-04-07 10:22:22
INV_006383,ORD_006383,CUST_003849,MERCH_0089,572.99,EUR,PAID,2026-01-05 04:52:27,2026-02-04 04:52:27
INV_006384,ORD_006384,CUST_002668,MERCH_0037,610.95,USD,PAID,2026-03-12 20:30:17,2026-04-11 20:30:17
INV_006385,ORD_006385,CUST_003493,MERCH_0011,181.75,GBP,PAID,2026-03-04 11:46:20,2026-04-03 11:46:20
INV_006386,ORD_006386,CUST_003273,MERCH_0087,455.95,USD,PAID,2026-02-22 05:28:15,2026-03-24 05:28:15
INV_006388,ORD_006388,CUST_000846,MERCH_0012,315.25,GBP,PAID,2026-03-04 02:51:00,2026-04-03 02:51:00
INV_006389,ORD_006389,CUST_002779,MERCH_0079,18.00,USD,PAID,2026-02-02 06:52:54,2026-03-04 06:52:54
INV_006390,ORD_006390,CUST_001388,MERCH_0039,799.00,INR,PAID,2026-02-04 01:24:35,2026-03-06 01:24:35
INV_006391,ORD_006391,CUST_003180,MERCH_0091,368.99,EUR,PAID,2026-02-05 00:56:56,2026-03-07 00:56:56
INV_006392,ORD_006392,CUST_004247,MERCH_0084,517.99,EUR,PAID,2026-01-14 22:25:00,2026-02-13 22:25:00
INV_006393,ORD_006393,CUST_002777,MERCH_0018,57.75,GBP,PAID,2026-01-12 07:59:16,2026-02-11 07:59:16
INV_006394,ORD_006394,CUST_003184,MERCH_0023,43.25,EUR,PAID,2026-01-23 03:24:56,2026-02-22 03:24:56
INV_006395,ORD_006395,CUST_002779,MERCH_0058,36.95,USD,PAID,2026-03-26 03:23:11,2026-04-25 03:23:11
INV_006396,ORD_006396,CUST_003653,MERCH_0016,2638.99,CAD,PAID,2026-01-04 13:27:48,2026-02-03 13:27:48
INV_006397,ORD_006397,CUST_001228,MERCH_0068,72.80,GBP,PAID,2026-02-24 15:06:29,2026-03-26 15:06:29
INV_006398,ORD_006398,CUST_002917,MERCH_0006,1499.00,INR,PAID,2026-01-13 03:23:02,2026-02-12 03:23:02
INV_006399,ORD_006399,CUST_001776,MERCH_0096,64.80,EUR,PAID,2026-01-27 01:11:57,2026-02-26 01:11:57
INV_006400,ORD_006400,CUST_004118,MERCH_0096,48.49,GBP,PAID,2026-01-29 05:27:52,2026-02-28 05:27:52
INV_006401,ORD_006401,CUST_004356,MERCH_0029,73.00,GBP,PAID,2026-03-28 03:48:20,2026-04-27 03:48:20
INV_006402,ORD_006402,CUST_003601,MERCH_0068,105.00,USD,PAID,2026-03-14 22:03:18,2026-04-13 22:03:18
INV_006403,ORD_006403,CUST_001095,MERCH_0085,1999.00,INR,PAID,2026-03-25 13:38:24,2026-04-24 13:38:24
INV_006404,ORD_006404,CUST_001056,MERCH_0029,644.95,EUR,PAID,2026-01-28 09:55:09,2026-02-27 09:55:09
INV_006405,ORD_006405,CUST_000307,MERCH_0097,799.00,INR,PAID,2026-03-11 23:39:16,2026-04-10 23:39:16
INV_006406,ORD_006406,CUST_000580,MERCH_0065,252.49,EUR,PAID,2026-01-30 00:03:05,2026-03-01 00:03:05
INV_006407,ORD_006407,CUST_004212,MERCH_0027,31.50,EUR,PAID,2026-02-24 10:45:10,2026-03-26 10:45:10
INV_006408,ORD_006408,CUST_003113,MERCH_0078,639.95,GBP,PAID,2026-02-11 07:27:06,2026-03-13 07:27:06
INV_006409,ORD_006409,CUST_001585,MERCH_0058,37.50,EUR,PAID,2026-01-20 11:51:00,2026-02-19 11:51:00
INV_006410,ORD_006410,CUST_001777,MERCH_0037,42.99,CAD,PAID,2026-02-02 21:43:47,2026-03-04 21:43:47
INV_006411,ORD_006411,CUST_002176,MERCH_0096,799.00,INR,PAID,2026-03-10 12:10:45,2026-04-09 12:10:45
INV_006412,ORD_006412,CUST_004779,MERCH_0008,41.99,USD,PAID,2026-03-22 23:58:49,2026-04-21 23:58:49
INV_006413,ORD_006413,CUST_003702,MERCH_0026,299.00,INR,PAID,2026-03-21 00:53:34,2026-04-20 00:53:34
INV_006414,ORD_006414,CUST_001327,MERCH_0090,61.80,USD,PAID,2026-02-11 16:02:13,2026-03-13 16:02:13
INV_006415,ORD_006415,CUST_001457,MERCH_0018,33.80,CAD,PAID,2026-03-09 00:23:23,2026-04-08 00:23:23
INV_006416,ORD_006416,CUST_004740,MERCH_0078,42.75,GBP,PAID,2026-02-25 10:51:59,2026-03-27 10:51:59
INV_006417,ORD_006417,CUST_000778,MERCH_0043,83.50,GBP,PAID,2026-03-25 17:24:00,2026-04-24 17:24:00
INV_006418,ORD_006418,CUST_003662,MERCH_0001,31.95,EUR,PAID,2026-03-10 02:43:35,2026-04-09 02:43:35
INV_006419,ORD_006419,CUST_001895,MERCH_0014,333.50,EUR,PAID,2026-03-05 00:23:26,2026-04-04 00:23:26
INV_006420,ORD_006420,CUST_000958,MERCH_0041,83.25,CAD,PAID,2026-01-09 22:17:27,2026-02-08 22:17:27
INV_006421,ORD_006421,CUST_001350,MERCH_0084,358.99,EUR,PAID,2026-02-06 22:02:31,2026-03-08 22:02:31
INV_006422,ORD_006422,CUST_003166,MERCH_0040,72.99,USD,PAID,2026-03-11 19:27:51,2026-04-10 19:27:51
INV_006425,ORD_006425,CUST_002097,MERCH_0028,34.99,GBP,PAID,2026-03-24 04:24:48,2026-04-23 04:24:48
INV_006426,ORD_006426,CUST_000024,MERCH_0054,377.80,USD,PAID,2026-01-17 19:28:51,2026-02-16 19:28:51
INV_006427,ORD_006427,CUST_004543,MERCH_0089,999.00,INR,PAID,2026-02-13 23:17:02,2026-03-15 23:17:02
INV_006428,ORD_006428,CUST_000737,MERCH_0051,286.80,USD,PAID,2026-01-09 14:08:02,2026-02-08 14:08:02
INV_006429,ORD_006429,CUST_002817,MERCH_0093,643.49,EUR,PAID,2026-01-24 22:58:20,2026-02-23 22:58:20
INV_006431,ORD_006431,CUST_002825,MERCH_0086,2306.75,USD,PAID,2026-01-11 04:36:22,2026-02-10 04:36:22
INV_006432,ORD_006432,CUST_002130,MERCH_0001,4999.00,INR,PAID,2026-02-23 00:55:38,2026-03-25 00:55:38
INV_006433,ORD_006433,CUST_002275,MERCH_0090,30.00,USD,PAID,2026-02-12 02:50:15,2026-03-14 02:50:15
INV_006434,ORD_006434,CUST_000534,MERCH_0016,430.95,CAD,PAID,2026-01-03 20:35:23,2026-02-02 20:35:23
INV_006435,ORD_006435,CUST_002049,MERCH_0019,476.95,EUR,PAID,2026-01-03 04:27:41,2026-02-02 04:27:41
INV_006436,ORD_006436,CUST_002718,MERCH_0012,55.00,EUR,PAID,2026-03-02 00:12:54,2026-04-01 00:12:54
INV_006437,ORD_006437,CUST_000807,MERCH_0025,536.75,USD,PAID,2026-03-16 20:13:52,2026-04-15 20:13:52
INV_006438,ORD_006438,CUST_003365,MERCH_0094,59.80,EUR,PAID,2026-03-11 16:14:24,2026-04-10 16:14:24
INV_006439,ORD_006439,CUST_003619,MERCH_0062,51.25,EUR,PAID,2026-01-16 11:50:44,2026-02-15 11:50:44
INV_006440,ORD_006440,CUST_002804,MERCH_0073,1499.00,INR,PAID,2026-01-20 07:41:32,2026-02-19 07:41:32
INV_006441,ORD_006441,CUST_004889,MERCH_0065,59.80,CAD,PAID,2026-03-15 17:45:49,2026-04-14 17:45:49
INV_006442,ORD_006442,CUST_002587,MERCH_0064,208.95,EUR,PAID,2026-01-02 23:47:14,2026-02-01 23:47:14
INV_006443,ORD_006443,CUST_003321,MERCH_0036,20.25,EUR,PAID,2026-02-04 13:04:30,2026-03-06 13:04:30
INV_006444,ORD_006444,CUST_004088,MERCH_0088,1980.95,EUR,PAID,2026-03-21 12:04:22,2026-04-20 12:04:22
INV_006445,ORD_006445,CUST_001410,MERCH_0041,3999.00,INR,PAID,2026-02-12 03:47:40,2026-03-14 03:47:40
INV_006446,ORD_006446,CUST_003972,MERCH_0074,195.95,GBP,PAID,2026-03-12 02:47:37,2026-04-11 02:47:37
INV_006447,ORD_006447,CUST_002469,MERCH_0037,1578.00,EUR,PAID,2026-01-26 10:22:51,2026-02-25 10:22:51
INV_006448,ORD_006448,CUST_004178,MERCH_0082,243.49,USD,PAID,2026-03-04 17:19:07,2026-04-03 17:19:07
INV_006449,ORD_006449,CUST_002949,MERCH_0014,57.25,EUR,OVERPAID,2026-03-18 13:19:38,2026-04-17 13:19:38
INV_006450,ORD_006450,CUST_002115,MERCH_0003,354.75,GBP,PAID,2026-01-12 10:12:44,2026-02-11 10:12:44
INV_006451,ORD_006451,CUST_002373,MERCH_0003,17.00,USD,PAID,2026-02-21 06:54:12,2026-03-23 06:54:12
INV_006452,ORD_006452,CUST_002196,MERCH_0017,301.50,CAD,PAID,2026-01-04 07:49:03,2026-02-03 07:49:03
INV_006453,ORD_006453,CUST_001791,MERCH_0061,37.99,CAD,PAID,2026-01-23 18:29:12,2026-02-22 18:29:12
INV_006454,ORD_006454,CUST_004066,MERCH_0087,24.50,USD,PAID,2026-01-16 15:17:32,2026-02-15 15:17:32
INV_006455,ORD_006455,CUST_003934,MERCH_0016,999.00,INR,PAID,2026-02-02 05:34:11,2026-03-04 05:34:11
INV_006456,ORD_006456,CUST_004313,MERCH_0015,9999.00,INR,PAID,2026-03-27 04:48:31,2026-04-26 04:48:31
INV_006457,ORD_006457,CUST_003373,MERCH_0027,568.99,USD,PAID,2026-02-26 22:57:44,2026-03-28 22:57:44
INV_006458,ORD_006458,CUST_003016,MERCH_0081,66.95,USD,OVERPAID,2026-02-07 02:15:46,2026-03-09 02:15:46
INV_006459,ORD_006459,CUST_004475,MERCH_0085,3449.75,USD,PAID,2026-02-14 07:38:45,2026-03-16 07:38:45
INV_006460,ORD_006460,CUST_000149,MERCH_0086,77.49,EUR,PAID,2026-03-14 16:34:54,2026-04-13 16:34:54
INV_006461,ORD_006461,CUST_003363,MERCH_0090,226.25,EUR,PAID,2026-03-31 09:06:04,2026-04-30 09:06:04
INV_006462,ORD_006462,CUST_000526,MERCH_0012,52.50,USD,PAID,2026-03-25 16:51:32,2026-04-24 16:51:32
INV_006463,ORD_006463,CUST_002047,MERCH_0025,144.99,GBP,PAID,2026-02-11 23:15:47,2026-03-13 23:15:47
INV_006464,ORD_006464,CUST_004664,MERCH_0014,326.50,EUR,PAID,2026-02-10 15:47:38,2026-03-12 15:47:38
INV_006465,ORD_006465,CUST_004305,MERCH_0079,534.50,CAD,PAID,2026-01-05 19:07:21,2026-02-04 19:07:21
INV_006466,ORD_006466,CUST_001458,MERCH_0050,51.49,USD,PAID,2026-02-26 04:29:21,2026-03-28 04:29:21
INV_006467,ORD_006467,CUST_000586,MERCH_0076,468.99,USD,PAID,2026-03-06 02:00:10,2026-04-05 02:00:10
INV_006468,ORD_006468,CUST_002248,MERCH_0092,299.00,INR,PAID,2026-02-18 06:09:27,2026-03-20 06:09:27
INV_006469,ORD_006469,CUST_004178,MERCH_0036,42.95,GBP,PAID,2026-02-21 19:18:53,2026-03-23 19:18:53
INV_006471,ORD_006471,CUST_002267,MERCH_0094,37.80,EUR,PAID,2026-03-14 07:29:47,2026-04-13 07:29:47
INV_006472,ORD_006472,CUST_000212,MERCH_0079,157.99,EUR,PAID,2026-03-06 00:55:04,2026-04-05 00:55:04
INV_006473,ORD_006473,CUST_001043,MERCH_0017,500.25,GBP,PAID,2026-01-03 04:46:52,2026-02-02 04:46:52
INV_006474,ORD_006474,CUST_003051,MERCH_0099,9999.00,INR,PAID,2026-01-17 03:27:21,2026-02-16 03:27:21
INV_006475,ORD_006475,CUST_003229,MERCH_0009,2137.99,EUR,PAID,2026-03-11 18:42:09,2026-04-10 18:42:09
INV_006476,ORD_006476,CUST_002306,MERCH_0086,2499.00,INR,PAID,2026-01-21 14:50:09,2026-02-20 14:50:09
INV_006477,ORD_006477,CUST_003533,MERCH_0081,60.00,USD,PAID,2026-03-30 13:39:33,2026-04-29 13:39:33
INV_006478,ORD_006478,CUST_002628,MERCH_0014,496.80,EUR,PAID,2026-03-09 10:58:49,2026-04-08 10:58:49
INV_006480,ORD_006480,CUST_001420,MERCH_0017,425.49,EUR,PAID,2026-02-27 09:51:23,2026-03-29 09:51:23
INV_006481,ORD_006481,CUST_004901,MERCH_0032,67.49,EUR,PAID,2026-02-26 19:21:04,2026-03-28 19:21:04
INV_006482,ORD_006482,CUST_003826,MERCH_0092,79.25,USD,PAID,2026-03-04 23:16:38,2026-04-03 23:16:38
INV_006483,ORD_006483,CUST_004497,MERCH_0011,2499.00,INR,PAID,2026-02-15 12:23:23,2026-03-17 12:23:23
INV_006484,ORD_006484,CUST_000720,MERCH_0084,36.99,USD,PAID,2026-01-06 15:25:54,2026-02-05 15:25:54
INV_006485,ORD_006485,CUST_003628,MERCH_0084,74.95,CAD,PAID,2026-03-27 12:31:52,2026-04-26 12:31:52
INV_006486,ORD_006486,CUST_003276,MERCH_0044,196.25,USD,PAID,2026-03-21 01:59:58,2026-04-20 01:59:58
INV_006487,ORD_006487,CUST_001894,MERCH_0074,1940.49,EUR,PAID,2026-03-24 05:49:45,2026-04-23 05:49:45
INV_006488,ORD_006488,CUST_000107,MERCH_0089,36.99,EUR,PAID,2026-01-07 02:35:52,2026-02-06 02:35:52
INV_006489,ORD_006489,CUST_002670,MERCH_0097,1499.00,INR,PAID,2026-03-30 20:44:22,2026-04-29 20:44:22
INV_006490,ORD_006490,CUST_000274,MERCH_0023,499.00,INR,PAID,2026-01-08 11:11:18,2026-02-07 11:11:18
INV_006491,ORD_006491,CUST_000015,MERCH_0059,2365.80,EUR,PAID,2026-03-14 07:23:45,2026-04-13 07:23:45
INV_006492,ORD_006492,CUST_001253,MERCH_0002,411.50,CAD,PAID,2026-03-20 23:37:43,2026-04-19 23:37:43
INV_006493,ORD_006493,CUST_001131,MERCH_0050,3999.00,INR,PAID,2026-01-13 23:09:04,2026-02-12 23:09:04
INV_006494,ORD_006494,CUST_002203,MERCH_0052,70.50,USD,PAID,2026-03-20 00:16:20,2026-04-19 00:16:20
INV_006495,ORD_006495,CUST_004972,MERCH_0075,842.95,USD,PAID,2026-02-26 18:08:04,2026-03-28 18:08:04
INV_006496,ORD_006496,CUST_001085,MERCH_0093,583.50,GBP,PAID,2026-02-14 16:20:14,2026-03-16 16:20:14
INV_006497,ORD_006497,CUST_004013,MERCH_0090,134.75,USD,PAID,2026-01-29 09:54:12,2026-02-28 09:54:12
INV_006498,ORD_006498,CUST_000296,MERCH_0035,284.99,GBP,PAID,2026-03-31 00:51:05,2026-04-30 00:51:05
INV_006499,ORD_006499,CUST_001194,MERCH_0016,625.75,CAD,PAID,2026-01-26 21:49:56,2026-02-25 21:49:56
INV_006500,ORD_006500,CUST_002493,MERCH_0099,57.75,USD,PAID,2026-02-03 01:22:24,2026-03-05 01:22:24
INV_006501,ORD_006501,CUST_003415,MERCH_0010,23.50,EUR,PAID,2026-01-19 02:24:57,2026-02-18 02:24:57
INV_006502,ORD_006502,CUST_002451,MERCH_0079,33.00,EUR,PAID,2026-02-02 16:04:02,2026-03-04 16:04:02
INV_006503,ORD_006503,CUST_004029,MERCH_0053,468.00,CAD,PAID,2026-01-20 21:54:39,2026-02-19 21:54:39
INV_006504,ORD_006504,CUST_003144,MERCH_0090,1499.00,INR,PAID,2026-01-23 12:19:17,2026-02-22 12:19:17
INV_006505,ORD_006505,CUST_003558,MERCH_0091,186.25,USD,PAID,2026-03-17 01:37:33,2026-04-16 01:37:33
INV_006506,ORD_006506,CUST_001310,MERCH_0004,319.00,CAD,PAID,2026-02-17 04:18:50,2026-03-19 04:18:50
INV_006507,ORD_006507,CUST_000310,MERCH_0086,193.00,USD,PAID,2026-01-22 11:04:36,2026-02-21 11:04:36
INV_006508,ORD_006508,CUST_000921,MERCH_0022,2878.75,USD,PAID,2026-03-17 08:21:04,2026-04-16 08:21:04
INV_006509,ORD_006509,CUST_002379,MERCH_0015,373.50,USD,PAID,2026-01-11 11:58:16,2026-02-10 11:58:16
INV_006510,ORD_006510,CUST_001143,MERCH_0037,43.99,EUR,PAID,2026-02-28 00:58:11,2026-03-30 00:58:11
INV_006511,ORD_006511,CUST_002479,MERCH_0041,40.00,GBP,PAID,2026-01-16 17:29:37,2026-02-15 17:29:37
INV_006512,ORD_006512,CUST_003071,MERCH_0090,66.99,EUR,PAID,2026-02-21 18:58:06,2026-03-23 18:58:06
INV_006513,ORD_006513,CUST_000476,MERCH_0052,603.50,EUR,PAID,2026-01-31 14:55:37,2026-03-02 14:55:37
INV_006514,ORD_006514,CUST_000803,MERCH_0029,533.25,USD,PAID,2026-01-05 04:32:37,2026-02-04 04:32:37
INV_006515,ORD_006515,CUST_001316,MERCH_0002,779.75,EUR,PAID,2026-01-27 19:24:04,2026-02-26 19:24:04
INV_006516,ORD_006516,CUST_001679,MERCH_0023,60.80,EUR,PAID,2026-01-22 17:19:25,2026-02-21 17:19:25
INV_006517,ORD_006517,CUST_004442,MERCH_0023,50.49,CAD,PAID,2026-03-04 07:58:09,2026-04-03 07:58:09
INV_006518,ORD_006518,CUST_003804,MERCH_0029,423.49,GBP,PAID,2026-02-26 14:57:18,2026-03-28 14:57:18
INV_006519,ORD_006519,CUST_002476,MERCH_0071,649.49,EUR,PAID,2026-03-05 06:21:36,2026-04-04 06:21:36
INV_006520,ORD_006520,CUST_001917,MERCH_0034,555.49,USD,OVERPAID,2026-03-03 17:56:42,2026-04-02 17:56:42
INV_006521,ORD_006521,CUST_004856,MERCH_0020,109.95,USD,PAID,2026-02-05 07:07:23,2026-03-07 07:07:23
INV_006522,ORD_006522,CUST_001148,MERCH_0088,91.50,GBP,PAID,2026-01-09 17:11:36,2026-02-08 17:11:36
INV_006523,ORD_006523,CUST_003454,MERCH_0071,75.95,USD,PAID,2026-01-10 12:40:38,2026-02-09 12:40:38
INV_006524,ORD_006524,CUST_004083,MERCH_0053,58.75,CAD,PAID,2026-01-29 14:16:08,2026-02-28 14:16:08
INV_006525,ORD_006525,CUST_004674,MERCH_0040,60.50,EUR,PAID,2026-03-06 00:04:44,2026-04-05 00:04:44
INV_006526,ORD_006526,CUST_001810,MERCH_0042,39.75,USD,PAID,2026-02-28 23:21:36,2026-03-30 23:21:36
INV_006527,ORD_006527,CUST_004148,MERCH_0093,1999.00,INR,PAID,2026-02-02 17:39:52,2026-03-04 17:39:52
INV_006528,ORD_006528,CUST_003364,MERCH_0081,333.80,USD,PAID,2026-01-13 19:57:54,2026-02-12 19:57:54
INV_006529,ORD_006529,CUST_003011,MERCH_0084,3346.99,GBP,PAID,2026-01-30 13:55:10,2026-03-01 13:55:10
INV_006530,ORD_006530,CUST_000843,MERCH_0052,99.00,GBP,PAID,2026-01-13 01:01:31,2026-02-12 01:01:31
INV_006532,ORD_006532,CUST_000123,MERCH_0025,1999.00,INR,PAID,2026-02-09 06:14:59,2026-03-11 06:14:59
INV_006533,ORD_006533,CUST_003812,MERCH_0069,499.00,INR,PAID,2026-01-07 04:32:41,2026-02-06 04:32:41
INV_006534,ORD_006534,CUST_003736,MERCH_0089,64.00,USD,PAID,2026-01-08 19:28:24,2026-02-07 19:28:24
INV_006535,ORD_006535,CUST_003869,MERCH_0096,360.49,CAD,PAID,2026-03-02 10:34:18,2026-04-01 10:34:18
INV_006536,ORD_006536,CUST_002779,MERCH_0074,49.49,GBP,PAID,2026-02-01 18:52:33,2026-03-03 18:52:33
INV_006537,ORD_006537,CUST_003084,MERCH_0014,65.49,GBP,PAID,2026-03-20 10:24:10,2026-04-19 10:24:10
INV_006538,ORD_006538,CUST_001812,MERCH_0022,54.75,USD,PAID,2026-01-02 18:23:01,2026-02-01 18:23:01
INV_006539,ORD_006539,CUST_003103,MERCH_0080,52.75,GBP,PAID,2026-02-20 02:33:34,2026-03-22 02:33:34
INV_006540,ORD_006540,CUST_004439,MERCH_0053,499.00,INR,PAID,2026-01-26 02:23:30,2026-02-25 02:23:30
INV_006541,ORD_006541,CUST_000420,MERCH_0098,592.50,EUR,PAID,2026-02-07 09:37:06,2026-03-09 09:37:06
INV_006542,ORD_006542,CUST_001238,MERCH_0026,103.75,USD,PAID,2026-01-02 17:00:01,2026-02-01 17:00:01
INV_006543,ORD_006543,CUST_002882,MERCH_0018,185.50,USD,PAID,2026-03-01 09:34:37,2026-03-31 09:34:37
INV_006544,ORD_006544,CUST_000109,MERCH_0064,368.50,USD,PAID,2026-03-29 17:14:54,2026-04-28 17:14:54
INV_006545,ORD_006545,CUST_002614,MERCH_0019,1385.75,EUR,PAID,2026-02-10 15:10:43,2026-03-12 15:10:43
INV_006547,ORD_006547,CUST_001599,MERCH_0080,4999.00,INR,PAID,2026-01-28 10:43:31,2026-02-27 10:43:31
INV_006548,ORD_006548,CUST_000454,MERCH_0071,462.25,USD,PAID,2026-01-22 04:18:00,2026-02-21 04:18:00
INV_006549,ORD_006549,CUST_000222,MERCH_0094,76.00,GBP,PAID,2026-03-12 15:11:10,2026-04-11 15:11:10
INV_006551,ORD_006551,CUST_002523,MERCH_0012,92.50,EUR,PAID,2026-01-18 00:48:27,2026-02-17 00:48:27
INV_006552,ORD_006552,CUST_002382,MERCH_0013,3288.25,EUR,PAID,2026-02-25 14:19:59,2026-03-27 14:19:59
INV_006553,ORD_006553,CUST_003371,MERCH_0041,328.25,USD,PAID,2026-03-04 15:14:41,2026-04-03 15:14:41
INV_006554,ORD_006554,CUST_003011,MERCH_0019,566.80,CAD,PAID,2026-01-09 23:36:10,2026-02-08 23:36:10
INV_006555,ORD_006555,CUST_002309,MERCH_0066,42.75,CAD,PAID,2026-03-06 09:27:35,2026-04-05 09:27:35
INV_006556,ORD_006556,CUST_003692,MERCH_0008,75.50,EUR,PAID,2026-01-28 16:36:55,2026-02-27 16:36:55
INV_006557,ORD_006557,CUST_004200,MERCH_0060,928.00,CAD,PAID,2026-02-18 23:29:08,2026-03-20 23:29:08
INV_006558,ORD_006558,CUST_000418,MERCH_0078,392.50,GBP,PAID,2026-03-24 08:44:08,2026-04-23 08:44:08
INV_006559,ORD_006559,CUST_003457,MERCH_0005,1069.80,USD,PAID,2026-03-13 18:15:35,2026-04-12 18:15:35
INV_006560,ORD_006560,CUST_001792,MERCH_0027,100.00,USD,PAID,2026-03-06 20:07:19,2026-04-05 20:07:19
INV_006561,ORD_006561,CUST_004059,MERCH_0038,58.49,EUR,PAID,2026-01-26 10:03:14,2026-02-25 10:03:14
INV_006562,ORD_006562,CUST_004586,MERCH_0013,73.00,USD,PAID,2026-03-18 04:55:58,2026-04-17 04:55:58
INV_006563,ORD_006563,CUST_001281,MERCH_0055,100.95,GBP,PAID,2026-02-04 21:24:41,2026-03-06 21:24:41
INV_006564,ORD_006564,CUST_004871,MERCH_0055,9999.00,INR,PAID,2026-03-04 03:34:33,2026-04-03 03:34:33
INV_006565,ORD_006565,CUST_004999,MERCH_0083,61.00,USD,PAID,2026-02-15 18:36:41,2026-03-17 18:36:41
INV_006566,ORD_006566,CUST_000506,MERCH_0037,9999.00,INR,PAID,2026-02-15 16:57:43,2026-03-17 16:57:43
INV_006567,ORD_006567,CUST_001640,MERCH_0075,606.49,CAD,PAID,2026-03-06 20:14:45,2026-04-05 20:14:45
INV_006568,ORD_006568,CUST_000540,MERCH_0074,9999.00,INR,PAID,2026-03-26 11:16:10,2026-04-25 11:16:10
INV_006569,ORD_006569,CUST_000549,MERCH_0075,30.00,GBP,PAID,2026-03-08 02:19:31,2026-04-07 02:19:31
INV_006570,ORD_006570,CUST_000776,MERCH_0099,23.99,USD,PAID,2026-02-20 16:56:45,2026-03-22 16:56:45
INV_006571,ORD_006571,CUST_000723,MERCH_0058,17.99,EUR,PAID,2026-02-14 10:47:23,2026-03-16 10:47:23
INV_006572,ORD_006572,CUST_000218,MERCH_0071,2996.80,EUR,PAID,2026-01-29 22:00:00,2026-02-28 22:00:00
INV_006573,ORD_006573,CUST_004368,MERCH_0072,552.80,USD,PAID,2026-02-05 12:52:59,2026-03-07 12:52:59
INV_006574,ORD_006574,CUST_000527,MERCH_0024,381.00,EUR,PAID,2026-01-12 17:33:28,2026-02-11 17:33:28
INV_006575,ORD_006575,CUST_003885,MERCH_0086,3030.75,USD,PAID,2026-02-26 12:44:54,2026-03-28 12:44:54
INV_006576,ORD_006576,CUST_002027,MERCH_0029,444.50,EUR,PAID,2026-03-13 07:31:43,2026-04-12 07:31:43
INV_006577,ORD_006577,CUST_002380,MERCH_0045,1499.00,INR,PAID,2026-02-02 08:59:19,2026-03-04 08:59:19
INV_006578,ORD_006578,CUST_003357,MERCH_0096,65.95,EUR,PAID,2026-02-04 04:27:22,2026-03-06 04:27:22
INV_006579,ORD_006579,CUST_004432,MERCH_0075,304.25,USD,PAID,2026-03-22 17:03:40,2026-04-21 17:03:40
INV_006581,ORD_006581,CUST_002631,MERCH_0013,280.49,GBP,PAID,2026-03-06 20:01:37,2026-04-05 20:01:37
INV_006582,ORD_006582,CUST_003787,MERCH_0099,2622.00,EUR,PAID,2026-01-15 01:12:22,2026-02-14 01:12:22
INV_006583,ORD_006583,CUST_003229,MERCH_0043,15000.00,INR,PAID,2026-02-22 23:49:43,2026-03-24 23:49:43
INV_006584,ORD_006584,CUST_004874,MERCH_0087,365.95,EUR,PAID,2026-02-25 12:56:54,2026-03-27 12:56:54
INV_006585,ORD_006585,CUST_003475,MERCH_0050,471.75,USD,PAID,2026-01-18 22:52:39,2026-02-17 22:52:39
INV_006586,ORD_006586,CUST_000318,MERCH_0094,583.50,GBP,PAID,2026-01-04 08:14:22,2026-02-03 08:14:22
INV_006587,ORD_006587,CUST_003072,MERCH_0096,3999.00,INR,PAID,2026-01-21 22:03:56,2026-02-20 22:03:56
INV_006588,ORD_006588,CUST_004877,MERCH_0061,4999.00,INR,PAID,2026-03-01 10:33:08,2026-03-31 10:33:08
INV_006589,ORD_006589,CUST_000363,MERCH_0024,46.95,CAD,PAID,2026-02-27 04:50:04,2026-03-29 04:50:04
INV_006590,ORD_006590,CUST_002455,MERCH_0045,304.75,GBP,PAID,2026-03-15 15:04:44,2026-04-14 15:04:44
INV_006591,ORD_006591,CUST_004535,MERCH_0023,48.49,GBP,PAID,2026-01-04 00:55:33,2026-02-03 00:55:33
INV_006592,ORD_006592,CUST_002750,MERCH_0009,59.80,EUR,PAID,2026-02-05 05:45:43,2026-03-07 05:45:43
INV_006593,ORD_006593,CUST_001133,MERCH_0078,117.00,GBP,PAID,2026-03-15 00:42:30,2026-04-14 00:42:30
INV_006594,ORD_006594,CUST_001934,MERCH_0066,551.00,CAD,PAID,2026-03-28 23:42:42,2026-04-27 23:42:42
INV_006595,ORD_006595,CUST_003957,MERCH_0065,15000.00,INR,PAID,2026-02-19 16:33:48,2026-03-21 16:33:48
INV_006597,ORD_006597,CUST_000132,MERCH_0058,999.00,INR,PAID,2026-01-27 10:27:41,2026-02-26 10:27:41
INV_006598,ORD_006598,CUST_004342,MERCH_0027,71.75,CAD,PAID,2026-02-20 02:09:37,2026-03-22 02:09:37
INV_006599,ORD_006599,CUST_002635,MERCH_0060,16.49,EUR,PAID,2026-01-27 01:48:07,2026-02-26 01:48:07
INV_006600,ORD_006600,CUST_004470,MERCH_0093,240.49,GBP,PAID,2026-02-25 15:09:57,2026-03-27 15:09:57
INV_006601,ORD_006601,CUST_004521,MERCH_0031,26.00,USD,PAID,2026-03-08 00:55:41,2026-04-07 00:55:41
INV_006602,ORD_006602,CUST_001654,MERCH_0099,137.25,USD,PAID,2026-01-20 09:42:21,2026-02-19 09:42:21
INV_006603,ORD_006603,CUST_000138,MERCH_0027,538.50,GBP,PAID,2026-03-02 12:39:14,2026-04-01 12:39:14
INV_006604,ORD_006604,CUST_001632,MERCH_0069,261.80,EUR,PAID,2026-01-07 02:31:36,2026-02-06 02:31:36
INV_006605,ORD_006605,CUST_002518,MERCH_0087,9999.00,INR,PAID,2026-02-06 06:50:45,2026-03-08 06:50:45
INV_006606,ORD_006606,CUST_000478,MERCH_0051,100.50,EUR,PAID,2026-03-11 03:22:08,2026-04-10 03:22:08
INV_006607,ORD_006607,CUST_000419,MERCH_0044,20.80,CAD,OVERPAID,2026-01-03 23:15:37,2026-02-02 23:15:37
INV_006608,ORD_006608,CUST_004551,MERCH_0027,499.00,INR,PAID,2026-03-27 00:33:36,2026-04-26 00:33:36
INV_006609,ORD_006609,CUST_000610,MERCH_0100,3999.00,INR,PAID,2026-02-15 17:49:25,2026-03-17 17:49:25
INV_006610,ORD_006610,CUST_000985,MERCH_0008,3015.95,USD,PAID,2026-03-11 10:56:21,2026-04-10 10:56:21
INV_006611,ORD_006611,CUST_001357,MERCH_0014,24.75,EUR,PAID,2026-01-02 07:08:05,2026-02-01 07:08:05
INV_006612,ORD_006612,CUST_002778,MERCH_0003,419.80,EUR,PAID,2026-01-03 06:54:21,2026-02-02 06:54:21
INV_006613,ORD_006613,CUST_004953,MERCH_0011,477.95,GBP,PAID,2026-02-01 04:43:34,2026-03-03 04:43:34
INV_006614,ORD_006614,CUST_001596,MERCH_0038,15.50,CAD,PAID,2026-01-30 05:42:53,2026-03-01 05:42:53
INV_006615,ORD_006615,CUST_001730,MERCH_0022,500.75,GBP,PAID,2026-02-07 16:40:11,2026-03-09 16:40:11
INV_006616,ORD_006616,CUST_004369,MERCH_0040,1999.00,INR,PAID,2026-03-26 00:07:07,2026-04-25 00:07:07
INV_006617,ORD_006617,CUST_000423,MERCH_0089,41.00,GBP,PAID,2026-02-21 07:12:30,2026-03-23 07:12:30
INV_006618,ORD_006618,CUST_004126,MERCH_0075,59.50,GBP,PAID,2026-03-22 01:52:16,2026-04-21 01:52:16
INV_006619,ORD_006619,CUST_000791,MERCH_0079,51.49,USD,PAID,2026-01-18 11:51:15,2026-02-17 11:51:15
INV_006621,ORD_006621,CUST_000445,MERCH_0081,28.50,USD,PAID,2026-03-26 00:44:08,2026-04-25 00:44:08
INV_006622,ORD_006622,CUST_001252,MERCH_0099,608.80,CAD,PAID,2026-01-24 06:16:33,2026-02-23 06:16:33
INV_006623,ORD_006623,CUST_001053,MERCH_0090,303.00,USD,PAID,2026-01-17 12:12:24,2026-02-16 12:12:24
INV_006624,ORD_006624,CUST_003850,MERCH_0028,499.00,INR,PAID,2026-03-09 22:24:05,2026-04-08 22:24:05
INV_006625,ORD_006625,CUST_001004,MERCH_0017,299.00,INR,PAID,2026-01-07 05:10:17,2026-02-06 05:10:17
INV_006626,ORD_006626,CUST_000905,MERCH_0016,1499.00,INR,PAID,2026-01-03 16:16:24,2026-02-02 16:16:24
INV_006627,ORD_006627,CUST_002177,MERCH_0074,25.00,USD,PAID,2026-01-20 16:08:05,2026-02-19 16:08:05
INV_006628,ORD_006628,CUST_002506,MERCH_0078,3999.00,INR,PAID,2026-03-25 10:27:28,2026-04-24 10:27:28
INV_006629,ORD_006629,CUST_002589,MERCH_0029,55.80,CAD,PAID,2026-02-06 06:27:30,2026-03-08 06:27:30
INV_006630,ORD_006630,CUST_000813,MERCH_0009,170.80,CAD,PAID,2026-01-01 15:03:59,2026-01-31 15:03:59
INV_006631,ORD_006631,CUST_003353,MERCH_0038,52.80,GBP,PAID,2026-02-09 00:29:17,2026-03-11 00:29:17
INV_006632,ORD_006632,CUST_001532,MERCH_0059,464.95,CAD,PAID,2026-02-12 04:31:24,2026-03-14 04:31:24
INV_006633,ORD_006633,CUST_000250,MERCH_0032,3088.80,GBP,PAID,2026-03-01 09:40:23,2026-03-31 09:40:23
INV_006634,ORD_006634,CUST_000650,MERCH_0049,1992.50,CAD,PAID,2026-02-25 22:33:23,2026-03-27 22:33:23
INV_006635,ORD_006635,CUST_002508,MERCH_0073,499.00,INR,PAID,2026-03-26 00:40:18,2026-04-25 00:40:18
INV_006636,ORD_006636,CUST_001606,MERCH_0085,64.49,EUR,PAID,2026-01-06 06:28:59,2026-02-05 06:28:59
INV_006637,ORD_006637,CUST_002446,MERCH_0066,495.25,GBP,PAID,2026-02-27 19:10:42,2026-03-29 19:10:42
INV_006638,ORD_006638,CUST_001964,MERCH_0088,25.49,USD,PAID,2026-03-29 22:27:19,2026-04-28 22:27:19
INV_006639,ORD_006639,CUST_003437,MERCH_0041,503.95,USD,PAID,2026-02-25 18:02:16,2026-03-27 18:02:16
INV_006640,ORD_006640,CUST_003120,MERCH_0097,23.95,EUR,PAID,2026-03-15 10:08:36,2026-04-14 10:08:36
INV_006641,ORD_006641,CUST_000367,MERCH_0079,67.00,CAD,PAID,2026-02-05 05:51:06,2026-03-07 05:51:06
INV_006642,ORD_006642,CUST_004550,MERCH_0081,54.00,EUR,PAID,2026-02-15 01:53:04,2026-03-17 01:53:04
INV_006643,ORD_006643,CUST_004239,MERCH_0019,1702.49,USD,PAID,2026-01-31 06:27:31,2026-03-02 06:27:31
INV_006644,ORD_006644,CUST_002775,MERCH_0083,22.75,EUR,PAID,2026-03-03 21:05:28,2026-04-02 21:05:28
INV_006646,ORD_006646,CUST_001554,MERCH_0043,96.00,GBP,PAID,2026-03-01 14:23:13,2026-03-31 14:23:13
INV_006647,ORD_006647,CUST_003651,MERCH_0100,44.00,GBP,PAID,2026-03-01 22:27:50,2026-03-31 22:27:50
INV_006648,ORD_006648,CUST_004186,MERCH_0100,220.00,CAD,PAID,2026-01-11 12:26:56,2026-02-10 12:26:56
INV_006649,ORD_006649,CUST_002648,MERCH_0076,292.49,USD,PAID,2026-03-27 11:56:33,2026-04-26 11:56:33
INV_006650,ORD_006650,CUST_003182,MERCH_0016,24.99,EUR,PAID,2026-02-25 09:21:41,2026-03-27 09:21:41
INV_006651,ORD_006651,CUST_003094,MERCH_0076,30.50,USD,PAID,2026-02-17 00:35:49,2026-03-19 00:35:49
INV_006652,ORD_006652,CUST_001296,MERCH_0032,587.99,GBP,OVERPAID,2026-02-08 22:15:50,2026-03-10 22:15:50
INV_006653,ORD_006653,CUST_004861,MERCH_0065,645.25,USD,PAID,2026-01-29 12:01:13,2026-02-28 12:01:13
INV_006654,ORD_006654,CUST_003044,MERCH_0046,2499.00,INR,OVERPAID,2026-01-13 14:48:13,2026-02-12 14:48:13
INV_006655,ORD_006655,CUST_002464,MERCH_0042,470.49,EUR,PAID,2026-03-31 21:08:05,2026-04-30 21:08:05
INV_006656,ORD_006656,CUST_002595,MERCH_0003,502.50,USD,PAID,2026-01-15 08:11:37,2026-02-14 08:11:37
INV_006657,ORD_006657,CUST_000084,MERCH_0074,202.50,USD,PAID,2026-01-06 05:33:28,2026-02-05 05:33:28
INV_006658,ORD_006658,CUST_004836,MERCH_0064,20.25,GBP,PAID,2026-03-26 07:56:40,2026-04-25 07:56:40
INV_006659,ORD_006659,CUST_001925,MERCH_0071,27.00,EUR,PAID,2026-01-30 22:11:12,2026-03-01 22:11:12
INV_006660,ORD_006660,CUST_003869,MERCH_0002,337.00,USD,PAID,2026-02-19 14:39:55,2026-03-21 14:39:55
INV_006661,ORD_006661,CUST_000202,MERCH_0020,31.00,CAD,PAID,2026-01-12 21:18:57,2026-02-11 21:18:57
INV_006662,ORD_006662,CUST_002021,MERCH_0007,40.49,USD,PAID,2026-02-06 13:50:09,2026-03-08 13:50:09
INV_006663,ORD_006663,CUST_004523,MERCH_0060,401.49,EUR,PAID,2026-01-08 10:11:31,2026-02-07 10:11:31
INV_006664,ORD_006664,CUST_002639,MERCH_0011,64.25,USD,PAID,2026-03-06 02:35:38,2026-04-05 02:35:38
INV_006665,ORD_006665,CUST_000739,MERCH_0063,1499.00,INR,PAID,2026-01-15 13:43:14,2026-02-14 13:43:14
INV_006666,ORD_006666,CUST_002679,MERCH_0068,57.80,USD,PAID,2026-01-30 01:14:12,2026-03-01 01:14:12
INV_006667,ORD_006667,CUST_002570,MERCH_0004,75.75,CAD,PAID,2026-03-24 02:19:46,2026-04-23 02:19:46
INV_006668,ORD_006668,CUST_000483,MERCH_0095,173.50,USD,PAID,2026-01-08 04:00:27,2026-02-07 04:00:27
INV_006669,ORD_006669,CUST_001912,MERCH_0032,465.99,GBP,PAID,2026-01-18 18:00:18,2026-02-17 18:00:18
INV_006670,ORD_006670,CUST_003497,MERCH_0010,2223.00,USD,PAID,2026-03-24 09:15:09,2026-04-23 09:15:09
INV_006671,ORD_006671,CUST_001401,MERCH_0020,282.50,GBP,PAID,2026-01-17 07:13:58,2026-02-16 07:13:58
INV_006672,ORD_006672,CUST_003167,MERCH_0036,19.99,USD,PAID,2026-03-24 11:08:59,2026-04-23 11:08:59
INV_006673,ORD_006673,CUST_003114,MERCH_0019,15000.00,INR,PAID,2026-03-21 19:12:21,2026-04-20 19:12:21
INV_006674,ORD_006674,CUST_002905,MERCH_0012,3161.95,EUR,PAID,2026-02-19 02:58:08,2026-03-21 02:58:08
INV_006675,ORD_006675,CUST_000662,MERCH_0077,2686.00,USD,PAID,2026-03-03 22:53:25,2026-04-02 22:53:25
INV_006676,ORD_006676,CUST_004251,MERCH_0091,71.25,USD,PAID,2026-03-13 21:46:25,2026-04-12 21:46:25
INV_006679,ORD_006679,CUST_000828,MERCH_0023,623.50,GBP,PAID,2026-03-12 02:07:54,2026-04-11 02:07:54
INV_006680,ORD_006680,CUST_002006,MERCH_0034,74.95,EUR,PAID,2026-01-04 21:34:15,2026-02-03 21:34:15
INV_006681,ORD_006681,CUST_001952,MERCH_0046,104.95,USD,PAID,2026-01-10 04:16:40,2026-02-09 04:16:40
INV_006682,ORD_006682,CUST_000300,MERCH_0005,62.00,USD,PAID,2026-01-17 20:52:35,2026-02-16 20:52:35
INV_006683,ORD_006683,CUST_003816,MERCH_0012,9999.00,INR,PAID,2026-01-11 22:07:13,2026-02-10 22:07:13
INV_006684,ORD_006684,CUST_001229,MERCH_0061,228.80,USD,PAID,2026-02-19 16:53:27,2026-03-21 16:53:27
INV_006685,ORD_006685,CUST_002491,MERCH_0022,286.80,EUR,PAID,2026-01-09 15:53:38,2026-02-08 15:53:38
INV_006687,ORD_006687,CUST_003558,MERCH_0057,3999.00,INR,PAID,2026-01-10 23:17:42,2026-02-09 23:17:42
INV_006688,ORD_006688,CUST_002822,MERCH_0071,358.49,USD,PAID,2026-03-17 22:41:03,2026-04-16 22:41:03
INV_006689,ORD_006689,CUST_000944,MERCH_0091,452.25,USD,PAID,2026-01-10 05:50:04,2026-02-09 05:50:04
INV_006690,ORD_006690,CUST_003165,MERCH_0095,41.99,GBP,PAID,2026-01-03 15:21:23,2026-02-02 15:21:23
INV_006691,ORD_006691,CUST_004715,MERCH_0002,591.80,USD,PAID,2026-01-08 01:00:51,2026-02-07 01:00:51
INV_006692,ORD_006692,CUST_001395,MERCH_0053,1313.50,EUR,PAID,2026-01-16 03:14:25,2026-02-15 03:14:25
INV_006693,ORD_006693,CUST_000766,MERCH_0025,612.99,CAD,PAID,2026-01-13 20:54:44,2026-02-12 20:54:44
INV_006694,ORD_006694,CUST_002263,MERCH_0038,38.00,GBP,PAID,2026-02-12 04:37:11,2026-03-14 04:37:11
INV_006695,ORD_006695,CUST_001575,MERCH_0058,3161.75,USD,PAID,2026-03-16 20:27:21,2026-04-15 20:27:21
INV_006696,ORD_006696,CUST_000275,MERCH_0066,308.50,GBP,PAID,2026-02-19 20:17:13,2026-03-21 20:17:13
INV_006697,ORD_006697,CUST_003756,MERCH_0099,32.00,GBP,PAID,2026-03-23 06:59:40,2026-04-22 06:59:40
INV_006698,ORD_006698,CUST_003498,MERCH_0047,530.75,USD,PAID,2026-03-04 12:11:44,2026-04-03 12:11:44
INV_006699,ORD_006699,CUST_004564,MERCH_0060,581.25,EUR,PAID,2026-03-27 05:22:49,2026-04-26 05:22:49
INV_006700,ORD_006700,CUST_003904,MERCH_0085,32.99,USD,PAID,2026-03-15 06:56:07,2026-04-14 06:56:07
INV_006701,ORD_006701,CUST_003030,MERCH_0002,2499.00,INR,PAID,2026-02-19 22:12:29,2026-03-21 22:12:29
INV_006702,ORD_006702,CUST_000395,MERCH_0059,2097.95,EUR,PAID,2026-03-04 05:38:37,2026-04-03 05:38:37
INV_006703,ORD_006703,CUST_003566,MERCH_0033,1499.00,INR,PAID,2026-02-25 10:20:34,2026-03-27 10:20:34
INV_006704,ORD_006704,CUST_001398,MERCH_0058,78.75,USD,PAID,2026-03-22 17:06:48,2026-04-21 17:06:48
INV_006705,ORD_006705,CUST_000077,MERCH_0037,42.00,USD,PAID,2026-03-04 16:39:57,2026-04-03 16:39:57
INV_006706,ORD_006706,CUST_004952,MERCH_0064,576.49,EUR,PAID,2026-03-24 05:11:59,2026-04-23 05:11:59
INV_006707,ORD_006707,CUST_003672,MERCH_0060,1499.00,INR,PAID,2026-01-17 13:05:02,2026-02-16 13:05:02
INV_006708,ORD_006708,CUST_001194,MERCH_0050,62.50,GBP,PAID,2026-03-04 05:56:09,2026-04-03 05:56:09
INV_006709,ORD_006709,CUST_004065,MERCH_0096,78.25,USD,PAID,2026-02-04 05:08:51,2026-03-06 05:08:51
INV_006710,ORD_006710,CUST_000202,MERCH_0031,69.80,CAD,PAID,2026-01-01 14:53:20,2026-01-31 14:53:20
INV_006711,ORD_006711,CUST_000886,MERCH_0098,364.95,GBP,PAID,2026-02-19 07:37:10,2026-03-21 07:37:10
INV_006712,ORD_006712,CUST_003141,MERCH_0090,2499.00,INR,PAID,2026-03-07 12:13:03,2026-04-06 12:13:03
INV_006713,ORD_006713,CUST_001160,MERCH_0055,1624.49,USD,PAID,2026-01-28 11:37:20,2026-02-27 11:37:20
INV_006714,ORD_006714,CUST_001850,MERCH_0059,397.99,CAD,PAID,2026-01-29 17:20:46,2026-02-28 17:20:46
INV_006715,ORD_006715,CUST_003570,MERCH_0022,9999.00,INR,PAID,2026-02-01 10:00:25,2026-03-03 10:00:25
INV_006716,ORD_006716,CUST_002879,MERCH_0061,80.95,EUR,PAID,2026-01-27 16:46:28,2026-02-26 16:46:28
INV_006717,ORD_006717,CUST_000097,MERCH_0086,418.50,EUR,OVERPAID,2026-01-18 02:31:16,2026-02-17 02:31:16
INV_006718,ORD_006718,CUST_004219,MERCH_0049,441.25,USD,PAID,2026-01-09 13:53:35,2026-02-08 13:53:35
INV_006719,ORD_006719,CUST_000505,MERCH_0077,201.80,CAD,PAID,2026-03-24 10:22:49,2026-04-23 10:22:49
INV_006720,ORD_006720,CUST_002476,MERCH_0008,3013.25,CAD,PAID,2026-03-13 05:14:50,2026-04-12 05:14:50
INV_006721,ORD_006721,CUST_004213,MERCH_0064,324.95,GBP,PAID,2026-01-15 07:30:16,2026-02-14 07:30:16
INV_006722,ORD_006722,CUST_002422,MERCH_0065,23.50,USD,PAID,2026-02-14 17:04:33,2026-03-16 17:04:33
INV_006723,ORD_006723,CUST_001918,MERCH_0079,404.50,EUR,PAID,2026-03-14 02:35:36,2026-04-13 02:35:36
INV_006724,ORD_006724,CUST_000280,MERCH_0027,68.00,EUR,PAID,2026-01-10 13:06:35,2026-02-09 13:06:35
INV_006725,ORD_006725,CUST_001500,MERCH_0089,61.95,CAD,PAID,2026-02-25 19:02:38,2026-03-27 19:02:38
INV_006726,ORD_006726,CUST_000143,MERCH_0048,75.80,USD,PAID,2026-03-06 04:56:28,2026-04-05 04:56:28
INV_006727,ORD_006727,CUST_000677,MERCH_0087,122.49,CAD,PAID,2026-02-22 01:18:41,2026-03-24 01:18:41
INV_006728,ORD_006728,CUST_004756,MERCH_0023,21.75,USD,PAID,2026-04-01 04:40:14,2026-05-01 04:40:14
INV_006729,ORD_006729,CUST_004463,MERCH_0050,1999.00,INR,PAID,2026-01-14 13:47:46,2026-02-13 13:47:46
INV_006730,ORD_006730,CUST_002282,MERCH_0097,44.49,EUR,PAID,2026-01-28 01:35:04,2026-02-27 01:35:04
INV_006731,ORD_006731,CUST_003692,MERCH_0094,4999.00,INR,PAID,2026-01-26 17:55:31,2026-02-25 17:55:31
INV_006732,ORD_006732,CUST_000182,MERCH_0057,799.00,INR,PAID,2026-01-07 18:58:51,2026-02-06 18:58:51
INV_006733,ORD_006733,CUST_002511,MERCH_0036,194.99,USD,PAID,2026-03-09 21:39:46,2026-04-08 21:39:46
INV_006734,ORD_006734,CUST_000270,MERCH_0083,133.49,USD,PAID,2026-01-16 03:46:47,2026-02-15 03:46:47
INV_006735,ORD_006735,CUST_000361,MERCH_0053,35.25,EUR,PAID,2026-01-29 16:07:56,2026-02-28 16:07:56
INV_006736,ORD_006736,CUST_004440,MERCH_0014,25.99,USD,PAID,2026-02-19 01:29:54,2026-03-21 01:29:54
INV_006737,ORD_006737,CUST_003087,MERCH_0092,531.99,EUR,PAID,2026-01-12 21:24:02,2026-02-11 21:24:02
INV_006738,ORD_006738,CUST_000899,MERCH_0058,92.00,CAD,PAID,2026-02-22 01:10:05,2026-03-24 01:10:05
INV_006739,ORD_006739,CUST_002138,MERCH_0044,29.75,USD,PAID,2026-01-05 01:50:53,2026-02-04 01:50:53
INV_006740,ORD_006740,CUST_002272,MERCH_0028,51.80,USD,PAID,2026-03-14 20:45:39,2026-04-13 20:45:39
INV_006741,ORD_006741,CUST_003167,MERCH_0020,499.00,INR,PAID,2026-03-10 04:58:56,2026-04-09 04:58:56
INV_006742,ORD_006742,CUST_001776,MERCH_0086,25.25,GBP,PAID,2026-01-19 04:37:09,2026-02-18 04:37:09
INV_006743,ORD_006743,CUST_003766,MERCH_0065,53.50,GBP,PAID,2026-02-07 09:29:38,2026-03-09 09:29:38
INV_006744,ORD_006744,CUST_003491,MERCH_0024,384.80,USD,PAID,2026-01-22 22:51:06,2026-02-21 22:51:06
INV_006745,ORD_006745,CUST_002177,MERCH_0045,1458.25,EUR,PAID,2026-03-18 13:54:13,2026-04-17 13:54:13
INV_006746,ORD_006746,CUST_002524,MERCH_0086,114.75,GBP,PAID,2026-02-15 16:53:14,2026-03-17 16:53:14
INV_006747,ORD_006747,CUST_002284,MERCH_0039,1033.80,GBP,PAID,2026-01-02 03:35:59,2026-02-01 03:35:59
INV_006748,ORD_006748,CUST_002720,MERCH_0095,75.50,USD,PAID,2026-02-21 14:49:48,2026-03-23 14:49:48
INV_006749,ORD_006749,CUST_002005,MERCH_0087,279.80,GBP,PAID,2026-02-07 03:16:44,2026-03-09 03:16:44
INV_006750,ORD_006750,CUST_001200,MERCH_0088,27.00,USD,PAID,2026-03-01 10:24:01,2026-03-31 10:24:01
INV_006751,ORD_006751,CUST_002772,MERCH_0066,35.25,USD,PAID,2026-02-06 01:56:20,2026-03-08 01:56:20
INV_006752,ORD_006752,CUST_000139,MERCH_0071,1962.49,GBP,PAID,2026-01-02 09:55:12,2026-02-01 09:55:12
INV_006753,ORD_006753,CUST_002555,MERCH_0049,103.25,EUR,PAID,2026-03-20 03:06:17,2026-04-19 03:06:17
INV_006754,ORD_006754,CUST_004205,MERCH_0060,17.95,CAD,PAID,2026-03-29 05:45:59,2026-04-28 05:45:59
INV_006755,ORD_006755,CUST_001000,MERCH_0017,138.99,USD,PAID,2026-03-20 20:39:47,2026-04-19 20:39:47
INV_006756,ORD_006756,CUST_001614,MERCH_0035,173.50,GBP,PAID,2026-02-19 14:58:06,2026-03-21 14:58:06
INV_006757,ORD_006757,CUST_000964,MERCH_0088,259.50,EUR,PAID,2026-02-20 03:02:02,2026-03-22 03:02:02
INV_006758,ORD_006758,CUST_000575,MERCH_0056,1117.75,GBP,PAID,2026-01-19 16:49:24,2026-02-18 16:49:24
INV_006759,ORD_006759,CUST_004869,MERCH_0039,640.80,USD,PAID,2026-03-08 15:46:55,2026-04-07 15:46:55
INV_006760,ORD_006760,CUST_001015,MERCH_0034,29.50,GBP,PAID,2026-03-15 01:25:32,2026-04-14 01:25:32
INV_006761,ORD_006761,CUST_001781,MERCH_0074,74.95,USD,PAID,2026-03-30 21:31:44,2026-04-29 21:31:44
INV_006762,ORD_006762,CUST_002040,MERCH_0003,1712.00,EUR,PAID,2026-02-16 09:35:43,2026-03-18 09:35:43
INV_006763,ORD_006763,CUST_000193,MERCH_0082,1358.80,EUR,PAID,2026-01-13 20:26:53,2026-02-12 20:26:53
INV_006764,ORD_006764,CUST_003719,MERCH_0070,21.25,EUR,PAID,2026-02-19 16:24:40,2026-03-21 16:24:40
INV_006765,ORD_006765,CUST_002322,MERCH_0048,2499.00,INR,PAID,2026-02-20 03:13:00,2026-03-22 03:13:00
INV_006766,ORD_006766,CUST_004506,MERCH_0015,283.75,EUR,PAID,2026-01-21 18:03:49,2026-02-20 18:03:49
INV_006767,ORD_006767,CUST_002856,MERCH_0073,3078.75,EUR,PAID,2026-01-19 08:35:46,2026-02-18 08:35:46
INV_006768,ORD_006768,CUST_000765,MERCH_0046,574.00,USD,PAID,2026-02-23 04:23:06,2026-03-25 04:23:06
INV_006769,ORD_006769,CUST_004744,MERCH_0072,57.80,GBP,PAID,2026-01-12 04:03:46,2026-02-11 04:03:46
INV_006770,ORD_006770,CUST_001813,MERCH_0013,65.75,USD,PAID,2026-01-13 19:14:17,2026-02-12 19:14:17
INV_006771,ORD_006771,CUST_001382,MERCH_0010,595.00,USD,PAID,2026-02-09 08:02:10,2026-03-11 08:02:10
INV_006772,ORD_006772,CUST_004962,MERCH_0055,196.00,EUR,PAID,2026-02-06 23:46:37,2026-03-08 23:46:37
INV_006773,ORD_006773,CUST_004135,MERCH_0075,66.95,USD,PAID,2026-03-31 22:50:25,2026-04-30 22:50:25
INV_006774,ORD_006774,CUST_004803,MERCH_0033,244.99,CAD,PAID,2026-01-17 21:15:37,2026-02-16 21:15:37
INV_006775,ORD_006775,CUST_004644,MERCH_0074,20.00,CAD,PAID,2026-02-17 21:26:18,2026-03-19 21:26:18
INV_006776,ORD_006776,CUST_000550,MERCH_0014,59.80,GBP,PAID,2026-03-03 03:09:25,2026-04-02 03:09:25
INV_006777,ORD_006777,CUST_002010,MERCH_0041,381.99,CAD,PAID,2026-02-01 13:01:23,2026-03-03 13:01:23
INV_006778,ORD_006778,CUST_003924,MERCH_0099,209.95,EUR,PAID,2026-02-04 01:49:55,2026-03-06 01:49:55
INV_006779,ORD_006779,CUST_004649,MERCH_0040,9999.00,INR,PAID,2026-01-09 05:59:59,2026-02-08 05:59:59
INV_006780,ORD_006780,CUST_004367,MERCH_0042,999.00,INR,PAID,2026-02-03 03:35:17,2026-03-05 03:35:17
INV_006781,ORD_006781,CUST_003490,MERCH_0011,1233.80,GBP,PAID,2026-01-12 20:48:49,2026-02-11 20:48:49
INV_006782,ORD_006782,CUST_002626,MERCH_0009,31.80,USD,OVERPAID,2026-03-23 09:06:54,2026-04-22 09:06:54
INV_006784,ORD_006784,CUST_003672,MERCH_0046,17.49,USD,PAID,2026-03-13 20:21:04,2026-04-12 20:21:04
INV_006785,ORD_006785,CUST_004676,MERCH_0080,1499.00,INR,PAID,2026-01-13 10:52:41,2026-02-12 10:52:41
INV_006786,ORD_006786,CUST_002076,MERCH_0017,353.00,USD,PAID,2026-01-17 17:52:10,2026-02-16 17:52:10
INV_006787,ORD_006787,CUST_004961,MERCH_0060,32.80,GBP,PAID,2026-03-09 10:39:19,2026-04-08 10:39:19
INV_006788,ORD_006788,CUST_001293,MERCH_0026,37.50,GBP,PAID,2026-02-04 22:41:50,2026-03-06 22:41:50
INV_006789,ORD_006789,CUST_002724,MERCH_0091,1178.25,EUR,PAID,2026-02-06 02:33:53,2026-03-08 02:33:53
INV_006791,ORD_006791,CUST_002066,MERCH_0051,57.50,USD,PAID,2026-02-23 11:05:11,2026-03-25 11:05:11
INV_006792,ORD_006792,CUST_003871,MERCH_0044,1499.00,INR,PAID,2026-01-03 02:44:10,2026-02-02 02:44:10
INV_006793,ORD_006793,CUST_000496,MERCH_0027,29.25,EUR,PAID,2026-01-20 00:33:21,2026-02-19 00:33:21
INV_006794,ORD_006794,CUST_002069,MERCH_0059,38.50,EUR,PAID,2026-01-23 05:53:48,2026-02-22 05:53:48
INV_006795,ORD_006795,CUST_001825,MERCH_0059,1999.00,INR,PAID,2026-01-30 02:44:25,2026-03-01 02:44:25
INV_006796,ORD_006796,CUST_000669,MERCH_0090,427.95,GBP,PAID,2026-03-22 09:56:10,2026-04-21 09:56:10
INV_006797,ORD_006797,CUST_003012,MERCH_0060,520.99,EUR,PAID,2026-01-28 03:33:47,2026-02-27 03:33:47
INV_006798,ORD_006798,CUST_002253,MERCH_0030,71.50,GBP,PAID,2026-01-14 15:50:11,2026-02-13 15:50:11
INV_006799,ORD_006799,CUST_002669,MERCH_0032,799.00,INR,PAID,2026-03-24 23:17:04,2026-04-23 23:17:04
INV_006800,ORD_006800,CUST_004042,MERCH_0069,56.80,USD,PAID,2026-03-09 15:19:28,2026-04-08 15:19:28
INV_006801,ORD_006801,CUST_004726,MERCH_0079,3999.00,INR,PAID,2026-03-18 15:51:35,2026-04-17 15:51:35
INV_006802,ORD_006802,CUST_002132,MERCH_0039,182.00,EUR,PAID,2026-01-24 11:51:59,2026-02-23 11:51:59
INV_006803,ORD_006803,CUST_000604,MERCH_0047,582.00,USD,PAID,2026-02-12 22:58:51,2026-03-14 22:58:51
INV_006804,ORD_006804,CUST_004640,MERCH_0034,64.00,USD,PAID,2026-03-25 05:32:55,2026-04-24 05:32:55
INV_006805,ORD_006805,CUST_001330,MERCH_0072,100.75,GBP,PAID,2026-03-26 12:13:35,2026-04-25 12:13:35
INV_006806,ORD_006806,CUST_002990,MERCH_0053,76.49,EUR,PAID,2026-03-19 21:40:54,2026-04-18 21:40:54
INV_006807,ORD_006807,CUST_003223,MERCH_0092,1499.00,INR,PAID,2026-02-01 21:14:16,2026-03-03 21:14:16
INV_006808,ORD_006808,CUST_003616,MERCH_0001,67.00,USD,PAID,2026-04-01 03:31:29,2026-05-01 03:31:29
INV_006809,ORD_006809,CUST_003364,MERCH_0090,577.50,EUR,PAID,2026-03-13 15:11:03,2026-04-12 15:11:03
INV_006810,ORD_006810,CUST_002194,MERCH_0051,162.49,USD,PAID,2026-03-11 04:59:12,2026-04-10 04:59:12
INV_006811,ORD_006811,CUST_004609,MERCH_0056,3146.95,USD,PAID,2026-01-23 11:59:07,2026-02-22 11:59:07
INV_006812,ORD_006812,CUST_001003,MERCH_0012,28.49,USD,PAID,2026-01-27 01:19:51,2026-02-26 01:19:51
INV_006813,ORD_006813,CUST_004796,MERCH_0077,380.00,USD,OVERPAID,2026-03-29 20:01:46,2026-04-28 20:01:46
INV_006814,ORD_006814,CUST_003894,MERCH_0024,306.75,USD,PAID,2026-02-15 23:46:41,2026-03-17 23:46:41
INV_006815,ORD_006815,CUST_003862,MERCH_0070,2499.00,INR,PAID,2026-02-04 01:51:23,2026-03-06 01:51:23
INV_006816,ORD_006816,CUST_002761,MERCH_0094,73.95,USD,PAID,2026-01-14 15:29:43,2026-02-13 15:29:43
INV_006817,ORD_006817,CUST_002186,MERCH_0068,256.99,EUR,PAID,2026-03-11 08:01:23,2026-04-10 08:01:23
INV_006818,ORD_006818,CUST_002565,MERCH_0084,42.00,EUR,PAID,2026-03-21 12:49:59,2026-04-20 12:49:59
INV_006819,ORD_006819,CUST_002756,MERCH_0078,196.49,EUR,PAID,2026-03-10 16:51:00,2026-04-09 16:51:00
INV_006820,ORD_006820,CUST_001374,MERCH_0083,54.00,USD,PAID,2026-02-06 19:47:06,2026-03-08 19:47:06
INV_006821,ORD_006821,CUST_003081,MERCH_0017,2182.25,EUR,PAID,2026-03-22 09:36:02,2026-04-21 09:36:02
INV_006822,ORD_006822,CUST_004342,MERCH_0010,49.00,EUR,PAID,2026-01-20 17:53:38,2026-02-19 17:53:38
INV_006823,ORD_006823,CUST_004060,MERCH_0036,78.99,EUR,PAID,2026-01-05 17:51:49,2026-02-04 17:51:49
INV_006824,ORD_006824,CUST_000782,MERCH_0033,26.80,USD,PAID,2026-02-10 14:29:59,2026-03-12 14:29:59
INV_006825,ORD_006825,CUST_004355,MERCH_0061,68.99,EUR,PAID,2026-02-24 18:01:37,2026-03-26 18:01:37
INV_006826,ORD_006826,CUST_001219,MERCH_0067,799.00,INR,PAID,2026-02-24 04:05:07,2026-03-26 04:05:07
INV_006827,ORD_006827,CUST_004088,MERCH_0040,52.80,USD,PAID,2026-03-20 23:51:02,2026-04-19 23:51:02
INV_006828,ORD_006828,CUST_001564,MERCH_0090,452.80,EUR,PAID,2026-01-02 23:51:26,2026-02-01 23:51:26
INV_006829,ORD_006829,CUST_000087,MERCH_0019,3084.00,USD,PAID,2026-02-05 01:20:41,2026-03-07 01:20:41
INV_006830,ORD_006830,CUST_000016,MERCH_0055,59.99,EUR,PAID,2026-03-21 08:01:28,2026-04-20 08:01:28
INV_006831,ORD_006831,CUST_003583,MERCH_0028,53.95,GBP,PAID,2026-01-02 03:37:53,2026-02-01 03:37:53
INV_006832,ORD_006832,CUST_004703,MERCH_0017,486.99,USD,PAID,2026-03-10 11:55:44,2026-04-09 11:55:44
INV_006833,ORD_006833,CUST_002937,MERCH_0068,4999.00,INR,PAID,2026-03-21 09:44:36,2026-04-20 09:44:36
INV_006834,ORD_006834,CUST_001504,MERCH_0011,69.80,USD,PAID,2026-02-06 08:18:52,2026-03-08 08:18:52
INV_006835,ORD_006835,CUST_002338,MERCH_0069,79.95,USD,PAID,2026-03-23 01:44:01,2026-04-22 01:44:01
INV_006836,ORD_006836,CUST_002427,MERCH_0091,1999.00,INR,PAID,2026-02-18 04:01:48,2026-03-20 04:01:48
INV_006837,ORD_006837,CUST_000380,MERCH_0029,133.99,EUR,PAID,2026-02-12 17:17:07,2026-03-14 17:17:07
INV_006838,ORD_006838,CUST_004166,MERCH_0020,32.99,CAD,PAID,2026-02-16 19:01:54,2026-03-18 19:01:54
INV_006839,ORD_006839,CUST_003040,MERCH_0025,30.80,USD,PAID,2026-03-29 23:52:37,2026-04-28 23:52:37
INV_006840,ORD_006840,CUST_000983,MERCH_0032,23.75,EUR,PAID,2026-02-13 09:52:35,2026-03-15 09:52:35
INV_006841,ORD_006841,CUST_000860,MERCH_0006,2788.95,USD,PAID,2026-02-28 13:22:37,2026-03-30 13:22:37
INV_006842,ORD_006842,CUST_002083,MERCH_0027,72.00,USD,PAID,2026-02-10 09:12:44,2026-03-12 09:12:44
INV_006843,ORD_006843,CUST_001435,MERCH_0008,260.99,EUR,PAID,2026-01-19 02:50:18,2026-02-18 02:50:18
INV_006844,ORD_006844,CUST_003215,MERCH_0091,80.00,GBP,PAID,2026-01-09 01:25:18,2026-02-08 01:25:18
INV_006845,ORD_006845,CUST_003894,MERCH_0025,41.49,EUR,PAID,2026-02-15 21:03:43,2026-03-17 21:03:43
INV_006846,ORD_006846,CUST_003945,MERCH_0090,76.75,GBP,PAID,2026-01-31 17:02:35,2026-03-02 17:02:35
INV_006847,ORD_006847,CUST_001217,MERCH_0071,799.00,INR,PAID,2026-01-06 11:49:54,2026-02-05 11:49:54
INV_006848,ORD_006848,CUST_004806,MERCH_0054,47.75,GBP,PAID,2026-02-24 06:21:58,2026-03-26 06:21:58
INV_006849,ORD_006849,CUST_003438,MERCH_0085,988.25,GBP,PAID,2026-03-25 03:18:31,2026-04-24 03:18:31
INV_006850,ORD_006850,CUST_000641,MERCH_0096,68.99,EUR,PAID,2026-03-20 18:38:05,2026-04-19 18:38:05
INV_006851,ORD_006851,CUST_000809,MERCH_0069,2260.50,EUR,PAID,2026-03-24 12:42:43,2026-04-23 12:42:43
INV_006852,ORD_006852,CUST_000439,MERCH_0064,45.80,USD,PAID,2026-03-19 10:11:04,2026-04-18 10:11:04
INV_006853,ORD_006853,CUST_000053,MERCH_0016,1453.99,EUR,PAID,2026-01-14 16:58:09,2026-02-13 16:58:09
INV_006854,ORD_006854,CUST_000893,MERCH_0059,799.00,INR,PAID,2026-02-25 06:51:11,2026-03-27 06:51:11
INV_006855,ORD_006855,CUST_002908,MERCH_0066,73.95,EUR,PAID,2026-01-05 10:49:17,2026-02-04 10:49:17
INV_006857,ORD_006857,CUST_002277,MERCH_0100,525.25,EUR,PAID,2026-02-06 14:07:38,2026-03-08 14:07:38
INV_006858,ORD_006858,CUST_000823,MERCH_0087,295.50,EUR,PAID,2026-03-11 12:09:38,2026-04-10 12:09:38
INV_006859,ORD_006859,CUST_004373,MERCH_0100,69.00,USD,PAID,2026-01-04 19:42:09,2026-02-03 19:42:09
INV_006860,ORD_006860,CUST_004363,MERCH_0050,144.25,USD,PAID,2026-03-09 23:41:09,2026-04-08 23:41:09
INV_006861,ORD_006861,CUST_000389,MERCH_0024,2667.00,EUR,PAID,2026-01-28 05:32:52,2026-02-27 05:32:52
INV_006862,ORD_006862,CUST_002937,MERCH_0008,534.99,EUR,PAID,2026-02-10 16:29:38,2026-03-12 16:29:38
INV_006863,ORD_006863,CUST_002547,MERCH_0035,1999.00,INR,PAID,2026-01-16 19:51:30,2026-02-15 19:51:30
INV_006864,ORD_006864,CUST_004907,MERCH_0037,9999.00,INR,PAID,2026-02-07 23:32:17,2026-03-09 23:32:17
INV_006865,ORD_006865,CUST_003201,MERCH_0022,437.50,EUR,PAID,2026-03-13 15:49:52,2026-04-12 15:49:52
INV_006866,ORD_006866,CUST_004441,MERCH_0039,799.00,INR,PAID,2026-02-06 07:58:31,2026-03-08 07:58:31
INV_006867,ORD_006867,CUST_004794,MERCH_0066,28.80,EUR,PAID,2026-01-20 00:02:02,2026-02-19 00:02:02
INV_006868,ORD_006868,CUST_000705,MERCH_0039,174.99,GBP,PAID,2026-02-15 09:05:46,2026-03-17 09:05:46
INV_006869,ORD_006869,CUST_001663,MERCH_0045,61.50,EUR,PAID,2026-01-28 04:50:01,2026-02-27 04:50:01
INV_006871,ORD_006871,CUST_002019,MERCH_0096,999.00,INR,PAID,2026-03-18 21:33:31,2026-04-17 21:33:31
INV_006872,ORD_006872,CUST_002602,MERCH_0049,364.99,EUR,PAID,2026-01-12 11:10:34,2026-02-11 11:10:34
INV_006873,ORD_006873,CUST_003310,MERCH_0045,63.80,EUR,PAID,2026-02-07 09:51:26,2026-03-09 09:51:26
INV_006874,ORD_006874,CUST_000033,MERCH_0060,257.95,USD,PAID,2026-02-17 06:47:54,2026-03-19 06:47:54
INV_006875,ORD_006875,CUST_003118,MERCH_0084,25.80,CAD,PAID,2026-02-06 20:00:53,2026-03-08 20:00:53
INV_006876,ORD_006876,CUST_000536,MERCH_0073,554.25,EUR,PAID,2026-03-30 04:06:15,2026-04-29 04:06:15
INV_006877,ORD_006877,CUST_003860,MERCH_0027,18.49,EUR,PAID,2026-02-28 23:12:15,2026-03-30 23:12:15
INV_006878,ORD_006878,CUST_001773,MERCH_0012,121.50,CAD,PAID,2026-03-27 05:06:59,2026-04-26 05:06:59
INV_006879,ORD_006879,CUST_003073,MERCH_0064,245.80,GBP,PAID,2026-03-22 17:24:05,2026-04-21 17:24:05
INV_006880,ORD_006880,CUST_001463,MERCH_0005,3446.49,EUR,PAID,2026-01-11 03:45:30,2026-02-10 03:45:30
INV_006881,ORD_006881,CUST_003736,MERCH_0083,45.50,GBP,PAID,2026-03-02 09:01:53,2026-04-01 09:01:53
INV_006882,ORD_006882,CUST_002470,MERCH_0070,196.80,CAD,PAID,2026-03-08 14:42:49,2026-04-07 14:42:49
INV_006883,ORD_006883,CUST_003807,MERCH_0039,168.00,USD,PAID,2026-02-06 15:07:42,2026-03-08 15:07:42
INV_006884,ORD_006884,CUST_003234,MERCH_0095,607.95,GBP,PAID,2026-03-18 10:32:31,2026-04-17 10:32:31
INV_006885,ORD_006885,CUST_002410,MERCH_0049,69.99,EUR,PAID,2026-02-15 07:25:58,2026-03-17 07:25:58
INV_006886,ORD_006886,CUST_002792,MERCH_0001,32.75,GBP,PAID,2026-02-27 07:37:08,2026-03-29 07:37:08
INV_006887,ORD_006887,CUST_004444,MERCH_0054,618.50,EUR,PAID,2026-01-23 05:46:58,2026-02-22 05:46:58
INV_006888,ORD_006888,CUST_000301,MERCH_0043,445.25,USD,PAID,2026-02-18 20:02:31,2026-03-20 20:02:31
INV_006889,ORD_006889,CUST_000928,MERCH_0024,75.00,EUR,PAID,2026-03-26 13:51:23,2026-04-25 13:51:23
INV_006890,ORD_006890,CUST_000899,MERCH_0013,2537.50,EUR,PAID,2026-03-23 02:56:05,2026-04-22 02:56:05
INV_006891,ORD_006891,CUST_004108,MERCH_0083,61.75,EUR,PAID,2026-01-14 21:18:39,2026-02-13 21:18:39
INV_006892,ORD_006892,CUST_000475,MERCH_0087,55.50,EUR,PAID,2026-02-23 11:29:33,2026-03-25 11:29:33
INV_006893,ORD_006893,CUST_001940,MERCH_0056,1622.80,USD,PAID,2026-03-22 16:38:39,2026-04-21 16:38:39
INV_006894,ORD_006894,CUST_002836,MERCH_0059,438.50,EUR,PAID,2026-01-08 08:11:59,2026-02-07 08:11:59
INV_006895,ORD_006895,CUST_004505,MERCH_0092,499.00,INR,PAID,2026-01-15 10:28:57,2026-02-14 10:28:57
INV_006896,ORD_006896,CUST_003662,MERCH_0085,59.00,GBP,PAID,2026-01-10 05:45:11,2026-02-09 05:45:11
INV_006897,ORD_006897,CUST_003873,MERCH_0081,3287.80,GBP,PAID,2026-02-04 02:34:57,2026-03-06 02:34:57
INV_006898,ORD_006898,CUST_004093,MERCH_0005,1261.50,USD,PAID,2026-03-22 10:44:10,2026-04-21 10:44:10
INV_006899,ORD_006899,CUST_004597,MERCH_0074,358.25,USD,OVERPAID,2026-02-22 20:50:42,2026-03-24 20:50:42
INV_006900,ORD_006900,CUST_003541,MERCH_0028,247.99,EUR,PAID,2026-02-12 02:16:56,2026-03-14 02:16:56
INV_006901,ORD_006901,CUST_003092,MERCH_0047,161.49,USD,PAID,2026-02-28 13:26:52,2026-03-30 13:26:52
INV_006902,ORD_006902,CUST_000262,MERCH_0028,151.99,EUR,PAID,2026-02-20 06:39:20,2026-03-22 06:39:20
INV_006904,ORD_006904,CUST_004715,MERCH_0033,1999.00,INR,PAID,2026-03-06 16:36:15,2026-04-05 16:36:15
INV_006905,ORD_006905,CUST_003087,MERCH_0050,601.00,USD,PAID,2026-01-20 10:39:08,2026-02-19 10:39:08
INV_006906,ORD_006906,CUST_000593,MERCH_0073,1857.50,USD,PAID,2026-03-23 20:31:44,2026-04-22 20:31:44
INV_006908,ORD_006908,CUST_004169,MERCH_0020,999.00,INR,PAID,2026-02-24 08:00:29,2026-03-26 08:00:29
INV_006909,ORD_006909,CUST_001480,MERCH_0053,542.80,EUR,PAID,2026-02-15 18:43:28,2026-03-17 18:43:28
INV_006910,ORD_006910,CUST_004319,MERCH_0082,1490.80,EUR,PAID,2026-03-14 13:04:03,2026-04-13 13:04:03
INV_006911,ORD_006911,CUST_004314,MERCH_0088,900.50,USD,PAID,2026-01-20 18:06:21,2026-02-19 18:06:21
INV_006912,ORD_006912,CUST_002687,MERCH_0009,305.50,EUR,OVERPAID,2026-01-08 00:35:47,2026-02-07 00:35:47
INV_006914,ORD_006914,CUST_001245,MERCH_0018,52.50,EUR,PAID,2026-01-26 03:44:22,2026-02-25 03:44:22
INV_006915,ORD_006915,CUST_001189,MERCH_0023,799.00,INR,PAID,2026-03-13 05:10:51,2026-04-12 05:10:51
INV_006916,ORD_006916,CUST_001843,MERCH_0020,3271.95,EUR,PAID,2026-03-20 11:07:09,2026-04-19 11:07:09
INV_006918,ORD_006918,CUST_000373,MERCH_0002,1279.50,USD,PAID,2026-02-05 00:31:12,2026-03-07 00:31:12
INV_006919,ORD_006919,CUST_004252,MERCH_0073,32.75,GBP,PAID,2026-03-10 13:02:10,2026-04-09 13:02:10
INV_006920,ORD_006920,CUST_001769,MERCH_0100,68.00,EUR,PAID,2026-01-24 23:01:31,2026-02-23 23:01:31
INV_006921,ORD_006921,CUST_002349,MERCH_0082,124.00,EUR,PAID,2026-02-04 09:28:48,2026-03-06 09:28:48
INV_006922,ORD_006922,CUST_004540,MERCH_0029,38.00,EUR,PAID,2026-01-30 16:17:12,2026-03-01 16:17:12
INV_006923,ORD_006923,CUST_000434,MERCH_0002,9999.00,INR,PAID,2026-03-23 09:08:19,2026-04-22 09:08:19
INV_006924,ORD_006924,CUST_002846,MERCH_0011,125.75,USD,PAID,2026-03-12 13:55:13,2026-04-11 13:55:13
INV_006925,ORD_006925,CUST_001053,MERCH_0057,300.00,GBP,PAID,2026-03-05 22:10:15,2026-04-04 22:10:15
INV_006926,ORD_006926,CUST_004733,MERCH_0045,529.00,GBP,PAID,2026-02-25 02:02:21,2026-03-27 02:02:21
INV_006927,ORD_006927,CUST_002709,MERCH_0099,46.49,CAD,PAID,2026-01-05 16:28:22,2026-02-04 16:28:22
INV_006928,ORD_006928,CUST_004723,MERCH_0017,1076.50,EUR,PAID,2026-02-09 22:21:01,2026-03-11 22:21:01
INV_006930,ORD_006930,CUST_003081,MERCH_0091,2200.25,GBP,PAID,2026-03-16 00:08:31,2026-04-15 00:08:31
INV_006931,ORD_006931,CUST_004253,MERCH_0027,619.95,CAD,PAID,2026-01-10 14:18:23,2026-02-09 14:18:23
INV_006932,ORD_006932,CUST_000610,MERCH_0010,329.00,USD,PAID,2026-01-04 05:37:47,2026-02-03 05:37:47
INV_006933,ORD_006933,CUST_003260,MERCH_0081,64.80,EUR,PAID,2026-01-18 19:46:14,2026-02-17 19:46:14
INV_006934,ORD_006934,CUST_000687,MERCH_0073,34.49,EUR,PAID,2026-03-29 20:57:12,2026-04-28 20:57:12
INV_006935,ORD_006935,CUST_003509,MERCH_0031,817.99,USD,PAID,2026-02-12 05:57:27,2026-03-14 05:57:27
INV_006936,ORD_006936,CUST_003732,MERCH_0063,290.80,EUR,OVERPAID,2026-02-28 02:26:00,2026-03-30 02:26:00
INV_006937,ORD_006937,CUST_002333,MERCH_0061,614.99,CAD,PAID,2026-03-04 15:10:06,2026-04-03 15:10:06
INV_006938,ORD_006938,CUST_003901,MERCH_0047,74.75,USD,PAID,2026-01-29 22:54:21,2026-02-28 22:54:21
INV_006939,ORD_006939,CUST_002076,MERCH_0098,3014.75,USD,PAID,2026-01-15 13:43:08,2026-02-14 13:43:08
INV_006940,ORD_006940,CUST_003452,MERCH_0092,29.25,CAD,PAID,2026-03-13 04:29:07,2026-04-12 04:29:07
INV_006941,ORD_006941,CUST_004101,MERCH_0037,78.50,USD,PAID,2026-02-22 16:59:13,2026-03-24 16:59:13
INV_006942,ORD_006942,CUST_000666,MERCH_0066,3065.25,GBP,PAID,2026-02-20 03:56:40,2026-03-22 03:56:40
INV_006943,ORD_006943,CUST_000235,MERCH_0010,499.00,INR,PAID,2026-03-29 11:32:00,2026-04-28 11:32:00
INV_006944,ORD_006944,CUST_002375,MERCH_0081,72.75,CAD,PAID,2026-02-09 11:06:24,2026-03-11 11:06:24
INV_006945,ORD_006945,CUST_002498,MERCH_0063,243.75,CAD,PAID,2026-01-05 20:39:15,2026-02-04 20:39:15
INV_006946,ORD_006946,CUST_004356,MERCH_0053,174.00,USD,PAID,2026-01-26 16:19:25,2026-02-25 16:19:25
INV_006947,ORD_006947,CUST_000011,MERCH_0031,223.95,EUR,PAID,2026-01-23 23:28:21,2026-02-22 23:28:21
INV_006948,ORD_006948,CUST_000411,MERCH_0084,57.50,USD,PAID,2026-01-21 04:40:31,2026-02-20 04:40:31
INV_006949,ORD_006949,CUST_003030,MERCH_0017,51.99,EUR,PAID,2026-03-26 18:20:05,2026-04-25 18:20:05
INV_006950,ORD_006950,CUST_003452,MERCH_0047,39.00,USD,PAID,2026-02-27 21:12:31,2026-03-29 21:12:31
INV_006951,ORD_006951,CUST_002799,MERCH_0016,76.75,USD,PAID,2026-02-16 17:20:54,2026-03-18 17:20:54
INV_006952,ORD_006952,CUST_004897,MERCH_0075,1358.95,USD,PAID,2026-02-07 02:56:44,2026-03-09 02:56:44
INV_006953,ORD_006953,CUST_000075,MERCH_0059,439.80,CAD,PAID,2026-01-27 14:03:10,2026-02-26 14:03:10
INV_006954,ORD_006954,CUST_002052,MERCH_0017,20.80,GBP,PAID,2026-01-11 17:18:04,2026-02-10 17:18:04
INV_006955,ORD_006955,CUST_004977,MERCH_0053,195.80,EUR,PAID,2026-02-23 03:01:11,2026-03-25 03:01:11
INV_006957,ORD_006957,CUST_004581,MERCH_0006,640.99,GBP,PAID,2026-01-09 22:03:45,2026-02-08 22:03:45
INV_006958,ORD_006958,CUST_002794,MERCH_0059,74.49,CAD,PAID,2026-03-23 11:16:34,2026-04-22 11:16:34
INV_006959,ORD_006959,CUST_000489,MERCH_0037,1264.50,EUR,PAID,2026-01-25 08:04:33,2026-02-24 08:04:33
INV_006960,ORD_006960,CUST_004590,MERCH_0052,395.50,USD,PAID,2026-03-08 03:05:30,2026-04-07 03:05:30
INV_006961,ORD_006961,CUST_000604,MERCH_0048,406.80,EUR,PAID,2026-03-26 01:24:03,2026-04-25 01:24:03
INV_006962,ORD_006962,CUST_002858,MERCH_0012,394.99,USD,PAID,2026-02-13 01:36:38,2026-03-15 01:36:38
INV_006963,ORD_006963,CUST_001510,MERCH_0057,52.99,USD,PAID,2026-01-22 03:11:36,2026-02-21 03:11:36
INV_006964,ORD_006964,CUST_003909,MERCH_0029,598.00,EUR,PAID,2026-01-30 23:28:35,2026-03-01 23:28:35
INV_006965,ORD_006965,CUST_002216,MERCH_0066,578.49,USD,PAID,2026-03-23 20:34:20,2026-04-22 20:34:20
INV_006966,ORD_006966,CUST_001182,MERCH_0090,488.95,GBP,PAID,2026-03-28 21:48:27,2026-04-27 21:48:27
INV_006967,ORD_006967,CUST_003315,MERCH_0019,3999.00,INR,PAID,2026-03-18 11:57:38,2026-04-17 11:57:38
INV_006968,ORD_006968,CUST_003131,MERCH_0059,143.80,EUR,PAID,2026-02-10 21:07:55,2026-03-12 21:07:55
INV_006969,ORD_006969,CUST_000371,MERCH_0078,1791.00,USD,PAID,2026-01-16 23:05:45,2026-02-15 23:05:45
INV_006971,ORD_006971,CUST_000437,MERCH_0029,3347.25,EUR,PAID,2026-02-04 12:21:01,2026-03-06 12:21:01
INV_006972,ORD_006972,CUST_000479,MERCH_0026,257.80,EUR,PAID,2026-01-04 03:03:05,2026-02-03 03:03:05
INV_006973,ORD_006973,CUST_002798,MERCH_0044,799.00,INR,PAID,2026-02-07 11:22:25,2026-03-09 11:22:25
INV_006974,ORD_006974,CUST_004925,MERCH_0048,175.49,USD,PAID,2026-02-15 04:13:51,2026-03-17 04:13:51
INV_006976,ORD_006976,CUST_004150,MERCH_0048,139.50,USD,PAID,2026-03-24 08:38:30,2026-04-23 08:38:30
INV_006977,ORD_006977,CUST_000596,MERCH_0083,429.25,EUR,PAID,2026-01-28 03:17:53,2026-02-27 03:17:53
INV_006978,ORD_006978,CUST_001881,MERCH_0014,62.99,GBP,PAID,2026-01-18 03:49:08,2026-02-17 03:49:08
INV_006979,ORD_006979,CUST_003893,MERCH_0053,39.00,EUR,PAID,2026-02-15 18:05:28,2026-03-17 18:05:28
INV_006980,ORD_006980,CUST_004654,MERCH_0071,397.80,USD,PAID,2026-02-14 23:29:25,2026-03-16 23:29:25
INV_006981,ORD_006981,CUST_004050,MERCH_0012,316.00,EUR,PAID,2026-02-15 07:46:42,2026-03-17 07:46:42
INV_006982,ORD_006982,CUST_004608,MERCH_0076,51.49,CAD,PAID,2026-01-25 18:55:29,2026-02-24 18:55:29
INV_006983,ORD_006983,CUST_002057,MERCH_0084,412.25,EUR,PAID,2026-01-25 04:00:43,2026-02-24 04:00:43
INV_006984,ORD_006984,CUST_002675,MERCH_0030,999.00,INR,PAID,2026-02-11 10:32:21,2026-03-13 10:32:21
INV_006985,ORD_006985,CUST_002508,MERCH_0099,299.00,INR,PAID,2026-02-08 22:39:29,2026-03-10 22:39:29
INV_006986,ORD_006986,CUST_003649,MERCH_0004,999.75,GBP,PAID,2026-02-22 11:08:52,2026-03-24 11:08:52
INV_006987,ORD_006987,CUST_004516,MERCH_0050,4999.00,INR,PAID,2026-01-14 20:36:16,2026-02-13 20:36:16
INV_006988,ORD_006988,CUST_003232,MERCH_0007,42.95,USD,PAID,2026-03-10 21:57:19,2026-04-09 21:57:19
INV_006989,ORD_006989,CUST_003881,MERCH_0001,44.99,GBP,PAID,2026-01-29 17:01:37,2026-02-28 17:01:37
INV_006990,ORD_006990,CUST_000137,MERCH_0048,53.99,USD,PAID,2026-02-09 04:39:38,2026-03-11 04:39:38
INV_006991,ORD_006991,CUST_001248,MERCH_0076,58.49,USD,PAID,2026-01-28 02:12:06,2026-02-27 02:12:06
INV_006992,ORD_006992,CUST_002345,MERCH_0068,1212.99,USD,PAID,2026-02-20 21:34:34,2026-03-22 21:34:34
INV_006993,ORD_006993,CUST_001836,MERCH_0019,57.50,GBP,PAID,2026-02-10 08:13:23,2026-03-12 08:13:23
INV_006994,ORD_006994,CUST_004278,MERCH_0049,299.00,INR,PAID,2026-03-12 17:15:56,2026-04-11 17:15:56
INV_006995,ORD_006995,CUST_000784,MERCH_0060,1268.49,EUR,PAID,2026-02-25 22:11:38,2026-03-27 22:11:38
INV_006996,ORD_006996,CUST_001532,MERCH_0067,65.99,USD,PAID,2026-03-26 20:34:20,2026-04-25 20:34:20
INV_006997,ORD_006997,CUST_003921,MERCH_0095,258.95,USD,PAID,2026-03-14 15:42:59,2026-04-13 15:42:59
INV_006998,ORD_006998,CUST_001320,MERCH_0085,251.80,EUR,PAID,2026-01-11 00:55:08,2026-02-10 00:55:08
INV_007000,ORD_007000,CUST_004509,MERCH_0003,409.99,GBP,PAID,2026-02-09 19:00:42,2026-03-11 19:00:42
INV_007001,ORD_007001,CUST_002476,MERCH_0079,636.99,USD,PAID,2026-01-21 20:08:12,2026-02-20 20:08:12
INV_007002,ORD_007002,CUST_000877,MERCH_0041,499.00,INR,PAID,2026-03-24 07:42:10,2026-04-23 07:42:10
INV_007003,ORD_007003,CUST_000214,MERCH_0055,620.80,GBP,PAID,2026-01-13 07:01:46,2026-02-12 07:01:46
INV_007004,ORD_007004,CUST_000371,MERCH_0055,299.00,INR,PAID,2026-01-17 06:27:32,2026-02-16 06:27:32
INV_007005,ORD_007005,CUST_004455,MERCH_0071,27.99,USD,PAID,2026-02-14 22:41:52,2026-03-16 22:41:52
INV_007006,ORD_007006,CUST_003472,MERCH_0009,2828.80,GBP,PAID,2026-02-28 14:06:19,2026-03-30 14:06:19
INV_007007,ORD_007007,CUST_000056,MERCH_0046,21.95,CAD,PAID,2026-02-23 11:10:08,2026-03-25 11:10:08
INV_007008,ORD_007008,CUST_000345,MERCH_0037,2499.00,INR,PAID,2026-01-02 11:49:49,2026-02-01 11:49:49
INV_007009,ORD_007009,CUST_001534,MERCH_0012,999.00,INR,PAID,2026-01-25 22:18:33,2026-02-24 22:18:33
INV_007010,ORD_007010,CUST_004220,MERCH_0065,1327.25,USD,PAID,2026-03-20 00:51:14,2026-04-19 00:51:14
INV_007011,ORD_007011,CUST_001142,MERCH_0057,57.25,USD,PAID,2026-03-25 13:10:57,2026-04-24 13:10:57
INV_007012,ORD_007012,CUST_004319,MERCH_0055,2030.50,GBP,OVERPAID,2026-03-18 17:31:40,2026-04-17 17:31:40
INV_007013,ORD_007013,CUST_001077,MERCH_0066,426.00,EUR,PAID,2026-01-23 17:33:40,2026-02-22 17:33:40
INV_007014,ORD_007014,CUST_004951,MERCH_0077,76.25,CAD,PAID,2026-03-21 19:57:00,2026-04-20 19:57:00
INV_007015,ORD_007015,CUST_004494,MERCH_0033,271.50,USD,PAID,2026-03-16 20:30:26,2026-04-15 20:30:26
INV_007016,ORD_007016,CUST_004648,MERCH_0059,70.50,EUR,PAID,2026-03-01 15:33:19,2026-03-31 15:33:19
INV_007017,ORD_007017,CUST_003675,MERCH_0014,479.25,USD,PAID,2026-03-28 08:59:12,2026-04-27 08:59:12
INV_007018,ORD_007018,CUST_004941,MERCH_0095,44.49,USD,PAID,2026-01-28 23:13:38,2026-02-27 23:13:38
INV_007019,ORD_007019,CUST_000951,MERCH_0054,15.50,EUR,PAID,2026-03-05 08:20:38,2026-04-04 08:20:38
INV_007022,ORD_007022,CUST_000118,MERCH_0090,915.95,CAD,PAID,2026-01-21 04:00:17,2026-02-20 04:00:17
INV_007023,ORD_007023,CUST_003947,MERCH_0081,963.99,EUR,PAID,2026-01-04 14:01:39,2026-02-03 14:01:39
INV_007024,ORD_007024,CUST_001394,MERCH_0083,1499.00,INR,PAID,2026-02-09 13:33:40,2026-03-11 13:33:40
INV_007025,ORD_007025,CUST_002035,MERCH_0011,1499.00,INR,PAID,2026-02-10 05:06:33,2026-03-12 05:06:33
INV_007026,ORD_007026,CUST_003046,MERCH_0012,162.25,GBP,PAID,2026-02-26 21:42:15,2026-03-28 21:42:15
INV_007027,ORD_007027,CUST_002142,MERCH_0008,24.25,USD,PAID,2026-02-09 19:32:56,2026-03-11 19:32:56
INV_007028,ORD_007028,CUST_002621,MERCH_0070,2499.00,INR,PAID,2026-02-08 02:50:02,2026-03-10 02:50:02
INV_007029,ORD_007029,CUST_001482,MERCH_0013,2362.80,EUR,PAID,2026-01-12 10:05:49,2026-02-11 10:05:49
INV_007030,ORD_007030,CUST_003112,MERCH_0014,69.75,EUR,PAID,2026-01-09 01:07:29,2026-02-08 01:07:29
INV_007031,ORD_007031,CUST_001686,MERCH_0027,524.00,CAD,OVERPAID,2026-02-27 23:38:31,2026-03-29 23:38:31
INV_007032,ORD_007032,CUST_000053,MERCH_0001,999.00,INR,PAID,2026-02-26 06:50:21,2026-03-28 06:50:21
INV_007033,ORD_007033,CUST_002941,MERCH_0075,1008.25,USD,PAID,2026-02-01 03:04:33,2026-03-03 03:04:33
INV_007034,ORD_007034,CUST_004672,MERCH_0035,18.50,GBP,PAID,2026-01-05 09:29:32,2026-02-04 09:29:32
INV_007035,ORD_007035,CUST_003765,MERCH_0088,471.75,GBP,PAID,2026-01-22 10:55:21,2026-02-21 10:55:21
INV_007036,ORD_007036,CUST_002108,MERCH_0046,238.99,USD,PAID,2026-01-18 18:48:06,2026-02-17 18:48:06
INV_007037,ORD_007037,CUST_002631,MERCH_0054,68.80,EUR,PAID,2026-03-19 14:25:04,2026-04-18 14:25:04
INV_007038,ORD_007038,CUST_002494,MERCH_0070,2499.00,INR,PAID,2026-03-02 02:39:55,2026-04-01 02:39:55
INV_007039,ORD_007039,CUST_000928,MERCH_0038,38.25,CAD,PAID,2026-02-07 06:58:04,2026-03-09 06:58:04
INV_007040,ORD_007040,CUST_001766,MERCH_0002,225.75,CAD,PAID,2026-01-05 06:54:20,2026-02-04 06:54:20
INV_007041,ORD_007041,CUST_002605,MERCH_0009,799.00,INR,PAID,2026-03-26 11:41:58,2026-04-25 11:41:58
INV_007042,ORD_007042,CUST_000036,MERCH_0087,1499.00,INR,PAID,2026-02-16 01:09:35,2026-03-18 01:09:35
INV_007043,ORD_007043,CUST_000058,MERCH_0085,129.80,USD,PAID,2026-01-13 06:16:11,2026-02-12 06:16:11
INV_007044,ORD_007044,CUST_003072,MERCH_0090,141.50,USD,PAID,2026-02-26 18:26:50,2026-03-28 18:26:50
INV_007045,ORD_007045,CUST_004960,MERCH_0038,1999.00,INR,PAID,2026-03-30 09:36:40,2026-04-29 09:36:40
INV_007046,ORD_007046,CUST_004046,MERCH_0024,557.49,USD,PAID,2026-03-05 07:30:10,2026-04-04 07:30:10
INV_007047,ORD_007047,CUST_000404,MERCH_0066,33.25,GBP,OVERPAID,2026-02-09 06:19:16,2026-03-11 06:19:16
INV_007048,ORD_007048,CUST_003503,MERCH_0037,47.80,GBP,PAID,2026-02-23 20:04:55,2026-03-25 20:04:55
INV_007049,ORD_007049,CUST_003074,MERCH_0028,591.25,GBP,PAID,2026-02-04 02:10:01,2026-03-06 02:10:01
INV_007050,ORD_007050,CUST_000588,MERCH_0050,54.95,EUR,PAID,2026-03-12 02:13:50,2026-04-11 02:13:50
INV_007051,ORD_007051,CUST_004521,MERCH_0022,604.00,GBP,PAID,2026-03-25 02:16:17,2026-04-24 02:16:17
INV_007052,ORD_007052,CUST_004864,MERCH_0048,2499.00,INR,PAID,2026-03-24 21:46:23,2026-04-23 21:46:23
INV_007053,ORD_007053,CUST_002876,MERCH_0030,21.25,USD,PAID,2026-02-16 01:42:16,2026-03-18 01:42:16
INV_007054,ORD_007054,CUST_004894,MERCH_0092,80.99,EUR,OVERPAID,2026-03-05 08:12:30,2026-04-04 08:12:30
INV_007055,ORD_007055,CUST_003512,MERCH_0051,40.49,EUR,PAID,2026-03-03 09:55:52,2026-04-02 09:55:52
INV_007056,ORD_007056,CUST_003686,MERCH_0044,473.80,EUR,PAID,2026-03-31 20:38:28,2026-04-30 20:38:28
INV_007057,ORD_007057,CUST_003674,MERCH_0022,510.75,EUR,PAID,2026-01-21 11:45:45,2026-02-20 11:45:45
INV_007058,ORD_007058,CUST_002790,MERCH_0072,1185.50,EUR,PAID,2026-02-15 21:04:06,2026-03-17 21:04:06
INV_007059,ORD_007059,CUST_004932,MERCH_0016,69.25,USD,PAID,2026-03-01 16:58:44,2026-03-31 16:58:44
INV_007061,ORD_007061,CUST_001934,MERCH_0062,27.50,USD,PAID,2026-02-06 22:51:25,2026-03-08 22:51:25
INV_007062,ORD_007062,CUST_004296,MERCH_0004,334.95,EUR,PAID,2026-02-08 19:11:08,2026-03-10 19:11:08
INV_007063,ORD_007063,CUST_001150,MERCH_0076,617.49,USD,PAID,2026-03-29 04:07:20,2026-04-28 04:07:20
INV_007064,ORD_007064,CUST_004715,MERCH_0056,18.75,GBP,PAID,2026-01-01 08:00:55,2026-01-31 08:00:55
INV_007065,ORD_007065,CUST_003394,MERCH_0095,46.49,USD,PAID,2026-03-14 00:29:49,2026-04-13 00:29:49
INV_007066,ORD_007066,CUST_000190,MERCH_0013,437.75,USD,PAID,2026-03-10 19:20:31,2026-04-09 19:20:31
INV_007068,ORD_007068,CUST_003805,MERCH_0087,64.95,GBP,PAID,2026-02-23 06:38:20,2026-03-25 06:38:20
INV_007069,ORD_007069,CUST_002437,MERCH_0071,66.50,GBP,PAID,2026-02-15 12:40:00,2026-03-17 12:40:00
INV_007070,ORD_007070,CUST_003165,MERCH_0040,604.49,GBP,PAID,2026-03-25 21:35:06,2026-04-24 21:35:06
INV_007071,ORD_007071,CUST_001287,MERCH_0087,345.80,CAD,PAID,2026-01-07 04:42:09,2026-02-06 04:42:09
INV_007072,ORD_007072,CUST_003857,MERCH_0035,493.75,USD,PAID,2026-01-08 21:15:37,2026-02-07 21:15:37
INV_007073,ORD_007073,CUST_003198,MERCH_0035,67.80,GBP,PAID,2026-02-28 05:35:19,2026-03-30 05:35:19
INV_007074,ORD_007074,CUST_003972,MERCH_0021,999.00,INR,PAID,2026-03-03 18:59:04,2026-04-02 18:59:04
INV_007075,ORD_007075,CUST_004978,MERCH_0046,496.95,USD,PAID,2026-04-01 02:22:11,2026-05-01 02:22:11
INV_007076,ORD_007076,CUST_001736,MERCH_0050,35.99,USD,PAID,2026-02-28 22:50:00,2026-03-30 22:50:00
INV_007077,ORD_007077,CUST_000037,MERCH_0098,184.49,EUR,PAID,2026-02-19 01:15:39,2026-03-21 01:15:39
INV_007078,ORD_007078,CUST_001726,MERCH_0068,15000.00,INR,PAID,2026-01-29 09:06:41,2026-02-28 09:06:41
INV_007079,ORD_007079,CUST_000945,MERCH_0063,999.00,INR,PAID,2026-01-13 13:18:50,2026-02-12 13:18:50
INV_007080,ORD_007080,CUST_004357,MERCH_0068,362.80,CAD,PAID,2026-02-17 01:27:03,2026-03-19 01:27:03
INV_007081,ORD_007081,CUST_003824,MERCH_0056,61.50,USD,PAID,2026-03-31 03:56:57,2026-04-30 03:56:57
INV_007083,ORD_007083,CUST_001153,MERCH_0043,315.49,EUR,PAID,2026-01-29 14:52:21,2026-02-28 14:52:21
INV_007084,ORD_007084,CUST_004209,MERCH_0016,380.25,EUR,PAID,2026-02-15 14:13:11,2026-03-17 14:13:11
INV_007085,ORD_007085,CUST_001889,MERCH_0066,42.80,USD,PAID,2026-02-25 11:24:02,2026-03-27 11:24:02
INV_007086,ORD_007086,CUST_003338,MERCH_0034,2961.50,EUR,PAID,2026-03-03 17:41:47,2026-04-02 17:41:47
INV_007087,ORD_007087,CUST_001079,MERCH_0010,1028.49,EUR,PAID,2026-01-28 12:28:39,2026-02-27 12:28:39
INV_007088,ORD_007088,CUST_000663,MERCH_0011,2567.80,USD,PAID,2026-01-16 13:15:59,2026-02-15 13:15:59
INV_007089,ORD_007089,CUST_003508,MERCH_0063,3457.25,EUR,PAID,2026-03-07 01:34:44,2026-04-06 01:34:44
INV_007090,ORD_007090,CUST_004001,MERCH_0026,636.75,EUR,PAID,2026-02-12 14:43:19,2026-03-14 14:43:19
INV_007091,ORD_007091,CUST_003965,MERCH_0054,625.75,EUR,PAID,2026-01-11 06:29:33,2026-02-10 06:29:33
INV_007092,ORD_007092,CUST_001570,MERCH_0072,445.95,GBP,PAID,2026-03-16 05:18:17,2026-04-15 05:18:17
INV_007093,ORD_007093,CUST_004889,MERCH_0032,2499.00,INR,PAID,2026-02-05 10:26:47,2026-03-07 10:26:47
INV_007094,ORD_007094,CUST_001334,MERCH_0066,232.25,EUR,PAID,2026-03-13 00:47:44,2026-04-12 00:47:44
INV_007095,ORD_007095,CUST_001217,MERCH_0061,33.99,USD,PAID,2026-01-11 17:56:57,2026-02-10 17:56:57
INV_007096,ORD_007096,CUST_004103,MERCH_0066,1233.50,EUR,PAID,2026-02-20 05:24:52,2026-03-22 05:24:52
INV_007097,ORD_007097,CUST_002049,MERCH_0003,44.80,USD,PAID,2026-03-02 09:15:22,2026-04-01 09:15:22
INV_007098,ORD_007098,CUST_004529,MERCH_0100,47.25,USD,OVERPAID,2026-01-01 15:46:03,2026-01-31 15:46:03
INV_007099,ORD_007099,CUST_002859,MERCH_0048,74.00,EUR,PAID,2026-03-28 22:40:28,2026-04-27 22:40:28
INV_007100,ORD_007100,CUST_002767,MERCH_0034,2416.75,EUR,PAID,2026-03-09 16:01:42,2026-04-08 16:01:42
INV_007101,ORD_007101,CUST_004580,MERCH_0015,36.00,USD,PAID,2026-03-28 16:36:07,2026-04-27 16:36:07
INV_007102,ORD_007102,CUST_004653,MERCH_0057,2258.75,GBP,PAID,2026-02-10 19:31:35,2026-03-12 19:31:35
INV_007103,ORD_007103,CUST_004927,MERCH_0002,35.75,GBP,PAID,2026-03-18 07:37:13,2026-04-17 07:37:13
INV_007104,ORD_007104,CUST_001062,MERCH_0098,424.49,USD,PAID,2026-03-18 03:44:58,2026-04-17 03:44:58
INV_007105,ORD_007105,CUST_001117,MERCH_0068,578.99,USD,PAID,2026-02-22 23:01:32,2026-03-24 23:01:32
INV_007106,ORD_007106,CUST_000446,MERCH_0026,9999.00,INR,PAID,2026-01-16 18:51:28,2026-02-15 18:51:28
INV_007107,ORD_007107,CUST_000043,MERCH_0008,4999.00,INR,PAID,2026-01-03 04:25:34,2026-02-02 04:25:34
INV_007108,ORD_007108,CUST_003743,MERCH_0008,298.50,EUR,PAID,2026-02-11 00:01:25,2026-03-13 00:01:25
INV_007109,ORD_007109,CUST_000837,MERCH_0075,614.00,USD,PAID,2026-02-11 00:05:32,2026-03-13 00:05:32
INV_007110,ORD_007110,CUST_003672,MERCH_0018,363.50,EUR,PAID,2026-01-04 10:26:02,2026-02-03 10:26:02
INV_007111,ORD_007111,CUST_004903,MERCH_0035,2342.95,USD,PAID,2026-03-11 16:22:38,2026-04-10 16:22:38
INV_007112,ORD_007112,CUST_004430,MERCH_0059,45.50,EUR,PAID,2026-03-17 00:10:20,2026-04-16 00:10:20
INV_007113,ORD_007113,CUST_000788,MERCH_0052,654.50,EUR,PAID,2026-03-08 09:21:51,2026-04-07 09:21:51
INV_007114,ORD_007114,CUST_001203,MERCH_0014,302.49,USD,PAID,2026-03-16 09:42:45,2026-04-15 09:42:45
INV_007115,ORD_007115,CUST_002174,MERCH_0012,80.00,CAD,PAID,2026-03-09 04:12:26,2026-04-08 04:12:26
INV_007116,ORD_007116,CUST_002161,MERCH_0060,31.95,USD,PAID,2026-02-14 10:54:20,2026-03-16 10:54:20
INV_007117,ORD_007117,CUST_001532,MERCH_0034,59.75,CAD,PAID,2026-03-11 12:50:54,2026-04-10 12:50:54
INV_007118,ORD_007118,CUST_000072,MERCH_0061,799.00,INR,PAID,2026-01-16 13:15:06,2026-02-15 13:15:06
INV_007119,ORD_007119,CUST_003447,MERCH_0037,799.00,INR,PAID,2026-03-20 04:13:10,2026-04-19 04:13:10
INV_007120,ORD_007120,CUST_000554,MERCH_0005,3342.80,USD,PAID,2026-03-26 23:25:22,2026-04-25 23:25:22
INV_007121,ORD_007121,CUST_000137,MERCH_0076,15000.00,INR,PAID,2026-03-30 06:05:45,2026-04-29 06:05:45
INV_007122,ORD_007122,CUST_004143,MERCH_0063,256.25,EUR,PAID,2026-02-06 14:49:51,2026-03-08 14:49:51
INV_007123,ORD_007123,CUST_000276,MERCH_0029,2436.50,EUR,OVERPAID,2026-01-16 04:50:10,2026-02-15 04:50:10
INV_007124,ORD_007124,CUST_002357,MERCH_0067,4999.00,INR,PAID,2026-02-20 03:46:14,2026-03-22 03:46:14
INV_007125,ORD_007125,CUST_003185,MERCH_0017,1999.00,INR,PAID,2026-02-11 05:35:11,2026-03-13 05:35:11
INV_007126,ORD_007126,CUST_001803,MERCH_0030,317.80,EUR,PAID,2026-01-07 12:04:23,2026-02-06 12:04:23
INV_007127,ORD_007127,CUST_002130,MERCH_0090,432.49,GBP,PAID,2026-02-08 14:58:41,2026-03-10 14:58:41
INV_007128,ORD_007128,CUST_004085,MERCH_0072,79.00,GBP,PAID,2026-03-05 09:29:41,2026-04-04 09:29:41
INV_007129,ORD_007129,CUST_003435,MERCH_0050,312.25,GBP,PAID,2026-01-21 16:16:12,2026-02-20 16:16:12
INV_007130,ORD_007130,CUST_000372,MERCH_0099,437.80,USD,PAID,2026-03-06 16:01:25,2026-04-05 16:01:25
INV_007131,ORD_007131,CUST_003428,MERCH_0086,266.99,CAD,PAID,2026-01-06 10:40:00,2026-02-05 10:40:00
INV_007132,ORD_007132,CUST_002648,MERCH_0100,373.49,EUR,PAID,2026-02-06 10:03:09,2026-03-08 10:03:09
INV_007133,ORD_007133,CUST_003359,MERCH_0036,3322.80,USD,PAID,2026-02-14 15:37:01,2026-03-16 15:37:01
INV_007134,ORD_007134,CUST_000333,MERCH_0014,66.95,GBP,PAID,2026-01-25 14:25:52,2026-02-24 14:25:52
INV_007135,ORD_007135,CUST_004722,MERCH_0035,4999.00,INR,PAID,2026-02-15 03:49:02,2026-03-17 03:49:02
INV_007136,ORD_007136,CUST_000919,MERCH_0097,640.49,EUR,PAID,2026-02-20 03:35:58,2026-03-22 03:35:58
INV_007137,ORD_007137,CUST_000858,MERCH_0055,517.80,GBP,PAID,2026-03-24 21:48:47,2026-04-23 21:48:47
INV_007138,ORD_007138,CUST_000305,MERCH_0091,31.50,CAD,PAID,2026-03-13 16:19:53,2026-04-12 16:19:53
INV_007139,ORD_007139,CUST_004744,MERCH_0081,1368.80,USD,PAID,2026-03-02 07:07:53,2026-04-01 07:07:53
INV_007140,ORD_007140,CUST_004793,MERCH_0097,605.00,EUR,PAID,2026-02-22 18:11:26,2026-03-24 18:11:26
INV_007141,ORD_007141,CUST_003822,MERCH_0088,21.99,USD,PAID,2026-02-16 07:19:08,2026-03-18 07:19:08
INV_007142,ORD_007142,CUST_004880,MERCH_0081,2587.95,EUR,PAID,2026-02-07 09:34:41,2026-03-09 09:34:41
INV_007143,ORD_007143,CUST_002192,MERCH_0026,71.80,EUR,PAID,2026-03-16 01:30:29,2026-04-15 01:30:29
INV_007144,ORD_007144,CUST_002922,MERCH_0081,59.95,GBP,PAID,2026-02-25 14:52:15,2026-03-27 14:52:15
INV_007145,ORD_007145,CUST_000570,MERCH_0023,16.49,USD,PAID,2026-02-14 12:13:49,2026-03-16 12:13:49
INV_007146,ORD_007146,CUST_003846,MERCH_0093,229.49,GBP,PAID,2026-01-08 13:26:19,2026-02-07 13:26:19
INV_007147,ORD_007147,CUST_001096,MERCH_0008,1999.00,INR,PAID,2026-02-25 21:21:45,2026-03-27 21:21:45
INV_007148,ORD_007148,CUST_000720,MERCH_0056,42.95,EUR,PAID,2026-01-26 23:33:20,2026-02-25 23:33:20
INV_007150,ORD_007150,CUST_002966,MERCH_0045,336.75,USD,PAID,2026-01-10 07:45:30,2026-02-09 07:45:30
INV_007151,ORD_007151,CUST_004469,MERCH_0026,647.99,EUR,PAID,2026-03-01 17:02:43,2026-03-31 17:02:43
INV_007152,ORD_007152,CUST_004098,MERCH_0090,34.80,EUR,PAID,2026-03-18 20:01:07,2026-04-17 20:01:07
INV_007153,ORD_007153,CUST_003031,MERCH_0096,2830.49,GBP,PAID,2026-02-25 11:21:51,2026-03-27 11:21:51
INV_007154,ORD_007154,CUST_004833,MERCH_0076,2499.00,INR,PAID,2026-03-27 05:29:13,2026-04-26 05:29:13
INV_007155,ORD_007155,CUST_003815,MERCH_0070,999.00,INR,PAID,2026-01-13 23:56:33,2026-02-12 23:56:33
INV_007156,ORD_007156,CUST_003347,MERCH_0015,61.75,USD,PAID,2026-03-25 16:36:43,2026-04-24 16:36:43
INV_007157,ORD_007157,CUST_001407,MERCH_0027,69.99,EUR,PAID,2026-03-22 06:01:54,2026-04-21 06:01:54
INV_007158,ORD_007158,CUST_000728,MERCH_0079,799.00,INR,PAID,2026-02-28 21:04:38,2026-03-30 21:04:38
INV_007159,ORD_007159,CUST_002104,MERCH_0032,1009.75,GBP,PAID,2026-03-03 09:04:54,2026-04-02 09:04:54
INV_007160,ORD_007160,CUST_004694,MERCH_0071,2513.50,CAD,PAID,2026-03-22 02:54:32,2026-04-21 02:54:32
INV_007161,ORD_007161,CUST_004164,MERCH_0079,31.80,EUR,PAID,2026-03-21 14:24:30,2026-04-20 14:24:30
INV_007162,ORD_007162,CUST_004265,MERCH_0009,16.00,GBP,PAID,2026-02-15 13:38:03,2026-03-17 13:38:03
INV_007163,ORD_007163,CUST_000120,MERCH_0018,77.95,USD,PAID,2026-02-26 15:53:24,2026-03-28 15:53:24
INV_007164,ORD_007164,CUST_001099,MERCH_0010,367.95,EUR,PAID,2026-03-07 19:35:20,2026-04-06 19:35:20
INV_007165,ORD_007165,CUST_002510,MERCH_0092,523.25,USD,PAID,2026-02-03 09:38:40,2026-03-05 09:38:40
INV_007166,ORD_007166,CUST_003786,MERCH_0100,163.25,USD,PAID,2026-02-07 06:16:25,2026-03-09 06:16:25
INV_007167,ORD_007167,CUST_004988,MERCH_0089,238.75,USD,PAID,2026-03-25 08:23:22,2026-04-24 08:23:22
INV_007169,ORD_007169,CUST_001866,MERCH_0068,95.75,USD,PAID,2026-03-26 18:52:32,2026-04-25 18:52:32
INV_007170,ORD_007170,CUST_004754,MERCH_0041,1080.00,GBP,PAID,2026-01-12 10:26:27,2026-02-11 10:26:27
INV_007171,ORD_007171,CUST_002131,MERCH_0075,35.49,USD,PAID,2026-01-28 11:28:50,2026-02-27 11:28:50
INV_007172,ORD_007172,CUST_000420,MERCH_0016,461.99,GBP,PAID,2026-02-14 08:27:22,2026-03-16 08:27:22
INV_007173,ORD_007173,CUST_004842,MERCH_0089,213.95,EUR,PAID,2026-01-15 09:30:33,2026-02-14 09:30:33
INV_007174,ORD_007174,CUST_004566,MERCH_0023,125.49,CAD,PAID,2026-01-02 19:28:08,2026-02-01 19:28:08
INV_007175,ORD_007175,CUST_002575,MERCH_0054,539.75,USD,PAID,2026-02-25 13:57:51,2026-03-27 13:57:51
INV_007176,ORD_007176,CUST_001126,MERCH_0070,34.25,EUR,PAID,2026-02-23 09:44:44,2026-03-25 09:44:44
INV_007177,ORD_007177,CUST_003471,MERCH_0040,96.00,EUR,PAID,2026-01-25 12:01:45,2026-02-24 12:01:45
INV_007178,ORD_007178,CUST_004843,MERCH_0031,175.50,GBP,PAID,2026-01-18 18:52:17,2026-02-17 18:52:17
INV_007179,ORD_007179,CUST_000177,MERCH_0069,132.49,EUR,PAID,2026-03-10 01:12:50,2026-04-09 01:12:50
INV_007180,ORD_007180,CUST_000374,MERCH_0043,469.25,USD,PAID,2026-01-21 01:54:10,2026-02-20 01:54:10
INV_007181,ORD_007181,CUST_002121,MERCH_0071,168.75,EUR,PAID,2026-03-10 19:54:38,2026-04-09 19:54:38
INV_007182,ORD_007182,CUST_001131,MERCH_0031,670.49,EUR,OVERPAID,2026-01-13 23:08:40,2026-02-12 23:08:40
INV_007183,ORD_007183,CUST_000476,MERCH_0046,799.00,INR,PAID,2026-02-05 13:34:02,2026-03-07 13:34:02
INV_007184,ORD_007184,CUST_002548,MERCH_0060,79.00,EUR,PAID,2026-01-16 20:03:20,2026-02-15 20:03:20
INV_007185,ORD_007185,CUST_002858,MERCH_0100,45.75,EUR,PAID,2026-03-28 04:26:45,2026-04-27 04:26:45
INV_007186,ORD_007186,CUST_000727,MERCH_0073,234.00,USD,PAID,2026-03-11 10:42:34,2026-04-10 10:42:34
INV_007187,ORD_007187,CUST_003264,MERCH_0037,1999.00,INR,PAID,2026-03-15 02:53:39,2026-04-14 02:53:39
INV_007188,ORD_007188,CUST_000382,MERCH_0037,74.49,EUR,PAID,2026-03-21 03:14:56,2026-04-20 03:14:56
INV_007189,ORD_007189,CUST_003635,MERCH_0022,999.00,INR,OVERPAID,2026-03-05 12:25:47,2026-04-04 12:25:47
INV_007190,ORD_007190,CUST_000557,MERCH_0024,65.95,EUR,PAID,2026-03-16 02:14:35,2026-04-15 02:14:35
INV_007191,ORD_007191,CUST_000017,MERCH_0022,1084.75,EUR,PAID,2026-02-05 18:33:50,2026-03-07 18:33:50
INV_007192,ORD_007192,CUST_001462,MERCH_0015,3198.80,EUR,PAID,2026-02-16 23:42:53,2026-03-18 23:42:53
INV_007193,ORD_007193,CUST_004405,MERCH_0096,481.50,EUR,PAID,2026-01-14 19:06:29,2026-02-13 19:06:29
INV_007194,ORD_007194,CUST_004997,MERCH_0023,586.50,GBP,PAID,2026-01-25 13:49:58,2026-02-24 13:49:58
INV_007195,ORD_007195,CUST_004515,MERCH_0001,172.99,GBP,PAID,2026-01-29 10:11:02,2026-02-28 10:11:02
INV_007196,ORD_007196,CUST_001057,MERCH_0083,50.25,EUR,PAID,2026-03-17 04:06:23,2026-04-16 04:06:23
INV_007197,ORD_007197,CUST_002660,MERCH_0024,436.95,USD,PAID,2026-01-18 08:22:01,2026-02-17 08:22:01
INV_007198,ORD_007198,CUST_000665,MERCH_0017,170.99,GBP,PAID,2026-02-04 08:14:35,2026-03-06 08:14:35
INV_007199,ORD_007199,CUST_003625,MERCH_0015,39.99,GBP,PAID,2026-01-07 12:17:55,2026-02-06 12:17:55
INV_007200,ORD_007200,CUST_004468,MERCH_0063,47.99,USD,PAID,2026-01-19 18:50:33,2026-02-18 18:50:33
INV_007201,ORD_007201,CUST_004831,MERCH_0053,3015.49,EUR,PAID,2026-02-28 14:21:06,2026-03-30 14:21:06
INV_007202,ORD_007202,CUST_004288,MERCH_0043,61.80,CAD,PAID,2026-02-01 19:15:40,2026-03-03 19:15:40
INV_007203,ORD_007203,CUST_002350,MERCH_0082,291.75,CAD,PAID,2026-01-15 15:26:05,2026-02-14 15:26:05
INV_007204,ORD_007204,CUST_003810,MERCH_0093,125.00,USD,PAID,2026-01-18 16:49:14,2026-02-17 16:49:14
INV_007205,ORD_007205,CUST_004383,MERCH_0064,73.00,EUR,PAID,2026-01-17 18:53:26,2026-02-16 18:53:26
INV_007206,ORD_007206,CUST_003150,MERCH_0054,563.99,EUR,PAID,2026-02-02 12:50:55,2026-03-04 12:50:55
INV_007207,ORD_007207,CUST_002571,MERCH_0025,32.25,EUR,PAID,2026-01-24 23:59:30,2026-02-23 23:59:30
INV_007208,ORD_007208,CUST_002255,MERCH_0096,358.99,USD,PAID,2026-03-12 17:04:28,2026-04-11 17:04:28
INV_007209,ORD_007209,CUST_000682,MERCH_0062,144.75,USD,PAID,2026-01-07 20:08:15,2026-02-06 20:08:15
INV_007210,ORD_007210,CUST_004254,MERCH_0009,642.25,EUR,PAID,2026-02-10 02:42:22,2026-03-12 02:42:22
INV_007211,ORD_007211,CUST_001148,MERCH_0016,1999.00,INR,PAID,2026-02-01 20:58:01,2026-03-03 20:58:01
INV_007212,ORD_007212,CUST_003407,MERCH_0026,213.00,USD,PAID,2026-01-04 02:33:18,2026-02-03 02:33:18
INV_007213,ORD_007213,CUST_004666,MERCH_0039,322.50,USD,PAID,2026-01-28 00:22:54,2026-02-27 00:22:54
INV_007214,ORD_007214,CUST_004871,MERCH_0065,783.49,USD,PAID,2026-02-10 06:00:40,2026-03-12 06:00:40
INV_007215,ORD_007215,CUST_002646,MERCH_0057,4999.00,INR,PAID,2026-01-20 18:56:40,2026-02-19 18:56:40
INV_007216,ORD_007216,CUST_002528,MERCH_0092,1294.25,CAD,OVERPAID,2026-03-04 07:05:24,2026-04-03 07:05:24
INV_007217,ORD_007217,CUST_003707,MERCH_0051,311.49,CAD,PAID,2026-02-16 16:55:57,2026-03-18 16:55:57
INV_007218,ORD_007218,CUST_000652,MERCH_0011,52.80,USD,PAID,2026-01-30 00:09:06,2026-03-01 00:09:06
INV_007219,ORD_007219,CUST_002515,MERCH_0066,612.99,EUR,PAID,2026-01-16 00:24:52,2026-02-15 00:24:52
INV_007220,ORD_007220,CUST_003913,MERCH_0009,47.49,EUR,PAID,2026-03-29 00:15:09,2026-04-28 00:15:09
INV_007221,ORD_007221,CUST_003690,MERCH_0093,320.00,EUR,PAID,2026-01-15 10:27:05,2026-02-14 10:27:05
INV_007222,ORD_007222,CUST_000023,MERCH_0066,3999.00,INR,PAID,2026-01-18 22:03:39,2026-02-17 22:03:39
INV_007223,ORD_007223,CUST_004748,MERCH_0075,645.49,EUR,PAID,2026-02-11 19:14:09,2026-03-13 19:14:09
INV_007224,ORD_007224,CUST_001659,MERCH_0043,26.75,CAD,PAID,2026-02-22 12:41:01,2026-03-24 12:41:01
INV_007225,ORD_007225,CUST_001196,MERCH_0066,1666.25,USD,PAID,2026-01-25 00:17:02,2026-02-24 00:17:02
INV_007226,ORD_007226,CUST_000587,MERCH_0071,30.00,USD,PAID,2026-02-20 03:45:17,2026-03-22 03:45:17
INV_007227,ORD_007227,CUST_004546,MERCH_0032,373.00,GBP,PAID,2026-01-08 03:05:12,2026-02-07 03:05:12
INV_007228,ORD_007228,CUST_002017,MERCH_0080,60.25,EUR,PAID,2026-03-09 12:53:41,2026-04-08 12:53:41
INV_007229,ORD_007229,CUST_002780,MERCH_0075,999.00,INR,PAID,2026-01-29 23:44:41,2026-02-28 23:44:41
INV_007231,ORD_007231,CUST_001442,MERCH_0042,16.25,EUR,PAID,2026-03-29 03:01:57,2026-04-28 03:01:57
INV_007232,ORD_007232,CUST_002246,MERCH_0028,49.95,CAD,PAID,2026-01-08 22:17:01,2026-02-07 22:17:01
INV_007233,ORD_007233,CUST_002390,MERCH_0100,487.75,EUR,PAID,2026-02-23 03:45:06,2026-03-25 03:45:06
INV_007234,ORD_007234,CUST_001971,MERCH_0036,2646.75,USD,PAID,2026-01-28 10:00:12,2026-02-27 10:00:12
INV_007235,ORD_007235,CUST_001906,MERCH_0056,471.99,EUR,PAID,2026-02-23 18:55:01,2026-03-25 18:55:01
INV_007236,ORD_007236,CUST_001921,MERCH_0050,642.50,USD,PAID,2026-03-03 15:53:04,2026-04-02 15:53:04
INV_007237,ORD_007237,CUST_001471,MERCH_0049,216.80,GBP,PAID,2026-02-03 14:23:19,2026-03-05 14:23:19
INV_007238,ORD_007238,CUST_002648,MERCH_0039,799.00,INR,PAID,2026-02-05 11:37:39,2026-03-07 11:37:39
INV_007239,ORD_007239,CUST_004903,MERCH_0088,15.99,GBP,PAID,2026-02-28 11:45:42,2026-03-30 11:45:42
INV_007240,ORD_007240,CUST_004341,MERCH_0044,73.50,GBP,PAID,2026-01-31 21:35:35,2026-03-02 21:35:35
INV_007241,ORD_007241,CUST_004837,MERCH_0046,1435.99,GBP,PAID,2026-01-10 08:46:51,2026-02-09 08:46:51
INV_007242,ORD_007242,CUST_004152,MERCH_0030,235.49,CAD,PAID,2026-03-01 06:52:17,2026-03-31 06:52:17
INV_007243,ORD_007243,CUST_000263,MERCH_0072,605.75,USD,PAID,2026-03-21 03:21:00,2026-04-20 03:21:00
INV_007244,ORD_007244,CUST_001587,MERCH_0054,359.50,EUR,PAID,2026-02-03 07:50:39,2026-03-05 07:50:39
INV_007245,ORD_007245,CUST_000731,MERCH_0023,51.50,USD,PAID,2026-02-14 00:23:07,2026-03-16 00:23:07
INV_007246,ORD_007246,CUST_002117,MERCH_0084,38.49,USD,PAID,2026-01-25 08:48:32,2026-02-24 08:48:32
INV_007247,ORD_007247,CUST_004378,MERCH_0075,47.80,EUR,PAID,2026-03-10 03:46:24,2026-04-09 03:46:24
INV_007248,ORD_007248,CUST_003905,MERCH_0071,524.49,EUR,PAID,2026-01-15 23:38:59,2026-02-14 23:38:59
INV_007249,ORD_007249,CUST_004066,MERCH_0090,1136.95,EUR,PAID,2026-03-27 10:43:36,2026-04-26 10:43:36
INV_007250,ORD_007250,CUST_003627,MERCH_0076,9999.00,INR,PAID,2026-03-05 23:31:00,2026-04-04 23:31:00
INV_007251,ORD_007251,CUST_000656,MERCH_0062,529.50,USD,PAID,2026-03-17 04:46:42,2026-04-16 04:46:42
INV_007252,ORD_007252,CUST_002940,MERCH_0015,1499.00,INR,PAID,2026-02-17 15:59:08,2026-03-19 15:59:08
INV_007254,ORD_007254,CUST_002459,MERCH_0041,51.25,USD,PAID,2026-01-15 10:54:51,2026-02-14 10:54:51
INV_007255,ORD_007255,CUST_000929,MERCH_0026,35.95,USD,PAID,2026-02-20 04:22:52,2026-03-22 04:22:52
INV_007256,ORD_007256,CUST_003247,MERCH_0012,26.95,USD,PAID,2026-02-16 06:28:30,2026-03-18 06:28:30
INV_007257,ORD_007257,CUST_001044,MERCH_0097,649.25,USD,PAID,2026-01-30 00:32:34,2026-03-01 00:32:34
INV_007258,ORD_007258,CUST_001146,MERCH_0100,799.00,INR,PAID,2026-03-20 21:34:28,2026-04-19 21:34:28
INV_007259,ORD_007259,CUST_003943,MERCH_0087,40.00,USD,PAID,2026-03-21 20:53:41,2026-04-20 20:53:41
INV_007260,ORD_007260,CUST_004078,MERCH_0075,98.49,USD,PAID,2026-03-17 11:20:32,2026-04-16 11:20:32
INV_007261,ORD_007261,CUST_003232,MERCH_0078,2140.50,EUR,PAID,2026-02-25 20:57:04,2026-03-27 20:57:04
INV_007262,ORD_007262,CUST_004675,MERCH_0047,53.99,GBP,PAID,2026-03-18 21:09:57,2026-04-17 21:09:57
INV_007263,ORD_007263,CUST_002575,MERCH_0076,499.00,INR,PAID,2026-01-14 18:19:30,2026-02-13 18:19:30
INV_007264,ORD_007264,CUST_002109,MERCH_0024,60.49,EUR,PAID,2026-02-04 11:16:40,2026-03-06 11:16:40
INV_007265,ORD_007265,CUST_003467,MERCH_0071,999.00,INR,PAID,2026-03-08 19:49:20,2026-04-07 19:49:20
INV_007266,ORD_007266,CUST_000477,MERCH_0091,621.80,GBP,PAID,2026-03-16 19:01:07,2026-04-15 19:01:07
INV_007267,ORD_007267,CUST_002024,MERCH_0056,80.25,EUR,PAID,2026-02-01 14:57:19,2026-03-03 14:57:19
INV_007268,ORD_007268,CUST_001552,MERCH_0072,69.25,CAD,PAID,2026-01-06 09:09:43,2026-02-05 09:09:43
INV_007269,ORD_007269,CUST_000568,MERCH_0017,3999.00,INR,PAID,2026-02-21 13:17:15,2026-03-23 13:17:15
INV_007270,ORD_007270,CUST_000112,MERCH_0074,39.50,GBP,PAID,2026-02-13 18:15:06,2026-03-15 18:15:06
INV_007271,ORD_007271,CUST_001633,MERCH_0096,324.99,GBP,PAID,2026-01-07 08:17:34,2026-02-06 08:17:34
INV_007272,ORD_007272,CUST_002331,MERCH_0087,318.75,EUR,PAID,2026-01-06 19:07:47,2026-02-05 19:07:47
INV_007273,ORD_007273,CUST_000882,MERCH_0009,71.99,USD,PAID,2026-02-17 19:33:29,2026-03-19 19:33:29
INV_007274,ORD_007274,CUST_002481,MERCH_0053,36.75,CAD,PAID,2026-01-28 19:54:15,2026-02-27 19:54:15
INV_007275,ORD_007275,CUST_000190,MERCH_0071,486.75,USD,PAID,2026-01-03 08:02:29,2026-02-02 08:02:29
INV_007276,ORD_007276,CUST_004416,MERCH_0010,231.00,EUR,PAID,2026-03-12 01:14:18,2026-04-11 01:14:18
INV_007277,ORD_007277,CUST_001760,MERCH_0057,38.75,GBP,PAID,2026-03-11 12:59:37,2026-04-10 12:59:37
INV_007278,ORD_007278,CUST_004488,MERCH_0086,341.80,EUR,PAID,2026-03-18 03:58:56,2026-04-17 03:58:56
INV_007279,ORD_007279,CUST_003256,MERCH_0071,600.80,GBP,PAID,2026-01-31 03:16:14,2026-03-02 03:16:14
INV_007280,ORD_007280,CUST_004644,MERCH_0020,2659.99,EUR,PAID,2026-01-27 04:49:47,2026-02-26 04:49:47
INV_007281,ORD_007281,CUST_000779,MERCH_0076,103.25,USD,PAID,2026-01-13 16:02:02,2026-02-12 16:02:02
INV_007282,ORD_007282,CUST_003488,MERCH_0056,641.49,USD,PAID,2026-01-30 16:36:07,2026-03-01 16:36:07
INV_007283,ORD_007283,CUST_000196,MERCH_0029,602.80,GBP,PAID,2026-03-08 14:28:44,2026-04-07 14:28:44
INV_007284,ORD_007284,CUST_000711,MERCH_0091,144.80,GBP,PAID,2026-01-31 03:38:13,2026-03-02 03:38:13
INV_007285,ORD_007285,CUST_004889,MERCH_0099,206.75,USD,OVERPAID,2026-03-20 04:47:29,2026-04-19 04:47:29
INV_007286,ORD_007286,CUST_004197,MERCH_0089,999.00,INR,PAID,2026-01-30 15:55:41,2026-03-01 15:55:41
INV_007287,ORD_007287,CUST_000473,MERCH_0062,422.00,EUR,PAID,2026-03-07 07:24:23,2026-04-06 07:24:23
INV_007288,ORD_007288,CUST_003093,MERCH_0021,133.80,EUR,PAID,2026-01-27 05:28:05,2026-02-26 05:28:05
INV_007289,ORD_007289,CUST_003806,MERCH_0054,476.49,USD,OVERPAID,2026-02-28 07:14:56,2026-03-30 07:14:56
INV_007290,ORD_007290,CUST_001110,MERCH_0018,545.95,USD,PAID,2026-01-17 15:20:32,2026-02-16 15:20:32
INV_007291,ORD_007291,CUST_003252,MERCH_0053,71.75,CAD,PAID,2026-02-04 01:58:27,2026-03-06 01:58:27
INV_007292,ORD_007292,CUST_003900,MERCH_0033,2766.99,USD,PAID,2026-03-14 14:50:29,2026-04-13 14:50:29
INV_007293,ORD_007293,CUST_004608,MERCH_0016,74.99,USD,PAID,2026-03-16 06:34:10,2026-04-15 06:34:10
INV_007294,ORD_007294,CUST_002300,MERCH_0070,2765.95,GBP,OVERPAID,2026-02-05 01:14:28,2026-03-07 01:14:28
INV_007295,ORD_007295,CUST_000606,MERCH_0015,1948.95,GBP,PAID,2026-02-03 21:06:31,2026-03-05 21:06:31
INV_007296,ORD_007296,CUST_001477,MERCH_0089,1121.25,CAD,PAID,2026-02-05 04:40:02,2026-03-07 04:40:02
INV_007297,ORD_007297,CUST_001861,MERCH_0033,132.00,EUR,PAID,2026-01-06 07:36:12,2026-02-05 07:36:12
INV_007298,ORD_007298,CUST_000979,MERCH_0078,499.00,INR,PAID,2026-01-13 21:35:58,2026-02-12 21:35:58
INV_007299,ORD_007299,CUST_001259,MERCH_0089,113.00,GBP,PAID,2026-01-25 14:59:29,2026-02-24 14:59:29
INV_007300,ORD_007300,CUST_002810,MERCH_0001,499.00,INR,PAID,2026-01-04 19:59:01,2026-02-03 19:59:01
INV_007301,ORD_007301,CUST_004685,MERCH_0061,1499.00,INR,PAID,2026-02-15 14:36:31,2026-03-17 14:36:31
INV_007302,ORD_007302,CUST_001062,MERCH_0024,58.99,GBP,PAID,2026-03-06 18:35:39,2026-04-05 18:35:39
INV_007303,ORD_007303,CUST_000933,MERCH_0009,1499.00,INR,PAID,2026-03-19 10:51:27,2026-04-18 10:51:27
INV_007304,ORD_007304,CUST_003253,MERCH_0055,39.80,GBP,OVERPAID,2026-01-25 07:55:02,2026-02-24 07:55:02
INV_007305,ORD_007305,CUST_002811,MERCH_0085,539.80,EUR,PAID,2026-03-28 17:54:38,2026-04-27 17:54:38
INV_007306,ORD_007306,CUST_004274,MERCH_0031,1355.25,GBP,PAID,2026-03-23 21:11:04,2026-04-22 21:11:04
INV_007307,ORD_007307,CUST_002547,MERCH_0036,69.99,USD,PAID,2026-01-10 00:14:54,2026-02-09 00:14:54
INV_007308,ORD_007308,CUST_000977,MERCH_0018,2637.50,USD,OVERPAID,2026-03-15 06:34:02,2026-04-14 06:34:02
INV_007309,ORD_007309,CUST_004852,MERCH_0089,459.95,EUR,PAID,2026-01-07 04:02:42,2026-02-06 04:02:42
INV_007310,ORD_007310,CUST_001516,MERCH_0005,346.95,USD,PAID,2026-03-17 19:30:42,2026-04-16 19:30:42
INV_007311,ORD_007311,CUST_002234,MERCH_0084,50.50,GBP,PAID,2026-03-14 07:34:21,2026-04-13 07:34:21
INV_007312,ORD_007312,CUST_002208,MERCH_0069,1999.00,INR,PAID,2026-02-02 16:16:57,2026-03-04 16:16:57
INV_007313,ORD_007313,CUST_004553,MERCH_0064,2393.80,EUR,PAID,2026-01-20 10:31:42,2026-02-19 10:31:42
INV_007314,ORD_007314,CUST_001032,MERCH_0074,21.25,CAD,PAID,2026-03-18 01:28:57,2026-04-17 01:28:57
INV_007315,ORD_007315,CUST_001809,MERCH_0035,88.80,EUR,PAID,2026-01-07 11:36:27,2026-02-06 11:36:27
INV_007316,ORD_007316,CUST_002070,MERCH_0022,2499.00,INR,PAID,2026-01-05 22:52:33,2026-02-04 22:52:33
INV_007317,ORD_007317,CUST_002162,MERCH_0049,516.80,GBP,PAID,2026-02-07 12:25:35,2026-03-09 12:25:35
INV_007318,ORD_007318,CUST_000852,MERCH_0026,549.99,EUR,PAID,2026-01-20 01:32:31,2026-02-19 01:32:31
INV_007319,ORD_007319,CUST_002884,MERCH_0057,999.00,INR,PAID,2026-02-22 17:13:24,2026-03-24 17:13:24
INV_007320,ORD_007320,CUST_002963,MERCH_0066,2801.25,EUR,PAID,2026-02-02 21:48:13,2026-03-04 21:48:13
INV_007321,ORD_007321,CUST_000934,MERCH_0091,44.99,USD,PAID,2026-01-21 04:49:43,2026-02-20 04:49:43
INV_007322,ORD_007322,CUST_001513,MERCH_0085,605.00,EUR,PAID,2026-02-01 18:58:32,2026-03-03 18:58:32
INV_007323,ORD_007323,CUST_001223,MERCH_0087,523.80,GBP,PAID,2026-03-15 15:45:28,2026-04-14 15:45:28
INV_007324,ORD_007324,CUST_004606,MERCH_0046,79.99,EUR,PAID,2026-01-24 04:22:20,2026-02-23 04:22:20
INV_007325,ORD_007325,CUST_004311,MERCH_0011,24.25,USD,PAID,2026-01-05 07:29:15,2026-02-04 07:29:15
INV_007326,ORD_007326,CUST_001787,MERCH_0058,41.00,USD,PAID,2026-03-19 22:08:20,2026-04-18 22:08:20
INV_007327,ORD_007327,CUST_002746,MERCH_0077,999.00,INR,PAID,2026-02-18 22:40:46,2026-03-20 22:40:46
INV_007328,ORD_007328,CUST_004576,MERCH_0016,37.75,GBP,PAID,2026-03-02 07:09:45,2026-04-01 07:09:45
INV_007329,ORD_007329,CUST_000979,MERCH_0090,1301.99,USD,PAID,2026-02-01 05:42:11,2026-03-03 05:42:11
INV_007330,ORD_007330,CUST_004282,MERCH_0046,500.49,USD,PAID,2026-02-13 00:52:36,2026-03-15 00:52:36
INV_007331,ORD_007331,CUST_004279,MERCH_0029,152.25,GBP,PAID,2026-02-11 09:07:11,2026-03-13 09:07:11
INV_007332,ORD_007332,CUST_004094,MERCH_0093,183.50,USD,PAID,2026-03-18 00:59:31,2026-04-17 00:59:31
INV_007333,ORD_007333,CUST_000139,MERCH_0037,28.80,GBP,PAID,2026-02-21 01:23:51,2026-03-23 01:23:51
INV_007334,ORD_007334,CUST_001691,MERCH_0030,21.75,EUR,PAID,2026-03-04 07:31:49,2026-04-03 07:31:49
INV_007335,ORD_007335,CUST_001854,MERCH_0094,50.95,USD,PAID,2026-03-01 10:20:08,2026-03-31 10:20:08
INV_007336,ORD_007336,CUST_003232,MERCH_0060,28.00,CAD,PAID,2026-02-18 13:35:23,2026-03-20 13:35:23
INV_007337,ORD_007337,CUST_000319,MERCH_0028,2558.25,EUR,PAID,2026-02-20 17:25:26,2026-03-22 17:25:26
INV_007338,ORD_007338,CUST_003510,MERCH_0093,67.00,EUR,PAID,2026-01-13 18:03:20,2026-02-12 18:03:20
INV_007339,ORD_007339,CUST_002426,MERCH_0066,247.50,EUR,PAID,2026-01-25 21:44:37,2026-02-24 21:44:37
INV_007340,ORD_007340,CUST_003416,MERCH_0062,9999.00,INR,PAID,2026-01-21 04:35:54,2026-02-20 04:35:54
INV_007341,ORD_007341,CUST_001697,MERCH_0081,550.50,EUR,PAID,2026-02-02 14:10:34,2026-03-04 14:10:34
INV_007342,ORD_007342,CUST_003383,MERCH_0051,1905.25,USD,PAID,2026-03-30 07:49:05,2026-04-29 07:49:05
INV_007343,ORD_007343,CUST_002608,MERCH_0081,151.99,USD,PAID,2026-01-27 04:42:27,2026-02-26 04:42:27
INV_007344,ORD_007344,CUST_001497,MERCH_0031,4999.00,INR,PAID,2026-02-16 22:18:34,2026-03-18 22:18:34
INV_007345,ORD_007345,CUST_002589,MERCH_0008,3999.00,INR,PAID,2026-03-02 18:42:42,2026-04-01 18:42:42
INV_007346,ORD_007346,CUST_000916,MERCH_0084,80.80,USD,PAID,2026-01-21 21:11:53,2026-02-20 21:11:53
INV_007347,ORD_007347,CUST_003298,MERCH_0007,1182.00,EUR,PAID,2026-01-29 16:30:50,2026-02-28 16:30:50
INV_007348,ORD_007348,CUST_004376,MERCH_0063,16.49,USD,PAID,2026-02-10 04:18:57,2026-03-12 04:18:57
INV_007349,ORD_007349,CUST_004186,MERCH_0011,86.25,USD,PAID,2026-02-12 01:57:44,2026-03-14 01:57:44
INV_007350,ORD_007350,CUST_004045,MERCH_0007,3363.00,GBP,PAID,2026-02-18 14:25:24,2026-03-20 14:25:24
INV_007351,ORD_007351,CUST_003763,MERCH_0090,9999.00,INR,PAID,2026-03-13 22:34:54,2026-04-12 22:34:54
INV_007352,ORD_007352,CUST_003928,MERCH_0029,480.80,USD,PAID,2026-02-14 18:54:17,2026-03-16 18:54:17
INV_007353,ORD_007353,CUST_002970,MERCH_0005,398.80,CAD,PAID,2026-02-22 07:57:12,2026-03-24 07:57:12
INV_007354,ORD_007354,CUST_002452,MERCH_0048,526.49,EUR,PAID,2026-01-14 20:40:42,2026-02-13 20:40:42
INV_007355,ORD_007355,CUST_004028,MERCH_0003,62.95,CAD,PAID,2026-02-16 00:00:05,2026-03-18 00:00:05
INV_007356,ORD_007356,CUST_004329,MERCH_0038,1999.00,INR,PAID,2026-03-28 23:44:41,2026-04-27 23:44:41
INV_007357,ORD_007357,CUST_004341,MERCH_0020,3161.00,EUR,PAID,2026-03-26 21:35:37,2026-04-25 21:35:37
INV_007358,ORD_007358,CUST_000901,MERCH_0072,62.49,GBP,OVERPAID,2026-01-06 00:08:48,2026-02-05 00:08:48
INV_007359,ORD_007359,CUST_003383,MERCH_0013,966.25,EUR,PAID,2026-02-27 02:29:35,2026-03-29 02:29:35
INV_007360,ORD_007360,CUST_002963,MERCH_0052,15000.00,INR,PAID,2026-01-09 12:45:15,2026-02-08 12:45:15
INV_007361,ORD_007361,CUST_002513,MERCH_0067,44.95,GBP,PAID,2026-01-02 05:06:43,2026-02-01 05:06:43
INV_007362,ORD_007362,CUST_004941,MERCH_0014,1092.99,CAD,PAID,2026-02-15 09:04:02,2026-03-17 09:04:02
INV_007363,ORD_007363,CUST_001921,MERCH_0027,185.75,EUR,PAID,2026-03-21 19:54:02,2026-04-20 19:54:02
INV_007364,ORD_007364,CUST_004351,MERCH_0035,71.80,USD,PAID,2026-03-31 11:32:08,2026-04-30 11:32:08
INV_007365,ORD_007365,CUST_000077,MERCH_0080,1537.49,EUR,PAID,2026-03-08 00:53:57,2026-04-07 00:53:57
INV_007366,ORD_007366,CUST_004403,MERCH_0004,15000.00,INR,PAID,2026-01-16 04:43:54,2026-02-15 04:43:54
INV_007367,ORD_007367,CUST_002419,MERCH_0099,181.25,GBP,PAID,2026-03-08 10:03:33,2026-04-07 10:03:33
INV_007368,ORD_007368,CUST_002822,MERCH_0099,1806.95,CAD,PAID,2026-02-17 07:16:41,2026-03-19 07:16:41
INV_007369,ORD_007369,CUST_002818,MERCH_0031,408.80,GBP,PAID,2026-02-03 18:13:04,2026-03-05 18:13:04
INV_007370,ORD_007370,CUST_002186,MERCH_0039,25.80,USD,PAID,2026-02-18 19:08:25,2026-03-20 19:08:25
INV_007371,ORD_007371,CUST_003021,MERCH_0058,285.95,USD,PAID,2026-01-25 11:50:42,2026-02-24 11:50:42
INV_007372,ORD_007372,CUST_000805,MERCH_0064,1540.95,USD,PAID,2026-01-21 22:39:16,2026-02-20 22:39:16
INV_007374,ORD_007374,CUST_002733,MERCH_0057,30.80,USD,PAID,2026-02-15 13:37:16,2026-03-17 13:37:16
INV_007375,ORD_007375,CUST_000807,MERCH_0013,334.99,USD,PAID,2026-03-09 00:11:07,2026-04-08 00:11:07
INV_007376,ORD_007376,CUST_004881,MERCH_0010,492.99,USD,PAID,2026-03-12 18:06:35,2026-04-11 18:06:35
INV_007377,ORD_007377,CUST_004689,MERCH_0071,9999.00,INR,PAID,2026-01-30 17:51:00,2026-03-01 17:51:00
INV_007378,ORD_007378,CUST_000178,MERCH_0096,2916.80,USD,PAID,2026-02-20 06:00:58,2026-03-22 06:00:58
INV_007379,ORD_007379,CUST_004594,MERCH_0094,2995.75,EUR,PAID,2026-03-08 15:50:35,2026-04-07 15:50:35
INV_007380,ORD_007380,CUST_003645,MERCH_0063,313.25,CAD,PAID,2026-01-13 06:00:47,2026-02-12 06:00:47
INV_007381,ORD_007381,CUST_001468,MERCH_0049,60.50,EUR,PAID,2026-01-23 05:08:55,2026-02-22 05:08:55
INV_007382,ORD_007382,CUST_002246,MERCH_0060,499.00,INR,PAID,2026-03-01 04:21:12,2026-03-31 04:21:12
INV_007383,ORD_007383,CUST_002630,MERCH_0017,4999.00,INR,PAID,2026-03-14 08:51:54,2026-04-13 08:51:54
INV_007384,ORD_007384,CUST_004527,MERCH_0035,2600.75,EUR,PAID,2026-02-16 21:55:13,2026-03-18 21:55:13
INV_007385,ORD_007385,CUST_002904,MERCH_0072,73.99,EUR,PAID,2026-03-27 02:57:22,2026-04-26 02:57:22
INV_007386,ORD_007386,CUST_003111,MERCH_0098,311.49,USD,PAID,2026-02-02 05:30:22,2026-03-04 05:30:22
INV_007387,ORD_007387,CUST_004383,MERCH_0098,318.50,USD,PAID,2026-03-04 16:05:40,2026-04-03 16:05:40
INV_007388,ORD_007388,CUST_000671,MERCH_0100,275.00,GBP,PAID,2026-03-01 21:57:51,2026-03-31 21:57:51
INV_007389,ORD_007389,CUST_001899,MERCH_0041,2790.80,USD,PAID,2026-01-17 21:33:15,2026-02-16 21:33:15
INV_007390,ORD_007390,CUST_002172,MERCH_0019,1499.00,INR,PAID,2026-03-19 18:12:10,2026-04-18 18:12:10
INV_007391,ORD_007391,CUST_002194,MERCH_0080,111.95,USD,PAID,2026-02-03 03:10:52,2026-03-05 03:10:52
INV_007392,ORD_007392,CUST_002899,MERCH_0038,3037.50,EUR,PAID,2026-01-26 12:55:12,2026-02-25 12:55:12
INV_007393,ORD_007393,CUST_003481,MERCH_0076,45.80,USD,PAID,2026-01-10 18:00:18,2026-02-09 18:00:18
INV_007394,ORD_007394,CUST_001042,MERCH_0076,213.25,GBP,PAID,2026-01-07 22:24:01,2026-02-06 22:24:01
INV_007395,ORD_007395,CUST_003890,MERCH_0052,93.25,CAD,PAID,2026-01-20 12:53:52,2026-02-19 12:53:52
INV_007396,ORD_007396,CUST_002703,MERCH_0059,231.25,GBP,PAID,2026-02-10 23:37:18,2026-03-12 23:37:18
INV_007397,ORD_007397,CUST_001213,MERCH_0009,2693.80,GBP,PAID,2026-01-31 00:24:10,2026-03-02 00:24:10
INV_007398,ORD_007398,CUST_004125,MERCH_0001,366.75,GBP,PAID,2026-01-30 21:14:29,2026-03-01 21:14:29
INV_007399,ORD_007399,CUST_001367,MERCH_0017,61.50,USD,PAID,2026-03-07 04:20:49,2026-04-06 04:20:49
INV_007400,ORD_007400,CUST_002737,MERCH_0020,43.49,GBP,PAID,2026-01-22 01:26:24,2026-02-21 01:26:24
INV_007401,ORD_007401,CUST_004134,MERCH_0042,609.50,USD,PAID,2026-02-27 19:59:02,2026-03-29 19:59:02
INV_007403,ORD_007403,CUST_001381,MERCH_0030,481.00,GBP,PAID,2026-02-10 09:20:13,2026-03-12 09:20:13
INV_007404,ORD_007404,CUST_003621,MERCH_0057,480.95,USD,PAID,2026-02-10 08:01:46,2026-03-12 08:01:46
INV_007405,ORD_007405,CUST_003363,MERCH_0044,360.00,EUR,PAID,2026-03-09 06:44:55,2026-04-08 06:44:55
INV_007406,ORD_007406,CUST_000410,MERCH_0007,2325.25,EUR,PAID,2026-01-26 02:49:25,2026-02-25 02:49:25
INV_007407,ORD_007407,CUST_003080,MERCH_0016,159.50,GBP,PAID,2026-03-04 23:43:13,2026-04-03 23:43:13
INV_007408,ORD_007408,CUST_003998,MERCH_0014,2081.50,EUR,PAID,2026-03-03 16:40:29,2026-04-02 16:40:29
INV_007409,ORD_007409,CUST_001405,MERCH_0021,28.75,GBP,PAID,2026-03-31 06:23:02,2026-04-30 06:23:02
INV_007410,ORD_007410,CUST_000653,MERCH_0032,477.80,EUR,PAID,2026-03-07 21:11:29,2026-04-06 21:11:29
INV_007411,ORD_007411,CUST_002261,MERCH_0072,632.00,USD,PAID,2026-01-13 09:22:23,2026-02-12 09:22:23
INV_007412,ORD_007412,CUST_003355,MERCH_0002,55.00,EUR,PAID,2026-03-26 13:29:10,2026-04-25 13:29:10
INV_007413,ORD_007413,CUST_003581,MERCH_0049,416.95,EUR,PAID,2026-02-12 15:47:12,2026-03-14 15:47:12
INV_007414,ORD_007414,CUST_004973,MERCH_0059,15000.00,INR,PAID,2026-02-24 18:11:48,2026-03-26 18:11:48
INV_007415,ORD_007415,CUST_004305,MERCH_0097,93.95,USD,PAID,2026-03-09 15:20:12,2026-04-08 15:20:12
INV_007416,ORD_007416,CUST_002717,MERCH_0092,586.50,EUR,PAID,2026-01-22 19:55:06,2026-02-21 19:55:06
INV_007417,ORD_007417,CUST_003300,MERCH_0012,452.80,EUR,PAID,2026-02-10 06:26:56,2026-03-12 06:26:56
INV_007418,ORD_007418,CUST_004751,MERCH_0089,3266.50,EUR,PAID,2026-03-29 04:38:09,2026-04-28 04:38:09
INV_007419,ORD_007419,CUST_001029,MERCH_0060,371.99,GBP,PAID,2026-02-13 03:33:42,2026-03-15 03:33:42
INV_007420,ORD_007420,CUST_003605,MERCH_0037,3077.25,USD,PAID,2026-02-20 22:16:45,2026-03-22 22:16:45
INV_007421,ORD_007421,CUST_003227,MERCH_0069,49.80,USD,PAID,2026-01-18 15:32:08,2026-02-17 15:32:08
INV_007422,ORD_007422,CUST_000770,MERCH_0007,434.95,GBP,PAID,2026-03-19 01:37:01,2026-04-18 01:37:01
INV_007423,ORD_007423,CUST_000894,MERCH_0068,65.25,GBP,PAID,2026-03-22 11:23:16,2026-04-21 11:23:16
INV_007424,ORD_007424,CUST_004497,MERCH_0017,47.25,GBP,PAID,2026-02-11 08:08:49,2026-03-13 08:08:49
INV_007425,ORD_007425,CUST_003694,MERCH_0098,62.25,USD,PAID,2026-03-27 17:30:36,2026-04-26 17:30:36
INV_007426,ORD_007426,CUST_002524,MERCH_0007,173.80,GBP,PAID,2026-01-21 22:20:45,2026-02-20 22:20:45
INV_007427,ORD_007427,CUST_000532,MERCH_0038,1966.50,GBP,PAID,2026-01-03 03:48:36,2026-02-02 03:48:36
INV_007428,ORD_007428,CUST_000294,MERCH_0077,48.50,GBP,PAID,2026-02-13 09:34:13,2026-03-15 09:34:13
INV_007429,ORD_007429,CUST_003925,MERCH_0068,1999.00,INR,PAID,2026-01-21 20:27:24,2026-02-20 20:27:24
INV_007430,ORD_007430,CUST_002801,MERCH_0059,374.95,CAD,PAID,2026-03-13 09:48:30,2026-04-12 09:48:30
INV_007431,ORD_007431,CUST_000409,MERCH_0066,68.50,EUR,PAID,2026-03-04 14:59:22,2026-04-03 14:59:22
INV_007432,ORD_007432,CUST_001524,MERCH_0059,9999.00,INR,PAID,2026-03-14 06:27:02,2026-04-13 06:27:02
INV_007433,ORD_007433,CUST_000592,MERCH_0007,359.75,CAD,PAID,2026-01-14 08:02:01,2026-02-13 08:02:01
INV_007434,ORD_007434,CUST_004171,MERCH_0003,2834.00,EUR,PAID,2026-01-22 09:26:30,2026-02-21 09:26:30
INV_007435,ORD_007435,CUST_004722,MERCH_0064,3150.99,GBP,PAID,2026-03-10 14:39:39,2026-04-09 14:39:39
INV_007436,ORD_007436,CUST_002714,MERCH_0040,77.25,USD,PAID,2026-01-29 07:23:02,2026-02-28 07:23:02
INV_007437,ORD_007437,CUST_000479,MERCH_0074,2804.75,EUR,PAID,2026-01-21 22:25:51,2026-02-20 22:25:51
INV_007438,ORD_007438,CUST_000156,MERCH_0002,478.99,EUR,PAID,2026-01-02 05:17:51,2026-02-01 05:17:51
INV_007439,ORD_007439,CUST_004150,MERCH_0076,3107.50,CAD,PAID,2026-02-25 18:42:37,2026-03-27 18:42:37
INV_007440,ORD_007440,CUST_002683,MERCH_0076,37.75,GBP,PAID,2026-01-31 23:02:31,2026-03-02 23:02:31
INV_007441,ORD_007441,CUST_002596,MERCH_0010,128.75,GBP,PAID,2026-02-14 13:22:46,2026-03-16 13:22:46
INV_007442,ORD_007442,CUST_001015,MERCH_0018,292.50,CAD,PAID,2026-02-15 13:08:05,2026-03-17 13:08:05
INV_007443,ORD_007443,CUST_004963,MERCH_0093,326.25,USD,PAID,2026-01-31 14:07:32,2026-03-02 14:07:32
INV_007444,ORD_007444,CUST_000402,MERCH_0049,441.00,USD,PAID,2026-01-28 19:21:08,2026-02-27 19:21:08
INV_007445,ORD_007445,CUST_000286,MERCH_0075,45.00,GBP,PAID,2026-02-25 10:27:34,2026-03-27 10:27:34
INV_007446,ORD_007446,CUST_000807,MERCH_0057,9999.00,INR,PAID,2026-01-15 12:54:14,2026-02-14 12:54:14
INV_007447,ORD_007447,CUST_002934,MERCH_0066,95.99,USD,PAID,2026-02-10 04:30:22,2026-03-12 04:30:22
INV_007448,ORD_007448,CUST_002455,MERCH_0002,390.75,USD,PAID,2026-03-29 03:48:51,2026-04-28 03:48:51
INV_007449,ORD_007449,CUST_000324,MERCH_0021,442.95,EUR,OVERPAID,2026-01-23 09:53:39,2026-02-22 09:53:39
INV_007450,ORD_007450,CUST_001989,MERCH_0038,516.50,EUR,PAID,2026-03-18 23:47:46,2026-04-17 23:47:46
INV_007451,ORD_007451,CUST_001553,MERCH_0069,1014.99,GBP,PAID,2026-02-22 13:47:04,2026-03-24 13:47:04
INV_007452,ORD_007452,CUST_004042,MERCH_0051,371.50,USD,PAID,2026-02-09 01:44:48,2026-03-11 01:44:48
INV_007453,ORD_007453,CUST_001468,MERCH_0025,358.99,USD,PAID,2026-03-16 00:01:34,2026-04-15 00:01:34
INV_007454,ORD_007454,CUST_004032,MERCH_0014,385.80,GBP,PAID,2026-03-19 23:21:11,2026-04-18 23:21:11
INV_007455,ORD_007455,CUST_001132,MERCH_0072,2598.00,EUR,PAID,2026-02-24 08:40:37,2026-03-26 08:40:37
INV_007456,ORD_007456,CUST_003008,MERCH_0059,45.50,USD,PAID,2026-02-02 16:47:13,2026-03-04 16:47:13
INV_007457,ORD_007457,CUST_000172,MERCH_0024,588.49,GBP,PAID,2026-03-09 06:01:10,2026-04-08 06:01:10
INV_007458,ORD_007458,CUST_004147,MERCH_0048,799.00,INR,PAID,2026-02-24 23:17:22,2026-03-26 23:17:22
INV_007459,ORD_007459,CUST_000858,MERCH_0087,55.49,GBP,PAID,2026-03-23 00:10:57,2026-04-22 00:10:57
INV_007460,ORD_007460,CUST_002143,MERCH_0057,2499.00,INR,PAID,2026-03-30 17:49:49,2026-04-29 17:49:49
INV_007461,ORD_007461,CUST_002202,MERCH_0043,44.50,USD,PAID,2026-03-17 21:23:23,2026-04-16 21:23:23
INV_007462,ORD_007462,CUST_001688,MERCH_0035,799.00,INR,PAID,2026-02-15 12:24:53,2026-03-17 12:24:53
INV_007463,ORD_007463,CUST_001038,MERCH_0082,58.50,USD,PAID,2026-03-14 11:40:34,2026-04-13 11:40:34
INV_007464,ORD_007464,CUST_002942,MERCH_0083,28.00,CAD,PAID,2026-01-15 20:21:22,2026-02-14 20:21:22
INV_007465,ORD_007465,CUST_003930,MERCH_0027,26.25,USD,PAID,2026-01-10 15:35:30,2026-02-09 15:35:30
INV_007466,ORD_007466,CUST_000606,MERCH_0069,32.49,USD,PAID,2026-02-28 04:22:37,2026-03-30 04:22:37
INV_007467,ORD_007467,CUST_002216,MERCH_0055,220.49,USD,PAID,2026-01-12 11:26:42,2026-02-11 11:26:42
INV_007468,ORD_007468,CUST_004267,MERCH_0030,27.00,USD,PAID,2026-01-01 21:55:11,2026-01-31 21:55:11
INV_007469,ORD_007469,CUST_001893,MERCH_0008,48.49,CAD,PAID,2026-02-10 16:35:26,2026-03-12 16:35:26
INV_007470,ORD_007470,CUST_001190,MERCH_0091,196.80,CAD,PAID,2026-03-14 20:19:44,2026-04-13 20:19:44
INV_007471,ORD_007471,CUST_003113,MERCH_0005,23.49,EUR,PAID,2026-03-11 19:23:37,2026-04-10 19:23:37
INV_007472,ORD_007472,CUST_003841,MERCH_0004,1999.00,INR,PAID,2026-03-08 06:15:20,2026-04-07 06:15:20
INV_007473,ORD_007473,CUST_000697,MERCH_0020,387.49,CAD,PAID,2026-01-16 22:35:15,2026-02-15 22:35:15
INV_007474,ORD_007474,CUST_000190,MERCH_0043,292.50,CAD,PAID,2026-02-22 18:56:24,2026-03-24 18:56:24
INV_007475,ORD_007475,CUST_000921,MERCH_0075,137.25,EUR,PAID,2026-02-09 13:10:59,2026-03-11 13:10:59
INV_007476,ORD_007476,CUST_002758,MERCH_0044,118.49,CAD,PAID,2026-01-20 09:57:01,2026-02-19 09:57:01
INV_007477,ORD_007477,CUST_004498,MERCH_0041,3173.75,EUR,PAID,2026-02-05 06:30:43,2026-03-07 06:30:43
INV_007478,ORD_007478,CUST_004297,MERCH_0046,33.95,USD,PAID,2026-03-23 01:16:53,2026-04-22 01:16:53
INV_007479,ORD_007479,CUST_004660,MERCH_0076,66.80,EUR,PAID,2026-03-28 15:26:02,2026-04-27 15:26:02
INV_007480,ORD_007480,CUST_003898,MERCH_0053,72.99,USD,PAID,2026-02-22 03:17:44,2026-03-24 03:17:44
INV_007481,ORD_007481,CUST_000945,MERCH_0071,685.75,EUR,PAID,2026-02-14 06:45:55,2026-03-16 06:45:55
INV_007482,ORD_007482,CUST_004175,MERCH_0013,628.99,USD,PAID,2026-01-28 10:52:21,2026-02-27 10:52:21
INV_007483,ORD_007483,CUST_002739,MERCH_0100,77.25,USD,PAID,2026-02-28 07:00:00,2026-03-30 07:00:00
INV_007484,ORD_007484,CUST_004190,MERCH_0068,1113.75,GBP,PAID,2026-03-05 02:28:21,2026-04-04 02:28:21
INV_007485,ORD_007485,CUST_002727,MERCH_0008,1999.00,INR,PAID,2026-03-26 19:23:21,2026-04-25 19:23:21
INV_007487,ORD_007487,CUST_000508,MERCH_0073,344.49,EUR,PAID,2026-03-17 08:03:05,2026-04-16 08:03:05
INV_007488,ORD_007488,CUST_001619,MERCH_0076,53.50,EUR,PAID,2026-03-08 05:08:11,2026-04-07 05:08:11
INV_007489,ORD_007489,CUST_003604,MERCH_0032,16.25,GBP,PAID,2026-01-21 05:57:49,2026-02-20 05:57:49
INV_007490,ORD_007490,CUST_002704,MERCH_0052,69.99,GBP,PAID,2026-02-09 12:35:05,2026-03-11 12:35:05
INV_007491,ORD_007491,CUST_003112,MERCH_0100,93.99,EUR,PAID,2026-03-15 08:46:42,2026-04-14 08:46:42
INV_007492,ORD_007492,CUST_004571,MERCH_0053,68.95,EUR,PAID,2026-03-24 16:58:25,2026-04-23 16:58:25
INV_007493,ORD_007493,CUST_004618,MERCH_0014,299.00,INR,PAID,2026-02-15 08:04:48,2026-03-17 08:04:48
INV_007494,ORD_007494,CUST_003956,MERCH_0080,38.00,USD,PAID,2026-02-18 04:14:32,2026-03-20 04:14:32
INV_007495,ORD_007495,CUST_000434,MERCH_0075,2145.25,USD,PAID,2026-01-24 09:33:00,2026-02-23 09:33:00
INV_007496,ORD_007496,CUST_000929,MERCH_0083,304.49,USD,PAID,2026-01-31 15:37:49,2026-03-02 15:37:49
INV_007498,ORD_007498,CUST_003449,MERCH_0036,22.75,CAD,PAID,2026-01-22 11:35:34,2026-02-21 11:35:34
INV_007499,ORD_007499,CUST_004923,MERCH_0030,531.49,EUR,PAID,2026-01-26 04:21:41,2026-02-25 04:21:41
INV_007500,ORD_007500,CUST_004509,MERCH_0044,650.50,GBP,PAID,2026-02-07 12:45:58,2026-03-09 12:45:58
INV_007501,ORD_007501,CUST_003399,MERCH_0015,883.25,USD,PAID,2026-01-28 11:30:43,2026-02-27 11:30:43
INV_007502,ORD_007502,CUST_001557,MERCH_0037,9999.00,INR,PAID,2026-03-30 16:28:39,2026-04-29 16:28:39
INV_007503,ORD_007503,CUST_004651,MERCH_0047,66.80,USD,PAID,2026-03-25 00:37:02,2026-04-24 00:37:02
INV_007504,ORD_007504,CUST_004126,MERCH_0065,499.00,INR,OVERPAID,2026-03-14 17:57:42,2026-04-13 17:57:42
INV_007505,ORD_007505,CUST_003149,MERCH_0011,333.49,EUR,PAID,2026-03-26 23:29:46,2026-04-25 23:29:46
INV_007506,ORD_007506,CUST_000932,MERCH_0010,203.50,USD,PAID,2026-02-25 11:06:55,2026-03-27 11:06:55
INV_007507,ORD_007507,CUST_004397,MERCH_0066,434.99,USD,PAID,2026-02-15 13:21:42,2026-03-17 13:21:42
INV_007508,ORD_007508,CUST_004253,MERCH_0028,553.95,GBP,PAID,2026-02-03 04:42:29,2026-03-05 04:42:29
INV_007509,ORD_007509,CUST_001779,MERCH_0006,304.00,EUR,PAID,2026-02-01 10:46:37,2026-03-03 10:46:37
INV_007510,ORD_007510,CUST_002554,MERCH_0086,535.80,GBP,PAID,2026-03-16 03:45:22,2026-04-15 03:45:22
INV_007512,ORD_007512,CUST_001189,MERCH_0004,2629.49,GBP,PAID,2026-01-26 12:36:54,2026-02-25 12:36:54
INV_007513,ORD_007513,CUST_003197,MERCH_0068,198.80,GBP,PAID,2026-02-24 11:39:50,2026-03-26 11:39:50
INV_007514,ORD_007514,CUST_002984,MERCH_0012,24.99,GBP,PAID,2026-03-05 22:12:55,2026-04-04 22:12:55
INV_007515,ORD_007515,CUST_002280,MERCH_0055,421.49,USD,PAID,2026-01-03 04:41:01,2026-02-02 04:41:01
INV_007516,ORD_007516,CUST_003002,MERCH_0061,1804.50,EUR,PAID,2026-02-26 12:32:10,2026-03-28 12:32:10
INV_007517,ORD_007517,CUST_004950,MERCH_0081,511.80,USD,PAID,2026-01-11 05:06:24,2026-02-10 05:06:24
INV_007518,ORD_007518,CUST_001714,MERCH_0004,632.99,EUR,PAID,2026-01-17 12:43:33,2026-02-16 12:43:33
INV_007519,ORD_007519,CUST_002622,MERCH_0066,29.80,EUR,PAID,2026-03-05 18:20:03,2026-04-04 18:20:03
INV_007520,ORD_007520,CUST_000432,MERCH_0071,429.80,EUR,PAID,2026-01-29 12:21:12,2026-02-28 12:21:12
INV_007521,ORD_007521,CUST_004744,MERCH_0050,475.49,GBP,PAID,2026-03-30 07:59:14,2026-04-29 07:59:14
INV_007522,ORD_007522,CUST_002695,MERCH_0062,15000.00,INR,PAID,2026-02-28 19:16:53,2026-03-30 19:16:53
INV_007523,ORD_007523,CUST_002091,MERCH_0040,118.80,USD,PAID,2026-02-06 03:11:03,2026-03-08 03:11:03
INV_007524,ORD_007524,CUST_002006,MERCH_0029,47.49,EUR,PAID,2026-03-21 07:51:58,2026-04-20 07:51:58
INV_007525,ORD_007525,CUST_002292,MERCH_0032,31.95,EUR,PAID,2026-02-23 23:58:44,2026-03-25 23:58:44
INV_007526,ORD_007526,CUST_000960,MERCH_0039,299.00,INR,PAID,2026-01-29 12:13:10,2026-02-28 12:13:10
INV_007527,ORD_007527,CUST_002502,MERCH_0058,37.00,CAD,PAID,2026-01-27 09:33:19,2026-02-26 09:33:19
INV_007528,ORD_007528,CUST_004529,MERCH_0023,53.99,GBP,PAID,2026-03-15 18:49:56,2026-04-14 18:49:56
INV_007529,ORD_007529,CUST_004777,MERCH_0024,15.49,USD,OVERPAID,2026-03-28 05:05:48,2026-04-27 05:05:48
INV_007530,ORD_007530,CUST_004474,MERCH_0092,431.95,GBP,PAID,2026-02-10 17:47:57,2026-03-12 17:47:57
INV_007531,ORD_007531,CUST_001548,MERCH_0003,106.95,USD,PAID,2026-03-17 05:15:28,2026-04-16 05:15:28
INV_007532,ORD_007532,CUST_002921,MERCH_0024,630.80,USD,PAID,2026-02-24 10:36:33,2026-03-26 10:36:33
INV_007533,ORD_007533,CUST_000061,MERCH_0010,72.75,EUR,PAID,2026-02-10 20:52:13,2026-03-12 20:52:13
INV_007534,ORD_007534,CUST_002125,MERCH_0081,46.80,GBP,PAID,2026-01-09 13:01:22,2026-02-08 13:01:22
INV_007535,ORD_007535,CUST_000477,MERCH_0014,480.50,USD,PAID,2026-01-16 13:01:14,2026-02-15 13:01:14
INV_007536,ORD_007536,CUST_001601,MERCH_0030,240.80,USD,PAID,2026-01-30 03:39:43,2026-03-01 03:39:43
INV_007537,ORD_007537,CUST_003114,MERCH_0093,63.95,USD,PAID,2026-02-05 15:53:17,2026-03-07 15:53:17
INV_007538,ORD_007538,CUST_002307,MERCH_0018,268.75,EUR,PAID,2026-01-05 21:59:43,2026-02-04 21:59:43
INV_007539,ORD_007539,CUST_003681,MERCH_0073,71.00,EUR,PAID,2026-02-22 04:39:13,2026-03-24 04:39:13
INV_007540,ORD_007540,CUST_002147,MERCH_0097,63.50,EUR,PAID,2026-03-02 23:27:54,2026-04-01 23:27:54
INV_007541,ORD_007541,CUST_002488,MERCH_0026,29.25,CAD,PAID,2026-01-30 20:02:41,2026-03-01 20:02:41
INV_007542,ORD_007542,CUST_001668,MERCH_0054,609.99,EUR,PAID,2026-03-03 17:32:02,2026-04-02 17:32:02
INV_007543,ORD_007543,CUST_000437,MERCH_0062,39.99,CAD,PAID,2026-01-28 01:32:38,2026-02-27 01:32:38
INV_007544,ORD_007544,CUST_001813,MERCH_0033,24.25,GBP,PAID,2026-04-01 07:06:01,2026-05-01 07:06:01
INV_007545,ORD_007545,CUST_004042,MERCH_0046,36.99,USD,PAID,2026-03-31 10:51:38,2026-04-30 10:51:38
INV_007546,ORD_007546,CUST_000505,MERCH_0001,423.49,EUR,PAID,2026-01-08 19:17:20,2026-02-07 19:17:20
INV_007547,ORD_007547,CUST_004810,MERCH_0072,71.50,USD,PAID,2026-01-23 13:06:11,2026-02-22 13:06:11
INV_007548,ORD_007548,CUST_004815,MERCH_0064,592.00,GBP,PAID,2026-03-23 06:22:32,2026-04-22 06:22:32
INV_007549,ORD_007549,CUST_001953,MERCH_0081,41.75,GBP,PAID,2026-02-13 12:50:50,2026-03-15 12:50:50
INV_007550,ORD_007550,CUST_000855,MERCH_0081,72.50,USD,PAID,2026-02-11 23:40:37,2026-03-13 23:40:37
INV_007551,ORD_007551,CUST_001497,MERCH_0071,886.80,USD,PAID,2026-03-09 21:20:32,2026-04-08 21:20:32
INV_007552,ORD_007552,CUST_004554,MERCH_0086,1999.00,INR,PAID,2026-03-17 14:45:35,2026-04-16 14:45:35
INV_007553,ORD_007553,CUST_004472,MERCH_0092,39.75,USD,PAID,2026-01-22 05:42:56,2026-02-21 05:42:56
INV_007554,ORD_007554,CUST_002059,MERCH_0053,299.00,INR,PAID,2026-01-15 01:35:34,2026-02-14 01:35:34
INV_007555,ORD_007555,CUST_000817,MERCH_0047,999.00,INR,PAID,2026-01-28 15:46:43,2026-02-27 15:46:43
INV_007556,ORD_007556,CUST_000329,MERCH_0061,610.50,GBP,PAID,2026-02-13 13:49:09,2026-03-15 13:49:09
INV_007557,ORD_007557,CUST_002798,MERCH_0003,52.95,USD,PAID,2026-01-14 13:39:52,2026-02-13 13:39:52
INV_007558,ORD_007558,CUST_001176,MERCH_0005,629.80,USD,PAID,2026-02-13 11:29:09,2026-03-15 11:29:09
INV_007559,ORD_007559,CUST_003554,MERCH_0016,54.00,EUR,PAID,2026-01-28 14:01:16,2026-02-27 14:01:16
INV_007560,ORD_007560,CUST_002723,MERCH_0049,2585.25,GBP,PAID,2026-01-19 23:49:02,2026-02-18 23:49:02
INV_007561,ORD_007561,CUST_003814,MERCH_0017,190.80,EUR,PAID,2026-03-15 18:59:25,2026-04-14 18:59:25
INV_007562,ORD_007562,CUST_002045,MERCH_0029,242.00,EUR,PAID,2026-02-24 12:54:22,2026-03-26 12:54:22
INV_007563,ORD_007563,CUST_001109,MERCH_0022,2499.00,INR,PAID,2026-02-02 01:54:15,2026-03-04 01:54:15
INV_007564,ORD_007564,CUST_001114,MERCH_0097,477.49,GBP,PAID,2026-02-07 03:10:03,2026-03-09 03:10:03
INV_007565,ORD_007565,CUST_000755,MERCH_0037,523.95,EUR,PAID,2026-01-31 18:57:30,2026-03-02 18:57:30
INV_007566,ORD_007566,CUST_000873,MERCH_0058,64.80,EUR,PAID,2026-03-28 19:53:58,2026-04-27 19:53:58
INV_007567,ORD_007567,CUST_004595,MERCH_0040,415.00,USD,PAID,2026-01-25 14:19:40,2026-02-24 14:19:40
INV_007568,ORD_007568,CUST_002906,MERCH_0093,369.50,EUR,PAID,2026-03-05 11:00:59,2026-04-04 11:00:59
INV_007569,ORD_007569,CUST_000742,MERCH_0041,243.99,EUR,PAID,2026-01-30 08:36:01,2026-03-01 08:36:01
INV_007570,ORD_007570,CUST_002658,MERCH_0006,68.80,EUR,PAID,2026-01-14 20:16:24,2026-02-13 20:16:24
INV_007571,ORD_007571,CUST_003731,MERCH_0050,499.00,INR,PAID,2026-03-12 23:58:50,2026-04-11 23:58:50
INV_007572,ORD_007572,CUST_003056,MERCH_0076,17.00,GBP,PAID,2026-03-28 10:47:03,2026-04-27 10:47:03
INV_007573,ORD_007573,CUST_002583,MERCH_0009,29.00,EUR,PAID,2026-02-14 05:25:30,2026-03-16 05:25:30
INV_007574,ORD_007574,CUST_001235,MERCH_0049,56.25,CAD,PAID,2026-02-12 07:05:32,2026-03-14 07:05:32
INV_007575,ORD_007575,CUST_001262,MERCH_0049,28.25,GBP,PAID,2026-02-03 20:24:06,2026-03-05 20:24:06
INV_007576,ORD_007576,CUST_001029,MERCH_0069,2372.49,EUR,PAID,2026-03-07 16:28:25,2026-04-06 16:28:25
INV_007577,ORD_007577,CUST_003837,MERCH_0051,451.95,EUR,PAID,2026-02-04 23:28:43,2026-03-06 23:28:43
INV_007578,ORD_007578,CUST_004456,MERCH_0046,32.80,GBP,OVERPAID,2026-03-13 21:28:03,2026-04-12 21:28:03
INV_007579,ORD_007579,CUST_004229,MERCH_0020,65.00,USD,PAID,2026-03-27 10:00:02,2026-04-26 10:00:02
INV_007580,ORD_007580,CUST_002452,MERCH_0073,50.00,CAD,PAID,2026-03-06 18:43:41,2026-04-05 18:43:41
INV_007581,ORD_007581,CUST_000366,MERCH_0025,575.25,GBP,PAID,2026-01-03 10:31:26,2026-02-02 10:31:26
INV_007582,ORD_007582,CUST_002589,MERCH_0013,9999.00,INR,PAID,2026-02-16 07:17:14,2026-03-18 07:17:14
INV_007583,ORD_007583,CUST_004973,MERCH_0092,576.50,GBP,PAID,2026-02-11 05:05:32,2026-03-13 05:05:32
INV_007584,ORD_007584,CUST_001963,MERCH_0095,1512.00,USD,PAID,2026-03-28 16:03:07,2026-04-27 16:03:07
INV_007585,ORD_007585,CUST_002520,MERCH_0069,570.00,USD,PAID,2026-03-05 10:27:45,2026-04-04 10:27:45
INV_007586,ORD_007586,CUST_004630,MERCH_0058,463.00,EUR,PAID,2026-01-16 10:49:24,2026-02-15 10:49:24
INV_007587,ORD_007587,CUST_000463,MERCH_0045,1499.00,INR,PAID,2026-01-29 13:47:57,2026-02-28 13:47:57
INV_007588,ORD_007588,CUST_000880,MERCH_0082,323.49,USD,PAID,2026-02-13 12:39:43,2026-03-15 12:39:43
INV_007589,ORD_007589,CUST_000761,MERCH_0065,78.00,GBP,PAID,2026-01-21 20:53:36,2026-02-20 20:53:36
INV_007590,ORD_007590,CUST_001486,MERCH_0022,43.99,GBP,PAID,2026-02-09 22:55:13,2026-03-11 22:55:13
INV_007591,ORD_007591,CUST_000903,MERCH_0005,451.25,EUR,PAID,2026-01-10 14:20:39,2026-02-09 14:20:39
INV_007592,ORD_007592,CUST_000638,MERCH_0034,135.25,USD,PAID,2026-01-14 22:07:30,2026-02-13 22:07:30
INV_007593,ORD_007593,CUST_002191,MERCH_0015,28.80,USD,PAID,2026-01-21 21:21:34,2026-02-20 21:21:34
INV_007595,ORD_007595,CUST_004928,MERCH_0064,76.50,USD,PAID,2026-03-10 23:28:49,2026-04-09 23:28:49
INV_007596,ORD_007596,CUST_003065,MERCH_0061,15000.00,INR,PAID,2026-01-19 21:35:47,2026-02-18 21:35:47
INV_007597,ORD_007597,CUST_000996,MERCH_0004,64.95,CAD,PAID,2026-01-15 20:34:54,2026-02-14 20:34:54
INV_007599,ORD_007599,CUST_001681,MERCH_0031,569.49,CAD,PAID,2026-03-05 23:35:24,2026-04-04 23:35:24
INV_007600,ORD_007600,CUST_004209,MERCH_0089,2945.99,GBP,PAID,2026-02-21 10:22:57,2026-03-23 10:22:57
INV_007601,ORD_007601,CUST_002454,MERCH_0042,1220.99,EUR,PAID,2026-02-08 23:02:19,2026-03-10 23:02:19
INV_007602,ORD_007602,CUST_003312,MERCH_0079,21.25,GBP,PAID,2026-02-24 19:13:10,2026-03-26 19:13:10
INV_007603,ORD_007603,CUST_004819,MERCH_0022,535.25,USD,PAID,2026-03-14 01:04:13,2026-04-13 01:04:13
INV_007604,ORD_007604,CUST_004999,MERCH_0069,2562.75,GBP,PAID,2026-02-08 15:19:39,2026-03-10 15:19:39
INV_007605,ORD_007605,CUST_000328,MERCH_0046,643.75,GBP,PAID,2026-03-20 06:54:37,2026-04-19 06:54:37
INV_007606,ORD_007606,CUST_002313,MERCH_0042,9999.00,INR,PAID,2026-01-31 11:50:17,2026-03-02 11:50:17
INV_007607,ORD_007607,CUST_004645,MERCH_0067,183.50,EUR,PAID,2026-02-21 15:57:12,2026-03-23 15:57:12
INV_007608,ORD_007608,CUST_001687,MERCH_0029,459.50,GBP,PAID,2026-02-28 17:58:01,2026-03-30 17:58:01
INV_007609,ORD_007609,CUST_003224,MERCH_0041,673.00,CAD,PAID,2026-03-29 06:43:56,2026-04-28 06:43:56
INV_007610,ORD_007610,CUST_003707,MERCH_0004,130.50,EUR,PAID,2026-01-27 18:53:03,2026-02-26 18:53:03
INV_007611,ORD_007611,CUST_001137,MERCH_0010,226.80,USD,PAID,2026-02-21 09:48:12,2026-03-23 09:48:12
INV_007612,ORD_007612,CUST_002305,MERCH_0094,35.95,USD,PAID,2026-03-15 09:26:38,2026-04-14 09:26:38
INV_007613,ORD_007613,CUST_004083,MERCH_0005,999.00,INR,PAID,2026-02-07 18:31:12,2026-03-09 18:31:12
INV_007614,ORD_007614,CUST_002483,MERCH_0041,116.00,EUR,PAID,2026-03-18 05:09:02,2026-04-17 05:09:02
INV_007615,ORD_007615,CUST_003622,MERCH_0001,192.80,GBP,PAID,2026-01-12 06:03:44,2026-02-11 06:03:44
INV_007616,ORD_007616,CUST_004111,MERCH_0043,56.75,EUR,PAID,2026-02-20 05:23:19,2026-03-22 05:23:19
INV_007617,ORD_007617,CUST_001104,MERCH_0048,412.50,EUR,PAID,2026-01-21 18:16:43,2026-02-20 18:16:43
INV_007618,ORD_007618,CUST_004075,MERCH_0024,134.75,USD,PAID,2026-03-30 09:22:46,2026-04-29 09:22:46
INV_007619,ORD_007619,CUST_002204,MERCH_0066,588.49,USD,PAID,2026-03-15 08:42:36,2026-04-14 08:42:36
INV_007620,ORD_007620,CUST_003988,MERCH_0064,65.99,GBP,OVERPAID,2026-03-03 13:24:52,2026-04-02 13:24:52
INV_007621,ORD_007621,CUST_004191,MERCH_0052,38.95,USD,PAID,2026-01-09 14:45:33,2026-02-08 14:45:33
INV_007622,ORD_007622,CUST_002293,MERCH_0006,84.49,USD,PAID,2026-02-26 10:33:56,2026-03-28 10:33:56
INV_007623,ORD_007623,CUST_003813,MERCH_0093,49.80,USD,PAID,2026-02-13 18:38:47,2026-03-15 18:38:47
INV_007624,ORD_007624,CUST_004153,MERCH_0095,558.49,EUR,PAID,2026-03-31 04:27:28,2026-04-30 04:27:28
INV_007625,ORD_007625,CUST_002999,MERCH_0047,398.25,EUR,PAID,2026-01-02 05:42:02,2026-02-01 05:42:02
INV_007626,ORD_007626,CUST_002200,MERCH_0036,431.50,USD,PAID,2026-02-11 05:17:08,2026-03-13 05:17:08
INV_007627,ORD_007627,CUST_004727,MERCH_0087,92.50,USD,PAID,2026-01-19 10:13:47,2026-02-18 10:13:47
INV_007628,ORD_007628,CUST_001909,MERCH_0038,76.49,GBP,PAID,2026-01-18 10:14:42,2026-02-17 10:14:42
INV_007629,ORD_007629,CUST_002053,MERCH_0036,999.00,INR,PAID,2026-01-11 22:20:02,2026-02-10 22:20:02
INV_007630,ORD_007630,CUST_001795,MERCH_0042,648.00,USD,PAID,2026-01-03 18:05:02,2026-02-02 18:05:02
INV_007631,ORD_007631,CUST_002234,MERCH_0022,597.50,EUR,PAID,2026-03-18 10:57:25,2026-04-17 10:57:25
INV_007632,ORD_007632,CUST_003486,MERCH_0074,67.00,GBP,PAID,2026-01-26 04:46:48,2026-02-25 04:46:48
INV_007633,ORD_007633,CUST_000651,MERCH_0002,61.95,GBP,PAID,2026-03-17 01:13:12,2026-04-16 01:13:12
INV_007634,ORD_007634,CUST_003850,MERCH_0043,34.25,CAD,PAID,2026-03-25 09:07:11,2026-04-24 09:07:11
INV_007635,ORD_007635,CUST_001304,MERCH_0049,1000.00,EUR,PAID,2026-02-08 12:41:43,2026-03-10 12:41:43
INV_007636,ORD_007636,CUST_001299,MERCH_0050,298.80,CAD,PAID,2026-02-06 14:01:09,2026-03-08 14:01:09
INV_007637,ORD_007637,CUST_003213,MERCH_0087,331.80,GBP,PAID,2026-03-14 23:19:10,2026-04-13 23:19:10
INV_007638,ORD_007638,CUST_002506,MERCH_0055,24.25,USD,PAID,2026-02-25 18:57:16,2026-03-27 18:57:16
INV_007639,ORD_007639,CUST_001763,MERCH_0002,378.80,USD,PAID,2026-03-27 23:05:30,2026-04-26 23:05:30
INV_007640,ORD_007640,CUST_001376,MERCH_0061,162.49,USD,PAID,2026-01-27 06:11:04,2026-02-26 06:11:04
INV_007641,ORD_007641,CUST_000633,MERCH_0028,3013.99,USD,PAID,2026-03-20 16:43:31,2026-04-19 16:43:31
INV_007642,ORD_007642,CUST_004783,MERCH_0055,473.00,EUR,PAID,2026-03-09 14:18:01,2026-04-08 14:18:01
INV_007643,ORD_007643,CUST_002323,MERCH_0014,4999.00,INR,PAID,2026-01-19 08:09:55,2026-02-18 08:09:55
INV_007644,ORD_007644,CUST_002748,MERCH_0074,178.75,EUR,PAID,2026-01-11 12:09:19,2026-02-10 12:09:19
INV_007645,ORD_007645,CUST_001505,MERCH_0041,501.00,EUR,PAID,2026-03-12 09:31:28,2026-04-11 09:31:28
INV_007646,ORD_007646,CUST_000017,MERCH_0029,382.75,GBP,PAID,2026-03-02 17:58:07,2026-04-01 17:58:07
INV_007648,ORD_007648,CUST_000490,MERCH_0030,2872.95,USD,PAID,2026-02-01 04:09:14,2026-03-03 04:09:14
INV_007649,ORD_007649,CUST_002322,MERCH_0094,799.00,INR,PAID,2026-02-11 11:07:38,2026-03-13 11:07:38
INV_007650,ORD_007650,CUST_000740,MERCH_0044,333.49,EUR,PAID,2026-03-02 16:10:30,2026-04-01 16:10:30
INV_007651,ORD_007651,CUST_003023,MERCH_0022,374.80,CAD,PAID,2026-02-28 05:56:49,2026-03-30 05:56:49
INV_007652,ORD_007652,CUST_001721,MERCH_0045,2809.25,EUR,PAID,2026-03-01 21:54:41,2026-03-31 21:54:41
INV_007653,ORD_007653,CUST_000626,MERCH_0001,1854.49,EUR,PAID,2026-02-24 14:45:43,2026-03-26 14:45:43
INV_007654,ORD_007654,CUST_004449,MERCH_0051,26.95,EUR,PAID,2026-03-22 21:55:18,2026-04-21 21:55:18
INV_007655,ORD_007655,CUST_001620,MERCH_0080,2161.25,USD,PAID,2026-03-11 10:34:09,2026-04-10 10:34:09
INV_007656,ORD_007656,CUST_001635,MERCH_0079,468.50,GBP,PAID,2026-02-21 16:59:52,2026-03-23 16:59:52
INV_007657,ORD_007657,CUST_003976,MERCH_0097,3050.00,USD,PAID,2026-02-21 18:50:50,2026-03-23 18:50:50
INV_007658,ORD_007658,CUST_000815,MERCH_0014,49.99,GBP,PAID,2026-03-06 14:32:52,2026-04-05 14:32:52
INV_007659,ORD_007659,CUST_001063,MERCH_0059,1156.49,USD,PAID,2026-03-15 20:33:34,2026-04-14 20:33:34
INV_007660,ORD_007660,CUST_002892,MERCH_0074,39.49,EUR,PAID,2026-02-10 04:48:34,2026-03-12 04:48:34
INV_007661,ORD_007661,CUST_001776,MERCH_0052,453.99,USD,OVERPAID,2026-01-22 02:22:00,2026-02-21 02:22:00
INV_007662,ORD_007662,CUST_000834,MERCH_0050,47.25,USD,PAID,2026-01-17 15:15:49,2026-02-16 15:15:49
INV_007663,ORD_007663,CUST_004715,MERCH_0008,49.00,EUR,PAID,2026-02-10 02:06:37,2026-03-12 02:06:37
INV_007664,ORD_007664,CUST_000289,MERCH_0019,36.25,EUR,OVERPAID,2026-02-10 02:23:45,2026-03-12 02:23:45
INV_007666,ORD_007666,CUST_000420,MERCH_0052,4999.00,INR,PAID,2026-01-01 13:55:19,2026-01-31 13:55:19
INV_007667,ORD_007667,CUST_000943,MERCH_0050,1999.00,INR,PAID,2026-01-18 08:58:31,2026-02-17 08:58:31
INV_007668,ORD_007668,CUST_001092,MERCH_0021,18.99,GBP,PAID,2026-02-11 05:28:04,2026-03-13 05:28:04
INV_007669,ORD_007669,CUST_002418,MERCH_0073,50.95,USD,PAID,2026-02-28 11:05:35,2026-03-30 11:05:35
INV_007670,ORD_007670,CUST_000383,MERCH_0002,37.49,EUR,PAID,2026-01-28 08:26:52,2026-02-27 08:26:52
INV_007672,ORD_007672,CUST_000796,MERCH_0066,70.95,USD,PAID,2026-01-08 21:15:45,2026-02-07 21:15:45
INV_007673,ORD_007673,CUST_003060,MERCH_0003,400.95,USD,PAID,2026-01-26 17:40:53,2026-02-25 17:40:53
INV_007674,ORD_007674,CUST_002816,MERCH_0017,254.75,USD,PAID,2026-01-31 00:49:24,2026-03-02 00:49:24
INV_007675,ORD_007675,CUST_004607,MERCH_0061,43.95,USD,PAID,2026-03-24 10:31:14,2026-04-23 10:31:14
INV_007676,ORD_007676,CUST_003355,MERCH_0057,78.00,EUR,PAID,2026-03-26 11:37:47,2026-04-25 11:37:47
INV_007677,ORD_007677,CUST_004098,MERCH_0032,285.80,GBP,OVERPAID,2026-03-18 06:04:08,2026-04-17 06:04:08
INV_007678,ORD_007678,CUST_001661,MERCH_0082,26.95,EUR,PAID,2026-03-22 00:34:46,2026-04-21 00:34:46
INV_007679,ORD_007679,CUST_001908,MERCH_0084,283.75,EUR,PAID,2026-01-16 12:14:50,2026-02-15 12:14:50
INV_007680,ORD_007680,CUST_004476,MERCH_0017,15000.00,INR,PAID,2026-02-17 04:14:13,2026-03-19 04:14:13
INV_007681,ORD_007681,CUST_003962,MERCH_0024,59.25,USD,PAID,2026-03-03 05:30:38,2026-04-02 05:30:38
INV_007682,ORD_007682,CUST_001188,MERCH_0029,237.95,USD,PAID,2026-02-11 23:40:00,2026-03-13 23:40:00
INV_007683,ORD_007683,CUST_000209,MERCH_0087,304.49,EUR,PAID,2026-02-17 07:28:56,2026-03-19 07:28:56
INV_007684,ORD_007684,CUST_000118,MERCH_0037,68.25,CAD,PAID,2026-03-16 03:34:31,2026-04-15 03:34:31
INV_007685,ORD_007685,CUST_003639,MERCH_0045,567.95,EUR,PAID,2026-03-11 15:35:24,2026-04-10 15:35:24
INV_007686,ORD_007686,CUST_004782,MERCH_0006,492.75,EUR,PAID,2026-01-21 16:51:32,2026-02-20 16:51:32
INV_007687,ORD_007687,CUST_001975,MERCH_0030,79.25,USD,PAID,2026-03-26 11:32:11,2026-04-25 11:32:11
INV_007688,ORD_007688,CUST_000073,MERCH_0099,4999.00,INR,PAID,2026-03-28 14:49:45,2026-04-27 14:49:45
INV_007689,ORD_007689,CUST_001684,MERCH_0052,54.00,EUR,PAID,2026-01-15 15:32:44,2026-02-14 15:32:44
INV_007690,ORD_007690,CUST_003173,MERCH_0077,29.80,USD,PAID,2026-03-09 18:40:12,2026-04-08 18:40:12
INV_007691,ORD_007691,CUST_000353,MERCH_0020,19.49,EUR,PAID,2026-02-07 15:00:46,2026-03-09 15:00:46
INV_007692,ORD_007692,CUST_002396,MERCH_0084,1116.49,EUR,PAID,2026-03-09 01:28:18,2026-04-08 01:28:18
INV_007694,ORD_007694,CUST_002923,MERCH_0049,9999.00,INR,PAID,2026-03-12 14:04:01,2026-04-11 14:04:01
INV_007695,ORD_007695,CUST_002192,MERCH_0041,564.99,USD,PAID,2026-03-09 18:51:58,2026-04-08 18:51:58
INV_007696,ORD_007696,CUST_004454,MERCH_0099,549.49,GBP,PAID,2026-03-02 19:32:01,2026-04-01 19:32:01
INV_007697,ORD_007697,CUST_000327,MERCH_0057,60.50,GBP,PAID,2026-01-17 02:51:57,2026-02-16 02:51:57
INV_007698,ORD_007698,CUST_001883,MERCH_0071,520.95,GBP,PAID,2026-03-12 11:19:34,2026-04-11 11:19:34
INV_007699,ORD_007699,CUST_003332,MERCH_0024,369.99,GBP,PAID,2026-03-19 22:55:06,2026-04-18 22:55:06
INV_007700,ORD_007700,CUST_002676,MERCH_0018,34.99,USD,PAID,2026-03-28 21:12:18,2026-04-27 21:12:18
INV_007701,ORD_007701,CUST_000947,MERCH_0033,80.50,GBP,PAID,2026-02-26 12:56:48,2026-03-28 12:56:48
INV_007702,ORD_007702,CUST_001550,MERCH_0081,543.95,CAD,PAID,2026-02-24 04:18:05,2026-03-26 04:18:05
INV_007703,ORD_007703,CUST_001792,MERCH_0060,521.50,USD,PAID,2026-02-07 18:17:31,2026-03-09 18:17:31
INV_007704,ORD_007704,CUST_003164,MERCH_0062,594.99,EUR,PAID,2026-03-16 01:58:03,2026-04-15 01:58:03
INV_007705,ORD_007705,CUST_004559,MERCH_0008,30.95,GBP,PAID,2026-02-13 16:36:14,2026-03-15 16:36:14
INV_007706,ORD_007706,CUST_002249,MERCH_0085,36.25,EUR,PAID,2026-01-04 12:43:33,2026-02-03 12:43:33
INV_007707,ORD_007707,CUST_001253,MERCH_0027,415.99,GBP,PAID,2026-03-29 00:13:36,2026-04-28 00:13:36
INV_007708,ORD_007708,CUST_001940,MERCH_0100,356.99,USD,PAID,2026-02-20 02:23:51,2026-03-22 02:23:51
INV_007709,ORD_007709,CUST_003890,MERCH_0004,4999.00,INR,PAID,2026-01-02 06:51:20,2026-02-01 06:51:20
INV_007710,ORD_007710,CUST_002539,MERCH_0030,503.75,CAD,PAID,2026-03-16 05:03:07,2026-04-15 05:03:07
INV_007711,ORD_007711,CUST_004020,MERCH_0067,77.25,CAD,PAID,2026-03-03 07:05:16,2026-04-02 07:05:16
INV_007712,ORD_007712,CUST_000269,MERCH_0083,9999.00,INR,PAID,2026-02-24 14:58:52,2026-03-26 14:58:52
INV_007713,ORD_007713,CUST_004245,MERCH_0046,17.49,EUR,PAID,2026-02-18 14:47:49,2026-03-20 14:47:49
INV_007714,ORD_007714,CUST_004223,MERCH_0091,49.00,USD,PAID,2026-03-04 16:48:02,2026-04-03 16:48:02
INV_007715,ORD_007715,CUST_003697,MERCH_0015,55.99,USD,PAID,2026-02-15 01:44:08,2026-03-17 01:44:08
INV_007716,ORD_007716,CUST_000434,MERCH_0093,62.49,CAD,PAID,2026-02-01 02:00:35,2026-03-03 02:00:35
INV_007717,ORD_007717,CUST_004892,MERCH_0072,65.80,CAD,PAID,2026-03-12 03:39:24,2026-04-11 03:39:24
INV_007720,ORD_007720,CUST_004819,MERCH_0072,76.25,USD,PAID,2026-01-12 20:10:34,2026-02-11 20:10:34
INV_007721,ORD_007721,CUST_000604,MERCH_0024,27.49,EUR,PAID,2026-02-26 14:34:29,2026-03-28 14:34:29
INV_007722,ORD_007722,CUST_000884,MERCH_0062,240.50,USD,PAID,2026-03-04 02:01:17,2026-04-03 02:01:17
INV_007723,ORD_007723,CUST_003299,MERCH_0079,317.75,GBP,OVERPAID,2026-01-09 07:59:44,2026-02-08 07:59:44
INV_007724,ORD_007724,CUST_004996,MERCH_0072,4999.00,INR,PAID,2026-02-28 23:09:52,2026-03-30 23:09:52
INV_007725,ORD_007725,CUST_001776,MERCH_0010,9999.00,INR,PAID,2026-01-17 20:54:43,2026-02-16 20:54:43
INV_007726,ORD_007726,CUST_004814,MERCH_0045,48.25,EUR,PAID,2026-03-09 11:15:45,2026-04-08 11:15:45
INV_007727,ORD_007727,CUST_003064,MERCH_0003,44.49,GBP,PAID,2026-02-06 04:09:10,2026-03-08 04:09:10
INV_007728,ORD_007728,CUST_003707,MERCH_0100,23.95,CAD,PAID,2026-01-03 06:57:19,2026-02-02 06:57:19
INV_007729,ORD_007729,CUST_004181,MERCH_0027,2104.80,USD,PAID,2026-03-10 15:30:16,2026-04-09 15:30:16
INV_007730,ORD_007730,CUST_002966,MERCH_0100,392.99,GBP,PAID,2026-03-07 06:12:11,2026-04-06 06:12:11
INV_007731,ORD_007731,CUST_000199,MERCH_0047,46.75,GBP,PAID,2026-02-16 10:25:32,2026-03-18 10:25:32
INV_007732,ORD_007732,CUST_004218,MERCH_0072,1999.00,INR,PAID,2026-01-30 05:21:18,2026-03-01 05:21:18
INV_007733,ORD_007733,CUST_000037,MERCH_0071,2294.00,EUR,OVERPAID,2026-02-21 07:58:21,2026-03-23 07:58:21
INV_007734,ORD_007734,CUST_004861,MERCH_0011,299.00,INR,PAID,2026-03-14 05:58:23,2026-04-13 05:58:23
INV_007735,ORD_007735,CUST_003651,MERCH_0038,117.99,EUR,PAID,2026-01-21 09:58:04,2026-02-20 09:58:04
INV_007736,ORD_007736,CUST_000580,MERCH_0040,74.80,USD,PAID,2026-03-13 10:10:48,2026-04-12 10:10:48
INV_007737,ORD_007737,CUST_003301,MERCH_0038,155.50,GBP,PAID,2026-02-09 16:09:09,2026-03-11 16:09:09
INV_007738,ORD_007738,CUST_004178,MERCH_0045,1499.00,INR,PAID,2026-03-04 11:20:14,2026-04-03 11:20:14
INV_007739,ORD_007739,CUST_001360,MERCH_0003,30.75,USD,PAID,2026-02-28 13:26:08,2026-03-30 13:26:08
INV_007740,ORD_007740,CUST_004796,MERCH_0008,497.95,CAD,PAID,2026-03-17 06:16:32,2026-04-16 06:16:32
INV_007741,ORD_007741,CUST_002903,MERCH_0055,54.95,CAD,PAID,2026-01-14 09:01:18,2026-02-13 09:01:18
INV_007742,ORD_007742,CUST_001187,MERCH_0094,168.25,EUR,PAID,2026-02-25 01:21:53,2026-03-27 01:21:53
INV_007743,ORD_007743,CUST_002322,MERCH_0048,153.99,USD,PAID,2026-01-29 21:18:58,2026-02-28 21:18:58
INV_007744,ORD_007744,CUST_004724,MERCH_0066,280.49,EUR,PAID,2026-01-17 22:07:57,2026-02-16 22:07:57
INV_007745,ORD_007745,CUST_000986,MERCH_0033,799.00,INR,PAID,2026-02-21 04:09:25,2026-03-23 04:09:25
INV_007746,ORD_007746,CUST_003886,MERCH_0013,303.49,GBP,PAID,2026-03-06 16:29:03,2026-04-05 16:29:03
INV_007747,ORD_007747,CUST_002414,MERCH_0006,502.00,EUR,PAID,2026-03-07 12:46:55,2026-04-06 12:46:55
INV_007748,ORD_007748,CUST_004961,MERCH_0034,54.25,EUR,PAID,2026-01-07 01:15:37,2026-02-06 01:15:37
INV_007749,ORD_007749,CUST_003422,MERCH_0012,22.75,CAD,PAID,2026-03-11 19:41:23,2026-04-10 19:41:23
INV_007750,ORD_007750,CUST_004905,MERCH_0030,999.00,INR,PAID,2026-01-21 14:11:45,2026-02-20 14:11:45
INV_007751,ORD_007751,CUST_004366,MERCH_0082,77.75,EUR,PAID,2026-02-26 17:04:56,2026-03-28 17:04:56
INV_007752,ORD_007752,CUST_001137,MERCH_0016,2183.80,USD,PAID,2026-01-27 07:42:49,2026-02-26 07:42:49
INV_007753,ORD_007753,CUST_004598,MERCH_0098,371.80,GBP,PAID,2026-03-25 12:03:09,2026-04-24 12:03:09
INV_007754,ORD_007754,CUST_002259,MERCH_0015,77.49,USD,PAID,2026-03-29 19:00:31,2026-04-28 19:00:31
INV_007755,ORD_007755,CUST_003175,MERCH_0015,1999.00,INR,PAID,2026-03-22 11:52:19,2026-04-21 11:52:19
INV_007756,ORD_007756,CUST_002362,MERCH_0060,1999.00,INR,PAID,2026-03-26 09:58:24,2026-04-25 09:58:24
INV_007757,ORD_007757,CUST_003148,MERCH_0013,224.95,EUR,OVERPAID,2026-03-20 01:42:54,2026-04-19 01:42:54
INV_007758,ORD_007758,CUST_001941,MERCH_0082,779.80,GBP,PAID,2026-01-29 10:35:01,2026-02-28 10:35:01
INV_007759,ORD_007759,CUST_001334,MERCH_0007,232.80,EUR,PAID,2026-03-14 10:22:23,2026-04-13 10:22:23
INV_007760,ORD_007760,CUST_000268,MERCH_0073,525.75,GBP,PAID,2026-01-27 17:04:40,2026-02-26 17:04:40
INV_007761,ORD_007761,CUST_004984,MERCH_0098,2521.80,GBP,PAID,2026-02-12 00:27:37,2026-03-14 00:27:37
INV_007763,ORD_007763,CUST_001175,MERCH_0003,2929.49,CAD,PAID,2026-01-30 10:02:47,2026-03-01 10:02:47
INV_007764,ORD_007764,CUST_002989,MERCH_0094,66.75,CAD,PAID,2026-03-09 23:56:36,2026-04-08 23:56:36
INV_007765,ORD_007765,CUST_000101,MERCH_0058,269.49,GBP,PAID,2026-01-18 15:44:36,2026-02-17 15:44:36
INV_007766,ORD_007766,CUST_004697,MERCH_0060,70.49,EUR,PAID,2026-03-24 15:01:23,2026-04-23 15:01:23
INV_007767,ORD_007767,CUST_002464,MERCH_0074,21.50,GBP,PAID,2026-02-03 00:23:08,2026-03-05 00:23:08
INV_007768,ORD_007768,CUST_003814,MERCH_0022,73.99,CAD,PAID,2026-03-27 18:15:10,2026-04-26 18:15:10
INV_007769,ORD_007769,CUST_002775,MERCH_0020,573.75,USD,PAID,2026-02-10 06:44:05,2026-03-12 06:44:05
INV_007770,ORD_007770,CUST_004118,MERCH_0091,41.00,GBP,PAID,2026-01-28 05:55:48,2026-02-27 05:55:48
INV_007771,ORD_007771,CUST_001962,MERCH_0073,15.75,USD,PAID,2026-03-07 01:28:35,2026-04-06 01:28:35
INV_007772,ORD_007772,CUST_003988,MERCH_0026,2244.99,USD,PAID,2026-02-15 01:50:21,2026-03-17 01:50:21
INV_007773,ORD_007773,CUST_004888,MERCH_0035,2797.50,USD,PAID,2026-01-05 15:59:18,2026-02-04 15:59:18
INV_007774,ORD_007774,CUST_000429,MERCH_0030,392.95,USD,PAID,2026-01-28 15:38:12,2026-02-27 15:38:12
INV_007775,ORD_007775,CUST_003046,MERCH_0053,279.75,GBP,PAID,2026-01-17 03:05:48,2026-02-16 03:05:48
INV_007776,ORD_007776,CUST_003673,MERCH_0096,1999.00,INR,PAID,2026-03-30 17:44:16,2026-04-29 17:44:16
INV_007777,ORD_007777,CUST_001830,MERCH_0022,45.50,USD,PAID,2026-02-18 10:46:12,2026-03-20 10:46:12
INV_007778,ORD_007778,CUST_003030,MERCH_0029,75.95,USD,PAID,2026-01-11 04:33:40,2026-02-10 04:33:40
INV_007779,ORD_007779,CUST_000234,MERCH_0045,1499.00,INR,PAID,2026-01-24 23:09:10,2026-02-23 23:09:10
INV_007780,ORD_007780,CUST_000010,MERCH_0022,265.25,EUR,PAID,2026-02-28 23:48:15,2026-03-30 23:48:15
INV_007781,ORD_007781,CUST_004401,MERCH_0058,1499.00,INR,PAID,2026-02-22 06:34:08,2026-03-24 06:34:08
INV_007782,ORD_007782,CUST_003515,MERCH_0066,236.99,USD,OVERPAID,2026-01-07 12:14:39,2026-02-06 12:14:39
INV_007783,ORD_007783,CUST_002101,MERCH_0094,409.99,USD,PAID,2026-02-08 16:21:01,2026-03-10 16:21:01
INV_007784,ORD_007784,CUST_000021,MERCH_0011,2766.25,EUR,PAID,2026-02-11 22:45:08,2026-03-13 22:45:08
INV_007785,ORD_007785,CUST_003166,MERCH_0022,28.75,EUR,PAID,2026-02-02 16:15:14,2026-03-04 16:15:14
INV_007786,ORD_007786,CUST_002005,MERCH_0023,25.00,USD,PAID,2026-04-01 00:56:25,2026-05-01 00:56:25
INV_007787,ORD_007787,CUST_001910,MERCH_0038,73.95,USD,PAID,2026-01-07 21:14:51,2026-02-06 21:14:51
INV_007788,ORD_007788,CUST_004163,MERCH_0038,43.50,EUR,PAID,2026-01-30 19:23:12,2026-03-01 19:23:12
INV_007789,ORD_007789,CUST_000116,MERCH_0056,499.00,INR,OVERPAID,2026-01-24 15:01:30,2026-02-23 15:01:30
INV_007790,ORD_007790,CUST_004106,MERCH_0020,9999.00,INR,PAID,2026-01-03 22:05:58,2026-02-02 22:05:58
INV_007791,ORD_007791,CUST_000246,MERCH_0084,619.25,USD,PAID,2026-02-27 21:49:53,2026-03-29 21:49:53
INV_007792,ORD_007792,CUST_001818,MERCH_0028,73.49,USD,PAID,2026-02-27 19:34:17,2026-03-29 19:34:17
INV_007793,ORD_007793,CUST_000212,MERCH_0065,47.75,GBP,PAID,2026-03-24 22:46:33,2026-04-23 22:46:33
INV_007794,ORD_007794,CUST_000028,MERCH_0095,452.50,EUR,PAID,2026-02-17 13:51:00,2026-03-19 13:51:00
INV_007795,ORD_007795,CUST_001910,MERCH_0091,15000.00,INR,PAID,2026-01-10 21:58:07,2026-02-09 21:58:07
INV_007796,ORD_007796,CUST_004539,MERCH_0025,16.80,EUR,PAID,2026-02-25 10:22:47,2026-03-27 10:22:47
INV_007797,ORD_007797,CUST_001259,MERCH_0007,79.75,GBP,PAID,2026-02-22 00:04:21,2026-03-24 00:04:21
INV_007798,ORD_007798,CUST_003867,MERCH_0056,49.49,GBP,PAID,2026-01-22 08:21:34,2026-02-21 08:21:34
INV_007799,ORD_007799,CUST_002628,MERCH_0072,450.00,EUR,PAID,2026-01-09 03:55:44,2026-02-08 03:55:44
INV_007800,ORD_007800,CUST_004159,MERCH_0005,75.25,EUR,PAID,2026-01-22 17:44:41,2026-02-21 17:44:41
INV_007801,ORD_007801,CUST_001005,MERCH_0011,15000.00,INR,PAID,2026-03-21 00:34:28,2026-04-20 00:34:28
INV_007802,ORD_007802,CUST_000050,MERCH_0088,234.25,GBP,PAID,2026-01-03 09:55:13,2026-02-02 09:55:13
INV_007803,ORD_007803,CUST_002599,MERCH_0037,66.25,USD,PAID,2026-01-04 06:29:10,2026-02-03 06:29:10
INV_007804,ORD_007804,CUST_004807,MERCH_0045,549.49,USD,PAID,2026-03-08 07:08:49,2026-04-07 07:08:49
INV_007805,ORD_007805,CUST_004034,MERCH_0011,43.50,USD,PAID,2026-03-20 08:29:05,2026-04-19 08:29:05
INV_007806,ORD_007806,CUST_001599,MERCH_0055,247.99,USD,PAID,2026-01-27 01:13:46,2026-02-26 01:13:46
INV_007807,ORD_007807,CUST_000777,MERCH_0040,80.49,USD,PAID,2026-03-04 15:57:06,2026-04-03 15:57:06
INV_007808,ORD_007808,CUST_004594,MERCH_0032,450.25,USD,PAID,2026-01-25 14:13:10,2026-02-24 14:13:10
INV_007809,ORD_007809,CUST_004122,MERCH_0036,999.00,INR,PAID,2026-01-27 22:51:45,2026-02-26 22:51:45
INV_007811,ORD_007811,CUST_001798,MERCH_0059,68.25,USD,PAID,2026-02-27 22:45:35,2026-03-29 22:45:35
INV_007812,ORD_007812,CUST_002379,MERCH_0005,35.00,USD,PAID,2026-02-25 22:45:19,2026-03-27 22:45:19
INV_007813,ORD_007813,CUST_002723,MERCH_0023,624.80,EUR,PAID,2026-03-05 00:06:52,2026-04-04 00:06:52
INV_007814,ORD_007814,CUST_004552,MERCH_0071,4999.00,INR,PAID,2026-02-05 07:26:26,2026-03-07 07:26:26
INV_007815,ORD_007815,CUST_004137,MERCH_0019,52.75,EUR,PAID,2026-01-18 02:19:13,2026-02-17 02:19:13
INV_007816,ORD_007816,CUST_003322,MERCH_0007,48.00,USD,PAID,2026-02-01 16:51:19,2026-03-03 16:51:19
INV_007817,ORD_007817,CUST_001016,MERCH_0068,462.49,CAD,PAID,2026-01-29 23:06:45,2026-02-28 23:06:45
INV_007818,ORD_007818,CUST_004243,MERCH_0092,96.25,USD,PAID,2026-02-02 23:22:54,2026-03-04 23:22:54
INV_007819,ORD_007819,CUST_000184,MERCH_0016,799.00,INR,PAID,2026-02-14 07:20:40,2026-03-16 07:20:40
INV_007821,ORD_007821,CUST_002156,MERCH_0084,247.25,USD,PAID,2026-03-23 18:43:29,2026-04-22 18:43:29
INV_007822,ORD_007822,CUST_003589,MERCH_0083,79.25,EUR,PAID,2026-03-12 07:04:48,2026-04-11 07:04:48
INV_007823,ORD_007823,CUST_002586,MERCH_0038,33.80,USD,PAID,2026-03-02 10:53:13,2026-04-01 10:53:13
INV_007824,ORD_007824,CUST_002313,MERCH_0038,48.49,USD,PAID,2026-01-10 10:16:07,2026-02-09 10:16:07
INV_007825,ORD_007825,CUST_004470,MERCH_0084,15000.00,INR,PAID,2026-02-26 11:46:33,2026-03-28 11:46:33
INV_007826,ORD_007826,CUST_003059,MERCH_0034,599.00,USD,PAID,2026-03-02 09:22:50,2026-04-01 09:22:50
INV_007829,ORD_007829,CUST_004219,MERCH_0094,999.00,INR,PAID,2026-01-04 23:58:36,2026-02-03 23:58:36
INV_007830,ORD_007830,CUST_000937,MERCH_0078,2746.49,USD,PAID,2026-01-09 18:59:42,2026-02-08 18:59:42
INV_007831,ORD_007831,CUST_004073,MERCH_0090,428.95,EUR,PAID,2026-01-08 04:17:30,2026-02-07 04:17:30
INV_007832,ORD_007832,CUST_004992,MERCH_0053,758.95,GBP,PAID,2026-01-06 08:52:00,2026-02-05 08:52:00
INV_007833,ORD_007833,CUST_003101,MERCH_0074,393.75,EUR,PAID,2026-02-06 22:21:22,2026-03-08 22:21:22
INV_007834,ORD_007834,CUST_004425,MERCH_0099,421.80,USD,PAID,2026-01-21 02:24:27,2026-02-20 02:24:27
INV_007835,ORD_007835,CUST_003751,MERCH_0025,463.50,USD,PAID,2026-02-07 17:39:57,2026-03-09 17:39:57
INV_007836,ORD_007836,CUST_002093,MERCH_0017,33.49,EUR,PAID,2026-03-20 14:37:55,2026-04-19 14:37:55
INV_007837,ORD_007837,CUST_000931,MERCH_0095,65.99,USD,PAID,2026-01-12 10:10:15,2026-02-11 10:10:15
INV_007838,ORD_007838,CUST_002119,MERCH_0069,80.99,CAD,PAID,2026-01-08 20:18:58,2026-02-07 20:18:58
INV_007839,ORD_007839,CUST_001748,MERCH_0022,77.25,EUR,PAID,2026-02-27 03:52:13,2026-03-29 03:52:13
INV_007841,ORD_007841,CUST_003693,MERCH_0040,15000.00,INR,PAID,2026-03-01 00:27:32,2026-03-31 00:27:32
INV_007842,ORD_007842,CUST_003974,MERCH_0007,4999.00,INR,PAID,2026-03-02 06:57:41,2026-04-01 06:57:41
INV_007843,ORD_007843,CUST_001416,MERCH_0045,520.80,GBP,PAID,2026-03-19 10:01:13,2026-04-18 10:01:13
INV_007844,ORD_007844,CUST_002111,MERCH_0084,507.80,GBP,PAID,2026-02-28 09:12:48,2026-03-30 09:12:48
INV_007845,ORD_007845,CUST_000833,MERCH_0009,26.95,CAD,OVERPAID,2026-03-15 20:58:54,2026-04-14 20:58:54
INV_007846,ORD_007846,CUST_000199,MERCH_0031,799.00,INR,PAID,2026-01-21 03:24:59,2026-02-20 03:24:59
INV_007847,ORD_007847,CUST_002880,MERCH_0004,76.50,EUR,PAID,2026-02-18 15:08:35,2026-03-20 15:08:35
INV_007848,ORD_007848,CUST_003198,MERCH_0036,486.75,GBP,PAID,2026-02-15 16:44:14,2026-03-17 16:44:14
INV_007849,ORD_007849,CUST_000508,MERCH_0018,268.50,EUR,PAID,2026-03-09 12:21:28,2026-04-08 12:21:28
INV_007850,ORD_007850,CUST_001893,MERCH_0017,2499.00,INR,PAID,2026-02-24 07:04:03,2026-03-26 07:04:03
INV_007851,ORD_007851,CUST_002102,MERCH_0062,614.00,EUR,PAID,2026-01-04 01:59:19,2026-02-03 01:59:19
INV_007852,ORD_007852,CUST_000697,MERCH_0050,252.95,EUR,PAID,2026-01-26 20:39:25,2026-02-25 20:39:25
INV_007853,ORD_007853,CUST_003978,MERCH_0059,3999.00,INR,PAID,2026-03-18 12:45:45,2026-04-17 12:45:45
INV_007854,ORD_007854,CUST_003945,MERCH_0014,218.50,USD,PAID,2026-03-19 08:26:18,2026-04-18 08:26:18
INV_007855,ORD_007855,CUST_004674,MERCH_0045,15000.00,INR,PAID,2026-02-16 05:08:31,2026-03-18 05:08:31
INV_007856,ORD_007856,CUST_004086,MERCH_0061,355.50,USD,PAID,2026-01-31 17:37:15,2026-03-02 17:37:15
INV_007857,ORD_007857,CUST_002766,MERCH_0010,2802.50,EUR,PAID,2026-02-03 06:16:07,2026-03-05 06:16:07
INV_007858,ORD_007858,CUST_002853,MERCH_0025,55.99,EUR,PAID,2026-02-07 00:02:57,2026-03-09 00:02:57
INV_007859,ORD_007859,CUST_002302,MERCH_0100,607.25,USD,PAID,2026-01-10 11:59:53,2026-02-09 11:59:53
INV_007860,ORD_007860,CUST_002686,MERCH_0019,24.00,GBP,PAID,2026-03-09 14:52:53,2026-04-08 14:52:53
INV_007861,ORD_007861,CUST_004118,MERCH_0024,355.99,GBP,PAID,2026-01-12 15:38:47,2026-02-11 15:38:47
INV_007862,ORD_007862,CUST_001102,MERCH_0038,299.00,INR,PAID,2026-02-11 12:27:45,2026-03-13 12:27:45
INV_007863,ORD_007863,CUST_000366,MERCH_0066,454.95,USD,PAID,2026-01-26 04:58:31,2026-02-25 04:58:31
INV_007864,ORD_007864,CUST_003315,MERCH_0055,799.00,INR,PAID,2026-01-05 06:00:30,2026-02-04 06:00:30
INV_007865,ORD_007865,CUST_001324,MERCH_0069,2173.00,GBP,PAID,2026-03-16 14:36:04,2026-04-15 14:36:04
INV_007866,ORD_007866,CUST_004500,MERCH_0055,54.99,USD,PAID,2026-01-20 05:38:05,2026-02-19 05:38:05
INV_007867,ORD_007867,CUST_004954,MERCH_0015,518.95,EUR,PAID,2026-02-22 05:31:14,2026-03-24 05:31:14
INV_007868,ORD_007868,CUST_001633,MERCH_0073,574.75,GBP,PAID,2026-02-05 15:35:48,2026-03-07 15:35:48
INV_007869,ORD_007869,CUST_003976,MERCH_0021,2988.49,USD,PAID,2026-03-27 19:19:21,2026-04-26 19:19:21
INV_007870,ORD_007870,CUST_001727,MERCH_0092,1999.00,INR,PAID,2026-02-28 06:09:21,2026-03-30 06:09:21
INV_007871,ORD_007871,CUST_000777,MERCH_0061,2582.25,USD,PAID,2026-04-01 01:40:52,2026-05-01 01:40:52
INV_007872,ORD_007872,CUST_002676,MERCH_0002,19.80,CAD,PAID,2026-03-18 17:57:05,2026-04-17 17:57:05
INV_007873,ORD_007873,CUST_001587,MERCH_0085,1999.00,INR,PAID,2026-02-14 17:26:38,2026-03-16 17:26:38
INV_007875,ORD_007875,CUST_002108,MERCH_0056,1999.00,INR,PAID,2026-03-08 23:59:46,2026-04-07 23:59:46
INV_007876,ORD_007876,CUST_003909,MERCH_0010,59.75,EUR,PAID,2026-02-20 11:43:43,2026-03-22 11:43:43
INV_007877,ORD_007877,CUST_004196,MERCH_0088,218.95,EUR,PAID,2026-01-19 21:07:37,2026-02-18 21:07:37
INV_007878,ORD_007878,CUST_003548,MERCH_0002,299.00,INR,PAID,2026-03-05 20:11:39,2026-04-04 20:11:39
INV_007879,ORD_007879,CUST_003233,MERCH_0098,424.75,EUR,PAID,2026-03-09 05:55:49,2026-04-08 05:55:49
INV_007880,ORD_007880,CUST_004608,MERCH_0070,360.50,USD,PAID,2026-02-09 22:37:54,2026-03-11 22:37:54
INV_007881,ORD_007881,CUST_002391,MERCH_0060,1499.00,INR,PAID,2026-02-26 11:41:08,2026-03-28 11:41:08
INV_007882,ORD_007882,CUST_003844,MERCH_0067,619.25,EUR,PAID,2026-03-13 03:05:30,2026-04-12 03:05:30
INV_007883,ORD_007883,CUST_004830,MERCH_0008,35.99,CAD,PAID,2026-03-02 12:19:34,2026-04-01 12:19:34
INV_007884,ORD_007884,CUST_003842,MERCH_0082,1641.80,EUR,PAID,2026-01-04 19:25:01,2026-02-03 19:25:01
INV_007885,ORD_007885,CUST_002407,MERCH_0075,29.50,GBP,PAID,2026-01-11 17:15:54,2026-02-10 17:15:54
INV_007886,ORD_007886,CUST_000864,MERCH_0026,65.00,CAD,PAID,2026-01-31 14:47:04,2026-03-02 14:47:04
INV_007887,ORD_007887,CUST_000221,MERCH_0088,289.49,USD,PAID,2026-01-25 06:44:25,2026-02-24 06:44:25
INV_007888,ORD_007888,CUST_004586,MERCH_0003,33.50,USD,PAID,2026-01-11 19:39:06,2026-02-10 19:39:06
INV_007889,ORD_007889,CUST_000125,MERCH_0081,53.99,EUR,PAID,2026-01-02 09:14:10,2026-02-01 09:14:10
INV_007890,ORD_007890,CUST_001933,MERCH_0021,378.49,EUR,PAID,2026-02-25 01:37:45,2026-03-27 01:37:45
INV_007891,ORD_007891,CUST_003589,MERCH_0052,2499.00,INR,PAID,2026-01-24 08:13:54,2026-02-23 08:13:54
INV_007892,ORD_007892,CUST_001363,MERCH_0041,380.00,EUR,PAID,2026-01-29 21:35:39,2026-02-28 21:35:39
INV_007893,ORD_007893,CUST_003684,MERCH_0027,74.75,EUR,PAID,2026-01-10 04:30:59,2026-02-09 04:30:59
INV_007894,ORD_007894,CUST_002991,MERCH_0084,186.49,EUR,PAID,2026-02-28 23:13:22,2026-03-30 23:13:22
INV_007895,ORD_007895,CUST_001562,MERCH_0047,63.75,USD,PAID,2026-01-09 21:36:25,2026-02-08 21:36:25
INV_007896,ORD_007896,CUST_003326,MERCH_0035,54.00,EUR,PAID,2026-01-09 20:01:54,2026-02-08 20:01:54
INV_007897,ORD_007897,CUST_003026,MERCH_0021,112.25,USD,PAID,2026-03-03 07:38:36,2026-04-02 07:38:36
INV_007898,ORD_007898,CUST_002510,MERCH_0044,362.75,GBP,PAID,2026-02-17 07:42:21,2026-03-19 07:42:21
INV_007899,ORD_007899,CUST_001774,MERCH_0018,1049.25,USD,PAID,2026-01-15 11:47:28,2026-02-14 11:47:28
INV_007900,ORD_007900,CUST_003229,MERCH_0094,48.49,EUR,PAID,2026-01-20 11:57:07,2026-02-19 11:57:07
INV_007901,ORD_007901,CUST_000264,MERCH_0033,27.49,GBP,PAID,2026-01-13 23:33:14,2026-02-12 23:33:14
INV_007902,ORD_007902,CUST_000190,MERCH_0014,407.49,USD,PAID,2026-03-11 03:05:06,2026-04-10 03:05:06
INV_007903,ORD_007903,CUST_000500,MERCH_0094,299.00,INR,PAID,2026-02-10 13:37:54,2026-03-12 13:37:54
INV_007904,ORD_007904,CUST_001708,MERCH_0025,272.00,GBP,PAID,2026-03-07 03:36:03,2026-04-06 03:36:03
INV_007905,ORD_007905,CUST_001558,MERCH_0059,29.99,USD,PAID,2026-01-27 10:11:10,2026-02-26 10:11:10
INV_007906,ORD_007906,CUST_002877,MERCH_0100,60.25,USD,PAID,2026-03-29 02:33:35,2026-04-28 02:33:35
INV_007907,ORD_007907,CUST_003411,MERCH_0079,486.00,USD,PAID,2026-01-08 07:08:23,2026-02-07 07:08:23
INV_007908,ORD_007908,CUST_000264,MERCH_0038,499.00,INR,PAID,2026-03-03 08:06:57,2026-04-02 08:06:57
INV_007909,ORD_007909,CUST_002262,MERCH_0013,1763.99,GBP,PAID,2026-03-13 08:26:01,2026-04-12 08:26:01
INV_007910,ORD_007910,CUST_004137,MERCH_0009,31.99,EUR,PAID,2026-01-29 09:45:34,2026-02-28 09:45:34
INV_007911,ORD_007911,CUST_003536,MERCH_0043,330.95,GBP,PAID,2026-03-23 06:25:08,2026-04-22 06:25:08
INV_007912,ORD_007912,CUST_003308,MERCH_0098,68.75,GBP,PAID,2026-01-23 07:21:23,2026-02-22 07:21:23
INV_007914,ORD_007914,CUST_000989,MERCH_0030,54.75,USD,PAID,2026-01-23 08:23:34,2026-02-22 08:23:34
INV_007915,ORD_007915,CUST_003074,MERCH_0097,1343.50,GBP,PAID,2026-02-13 14:20:03,2026-03-15 14:20:03
INV_007916,ORD_007916,CUST_000746,MERCH_0031,76.75,USD,PAID,2026-03-05 10:15:31,2026-04-04 10:15:31
INV_007917,ORD_007917,CUST_004737,MERCH_0093,49.80,USD,PAID,2026-02-14 12:42:22,2026-03-16 12:42:22
INV_007918,ORD_007918,CUST_003936,MERCH_0074,456.95,EUR,PAID,2026-03-16 21:05:16,2026-04-15 21:05:16
INV_007919,ORD_007919,CUST_000904,MERCH_0067,4999.00,INR,PAID,2026-02-10 05:06:49,2026-03-12 05:06:49
INV_007920,ORD_007920,CUST_004689,MERCH_0046,520.50,USD,PAID,2026-02-01 21:32:48,2026-03-03 21:32:48
INV_007921,ORD_007921,CUST_002795,MERCH_0005,587.50,USD,PAID,2026-02-28 23:32:58,2026-03-30 23:32:58
INV_007922,ORD_007922,CUST_002843,MERCH_0026,9999.00,INR,PAID,2026-02-24 06:48:19,2026-03-26 06:48:19
INV_007923,ORD_007923,CUST_003174,MERCH_0045,199.25,EUR,PAID,2026-02-01 14:53:47,2026-03-03 14:53:47
INV_007924,ORD_007924,CUST_002902,MERCH_0011,421.49,GBP,PAID,2026-02-03 20:55:40,2026-03-05 20:55:40
INV_007925,ORD_007925,CUST_003827,MERCH_0099,18.75,EUR,PAID,2026-03-29 07:54:13,2026-04-28 07:54:13
INV_007926,ORD_007926,CUST_000818,MERCH_0067,80.00,EUR,PAID,2026-01-19 12:49:40,2026-02-18 12:49:40
INV_007927,ORD_007927,CUST_004505,MERCH_0044,2496.75,USD,PAID,2026-01-17 11:38:12,2026-02-16 11:38:12
INV_007928,ORD_007928,CUST_004849,MERCH_0053,915.00,USD,PAID,2026-03-06 15:55:32,2026-04-05 15:55:32
INV_007929,ORD_007929,CUST_002094,MERCH_0092,27.80,EUR,PAID,2026-02-10 21:10:19,2026-03-12 21:10:19
INV_007930,ORD_007930,CUST_002717,MERCH_0027,63.00,USD,PAID,2026-03-02 17:37:35,2026-04-01 17:37:35
INV_007931,ORD_007931,CUST_004040,MERCH_0001,110.95,EUR,PAID,2026-03-20 22:41:47,2026-04-19 22:41:47
INV_007932,ORD_007932,CUST_001996,MERCH_0095,449.00,EUR,OVERPAID,2026-01-18 16:03:16,2026-02-17 16:03:16
INV_007933,ORD_007933,CUST_004803,MERCH_0056,363.50,EUR,PAID,2026-02-10 15:23:31,2026-03-12 15:23:31
INV_007934,ORD_007934,CUST_003586,MERCH_0079,56.50,USD,PAID,2026-02-10 17:51:00,2026-03-12 17:51:00
INV_007935,ORD_007935,CUST_001150,MERCH_0053,75.00,GBP,PAID,2026-01-08 08:56:56,2026-02-07 08:56:56
INV_007936,ORD_007936,CUST_000231,MERCH_0007,1999.00,INR,PAID,2026-03-24 08:12:20,2026-04-23 08:12:20
INV_007937,ORD_007937,CUST_004491,MERCH_0005,483.75,EUR,PAID,2026-01-05 12:57:58,2026-02-04 12:57:58
INV_007938,ORD_007938,CUST_002968,MERCH_0040,9999.00,INR,PAID,2026-01-09 07:06:09,2026-02-08 07:06:09
INV_007939,ORD_007939,CUST_001989,MERCH_0072,63.75,GBP,PAID,2026-01-28 23:40:05,2026-02-27 23:40:05
INV_007940,ORD_007940,CUST_004073,MERCH_0056,49.80,GBP,PAID,2026-03-12 20:52:55,2026-04-11 20:52:55
INV_007941,ORD_007941,CUST_004383,MERCH_0034,1499.00,INR,PAID,2026-02-22 05:34:18,2026-03-24 05:34:18
INV_007942,ORD_007942,CUST_000159,MERCH_0035,367.00,GBP,PAID,2026-01-09 05:11:10,2026-02-08 05:11:10
INV_007943,ORD_007943,CUST_003067,MERCH_0080,9999.00,INR,PAID,2026-01-23 01:52:55,2026-02-22 01:52:55
INV_007944,ORD_007944,CUST_000785,MERCH_0007,18.75,EUR,PAID,2026-01-22 05:48:49,2026-02-21 05:48:49
INV_007945,ORD_007945,CUST_001096,MERCH_0059,212.49,USD,PAID,2026-03-28 00:37:26,2026-04-27 00:37:26
INV_007946,ORD_007946,CUST_000697,MERCH_0034,1576.25,USD,PAID,2026-02-24 16:17:24,2026-03-26 16:17:24
INV_007947,ORD_007947,CUST_002144,MERCH_0014,303.80,CAD,PAID,2026-02-12 15:12:19,2026-03-14 15:12:19
INV_007948,ORD_007948,CUST_004925,MERCH_0056,267.80,USD,PAID,2026-02-10 14:45:56,2026-03-12 14:45:56
INV_007949,ORD_007949,CUST_003698,MERCH_0003,300.95,GBP,PAID,2026-03-09 02:52:40,2026-04-08 02:52:40
INV_007950,ORD_007950,CUST_000215,MERCH_0014,3999.00,INR,PAID,2026-01-24 10:15:13,2026-02-23 10:15:13
INV_007951,ORD_007951,CUST_002245,MERCH_0076,3294.75,EUR,OVERPAID,2026-02-09 04:53:21,2026-03-11 04:53:21
INV_007952,ORD_007952,CUST_003281,MERCH_0055,4999.00,INR,PAID,2026-03-20 22:22:35,2026-04-19 22:22:35
INV_007953,ORD_007953,CUST_002739,MERCH_0036,1789.00,USD,PAID,2026-02-15 05:57:54,2026-03-17 05:57:54
INV_007954,ORD_007954,CUST_004148,MERCH_0049,53.99,USD,PAID,2026-03-27 15:55:37,2026-04-26 15:55:37
INV_007955,ORD_007955,CUST_003957,MERCH_0057,2426.49,EUR,PAID,2026-03-12 15:43:25,2026-04-11 15:43:25
INV_007956,ORD_007956,CUST_000030,MERCH_0089,75.00,USD,PAID,2026-03-28 02:10:12,2026-04-27 02:10:12
INV_007957,ORD_007957,CUST_003642,MERCH_0011,1499.00,INR,PAID,2026-01-07 22:12:31,2026-02-06 22:12:31
INV_007958,ORD_007958,CUST_004825,MERCH_0093,66.49,EUR,PAID,2026-02-22 16:22:26,2026-03-24 16:22:26
INV_007959,ORD_007959,CUST_000553,MERCH_0032,1499.00,INR,PAID,2026-02-20 21:41:43,2026-03-22 21:41:43
INV_007961,ORD_007961,CUST_003535,MERCH_0003,15000.00,INR,PAID,2026-01-07 22:23:10,2026-02-06 22:23:10
INV_007962,ORD_007962,CUST_001708,MERCH_0040,246.00,USD,PAID,2026-02-27 12:33:55,2026-03-29 12:33:55
INV_007963,ORD_007963,CUST_004851,MERCH_0008,2499.00,INR,PAID,2026-02-10 19:37:36,2026-03-12 19:37:36
INV_007964,ORD_007964,CUST_002647,MERCH_0061,2559.75,USD,PAID,2026-03-17 09:35:46,2026-04-16 09:35:46
INV_007965,ORD_007965,CUST_000869,MERCH_0064,66.80,EUR,PAID,2026-03-16 00:18:51,2026-04-15 00:18:51
INV_007966,ORD_007966,CUST_000680,MERCH_0051,359.80,USD,PAID,2026-03-12 09:27:29,2026-04-11 09:27:29
INV_007967,ORD_007967,CUST_004822,MERCH_0033,499.00,INR,PAID,2026-02-21 06:03:33,2026-03-23 06:03:33
INV_007968,ORD_007968,CUST_003419,MERCH_0033,2499.00,INR,PAID,2026-02-04 07:39:56,2026-03-06 07:39:56
INV_007969,ORD_007969,CUST_000749,MERCH_0001,79.00,EUR,PAID,2026-03-12 14:13:13,2026-04-11 14:13:13
INV_007970,ORD_007970,CUST_000996,MERCH_0068,313.50,USD,PAID,2026-03-19 15:50:23,2026-04-18 15:50:23
INV_007971,ORD_007971,CUST_002075,MERCH_0006,47.49,GBP,PAID,2026-02-14 11:39:39,2026-03-16 11:39:39
INV_007972,ORD_007972,CUST_002543,MERCH_0009,64.50,EUR,PAID,2026-01-04 17:23:33,2026-02-03 17:23:33
INV_007973,ORD_007973,CUST_004523,MERCH_0033,1684.49,USD,PAID,2026-02-28 16:10:54,2026-03-30 16:10:54
INV_007974,ORD_007974,CUST_000020,MERCH_0100,81.25,CAD,PAID,2026-02-26 08:27:46,2026-03-28 08:27:46
INV_007975,ORD_007975,CUST_001567,MERCH_0006,76.00,EUR,PAID,2026-01-29 11:41:24,2026-02-28 11:41:24
INV_007976,ORD_007976,CUST_002830,MERCH_0086,2282.99,USD,PAID,2026-01-31 01:31:08,2026-03-02 01:31:08
INV_007977,ORD_007977,CUST_004005,MERCH_0073,2494.99,CAD,PAID,2026-02-02 02:42:58,2026-03-04 02:42:58
INV_007978,ORD_007978,CUST_004254,MERCH_0044,9999.00,INR,PAID,2026-02-07 14:00:55,2026-03-09 14:00:55
INV_007979,ORD_007979,CUST_004772,MERCH_0099,354.50,GBP,PAID,2026-01-07 01:13:23,2026-02-06 01:13:23
INV_007980,ORD_007980,CUST_002129,MERCH_0076,77.80,GBP,PAID,2026-03-28 20:46:15,2026-04-27 20:46:15
INV_007982,ORD_007982,CUST_003938,MERCH_0049,326.80,EUR,PAID,2026-02-17 18:18:40,2026-03-19 18:18:40
INV_007983,ORD_007983,CUST_002020,MERCH_0038,215.00,USD,PAID,2026-01-25 20:44:18,2026-02-24 20:44:18
INV_007984,ORD_007984,CUST_001463,MERCH_0078,2226.80,USD,PAID,2026-01-20 18:16:34,2026-02-19 18:16:34
INV_007985,ORD_007985,CUST_004247,MERCH_0094,2867.95,EUR,PAID,2026-02-20 06:03:27,2026-03-22 06:03:27
INV_007986,ORD_007986,CUST_002421,MERCH_0052,443.25,CAD,PAID,2026-03-24 04:45:25,2026-04-23 04:45:25
INV_007987,ORD_007987,CUST_002007,MERCH_0012,418.80,USD,PAID,2026-01-11 04:45:51,2026-02-10 04:45:51
INV_007988,ORD_007988,CUST_000946,MERCH_0003,197.75,GBP,PAID,2026-03-17 10:57:21,2026-04-16 10:57:21
INV_007989,ORD_007989,CUST_003254,MERCH_0060,596.50,EUR,PAID,2026-02-11 14:53:57,2026-03-13 14:53:57
INV_007990,ORD_007990,CUST_000782,MERCH_0006,2499.00,INR,PAID,2026-03-09 10:08:57,2026-04-08 10:08:57
INV_007991,ORD_007991,CUST_002246,MERCH_0021,366.25,GBP,PAID,2026-03-03 12:21:46,2026-04-02 12:21:46
INV_007992,ORD_007992,CUST_004148,MERCH_0095,499.00,INR,PAID,2026-02-25 23:43:57,2026-03-27 23:43:57
INV_007993,ORD_007993,CUST_004331,MERCH_0068,493.80,USD,PAID,2026-03-11 21:53:15,2026-04-10 21:53:15
INV_007994,ORD_007994,CUST_000615,MERCH_0043,34.25,CAD,PAID,2026-02-08 03:19:40,2026-03-10 03:19:40
INV_007995,ORD_007995,CUST_004968,MERCH_0046,39.75,USD,PAID,2026-03-07 11:05:09,2026-04-06 11:05:09
INV_007996,ORD_007996,CUST_001525,MERCH_0034,31.95,EUR,PAID,2026-02-25 21:26:37,2026-03-27 21:26:37
INV_007997,ORD_007997,CUST_004005,MERCH_0003,102.80,CAD,PAID,2026-01-11 19:25:53,2026-02-10 19:25:53
INV_007998,ORD_007998,CUST_001612,MERCH_0009,556.00,EUR,PAID,2026-01-13 19:46:55,2026-02-12 19:46:55
INV_007999,ORD_007999,CUST_002609,MERCH_0078,344.75,CAD,PAID,2026-03-31 21:40:07,2026-04-30 21:40:07
INV_008000,ORD_008000,CUST_001438,MERCH_0085,298.80,EUR,PAID,2026-03-13 14:45:02,2026-04-12 14:45:02
INV_008001,ORD_008001,CUST_003168,MERCH_0019,58.80,EUR,PAID,2026-01-08 17:15:43,2026-02-07 17:15:43
INV_008002,ORD_008002,CUST_003188,MERCH_0057,332.25,CAD,PAID,2026-02-15 11:10:20,2026-03-17 11:10:20
INV_008003,ORD_008003,CUST_002472,MERCH_0007,74.75,GBP,PAID,2026-03-04 05:19:49,2026-04-03 05:19:49
INV_008004,ORD_008004,CUST_002935,MERCH_0040,394.75,USD,PAID,2026-03-14 14:33:02,2026-04-13 14:33:02
INV_008005,ORD_008005,CUST_003229,MERCH_0088,93.95,GBP,PAID,2026-03-11 16:44:31,2026-04-10 16:44:31
INV_008006,ORD_008006,CUST_002226,MERCH_0096,435.95,CAD,PAID,2026-03-22 15:48:37,2026-04-21 15:48:37
INV_008007,ORD_008007,CUST_003373,MERCH_0077,23.00,USD,PAID,2026-02-02 03:54:39,2026-03-04 03:54:39
INV_008008,ORD_008008,CUST_001615,MERCH_0056,74.80,EUR,PAID,2026-02-04 05:03:57,2026-03-06 05:03:57
INV_008009,ORD_008009,CUST_003353,MERCH_0032,65.95,GBP,PAID,2026-01-09 01:35:51,2026-02-08 01:35:51
INV_008010,ORD_008010,CUST_003236,MERCH_0010,610.99,EUR,PAID,2026-01-09 13:32:17,2026-02-08 13:32:17
INV_008011,ORD_008011,CUST_000280,MERCH_0096,299.00,INR,PAID,2026-02-22 10:29:59,2026-03-24 10:29:59
INV_008012,ORD_008012,CUST_002325,MERCH_0012,128.80,GBP,PAID,2026-01-17 13:17:29,2026-02-16 13:17:29
INV_008013,ORD_008013,CUST_001817,MERCH_0036,615.80,EUR,PAID,2026-01-23 14:32:33,2026-02-22 14:32:33
INV_008014,ORD_008014,CUST_001183,MERCH_0100,32.80,USD,PAID,2026-02-17 10:59:36,2026-03-19 10:59:36
INV_008015,ORD_008015,CUST_004209,MERCH_0005,24.99,USD,PAID,2026-03-17 10:34:38,2026-04-16 10:34:38
INV_008016,ORD_008016,CUST_002571,MERCH_0005,2564.80,USD,PAID,2026-03-23 20:45:02,2026-04-22 20:45:02
INV_008017,ORD_008017,CUST_001450,MERCH_0092,22.49,EUR,PAID,2026-01-22 07:12:40,2026-02-21 07:12:40
INV_008018,ORD_008018,CUST_004832,MERCH_0091,506.99,USD,PAID,2026-03-13 02:26:09,2026-04-12 02:26:09
INV_008019,ORD_008019,CUST_002193,MERCH_0003,1519.80,GBP,PAID,2026-02-03 18:28:02,2026-03-05 18:28:02
INV_008020,ORD_008020,CUST_001080,MERCH_0060,57.00,CAD,OVERPAID,2026-01-14 03:36:56,2026-02-13 03:36:56
INV_008021,ORD_008021,CUST_003977,MERCH_0055,17.00,CAD,PAID,2026-02-12 03:23:11,2026-03-14 03:23:11
INV_008022,ORD_008022,CUST_001112,MERCH_0012,164.00,USD,PAID,2026-01-17 03:11:01,2026-02-16 03:11:01
INV_008023,ORD_008023,CUST_001638,MERCH_0008,4999.00,INR,PAID,2026-01-31 03:59:49,2026-03-02 03:59:49
INV_008024,ORD_008024,CUST_002859,MERCH_0038,1943.99,EUR,PAID,2026-01-19 15:46:33,2026-02-18 15:46:33
INV_008025,ORD_008025,CUST_004707,MERCH_0070,66.00,EUR,PAID,2026-01-02 17:18:42,2026-02-01 17:18:42
INV_008026,ORD_008026,CUST_003359,MERCH_0048,41.25,USD,PAID,2026-01-27 11:24:36,2026-02-26 11:24:36
INV_008027,ORD_008027,CUST_003556,MERCH_0094,1499.00,INR,PAID,2026-03-04 14:13:36,2026-04-03 14:13:36
INV_008028,ORD_008028,CUST_000819,MERCH_0030,566.75,GBP,PAID,2026-01-23 13:38:44,2026-02-22 13:38:44
INV_008029,ORD_008029,CUST_002194,MERCH_0071,78.99,CAD,PAID,2026-01-17 22:09:52,2026-02-16 22:09:52
INV_008030,ORD_008030,CUST_004815,MERCH_0053,48.49,EUR,PAID,2026-03-09 10:51:19,2026-04-08 10:51:19
INV_008031,ORD_008031,CUST_004201,MERCH_0049,56.99,USD,PAID,2026-03-12 22:36:46,2026-04-11 22:36:46
INV_008033,ORD_008033,CUST_001486,MERCH_0018,2499.00,INR,PAID,2026-03-03 18:19:42,2026-04-02 18:19:42
INV_008034,ORD_008034,CUST_001137,MERCH_0056,326.25,EUR,PAID,2026-01-10 11:59:06,2026-02-09 11:59:06
INV_008035,ORD_008035,CUST_000858,MERCH_0074,299.80,EUR,PAID,2026-03-15 00:03:41,2026-04-14 00:03:41
INV_008036,ORD_008036,CUST_004183,MERCH_0095,42.25,EUR,PAID,2026-01-24 13:59:03,2026-02-23 13:59:03
INV_008037,ORD_008037,CUST_003288,MERCH_0001,18.99,USD,OVERPAID,2026-01-01 13:52:46,2026-01-31 13:52:46
INV_008038,ORD_008038,CUST_000506,MERCH_0092,36.75,USD,PAID,2026-01-07 15:00:19,2026-02-06 15:00:19
INV_008039,ORD_008039,CUST_001579,MERCH_0099,15000.00,INR,PAID,2026-03-26 19:47:20,2026-04-25 19:47:20
INV_008040,ORD_008040,CUST_004984,MERCH_0030,59.00,USD,PAID,2026-02-16 12:58:02,2026-03-18 12:58:02
INV_008041,ORD_008041,CUST_003300,MERCH_0077,235.49,USD,PAID,2026-02-02 09:56:11,2026-03-04 09:56:11
INV_008042,ORD_008042,CUST_003896,MERCH_0075,1647.49,GBP,PAID,2026-03-05 06:32:10,2026-04-04 06:32:10
INV_008043,ORD_008043,CUST_002877,MERCH_0049,1281.95,GBP,PAID,2026-03-11 09:27:47,2026-04-10 09:27:47
INV_008044,ORD_008044,CUST_002915,MERCH_0039,343.25,EUR,PAID,2026-01-23 08:12:32,2026-02-22 08:12:32
INV_008045,ORD_008045,CUST_002479,MERCH_0063,67.80,EUR,PAID,2026-01-19 06:16:26,2026-02-18 06:16:26
INV_008046,ORD_008046,CUST_002453,MERCH_0047,543.99,USD,PAID,2026-01-10 15:50:24,2026-02-09 15:50:24
INV_008047,ORD_008047,CUST_003353,MERCH_0004,49.49,USD,PAID,2026-02-06 19:54:40,2026-03-08 19:54:40
INV_008048,ORD_008048,CUST_000225,MERCH_0019,2992.25,USD,PAID,2026-03-11 19:05:22,2026-04-10 19:05:22
INV_008049,ORD_008049,CUST_001285,MERCH_0039,39.49,GBP,PAID,2026-03-06 09:49:02,2026-04-05 09:49:02
INV_008050,ORD_008050,CUST_004348,MERCH_0065,589.80,USD,PAID,2026-02-14 08:09:59,2026-03-16 08:09:59
INV_008051,ORD_008051,CUST_003908,MERCH_0045,9999.00,INR,PAID,2026-01-26 08:39:50,2026-02-25 08:39:50
INV_008052,ORD_008052,CUST_002145,MERCH_0001,79.80,USD,PAID,2026-03-27 07:42:07,2026-04-26 07:42:07
INV_008053,ORD_008053,CUST_003208,MERCH_0027,329.25,USD,PAID,2026-02-16 10:39:04,2026-03-18 10:39:04
INV_008054,ORD_008054,CUST_002219,MERCH_0076,3347.00,USD,PAID,2026-02-07 22:08:52,2026-03-09 22:08:52
INV_008055,ORD_008055,CUST_002156,MERCH_0005,379.75,USD,PAID,2026-02-24 14:23:27,2026-03-26 14:23:27
INV_008056,ORD_008056,CUST_002029,MERCH_0004,24.25,EUR,PAID,2026-02-01 01:25:13,2026-03-03 01:25:13
INV_008057,ORD_008057,CUST_001392,MERCH_0019,33.00,GBP,PAID,2026-01-11 07:32:00,2026-02-10 07:32:00
INV_008058,ORD_008058,CUST_004576,MERCH_0066,63.25,GBP,PAID,2026-01-06 02:01:16,2026-02-05 02:01:16
INV_008059,ORD_008059,CUST_000961,MERCH_0025,68.50,EUR,PAID,2026-02-25 18:42:17,2026-03-27 18:42:17
INV_008060,ORD_008060,CUST_001702,MERCH_0061,600.80,USD,PAID,2026-03-14 10:03:55,2026-04-13 10:03:55
INV_008061,ORD_008061,CUST_001958,MERCH_0069,1215.99,EUR,PAID,2026-03-01 22:41:07,2026-03-31 22:41:07
INV_008062,ORD_008062,CUST_004735,MERCH_0078,648.25,GBP,PAID,2026-01-20 11:04:48,2026-02-19 11:04:48
INV_008063,ORD_008063,CUST_002139,MERCH_0095,338.99,EUR,PAID,2026-02-14 11:31:38,2026-03-16 11:31:38
INV_008064,ORD_008064,CUST_004212,MERCH_0097,603.49,EUR,PAID,2026-02-03 21:17:18,2026-03-05 21:17:18
INV_008065,ORD_008065,CUST_004834,MERCH_0020,341.49,EUR,PAID,2026-01-05 02:31:38,2026-02-04 02:31:38
INV_008066,ORD_008066,CUST_004295,MERCH_0009,2653.00,USD,PAID,2026-01-07 14:27:42,2026-02-06 14:27:42
INV_008067,ORD_008067,CUST_003933,MERCH_0064,20.80,CAD,PAID,2026-01-25 12:33:43,2026-02-24 12:33:43
INV_008068,ORD_008068,CUST_001474,MERCH_0098,61.75,USD,PAID,2026-01-18 07:56:15,2026-02-17 07:56:15
INV_008069,ORD_008069,CUST_001358,MERCH_0064,333.80,EUR,PAID,2026-03-11 04:12:41,2026-04-10 04:12:41
INV_008070,ORD_008070,CUST_003226,MERCH_0053,75.75,EUR,PAID,2026-02-05 16:56:01,2026-03-07 16:56:01
INV_008071,ORD_008071,CUST_002326,MERCH_0091,615.75,EUR,PAID,2026-03-12 21:19:04,2026-04-11 21:19:04
INV_008072,ORD_008072,CUST_000271,MERCH_0040,9999.00,INR,PAID,2026-02-08 04:50:14,2026-03-10 04:50:14
INV_008073,ORD_008073,CUST_002213,MERCH_0007,3999.00,INR,PAID,2026-02-17 11:52:57,2026-03-19 11:52:57
INV_008074,ORD_008074,CUST_002496,MERCH_0070,3023.95,CAD,PAID,2026-01-11 10:19:40,2026-02-10 10:19:40
INV_008075,ORD_008075,CUST_003307,MERCH_0027,39.25,CAD,PAID,2026-03-05 19:20:04,2026-04-04 19:20:04
INV_008076,ORD_008076,CUST_000667,MERCH_0095,1953.49,CAD,PAID,2026-02-17 05:08:31,2026-03-19 05:08:31
INV_008077,ORD_008077,CUST_004569,MERCH_0064,313.49,CAD,PAID,2026-03-14 02:25:31,2026-04-13 02:25:31
INV_008078,ORD_008078,CUST_003923,MERCH_0033,21.25,GBP,PAID,2026-02-07 15:21:01,2026-03-09 15:21:01
INV_008079,ORD_008079,CUST_003980,MERCH_0058,78.99,USD,PAID,2026-01-19 14:29:11,2026-02-18 14:29:11
INV_008080,ORD_008080,CUST_003548,MERCH_0083,25.80,EUR,PAID,2026-02-25 03:04:38,2026-03-27 03:04:38
INV_008081,ORD_008081,CUST_003849,MERCH_0017,3134.75,USD,PAID,2026-01-26 21:15:07,2026-02-25 21:15:07
INV_008082,ORD_008082,CUST_003552,MERCH_0092,553.00,USD,PAID,2026-03-17 19:03:50,2026-04-16 19:03:50
INV_008083,ORD_008083,CUST_003404,MERCH_0072,40.49,EUR,PAID,2026-01-20 16:45:30,2026-02-19 16:45:30
INV_008084,ORD_008084,CUST_000092,MERCH_0020,63.25,EUR,PAID,2026-03-05 08:09:16,2026-04-04 08:09:16
INV_008085,ORD_008085,CUST_000232,MERCH_0097,66.95,GBP,PAID,2026-01-22 03:04:21,2026-02-21 03:04:21
INV_008086,ORD_008086,CUST_003789,MERCH_0087,799.00,INR,PAID,2026-01-19 11:28:26,2026-02-18 11:28:26
INV_008087,ORD_008087,CUST_004013,MERCH_0020,68.49,USD,PAID,2026-01-19 09:54:51,2026-02-18 09:54:51
INV_008088,ORD_008088,CUST_002859,MERCH_0027,2499.00,INR,PAID,2026-01-28 04:47:14,2026-02-27 04:47:14
INV_008089,ORD_008089,CUST_000514,MERCH_0063,2693.49,CAD,PAID,2026-03-28 05:02:51,2026-04-27 05:02:51
INV_008090,ORD_008090,CUST_001578,MERCH_0051,39.50,EUR,PAID,2026-01-19 09:18:33,2026-02-18 09:18:33
INV_008091,ORD_008091,CUST_001277,MERCH_0100,1499.00,INR,OVERPAID,2026-03-13 23:24:47,2026-04-12 23:24:47
INV_008092,ORD_008092,CUST_001124,MERCH_0032,240.49,CAD,PAID,2026-02-20 10:35:42,2026-03-22 10:35:42
INV_008093,ORD_008093,CUST_003349,MERCH_0066,299.00,INR,PAID,2026-03-30 14:53:05,2026-04-29 14:53:05
INV_008094,ORD_008094,CUST_000338,MERCH_0065,161.75,USD,PAID,2026-02-07 22:38:22,2026-03-09 22:38:22
INV_008095,ORD_008095,CUST_002335,MERCH_0034,45.49,USD,PAID,2026-02-21 18:58:44,2026-03-23 18:58:44
INV_008096,ORD_008096,CUST_003052,MERCH_0024,56.95,USD,OVERPAID,2026-03-12 02:00:39,2026-04-11 02:00:39
INV_008097,ORD_008097,CUST_000829,MERCH_0055,610.50,GBP,PAID,2026-01-03 13:10:03,2026-02-02 13:10:03
INV_008098,ORD_008098,CUST_004955,MERCH_0049,64.95,USD,PAID,2026-02-03 19:12:30,2026-03-05 19:12:30
INV_008099,ORD_008099,CUST_001494,MERCH_0042,271.99,USD,PAID,2026-02-11 04:08:30,2026-03-13 04:08:30
INV_008100,ORD_008100,CUST_001097,MERCH_0055,20.25,USD,PAID,2026-02-03 09:24:35,2026-03-05 09:24:35
INV_008101,ORD_008101,CUST_003131,MERCH_0016,216.75,USD,PAID,2026-01-23 12:15:33,2026-02-22 12:15:33
INV_008102,ORD_008102,CUST_004040,MERCH_0033,3117.95,EUR,PAID,2026-02-11 02:11:06,2026-03-13 02:11:06
INV_008103,ORD_008103,CUST_000337,MERCH_0030,415.00,USD,PAID,2026-03-12 04:17:13,2026-04-11 04:17:13
INV_008104,ORD_008104,CUST_002088,MERCH_0015,499.00,INR,PAID,2026-02-02 21:54:00,2026-03-04 21:54:00
INV_008105,ORD_008105,CUST_004765,MERCH_0014,78.80,EUR,PAID,2026-03-05 16:39:05,2026-04-04 16:39:05
INV_008106,ORD_008106,CUST_002253,MERCH_0100,100.49,GBP,PAID,2026-01-17 03:05:02,2026-02-16 03:05:02
INV_008107,ORD_008107,CUST_004496,MERCH_0090,289.99,CAD,PAID,2026-01-18 00:59:17,2026-02-17 00:59:17
INV_008108,ORD_008108,CUST_002195,MERCH_0012,58.00,CAD,PAID,2026-03-10 18:37:55,2026-04-09 18:37:55
INV_008109,ORD_008109,CUST_003829,MERCH_0047,2499.00,INR,PAID,2026-01-06 21:13:45,2026-02-05 21:13:45
INV_008110,ORD_008110,CUST_000358,MERCH_0033,799.00,INR,PAID,2026-02-06 10:19:16,2026-03-08 10:19:16
INV_008111,ORD_008111,CUST_002970,MERCH_0092,52.75,EUR,PAID,2026-03-29 22:11:29,2026-04-28 22:11:29
INV_008112,ORD_008112,CUST_001158,MERCH_0051,3181.50,CAD,PAID,2026-01-16 04:37:26,2026-02-15 04:37:26
INV_008113,ORD_008113,CUST_003865,MERCH_0041,2499.00,INR,PAID,2026-02-28 08:24:07,2026-03-30 08:24:07
INV_008114,ORD_008114,CUST_004954,MERCH_0051,386.49,EUR,PAID,2026-03-18 04:10:25,2026-04-17 04:10:25
INV_008115,ORD_008115,CUST_003168,MERCH_0079,548.80,USD,PAID,2026-02-14 02:34:50,2026-03-16 02:34:50
INV_008116,ORD_008116,CUST_000464,MERCH_0029,76.25,USD,PAID,2026-03-05 14:23:40,2026-04-04 14:23:40
INV_008117,ORD_008117,CUST_002015,MERCH_0081,364.25,GBP,PAID,2026-02-01 21:47:28,2026-03-03 21:47:28
INV_008118,ORD_008118,CUST_001834,MERCH_0063,293.00,USD,PAID,2026-02-11 05:39:21,2026-03-13 05:39:21
INV_008119,ORD_008119,CUST_004960,MERCH_0033,336.00,USD,PAID,2026-03-16 18:04:06,2026-04-15 18:04:06
INV_008120,ORD_008120,CUST_000888,MERCH_0085,16.75,GBP,PAID,2026-03-12 12:29:45,2026-04-11 12:29:45
INV_008121,ORD_008121,CUST_001731,MERCH_0072,45.99,EUR,PAID,2026-01-07 06:39:15,2026-02-06 06:39:15
INV_008122,ORD_008122,CUST_002996,MERCH_0068,220.00,CAD,PAID,2026-03-10 13:22:12,2026-04-09 13:22:12
INV_008123,ORD_008123,CUST_001138,MERCH_0063,283.95,GBP,PAID,2026-01-22 13:02:16,2026-02-21 13:02:16
INV_008124,ORD_008124,CUST_004908,MERCH_0080,55.80,EUR,PAID,2026-03-14 22:30:08,2026-04-13 22:30:08
INV_008125,ORD_008125,CUST_003144,MERCH_0063,20.25,GBP,PAID,2026-03-17 07:57:20,2026-04-16 07:57:20
INV_008126,ORD_008126,CUST_002728,MERCH_0075,21.25,GBP,PAID,2026-03-29 03:37:21,2026-04-28 03:37:21
INV_008127,ORD_008127,CUST_003648,MERCH_0045,15.25,EUR,PAID,2026-02-16 02:31:11,2026-03-18 02:31:11
INV_008128,ORD_008128,CUST_002608,MERCH_0076,50.80,USD,PAID,2026-02-07 16:41:10,2026-03-09 16:41:10
INV_008129,ORD_008129,CUST_001619,MERCH_0077,3173.50,EUR,PAID,2026-01-07 07:53:26,2026-02-06 07:53:26
INV_008130,ORD_008130,CUST_000580,MERCH_0067,270.99,GBP,PAID,2026-01-16 12:54:09,2026-02-15 12:54:09
INV_008131,ORD_008131,CUST_002539,MERCH_0024,786.25,GBP,PAID,2026-01-10 14:53:13,2026-02-09 14:53:13
INV_008132,ORD_008132,CUST_002569,MERCH_0088,64.49,USD,PAID,2026-02-19 23:27:13,2026-03-21 23:27:13
INV_008133,ORD_008133,CUST_003852,MERCH_0004,449.25,USD,PAID,2026-03-05 21:38:55,2026-04-04 21:38:55
INV_008134,ORD_008134,CUST_003683,MERCH_0022,38.75,EUR,PAID,2026-02-28 13:18:15,2026-03-30 13:18:15
INV_008135,ORD_008135,CUST_000692,MERCH_0030,15000.00,INR,PAID,2026-02-14 15:17:45,2026-03-16 15:17:45
INV_008136,ORD_008136,CUST_003601,MERCH_0094,547.75,EUR,PAID,2026-02-23 06:25:32,2026-03-25 06:25:32
INV_008137,ORD_008137,CUST_001788,MERCH_0030,45.49,CAD,PAID,2026-03-03 07:20:45,2026-04-02 07:20:45
INV_008138,ORD_008138,CUST_001674,MERCH_0026,61.49,USD,PAID,2026-02-03 21:58:10,2026-03-05 21:58:10
INV_008139,ORD_008139,CUST_003649,MERCH_0062,405.99,GBP,PAID,2026-02-28 06:26:45,2026-03-30 06:26:45
INV_008140,ORD_008140,CUST_003108,MERCH_0056,322.50,GBP,PAID,2026-02-05 17:03:20,2026-03-07 17:03:20
INV_008141,ORD_008141,CUST_004881,MERCH_0099,29.99,GBP,OVERPAID,2026-01-19 19:35:26,2026-02-18 19:35:26
INV_008142,ORD_008142,CUST_004598,MERCH_0094,1338.49,USD,PAID,2026-03-16 01:52:57,2026-04-15 01:52:57
INV_008143,ORD_008143,CUST_001778,MERCH_0080,22.25,USD,PAID,2026-03-18 23:56:54,2026-04-17 23:56:54
INV_008144,ORD_008144,CUST_000383,MERCH_0012,4999.00,INR,PAID,2026-03-20 12:44:49,2026-04-19 12:44:49
INV_008145,ORD_008145,CUST_004126,MERCH_0054,799.00,INR,PAID,2026-01-28 00:20:39,2026-02-27 00:20:39
INV_008146,ORD_008146,CUST_000671,MERCH_0017,329.80,GBP,PAID,2026-02-27 11:56:11,2026-03-29 11:56:11
INV_008147,ORD_008147,CUST_003935,MERCH_0028,799.00,INR,PAID,2026-03-29 06:10:10,2026-04-28 06:10:10
INV_008148,ORD_008148,CUST_004065,MERCH_0004,547.99,CAD,PAID,2026-01-05 05:10:23,2026-02-04 05:10:23
INV_008149,ORD_008149,CUST_001045,MERCH_0004,601.80,GBP,PAID,2026-02-17 08:29:43,2026-03-19 08:29:43
INV_008150,ORD_008150,CUST_001642,MERCH_0079,573.49,CAD,PAID,2026-03-08 19:23:37,2026-04-07 19:23:37
INV_008151,ORD_008151,CUST_004955,MERCH_0059,584.50,EUR,PAID,2026-02-10 20:26:32,2026-03-12 20:26:32
INV_008152,ORD_008152,CUST_000859,MERCH_0021,383.49,EUR,PAID,2026-01-27 13:21:56,2026-02-26 13:21:56
INV_008153,ORD_008153,CUST_004046,MERCH_0013,71.00,USD,PAID,2026-03-11 17:11:04,2026-04-10 17:11:04
INV_008154,ORD_008154,CUST_000749,MERCH_0086,19.95,USD,PAID,2026-03-31 23:49:06,2026-04-30 23:49:06
INV_008155,ORD_008155,CUST_002865,MERCH_0054,58.49,USD,PAID,2026-03-09 21:23:10,2026-04-08 21:23:10
INV_008156,ORD_008156,CUST_000893,MERCH_0023,118.99,EUR,PAID,2026-02-17 03:08:00,2026-03-19 03:08:00
INV_008157,ORD_008157,CUST_003601,MERCH_0019,1999.00,INR,PAID,2026-01-10 10:34:51,2026-02-09 10:34:51
INV_008158,ORD_008158,CUST_000675,MERCH_0064,999.00,INR,PAID,2026-03-07 20:48:35,2026-04-06 20:48:35
INV_008159,ORD_008159,CUST_004807,MERCH_0099,481.95,USD,PAID,2026-02-04 10:49:52,2026-03-06 10:49:52
INV_008160,ORD_008160,CUST_002653,MERCH_0002,3999.00,INR,OVERPAID,2026-02-24 13:20:37,2026-03-26 13:20:37
INV_008161,ORD_008161,CUST_003707,MERCH_0066,3999.00,INR,PAID,2026-03-14 01:16:55,2026-04-13 01:16:55
INV_008162,ORD_008162,CUST_002940,MERCH_0047,2104.00,EUR,PAID,2026-01-20 12:41:15,2026-02-19 12:41:15
INV_008163,ORD_008163,CUST_001869,MERCH_0038,128.00,USD,PAID,2026-03-19 02:32:23,2026-04-18 02:32:23
INV_008164,ORD_008164,CUST_000024,MERCH_0048,512.00,EUR,PAID,2026-03-04 10:25:53,2026-04-03 10:25:53
INV_008165,ORD_008165,CUST_000311,MERCH_0047,619.75,GBP,PAID,2026-01-28 21:12:15,2026-02-27 21:12:15
INV_008166,ORD_008166,CUST_000715,MERCH_0022,874.49,USD,PAID,2026-02-21 04:53:48,2026-03-23 04:53:48
INV_008167,ORD_008167,CUST_001800,MERCH_0097,329.99,EUR,PAID,2026-01-21 09:02:50,2026-02-20 09:02:50
INV_008168,ORD_008168,CUST_002307,MERCH_0048,53.99,USD,PAID,2026-01-15 07:49:55,2026-02-14 07:49:55
INV_008169,ORD_008169,CUST_002658,MERCH_0011,545.00,EUR,PAID,2026-03-07 19:21:50,2026-04-06 19:21:50
INV_008170,ORD_008170,CUST_001795,MERCH_0063,30.99,GBP,PAID,2026-02-23 06:28:47,2026-03-25 06:28:47
INV_008171,ORD_008171,CUST_003035,MERCH_0098,51.75,USD,PAID,2026-01-12 16:23:33,2026-02-11 16:23:33
INV_008172,ORD_008172,CUST_004137,MERCH_0047,401.50,EUR,PAID,2026-03-10 15:34:28,2026-04-09 15:34:28
INV_008173,ORD_008173,CUST_000958,MERCH_0058,433.99,GBP,PAID,2026-03-01 10:30:19,2026-03-31 10:30:19
INV_008174,ORD_008174,CUST_001986,MERCH_0090,167.25,GBP,PAID,2026-03-14 18:22:36,2026-04-13 18:22:36
INV_008175,ORD_008175,CUST_003024,MERCH_0036,1246.99,EUR,PAID,2026-03-25 11:44:46,2026-04-24 11:44:46
INV_008176,ORD_008176,CUST_003320,MERCH_0048,348.49,CAD,PAID,2026-03-08 12:51:15,2026-04-07 12:51:15
INV_008177,ORD_008177,CUST_003733,MERCH_0063,29.50,GBP,PAID,2026-02-01 21:37:19,2026-03-03 21:37:19
INV_008178,ORD_008178,CUST_000035,MERCH_0014,538.80,USD,PAID,2026-02-07 15:32:07,2026-03-09 15:32:07
INV_008179,ORD_008179,CUST_000789,MERCH_0032,49.49,USD,PAID,2026-01-09 01:28:33,2026-02-08 01:28:33
INV_008180,ORD_008180,CUST_002740,MERCH_0038,4999.00,INR,PAID,2026-01-10 04:00:00,2026-02-09 04:00:00
INV_008181,ORD_008181,CUST_004533,MERCH_0001,3999.00,INR,PAID,2026-03-12 23:00:25,2026-04-11 23:00:25
INV_008182,ORD_008182,CUST_000497,MERCH_0029,473.75,USD,PAID,2026-01-20 20:36:18,2026-02-19 20:36:18
INV_008183,ORD_008183,CUST_003275,MERCH_0002,464.50,EUR,PAID,2026-01-26 21:19:46,2026-02-25 21:19:46
INV_008184,ORD_008184,CUST_000744,MERCH_0096,1999.00,INR,PAID,2026-01-24 07:00:47,2026-02-23 07:00:47
INV_008185,ORD_008185,CUST_001822,MERCH_0079,41.50,EUR,PAID,2026-01-20 18:42:15,2026-02-19 18:42:15
INV_008186,ORD_008186,CUST_002368,MERCH_0045,599.50,GBP,PAID,2026-02-12 11:13:31,2026-03-14 11:13:31
INV_008187,ORD_008187,CUST_001828,MERCH_0028,1999.00,INR,PAID,2026-03-27 06:42:46,2026-04-26 06:42:46
INV_008188,ORD_008188,CUST_002781,MERCH_0054,2010.25,EUR,PAID,2026-03-01 04:38:23,2026-03-31 04:38:23
INV_008189,ORD_008189,CUST_000464,MERCH_0006,153.75,GBP,PAID,2026-01-10 21:54:54,2026-02-09 21:54:54
INV_008190,ORD_008190,CUST_001545,MERCH_0002,23.75,GBP,PAID,2026-03-26 08:05:03,2026-04-25 08:05:03
INV_008191,ORD_008191,CUST_001257,MERCH_0061,376.99,EUR,PAID,2026-03-21 15:36:09,2026-04-20 15:36:09
INV_008192,ORD_008192,CUST_000352,MERCH_0032,2375.50,USD,PAID,2026-03-20 12:55:16,2026-04-19 12:55:16
INV_008193,ORD_008193,CUST_003515,MERCH_0074,191.25,USD,PAID,2026-03-04 07:11:11,2026-04-03 07:11:11
INV_008194,ORD_008194,CUST_000258,MERCH_0026,55.49,CAD,PAID,2026-02-08 20:58:12,2026-03-10 20:58:12
INV_008195,ORD_008195,CUST_000500,MERCH_0087,20.99,EUR,PAID,2026-03-19 15:31:48,2026-04-18 15:31:48
INV_008196,ORD_008196,CUST_003430,MERCH_0087,337.95,EUR,PAID,2026-03-09 12:59:43,2026-04-08 12:59:43
INV_008197,ORD_008197,CUST_004189,MERCH_0044,999.00,INR,PAID,2026-01-19 02:15:54,2026-02-18 02:15:54
INV_008198,ORD_008198,CUST_001881,MERCH_0026,289.80,USD,PAID,2026-01-20 17:59:53,2026-02-19 17:59:53
INV_008199,ORD_008199,CUST_003815,MERCH_0035,39.95,EUR,PAID,2026-01-28 06:32:45,2026-02-27 06:32:45
INV_008200,ORD_008200,CUST_000938,MERCH_0017,298.50,USD,PAID,2026-01-16 12:27:12,2026-02-15 12:27:12
INV_008201,ORD_008201,CUST_003378,MERCH_0008,853.49,GBP,PAID,2026-01-02 13:40:55,2026-02-01 13:40:55
INV_008202,ORD_008202,CUST_001818,MERCH_0018,9999.00,INR,PAID,2026-02-04 08:14:03,2026-03-06 08:14:03
INV_008203,ORD_008203,CUST_003708,MERCH_0051,19.00,EUR,PAID,2026-03-11 08:37:29,2026-04-10 08:37:29
INV_008204,ORD_008204,CUST_002431,MERCH_0011,2180.25,USD,PAID,2026-01-20 20:45:15,2026-02-19 20:45:15
INV_008205,ORD_008205,CUST_002874,MERCH_0057,15000.00,INR,PAID,2026-01-30 21:23:10,2026-03-01 21:23:10
INV_008206,ORD_008206,CUST_001355,MERCH_0063,278.99,USD,PAID,2026-03-14 19:18:33,2026-04-13 19:18:33
INV_008207,ORD_008207,CUST_001633,MERCH_0084,373.00,USD,PAID,2026-01-06 22:51:22,2026-02-05 22:51:22
INV_008208,ORD_008208,CUST_000001,MERCH_0061,472.75,EUR,PAID,2026-01-27 10:04:04,2026-02-26 10:04:04
INV_008209,ORD_008209,CUST_003901,MERCH_0061,9999.00,INR,PAID,2026-03-05 12:59:02,2026-04-04 12:59:02
INV_008210,ORD_008210,CUST_002600,MERCH_0059,18.49,EUR,PAID,2026-02-25 01:48:27,2026-03-27 01:48:27
INV_008211,ORD_008211,CUST_004414,MERCH_0096,59.80,GBP,PAID,2026-01-22 03:07:49,2026-02-21 03:07:49
INV_008212,ORD_008212,CUST_004391,MERCH_0090,2499.00,INR,PAID,2026-03-21 08:26:13,2026-04-20 08:26:13
INV_008213,ORD_008213,CUST_000467,MERCH_0007,999.00,INR,PAID,2026-02-02 17:46:54,2026-03-04 17:46:54
INV_008214,ORD_008214,CUST_000383,MERCH_0020,41.49,USD,PAID,2026-02-04 15:46:07,2026-03-06 15:46:07
INV_008215,ORD_008215,CUST_002537,MERCH_0098,202.25,EUR,PAID,2026-03-21 17:08:53,2026-04-20 17:08:53
INV_008216,ORD_008216,CUST_003228,MERCH_0047,2580.49,EUR,OVERPAID,2026-02-26 04:40:18,2026-03-28 04:40:18
INV_008217,ORD_008217,CUST_002221,MERCH_0011,369.25,GBP,PAID,2026-02-04 17:33:36,2026-03-06 17:33:36
INV_008218,ORD_008218,CUST_001004,MERCH_0052,63.25,EUR,PAID,2026-03-06 07:54:30,2026-04-05 07:54:30
INV_008219,ORD_008219,CUST_000765,MERCH_0081,2893.80,CAD,PAID,2026-03-06 08:56:42,2026-04-05 08:56:42
INV_008220,ORD_008220,CUST_004793,MERCH_0033,69.80,EUR,PAID,2026-03-17 09:10:23,2026-04-16 09:10:23
INV_008221,ORD_008221,CUST_004952,MERCH_0062,151.75,EUR,PAID,2026-03-02 14:23:19,2026-04-01 14:23:19
INV_008222,ORD_008222,CUST_001496,MERCH_0003,248.99,GBP,PAID,2026-03-06 09:33:44,2026-04-05 09:33:44
INV_008223,ORD_008223,CUST_001943,MERCH_0059,73.49,EUR,PAID,2026-03-29 04:55:52,2026-04-28 04:55:52
INV_008224,ORD_008224,CUST_002004,MERCH_0040,2762.25,USD,PAID,2026-03-21 02:08:09,2026-04-20 02:08:09
INV_008225,ORD_008225,CUST_001084,MERCH_0051,58.75,USD,PAID,2026-02-12 19:26:49,2026-03-14 19:26:49
INV_008226,ORD_008226,CUST_004519,MERCH_0071,63.75,CAD,PAID,2026-02-13 21:03:47,2026-03-15 21:03:47
INV_008227,ORD_008227,CUST_004399,MERCH_0017,183.50,GBP,PAID,2026-02-14 11:05:30,2026-03-16 11:05:30
INV_008228,ORD_008228,CUST_000049,MERCH_0001,48.49,USD,PAID,2026-03-04 07:02:43,2026-04-03 07:02:43
INV_008229,ORD_008229,CUST_004978,MERCH_0039,131.25,CAD,PAID,2026-02-05 03:12:35,2026-03-07 03:12:35
INV_008230,ORD_008230,CUST_001751,MERCH_0005,68.50,GBP,PAID,2026-03-07 15:40:16,2026-04-06 15:40:16
INV_008231,ORD_008231,CUST_004436,MERCH_0074,3485.95,CAD,PAID,2026-01-24 03:22:20,2026-02-23 03:22:20
INV_008232,ORD_008232,CUST_004608,MERCH_0001,1570.95,EUR,PAID,2026-03-01 01:25:02,2026-03-31 01:25:02
INV_008233,ORD_008233,CUST_004724,MERCH_0066,60.49,CAD,PAID,2026-03-11 03:42:39,2026-04-10 03:42:39
INV_008234,ORD_008234,CUST_002749,MERCH_0051,61.95,EUR,PAID,2026-02-15 19:01:07,2026-03-17 19:01:07
INV_008235,ORD_008235,CUST_000671,MERCH_0099,580.00,USD,PAID,2026-01-12 14:51:22,2026-02-11 14:51:22
INV_008236,ORD_008236,CUST_002734,MERCH_0043,347.25,EUR,PAID,2026-01-30 02:49:47,2026-03-01 02:49:47
INV_008237,ORD_008237,CUST_002294,MERCH_0026,375.00,USD,PAID,2026-01-25 20:47:33,2026-02-24 20:47:33
INV_008238,ORD_008238,CUST_003455,MERCH_0052,63.95,USD,PAID,2026-01-28 12:57:36,2026-02-27 12:57:36
INV_008239,ORD_008239,CUST_000562,MERCH_0040,45.50,EUR,PAID,2026-03-10 17:10:13,2026-04-09 17:10:13
INV_008240,ORD_008240,CUST_004380,MERCH_0088,148.50,USD,PAID,2026-03-13 03:06:02,2026-04-12 03:06:02
INV_008241,ORD_008241,CUST_001988,MERCH_0018,61.50,EUR,PAID,2026-02-26 11:21:03,2026-03-28 11:21:03
INV_008242,ORD_008242,CUST_002424,MERCH_0031,64.50,GBP,PAID,2026-01-05 08:19:04,2026-02-04 08:19:04
INV_008243,ORD_008243,CUST_002840,MERCH_0069,351.75,USD,PAID,2026-01-04 00:55:46,2026-02-03 00:55:46
INV_008244,ORD_008244,CUST_002121,MERCH_0047,799.00,INR,PAID,2026-01-14 12:13:30,2026-02-13 12:13:30
INV_008245,ORD_008245,CUST_001410,MERCH_0044,999.00,INR,PAID,2026-02-19 23:44:19,2026-03-21 23:44:19
INV_008246,ORD_008246,CUST_003731,MERCH_0006,189.95,USD,PAID,2026-02-28 12:43:25,2026-03-30 12:43:25
INV_008247,ORD_008247,CUST_000612,MERCH_0066,49.25,USD,PAID,2026-03-03 08:50:56,2026-04-02 08:50:56
INV_008248,ORD_008248,CUST_002692,MERCH_0068,368.49,USD,PAID,2026-01-06 11:22:58,2026-02-05 11:22:58
INV_008249,ORD_008249,CUST_002977,MERCH_0083,499.00,INR,PAID,2026-01-21 21:00:24,2026-02-20 21:00:24
INV_008250,ORD_008250,CUST_001560,MERCH_0030,79.95,CAD,PAID,2026-01-30 05:55:06,2026-03-01 05:55:06
INV_008251,ORD_008251,CUST_003273,MERCH_0069,799.00,INR,PAID,2026-03-14 00:04:21,2026-04-13 00:04:21
INV_008252,ORD_008252,CUST_001229,MERCH_0089,611.00,EUR,PAID,2026-03-04 18:55:15,2026-04-03 18:55:15
INV_008254,ORD_008254,CUST_004591,MERCH_0011,71.80,USD,PAID,2026-03-25 08:26:35,2026-04-24 08:26:35
INV_008255,ORD_008255,CUST_002886,MERCH_0067,263.80,USD,PAID,2026-01-30 13:32:55,2026-03-01 13:32:55
INV_008256,ORD_008256,CUST_004134,MERCH_0026,405.49,GBP,PAID,2026-03-19 17:40:18,2026-04-18 17:40:18
INV_008257,ORD_008257,CUST_003286,MERCH_0022,1068.25,USD,PAID,2026-01-16 00:18:56,2026-02-15 00:18:56
INV_008258,ORD_008258,CUST_001347,MERCH_0048,81.95,EUR,PAID,2026-01-03 22:49:49,2026-02-02 22:49:49
INV_008259,ORD_008259,CUST_002233,MERCH_0092,17.95,CAD,PAID,2026-02-17 16:00:46,2026-03-19 16:00:46
INV_008260,ORD_008260,CUST_002687,MERCH_0025,47.95,GBP,PAID,2026-01-19 21:07:55,2026-02-18 21:07:55
INV_008261,ORD_008261,CUST_003160,MERCH_0071,496.50,EUR,PAID,2026-03-04 04:27:10,2026-04-03 04:27:10
INV_008262,ORD_008262,CUST_003162,MERCH_0048,3999.00,INR,PAID,2026-01-13 22:32:04,2026-02-12 22:32:04
INV_008263,ORD_008263,CUST_003340,MERCH_0092,2680.75,USD,PAID,2026-01-23 09:33:36,2026-02-22 09:33:36
INV_008264,ORD_008264,CUST_002486,MERCH_0089,499.00,INR,PAID,2026-03-13 10:27:06,2026-04-12 10:27:06
INV_008265,ORD_008265,CUST_003629,MERCH_0087,682.00,USD,PAID,2026-02-12 09:40:52,2026-03-14 09:40:52
INV_008266,ORD_008266,CUST_003548,MERCH_0025,32.25,EUR,PAID,2026-03-08 04:36:46,2026-04-07 04:36:46
INV_008267,ORD_008267,CUST_004144,MERCH_0071,838.80,CAD,PAID,2026-03-24 09:10:12,2026-04-23 09:10:12
INV_008268,ORD_008268,CUST_001707,MERCH_0046,1821.80,EUR,PAID,2026-02-18 19:36:39,2026-03-20 19:36:39
INV_008269,ORD_008269,CUST_004873,MERCH_0045,30.49,USD,PAID,2026-01-14 17:09:41,2026-02-13 17:09:41
INV_008270,ORD_008270,CUST_002074,MERCH_0004,727.00,EUR,OVERPAID,2026-01-21 07:31:30,2026-02-20 07:31:30
INV_008271,ORD_008271,CUST_004748,MERCH_0007,76.25,CAD,PAID,2026-03-26 10:48:10,2026-04-25 10:48:10
INV_008272,ORD_008272,CUST_003039,MERCH_0084,76.95,CAD,PAID,2026-02-27 05:46:11,2026-03-29 05:46:11
INV_008273,ORD_008273,CUST_003658,MERCH_0038,418.75,GBP,PAID,2026-03-12 07:06:16,2026-04-11 07:06:16
INV_008274,ORD_008274,CUST_002789,MERCH_0076,2499.00,INR,PAID,2026-02-08 23:14:49,2026-03-10 23:14:49
INV_008275,ORD_008275,CUST_002284,MERCH_0025,382.49,EUR,PAID,2026-02-14 21:12:41,2026-03-16 21:12:41
INV_008276,ORD_008276,CUST_002381,MERCH_0012,258.49,USD,PAID,2026-01-24 13:51:22,2026-02-23 13:51:22
INV_008277,ORD_008277,CUST_003791,MERCH_0052,40.50,EUR,PAID,2026-03-22 20:14:56,2026-04-21 20:14:56
INV_008278,ORD_008278,CUST_001297,MERCH_0081,299.00,INR,PAID,2026-01-17 10:05:40,2026-02-16 10:05:40
INV_008279,ORD_008279,CUST_001800,MERCH_0071,141.00,EUR,PAID,2026-01-22 16:32:16,2026-02-21 16:32:16
INV_008280,ORD_008280,CUST_001357,MERCH_0081,65.75,USD,PAID,2026-03-27 13:58:31,2026-04-26 13:58:31
INV_008281,ORD_008281,CUST_000157,MERCH_0065,3417.95,USD,PAID,2026-02-20 05:09:46,2026-03-22 05:09:46
INV_008282,ORD_008282,CUST_001924,MERCH_0018,86.50,CAD,PAID,2026-02-05 01:33:30,2026-03-07 01:33:30
INV_008283,ORD_008283,CUST_002112,MERCH_0095,162.80,CAD,PAID,2026-03-26 23:00:39,2026-04-25 23:00:39
INV_008284,ORD_008284,CUST_001223,MERCH_0004,163.95,GBP,PAID,2026-02-15 10:51:38,2026-03-17 10:51:38
INV_008285,ORD_008285,CUST_004771,MERCH_0022,315.99,USD,PAID,2026-02-13 15:54:53,2026-03-15 15:54:53
INV_008286,ORD_008286,CUST_004845,MERCH_0097,77.00,EUR,PAID,2026-01-30 04:53:56,2026-03-01 04:53:56
INV_008288,ORD_008288,CUST_000586,MERCH_0057,302.50,EUR,PAID,2026-01-04 04:44:35,2026-02-03 04:44:35
INV_008289,ORD_008289,CUST_003977,MERCH_0052,459.99,CAD,PAID,2026-02-23 18:18:30,2026-03-25 18:18:30
INV_008290,ORD_008290,CUST_000704,MERCH_0007,18.49,GBP,PAID,2026-01-22 13:07:48,2026-02-21 13:07:48
INV_008291,ORD_008291,CUST_003683,MERCH_0096,35.80,USD,PAID,2026-01-17 20:06:14,2026-02-16 20:06:14
INV_008292,ORD_008292,CUST_001581,MERCH_0022,41.75,GBP,OVERPAID,2026-01-29 03:29:11,2026-02-28 03:29:11
INV_008293,ORD_008293,CUST_004499,MERCH_0050,49.49,EUR,PAID,2026-03-15 07:25:46,2026-04-14 07:25:46
INV_008294,ORD_008294,CUST_003402,MERCH_0100,38.50,EUR,PAID,2026-03-12 04:25:04,2026-04-11 04:25:04
INV_008296,ORD_008296,CUST_003488,MERCH_0094,3999.00,INR,PAID,2026-01-16 13:39:04,2026-02-15 13:39:04
INV_008297,ORD_008297,CUST_004336,MERCH_0044,44.80,CAD,PAID,2026-02-19 16:33:12,2026-03-21 16:33:12
INV_008298,ORD_008298,CUST_004931,MERCH_0060,52.75,USD,PAID,2026-02-15 21:57:13,2026-03-17 21:57:13
INV_008299,ORD_008299,CUST_002797,MERCH_0056,2247.75,USD,PAID,2026-02-25 14:08:48,2026-03-27 14:08:48
INV_008300,ORD_008300,CUST_002412,MERCH_0080,204.49,EUR,OVERPAID,2026-02-05 04:02:22,2026-03-07 04:02:22
INV_008301,ORD_008301,CUST_003489,MERCH_0055,43.80,EUR,PAID,2026-03-08 11:46:13,2026-04-07 11:46:13
INV_008302,ORD_008302,CUST_002113,MERCH_0001,242.99,GBP,PAID,2026-03-04 17:20:47,2026-04-03 17:20:47
INV_008303,ORD_008303,CUST_002577,MERCH_0060,592.95,EUR,PAID,2026-01-23 17:15:52,2026-02-22 17:15:52
INV_008304,ORD_008304,CUST_001874,MERCH_0030,2426.49,EUR,PAID,2026-02-23 12:11:46,2026-03-25 12:11:46
INV_008305,ORD_008305,CUST_000999,MERCH_0037,573.99,USD,PAID,2026-01-20 01:52:32,2026-02-19 01:52:32
INV_008306,ORD_008306,CUST_002590,MERCH_0061,75.95,CAD,PAID,2026-03-08 07:33:17,2026-04-07 07:33:17
INV_008307,ORD_008307,CUST_001832,MERCH_0047,75.99,USD,PAID,2026-01-03 21:45:12,2026-02-02 21:45:12
INV_008308,ORD_008308,CUST_003059,MERCH_0008,3999.00,INR,PAID,2026-02-09 23:53:12,2026-03-11 23:53:12
INV_008309,ORD_008309,CUST_004101,MERCH_0072,392.80,USD,PAID,2026-01-14 15:40:24,2026-02-13 15:40:24
INV_008310,ORD_008310,CUST_002579,MERCH_0014,598.00,EUR,PAID,2026-02-23 12:20:33,2026-03-25 12:20:33
INV_008311,ORD_008311,CUST_004880,MERCH_0085,313.95,GBP,PAID,2026-03-13 00:33:05,2026-04-12 00:33:05
INV_008312,ORD_008312,CUST_000060,MERCH_0018,65.00,EUR,PAID,2026-02-02 06:53:15,2026-03-04 06:53:15
INV_008313,ORD_008313,CUST_002114,MERCH_0001,354.95,CAD,PAID,2026-03-27 22:25:34,2026-04-26 22:25:34
INV_008315,ORD_008315,CUST_002212,MERCH_0015,45.80,GBP,PAID,2026-02-17 04:42:39,2026-03-19 04:42:39
INV_008316,ORD_008316,CUST_004827,MERCH_0081,44.75,GBP,PAID,2026-03-13 04:25:17,2026-04-12 04:25:17
INV_008317,ORD_008317,CUST_002657,MERCH_0060,571.75,GBP,PAID,2026-01-06 13:14:33,2026-02-05 13:14:33
INV_008318,ORD_008318,CUST_002156,MERCH_0048,2881.95,USD,PAID,2026-02-26 03:11:00,2026-03-28 03:11:00
INV_008319,ORD_008319,CUST_000632,MERCH_0073,395.25,EUR,PAID,2026-01-20 10:06:26,2026-02-19 10:06:26
INV_008320,ORD_008320,CUST_000586,MERCH_0057,70.00,GBP,PAID,2026-02-18 15:38:39,2026-03-20 15:38:39
INV_008321,ORD_008321,CUST_004946,MERCH_0019,52.49,USD,PAID,2026-03-22 12:26:42,2026-04-21 12:26:42
INV_008322,ORD_008322,CUST_002821,MERCH_0037,15.95,USD,PAID,2026-02-25 11:49:26,2026-03-27 11:49:26
INV_008323,ORD_008323,CUST_001137,MERCH_0048,48.00,USD,PAID,2026-03-27 20:26:34,2026-04-26 20:26:34
INV_008324,ORD_008324,CUST_004687,MERCH_0078,47.95,EUR,PAID,2026-01-16 21:16:14,2026-02-15 21:16:14
INV_008325,ORD_008325,CUST_001266,MERCH_0061,47.75,USD,PAID,2026-01-29 03:59:45,2026-02-28 03:59:45
INV_008326,ORD_008326,CUST_003619,MERCH_0038,2964.99,CAD,PAID,2026-02-12 05:10:37,2026-03-14 05:10:37
INV_008327,ORD_008327,CUST_003756,MERCH_0024,244.49,USD,PAID,2026-01-22 12:47:08,2026-02-21 12:47:08
INV_008328,ORD_008328,CUST_002253,MERCH_0001,504.75,GBP,PAID,2026-01-11 23:47:39,2026-02-10 23:47:39
INV_008329,ORD_008329,CUST_001345,MERCH_0030,418.25,EUR,PAID,2026-02-26 07:22:15,2026-03-28 07:22:15
INV_008330,ORD_008330,CUST_002315,MERCH_0091,181.50,EUR,PAID,2026-01-25 09:03:49,2026-02-24 09:03:49
INV_008331,ORD_008331,CUST_004489,MERCH_0020,510.95,USD,PAID,2026-01-24 19:03:37,2026-02-23 19:03:37
INV_008332,ORD_008332,CUST_001712,MERCH_0043,189.75,GBP,PAID,2026-02-17 06:59:31,2026-03-19 06:59:31
INV_008333,ORD_008333,CUST_002418,MERCH_0031,47.50,USD,PAID,2026-03-04 04:14:11,2026-04-03 04:14:11
INV_008334,ORD_008334,CUST_002045,MERCH_0013,9999.00,INR,PAID,2026-01-28 03:09:19,2026-02-27 03:09:19
INV_008335,ORD_008335,CUST_001481,MERCH_0080,35.95,USD,PAID,2026-01-19 03:08:15,2026-02-18 03:08:15
INV_008337,ORD_008337,CUST_002306,MERCH_0090,587.99,USD,PAID,2026-03-16 21:05:54,2026-04-15 21:05:54
INV_008338,ORD_008338,CUST_000932,MERCH_0034,140.25,GBP,PAID,2026-03-13 11:23:15,2026-04-12 11:23:15
INV_008339,ORD_008339,CUST_002429,MERCH_0003,38.95,USD,PAID,2026-01-04 07:42:08,2026-02-03 07:42:08
INV_008340,ORD_008340,CUST_000459,MERCH_0050,641.50,EUR,PAID,2026-02-09 11:38:28,2026-03-11 11:38:28
INV_008341,ORD_008341,CUST_003547,MERCH_0074,55.25,EUR,PAID,2026-03-12 00:53:33,2026-04-11 00:53:33
INV_008342,ORD_008342,CUST_001648,MERCH_0084,577.95,EUR,PAID,2026-02-13 06:47:42,2026-03-15 06:47:42
INV_008343,ORD_008343,CUST_003925,MERCH_0001,2299.50,GBP,PAID,2026-01-30 11:48:27,2026-03-01 11:48:27
INV_008344,ORD_008344,CUST_004395,MERCH_0054,486.80,EUR,PAID,2026-01-22 04:00:54,2026-02-21 04:00:54
INV_008345,ORD_008345,CUST_000420,MERCH_0033,2499.00,INR,PAID,2026-02-06 11:39:34,2026-03-08 11:39:34
INV_008346,ORD_008346,CUST_000083,MERCH_0015,3326.50,USD,PAID,2026-02-09 00:21:29,2026-03-11 00:21:29
INV_008347,ORD_008347,CUST_004883,MERCH_0058,499.00,INR,PAID,2026-02-28 13:58:51,2026-03-30 13:58:51
INV_008348,ORD_008348,CUST_002215,MERCH_0012,434.99,EUR,PAID,2026-02-03 06:03:22,2026-03-05 06:03:22
INV_008349,ORD_008349,CUST_000686,MERCH_0057,247.50,EUR,PAID,2026-03-16 06:18:43,2026-04-15 06:18:43
INV_008350,ORD_008350,CUST_001930,MERCH_0091,196.00,EUR,PAID,2026-01-17 01:51:41,2026-02-16 01:51:41
INV_008351,ORD_008351,CUST_002096,MERCH_0037,17.49,GBP,PAID,2026-03-09 03:05:29,2026-04-08 03:05:29
INV_008352,ORD_008352,CUST_004107,MERCH_0017,999.00,INR,PAID,2026-01-25 05:01:08,2026-02-24 05:01:08
INV_008353,ORD_008353,CUST_002575,MERCH_0096,1386.80,CAD,PAID,2026-01-26 12:52:48,2026-02-25 12:52:48
INV_008354,ORD_008354,CUST_001439,MERCH_0042,486.49,USD,PAID,2026-01-10 17:24:52,2026-02-09 17:24:52
INV_008355,ORD_008355,CUST_002231,MERCH_0048,50.00,GBP,PAID,2026-01-01 15:37:20,2026-01-31 15:37:20
INV_008356,ORD_008356,CUST_004514,MERCH_0011,20.00,GBP,OVERPAID,2026-03-14 15:23:50,2026-04-13 15:23:50
INV_008357,ORD_008357,CUST_003377,MERCH_0032,405.99,GBP,OVERPAID,2026-03-08 11:08:18,2026-04-07 11:08:18
INV_008358,ORD_008358,CUST_004528,MERCH_0006,74.99,GBP,PAID,2026-01-02 05:45:10,2026-02-01 05:45:10
INV_008359,ORD_008359,CUST_004106,MERCH_0079,398.49,USD,PAID,2026-02-15 03:41:09,2026-03-17 03:41:09
INV_008360,ORD_008360,CUST_001519,MERCH_0051,37.49,USD,PAID,2026-03-30 23:25:25,2026-04-29 23:25:25
INV_008361,ORD_008361,CUST_002849,MERCH_0037,515.25,GBP,PAID,2026-01-30 20:41:50,2026-03-01 20:41:50
INV_008362,ORD_008362,CUST_000045,MERCH_0083,453.75,GBP,PAID,2026-01-11 11:04:03,2026-02-10 11:04:03
INV_008363,ORD_008363,CUST_003895,MERCH_0074,64.99,USD,PAID,2026-02-28 02:05:55,2026-03-30 02:05:55
INV_008364,ORD_008364,CUST_001133,MERCH_0083,597.80,EUR,PAID,2026-03-29 11:00:31,2026-04-28 11:00:31
INV_008365,ORD_008365,CUST_001381,MERCH_0093,1584.49,EUR,PAID,2026-02-04 10:08:48,2026-03-06 10:08:48
INV_008366,ORD_008366,CUST_004058,MERCH_0097,54.95,USD,PAID,2026-01-06 04:50:53,2026-02-05 04:50:53
INV_008367,ORD_008367,CUST_001565,MERCH_0088,25.75,GBP,PAID,2026-03-21 17:32:44,2026-04-20 17:32:44
INV_008368,ORD_008368,CUST_004430,MERCH_0083,55.00,EUR,PAID,2026-01-19 17:09:33,2026-02-18 17:09:33
INV_008369,ORD_008369,CUST_002126,MERCH_0013,1999.00,INR,PAID,2026-01-09 21:02:22,2026-02-08 21:02:22
INV_008370,ORD_008370,CUST_001272,MERCH_0083,1499.00,INR,PAID,2026-02-11 15:45:01,2026-03-13 15:45:01
INV_008371,ORD_008371,CUST_003478,MERCH_0081,1999.00,INR,PAID,2026-01-19 22:57:32,2026-02-18 22:57:32
INV_008372,ORD_008372,CUST_001387,MERCH_0035,499.00,INR,PAID,2026-01-02 11:03:50,2026-02-01 11:03:50
INV_008373,ORD_008373,CUST_001310,MERCH_0016,550.00,USD,PAID,2026-03-22 19:11:33,2026-04-21 19:11:33
INV_008374,ORD_008374,CUST_004111,MERCH_0039,19.75,EUR,PAID,2026-02-14 03:39:50,2026-03-16 03:39:50
INV_008375,ORD_008375,CUST_000703,MERCH_0081,34.99,USD,PAID,2026-01-21 18:21:27,2026-02-20 18:21:27
INV_008376,ORD_008376,CUST_002673,MERCH_0094,27.80,USD,PAID,2026-01-01 19:52:45,2026-01-31 19:52:45
INV_008377,ORD_008377,CUST_003783,MERCH_0036,47.00,USD,PAID,2026-01-09 12:37:43,2026-02-08 12:37:43
INV_008378,ORD_008378,CUST_000697,MERCH_0023,821.95,EUR,PAID,2026-03-05 05:16:24,2026-04-04 05:16:24
INV_008379,ORD_008379,CUST_000937,MERCH_0053,2030.00,EUR,PAID,2026-03-01 06:46:16,2026-03-31 06:46:16
INV_008380,ORD_008380,CUST_004226,MERCH_0071,3058.00,USD,PAID,2026-02-15 00:16:18,2026-03-17 00:16:18
INV_008381,ORD_008381,CUST_000629,MERCH_0100,270.99,EUR,PAID,2026-01-30 06:06:25,2026-03-01 06:06:25
INV_008382,ORD_008382,CUST_003588,MERCH_0010,319.49,USD,PAID,2026-02-16 16:18:33,2026-03-18 16:18:33
INV_008383,ORD_008383,CUST_003364,MERCH_0023,799.00,INR,PAID,2026-02-19 09:40:51,2026-03-21 09:40:51
INV_008385,ORD_008385,CUST_000805,MERCH_0032,3049.50,USD,PAID,2026-01-11 16:26:25,2026-02-10 16:26:25
INV_008386,ORD_008386,CUST_003938,MERCH_0001,532.75,EUR,PAID,2026-01-31 09:35:54,2026-03-02 09:35:54
INV_008387,ORD_008387,CUST_004456,MERCH_0073,42.49,GBP,PAID,2026-02-12 21:38:48,2026-03-14 21:38:48
INV_008388,ORD_008388,CUST_000268,MERCH_0010,212.50,GBP,PAID,2026-04-01 06:37:02,2026-05-01 06:37:02
INV_008389,ORD_008389,CUST_003108,MERCH_0088,492.50,USD,PAID,2026-03-22 04:22:00,2026-04-21 04:22:00
INV_008390,ORD_008390,CUST_002505,MERCH_0018,451.00,USD,PAID,2026-02-27 12:35:04,2026-03-29 12:35:04
INV_008391,ORD_008391,CUST_002772,MERCH_0087,286.75,EUR,PAID,2026-01-30 16:22:36,2026-03-01 16:22:36
INV_008392,ORD_008392,CUST_000087,MERCH_0097,189.95,USD,PAID,2026-01-19 19:44:40,2026-02-18 19:44:40
INV_008393,ORD_008393,CUST_000109,MERCH_0092,1499.00,INR,PAID,2026-03-24 13:37:31,2026-04-23 13:37:31
INV_008394,ORD_008394,CUST_000498,MERCH_0008,326.80,GBP,PAID,2026-03-29 02:17:04,2026-04-28 02:17:04
INV_008395,ORD_008395,CUST_001491,MERCH_0054,74.25,EUR,PAID,2026-01-10 07:24:31,2026-02-09 07:24:31
INV_008396,ORD_008396,CUST_004607,MERCH_0035,18.75,GBP,PAID,2026-02-14 09:16:28,2026-03-16 09:16:28
INV_008397,ORD_008397,CUST_003524,MERCH_0013,366.49,USD,PAID,2026-03-13 20:51:03,2026-04-12 20:51:03
INV_008398,ORD_008398,CUST_002295,MERCH_0083,69.75,USD,PAID,2026-02-23 21:51:48,2026-03-25 21:51:48
INV_008399,ORD_008399,CUST_003993,MERCH_0047,54.75,EUR,PAID,2026-03-22 05:55:32,2026-04-21 05:55:32
INV_008400,ORD_008400,CUST_000328,MERCH_0014,223.75,USD,PAID,2026-02-08 09:23:45,2026-03-10 09:23:45
INV_008401,ORD_008401,CUST_004650,MERCH_0066,178.99,USD,PAID,2026-02-17 17:41:17,2026-03-19 17:41:17
INV_008402,ORD_008402,CUST_002279,MERCH_0078,42.80,CAD,PAID,2026-02-21 02:04:31,2026-03-23 02:04:31
INV_008403,ORD_008403,CUST_003571,MERCH_0090,468.75,USD,PAID,2026-02-28 01:54:11,2026-03-30 01:54:11
INV_008404,ORD_008404,CUST_003689,MERCH_0047,72.95,USD,PAID,2026-03-13 16:55:36,2026-04-12 16:55:36
INV_008405,ORD_008405,CUST_000572,MERCH_0066,2229.75,EUR,PAID,2026-02-07 05:05:17,2026-03-09 05:05:17
INV_008406,ORD_008406,CUST_004620,MERCH_0077,413.80,EUR,PAID,2026-01-05 20:40:44,2026-02-04 20:40:44
INV_008407,ORD_008407,CUST_000715,MERCH_0058,152.00,GBP,PAID,2026-03-03 15:13:08,2026-04-02 15:13:08
INV_008408,ORD_008408,CUST_002624,MERCH_0020,27.25,USD,PAID,2026-01-29 00:08:56,2026-02-28 00:08:56
INV_008409,ORD_008409,CUST_001555,MERCH_0099,139.49,CAD,PAID,2026-02-08 05:41:29,2026-03-10 05:41:29
INV_008410,ORD_008410,CUST_000680,MERCH_0058,589.95,USD,PAID,2026-03-26 11:03:08,2026-04-25 11:03:08
INV_008411,ORD_008411,CUST_000314,MERCH_0008,55.49,EUR,PAID,2026-02-28 21:56:40,2026-03-30 21:56:40
INV_008412,ORD_008412,CUST_001419,MERCH_0054,64.00,USD,PAID,2026-02-24 12:27:51,2026-03-26 12:27:51
INV_008413,ORD_008413,CUST_003389,MERCH_0074,589.99,USD,PAID,2026-02-17 22:21:49,2026-03-19 22:21:49
INV_008414,ORD_008414,CUST_000906,MERCH_0085,183.49,USD,PAID,2026-01-30 06:23:07,2026-03-01 06:23:07
INV_008415,ORD_008415,CUST_004297,MERCH_0031,183.75,EUR,PAID,2026-03-07 18:46:34,2026-04-06 18:46:34
INV_008416,ORD_008416,CUST_003665,MERCH_0070,38.25,EUR,PAID,2026-01-11 17:26:46,2026-02-10 17:26:46
INV_008417,ORD_008417,CUST_003011,MERCH_0042,48.25,EUR,PAID,2026-03-08 14:24:22,2026-04-07 14:24:22
INV_008418,ORD_008418,CUST_002826,MERCH_0005,74.00,GBP,PAID,2026-03-24 04:10:58,2026-04-23 04:10:58
INV_008419,ORD_008419,CUST_001985,MERCH_0072,573.50,EUR,PAID,2026-01-01 10:52:25,2026-01-31 10:52:25
INV_008420,ORD_008420,CUST_003584,MERCH_0090,80.99,CAD,PAID,2026-01-16 15:42:35,2026-02-15 15:42:35
INV_008421,ORD_008421,CUST_004512,MERCH_0070,407.49,USD,PAID,2026-01-31 10:02:36,2026-03-02 10:02:36
INV_008422,ORD_008422,CUST_001925,MERCH_0010,525.49,EUR,PAID,2026-01-08 14:48:05,2026-02-07 14:48:05
INV_008423,ORD_008423,CUST_000637,MERCH_0047,60.75,EUR,PAID,2026-01-22 16:14:18,2026-02-21 16:14:18
INV_008424,ORD_008424,CUST_001828,MERCH_0006,555.80,USD,OVERPAID,2026-02-19 05:37:21,2026-03-21 05:37:21
INV_008425,ORD_008425,CUST_004568,MERCH_0065,469.75,GBP,PAID,2026-01-31 15:50:34,2026-03-02 15:50:34
INV_008426,ORD_008426,CUST_004721,MERCH_0060,431.75,CAD,PAID,2026-01-25 23:44:12,2026-02-24 23:44:12
INV_008428,ORD_008428,CUST_004751,MERCH_0025,193.50,EUR,PAID,2026-03-11 13:35:49,2026-04-10 13:35:49
INV_008429,ORD_008429,CUST_000740,MERCH_0077,345.80,USD,PAID,2026-02-15 14:41:47,2026-03-17 14:41:47
INV_008430,ORD_008430,CUST_001227,MERCH_0018,18.75,GBP,PAID,2026-01-06 17:59:11,2026-02-05 17:59:11
INV_008431,ORD_008431,CUST_002303,MERCH_0077,440.95,EUR,PAID,2026-03-30 16:36:17,2026-04-29 16:36:17
INV_008432,ORD_008432,CUST_002618,MERCH_0097,15000.00,INR,PAID,2026-03-19 02:20:11,2026-04-18 02:20:11
INV_008433,ORD_008433,CUST_004486,MERCH_0062,51.75,EUR,PAID,2026-02-13 19:48:44,2026-03-15 19:48:44
INV_008434,ORD_008434,CUST_002875,MERCH_0007,799.00,INR,PAID,2026-01-10 17:12:39,2026-02-09 17:12:39
INV_008435,ORD_008435,CUST_004399,MERCH_0085,30.50,EUR,PAID,2026-01-09 19:12:27,2026-02-08 19:12:27
INV_008436,ORD_008436,CUST_003067,MERCH_0018,48.95,USD,PAID,2026-03-03 14:24:36,2026-04-02 14:24:36
INV_008437,ORD_008437,CUST_003137,MERCH_0050,622.25,USD,PAID,2026-01-20 02:40:45,2026-02-19 02:40:45
INV_008438,ORD_008438,CUST_003341,MERCH_0030,390.75,USD,PAID,2026-01-13 03:02:19,2026-02-12 03:02:19
INV_008439,ORD_008439,CUST_003274,MERCH_0045,138.00,EUR,PAID,2026-03-08 01:39:40,2026-04-07 01:39:40
INV_008440,ORD_008440,CUST_000424,MERCH_0002,23.25,USD,PAID,2026-03-22 06:18:48,2026-04-21 06:18:48
INV_008441,ORD_008441,CUST_004623,MERCH_0011,43.80,EUR,PAID,2026-01-01 08:58:43,2026-01-31 08:58:43
INV_008442,ORD_008442,CUST_000228,MERCH_0061,529.95,CAD,PAID,2026-03-22 20:11:58,2026-04-21 20:11:58
INV_008444,ORD_008444,CUST_001011,MERCH_0084,21.95,USD,PAID,2026-01-06 14:24:54,2026-02-05 14:24:54
INV_008445,ORD_008445,CUST_002137,MERCH_0094,66.95,USD,PAID,2026-01-04 08:18:52,2026-02-03 08:18:52
INV_008446,ORD_008446,CUST_003500,MERCH_0076,510.75,EUR,PAID,2026-01-03 22:00:49,2026-02-02 22:00:49
INV_008447,ORD_008447,CUST_002347,MERCH_0042,3178.50,CAD,PAID,2026-03-19 23:15:00,2026-04-18 23:15:00
INV_008448,ORD_008448,CUST_003406,MERCH_0020,799.00,INR,PAID,2026-03-17 15:18:38,2026-04-16 15:18:38
INV_008449,ORD_008449,CUST_000756,MERCH_0062,650.00,USD,PAID,2026-03-06 15:15:14,2026-04-05 15:15:14
INV_008450,ORD_008450,CUST_001323,MERCH_0076,47.49,USD,PAID,2026-02-26 21:44:37,2026-03-28 21:44:37
INV_008451,ORD_008451,CUST_000105,MERCH_0039,416.50,USD,PAID,2026-01-11 07:18:53,2026-02-10 07:18:53
INV_008452,ORD_008452,CUST_002170,MERCH_0051,590.95,EUR,PAID,2026-03-26 09:30:01,2026-04-25 09:30:01
INV_008453,ORD_008453,CUST_000261,MERCH_0070,3478.95,EUR,PAID,2026-02-28 08:39:00,2026-03-30 08:39:00
INV_008454,ORD_008454,CUST_003116,MERCH_0093,107.49,USD,PAID,2026-02-21 15:32:38,2026-03-23 15:32:38
INV_008455,ORD_008455,CUST_004802,MERCH_0040,526.95,GBP,PAID,2026-01-07 01:54:52,2026-02-06 01:54:52
INV_008456,ORD_008456,CUST_000082,MERCH_0093,392.00,EUR,PAID,2026-01-10 14:16:51,2026-02-09 14:16:51
INV_008457,ORD_008457,CUST_004586,MERCH_0028,978.99,USD,PAID,2026-02-26 14:52:27,2026-03-28 14:52:27
INV_008458,ORD_008458,CUST_002772,MERCH_0053,999.00,INR,PAID,2026-02-02 00:46:27,2026-03-04 00:46:27
INV_008459,ORD_008459,CUST_000091,MERCH_0068,215.00,USD,PAID,2026-01-18 23:17:52,2026-02-17 23:17:52
INV_008460,ORD_008460,CUST_004423,MERCH_0019,28.25,GBP,PAID,2026-03-05 10:58:10,2026-04-04 10:58:10
INV_008461,ORD_008461,CUST_002154,MERCH_0002,523.25,GBP,PAID,2026-02-26 10:10:17,2026-03-28 10:10:17
INV_008462,ORD_008462,CUST_000584,MERCH_0062,63.95,GBP,PAID,2026-01-05 02:35:16,2026-02-04 02:35:16
INV_008463,ORD_008463,CUST_004120,MERCH_0100,442.49,CAD,PAID,2026-03-25 22:16:51,2026-04-24 22:16:51
INV_008464,ORD_008464,CUST_001271,MERCH_0075,1325.49,GBP,PAID,2026-03-15 14:16:12,2026-04-14 14:16:12
INV_008465,ORD_008465,CUST_003815,MERCH_0009,1499.00,INR,PAID,2026-03-25 19:13:00,2026-04-24 19:13:00
INV_008466,ORD_008466,CUST_001823,MERCH_0069,399.49,EUR,PAID,2026-01-31 02:14:15,2026-03-02 02:14:15
INV_008468,ORD_008468,CUST_002236,MERCH_0005,29.99,USD,PAID,2026-03-09 03:36:31,2026-04-08 03:36:31
INV_008469,ORD_008469,CUST_003312,MERCH_0037,78.95,EUR,PAID,2026-03-02 00:49:56,2026-04-01 00:49:56
INV_008470,ORD_008470,CUST_002387,MERCH_0014,196.80,EUR,PAID,2026-03-17 11:01:10,2026-04-16 11:01:10
INV_008471,ORD_008471,CUST_002432,MERCH_0038,499.00,INR,PAID,2026-02-09 13:23:03,2026-03-11 13:23:03
INV_008472,ORD_008472,CUST_003708,MERCH_0078,321.80,USD,PAID,2026-03-04 18:34:50,2026-04-03 18:34:50
INV_008474,ORD_008474,CUST_000653,MERCH_0014,540.50,EUR,PAID,2026-03-31 01:39:46,2026-04-30 01:39:46
INV_008475,ORD_008475,CUST_003275,MERCH_0004,78.99,EUR,PAID,2026-01-14 17:31:34,2026-02-13 17:31:34
INV_008476,ORD_008476,CUST_003303,MERCH_0044,27.95,USD,PAID,2026-02-25 00:39:54,2026-03-27 00:39:54
INV_008477,ORD_008477,CUST_001288,MERCH_0035,257.80,USD,PAID,2026-01-18 23:26:31,2026-02-17 23:26:31
INV_008478,ORD_008478,CUST_000305,MERCH_0019,37.99,USD,PAID,2026-02-14 14:31:00,2026-03-16 14:31:00
INV_008479,ORD_008479,CUST_003103,MERCH_0037,57.80,USD,PAID,2026-03-21 14:36:45,2026-04-20 14:36:45
INV_008480,ORD_008480,CUST_002636,MERCH_0041,30.75,GBP,PAID,2026-01-21 13:15:53,2026-02-20 13:15:53
INV_008481,ORD_008481,CUST_001331,MERCH_0007,571.75,GBP,PAID,2026-03-20 19:30:11,2026-04-19 19:30:11
INV_008482,ORD_008482,CUST_000049,MERCH_0023,72.50,USD,PAID,2026-03-12 11:36:47,2026-04-11 11:36:47
INV_008483,ORD_008483,CUST_000055,MERCH_0066,65.75,USD,PAID,2026-02-17 04:03:21,2026-03-19 04:03:21
INV_008484,ORD_008484,CUST_002615,MERCH_0010,3332.00,USD,PAID,2026-03-08 04:12:13,2026-04-07 04:12:13
INV_008485,ORD_008485,CUST_000716,MERCH_0075,3472.75,EUR,PAID,2026-01-27 01:31:30,2026-02-26 01:31:30
INV_008486,ORD_008486,CUST_004788,MERCH_0057,1182.00,CAD,PAID,2026-02-24 02:03:44,2026-03-26 02:03:44
INV_008487,ORD_008487,CUST_001684,MERCH_0080,1391.49,EUR,PAID,2026-02-19 18:25:21,2026-03-21 18:25:21
INV_008488,ORD_008488,CUST_002992,MERCH_0026,153.50,EUR,PAID,2026-02-26 20:38:32,2026-03-28 20:38:32
INV_008489,ORD_008489,CUST_003957,MERCH_0080,610.25,USD,PAID,2026-03-05 08:39:51,2026-04-04 08:39:51
INV_008490,ORD_008490,CUST_003585,MERCH_0078,2526.50,EUR,PAID,2026-01-28 11:51:51,2026-02-27 11:51:51
INV_008491,ORD_008491,CUST_002506,MERCH_0079,999.00,INR,PAID,2026-01-24 23:08:31,2026-02-23 23:08:31
INV_008492,ORD_008492,CUST_004771,MERCH_0069,295.50,USD,PAID,2026-01-01 10:47:44,2026-01-31 10:47:44
INV_008493,ORD_008493,CUST_001743,MERCH_0072,341.50,USD,PAID,2026-01-31 20:14:05,2026-03-02 20:14:05
INV_008494,ORD_008494,CUST_001995,MERCH_0054,269.75,USD,PAID,2026-01-30 14:42:41,2026-03-01 14:42:41
INV_008495,ORD_008495,CUST_003778,MERCH_0008,3305.25,CAD,PAID,2026-02-27 01:17:31,2026-03-29 01:17:31
INV_008496,ORD_008496,CUST_000138,MERCH_0003,67.25,EUR,PAID,2026-03-26 19:48:21,2026-04-25 19:48:21
INV_008497,ORD_008497,CUST_002324,MERCH_0089,604.49,EUR,PAID,2026-01-17 05:20:56,2026-02-16 05:20:56
INV_008498,ORD_008498,CUST_001682,MERCH_0051,3090.75,CAD,PAID,2026-03-25 16:40:44,2026-04-24 16:40:44
INV_008499,ORD_008499,CUST_002452,MERCH_0086,1438.00,EUR,PAID,2026-02-07 05:10:44,2026-03-09 05:10:44
INV_008501,ORD_008501,CUST_001956,MERCH_0005,66.49,EUR,PAID,2026-03-05 23:53:28,2026-04-04 23:53:28
INV_008502,ORD_008502,CUST_000275,MERCH_0076,75.99,EUR,PAID,2026-03-09 06:48:52,2026-04-08 06:48:52
INV_008503,ORD_008503,CUST_000626,MERCH_0086,61.50,USD,PAID,2026-01-29 18:04:02,2026-02-28 18:04:02
INV_008504,ORD_008504,CUST_003897,MERCH_0047,17.50,USD,PAID,2026-03-07 09:42:48,2026-04-06 09:42:48
INV_008505,ORD_008505,CUST_004390,MERCH_0046,57.95,EUR,PAID,2026-03-02 23:06:33,2026-04-01 23:06:33
INV_008506,ORD_008506,CUST_001088,MERCH_0087,532.50,USD,PAID,2026-01-15 06:28:01,2026-02-14 06:28:01
INV_008507,ORD_008507,CUST_003398,MERCH_0009,2569.49,USD,PAID,2026-03-16 21:26:52,2026-04-15 21:26:52
INV_008508,ORD_008508,CUST_004465,MERCH_0079,3053.95,EUR,PAID,2026-03-23 10:50:17,2026-04-22 10:50:17
INV_008509,ORD_008509,CUST_004662,MERCH_0009,76.80,USD,PAID,2026-03-25 19:23:11,2026-04-24 19:23:11
INV_008510,ORD_008510,CUST_001276,MERCH_0100,582.25,EUR,PAID,2026-03-10 20:14:42,2026-04-09 20:14:42
INV_008511,ORD_008511,CUST_004159,MERCH_0025,349.75,USD,PAID,2026-01-05 01:14:45,2026-02-04 01:14:45
INV_008512,ORD_008512,CUST_003885,MERCH_0024,2088.49,CAD,PAID,2026-02-09 22:41:28,2026-03-11 22:41:28
INV_008513,ORD_008513,CUST_000386,MERCH_0007,2481.00,EUR,PAID,2026-01-17 11:39:41,2026-02-16 11:39:41
INV_008514,ORD_008514,CUST_003768,MERCH_0083,70.80,EUR,PAID,2026-03-15 00:02:36,2026-04-14 00:02:36
INV_008515,ORD_008515,CUST_004314,MERCH_0067,39.49,USD,PAID,2026-02-12 12:27:05,2026-03-14 12:27:05
INV_008516,ORD_008516,CUST_001375,MERCH_0011,9999.00,INR,PAID,2026-02-22 03:33:14,2026-03-24 03:33:14
INV_008517,ORD_008517,CUST_003776,MERCH_0029,51.75,USD,PAID,2026-03-03 23:31:32,2026-04-02 23:31:32
INV_008518,ORD_008518,CUST_002756,MERCH_0020,192.95,CAD,PAID,2026-02-28 05:42:00,2026-03-30 05:42:00
INV_008519,ORD_008519,CUST_000260,MERCH_0095,3475.80,GBP,PAID,2026-03-30 07:24:17,2026-04-29 07:24:17
INV_008520,ORD_008520,CUST_003675,MERCH_0051,126.75,CAD,PAID,2026-03-23 23:37:28,2026-04-22 23:37:28
INV_008521,ORD_008521,CUST_003405,MERCH_0093,39.49,USD,PAID,2026-03-29 11:19:49,2026-04-28 11:19:49
INV_008522,ORD_008522,CUST_000453,MERCH_0027,452.00,EUR,PAID,2026-02-15 14:43:33,2026-03-17 14:43:33
INV_008523,ORD_008523,CUST_000333,MERCH_0055,3171.00,USD,PAID,2026-02-16 03:45:09,2026-03-18 03:45:09
INV_008524,ORD_008524,CUST_000655,MERCH_0095,120.95,USD,OVERPAID,2026-02-09 01:26:52,2026-03-11 01:26:52
INV_008525,ORD_008525,CUST_000297,MERCH_0007,40.49,EUR,PAID,2026-01-23 16:43:19,2026-02-22 16:43:19
INV_008526,ORD_008526,CUST_002583,MERCH_0027,231.75,EUR,PAID,2026-03-05 16:53:52,2026-04-04 16:53:52
INV_008527,ORD_008527,CUST_001245,MERCH_0055,301.25,EUR,PAID,2026-01-01 17:23:32,2026-01-31 17:23:32
INV_008528,ORD_008528,CUST_000176,MERCH_0035,1871.50,EUR,PAID,2026-02-09 14:00:46,2026-03-11 14:00:46
INV_008529,ORD_008529,CUST_000794,MERCH_0044,9999.00,INR,PAID,2026-02-15 09:06:08,2026-03-17 09:06:08
INV_008530,ORD_008530,CUST_004940,MERCH_0097,275.25,USD,PAID,2026-01-19 23:50:11,2026-02-18 23:50:11
INV_008531,ORD_008531,CUST_002869,MERCH_0048,3046.95,USD,PAID,2026-02-12 04:11:55,2026-03-14 04:11:55
INV_008532,ORD_008532,CUST_003860,MERCH_0058,69.50,EUR,PAID,2026-02-12 23:46:19,2026-03-14 23:46:19
INV_008533,ORD_008533,CUST_003532,MERCH_0011,353.95,USD,PAID,2026-02-23 11:08:46,2026-03-25 11:08:46
INV_008534,ORD_008534,CUST_002355,MERCH_0047,50.25,GBP,PAID,2026-03-15 07:15:22,2026-04-14 07:15:22
INV_008535,ORD_008535,CUST_004323,MERCH_0025,3999.00,INR,PAID,2026-02-12 02:19:49,2026-03-14 02:19:49
INV_008536,ORD_008536,CUST_002496,MERCH_0086,160.25,EUR,PAID,2026-02-12 12:34:45,2026-03-14 12:34:45
INV_008537,ORD_008537,CUST_004309,MERCH_0094,343.25,GBP,PAID,2026-03-24 16:26:32,2026-04-23 16:26:32
INV_008538,ORD_008538,CUST_000341,MERCH_0033,257.99,GBP,PAID,2026-03-11 13:42:19,2026-04-10 13:42:19
INV_008539,ORD_008539,CUST_000479,MERCH_0085,999.00,INR,PAID,2026-03-21 09:21:54,2026-04-20 09:21:54
INV_008540,ORD_008540,CUST_004102,MERCH_0053,1999.00,INR,PAID,2026-02-22 01:34:32,2026-03-24 01:34:32
INV_008541,ORD_008541,CUST_004273,MERCH_0025,74.80,EUR,PAID,2026-02-11 20:32:13,2026-03-13 20:32:13
INV_008542,ORD_008542,CUST_000866,MERCH_0058,270.49,USD,PAID,2026-02-28 20:42:15,2026-03-30 20:42:15
INV_008543,ORD_008543,CUST_003374,MERCH_0092,66.50,EUR,PAID,2026-02-17 18:09:13,2026-03-19 18:09:13
INV_008544,ORD_008544,CUST_000054,MERCH_0074,649.25,USD,PAID,2026-02-15 01:42:19,2026-03-17 01:42:19
INV_008545,ORD_008545,CUST_003651,MERCH_0061,2499.00,INR,PAID,2026-01-28 16:41:15,2026-02-27 16:41:15
INV_008546,ORD_008546,CUST_004983,MERCH_0054,631.00,USD,PAID,2026-01-18 04:19:25,2026-02-17 04:19:25
INV_008547,ORD_008547,CUST_000383,MERCH_0046,625.95,USD,PAID,2026-03-31 19:29:01,2026-04-30 19:29:01
INV_008548,ORD_008548,CUST_003564,MERCH_0030,209.25,EUR,PAID,2026-03-09 04:51:25,2026-04-08 04:51:25
INV_008549,ORD_008549,CUST_000757,MERCH_0052,53.99,GBP,PAID,2026-02-12 08:08:24,2026-03-14 08:08:24
INV_008550,ORD_008550,CUST_002125,MERCH_0085,459.00,USD,PAID,2026-02-08 09:33:03,2026-03-10 09:33:03
INV_008551,ORD_008551,CUST_001466,MERCH_0061,44.25,USD,PAID,2026-02-22 14:21:45,2026-03-24 14:21:45
INV_008552,ORD_008552,CUST_002491,MERCH_0084,75.25,USD,PAID,2026-03-28 01:03:39,2026-04-27 01:03:39
INV_008553,ORD_008553,CUST_002876,MERCH_0069,1016.49,EUR,PAID,2026-02-14 19:02:30,2026-03-16 19:02:30
INV_008554,ORD_008554,CUST_004831,MERCH_0035,739.00,GBP,PAID,2026-01-12 13:22:10,2026-02-11 13:22:10
INV_008555,ORD_008555,CUST_000463,MERCH_0006,1499.00,INR,PAID,2026-03-29 12:37:22,2026-04-28 12:37:22
INV_008556,ORD_008556,CUST_001886,MERCH_0073,113.75,USD,PAID,2026-02-03 15:22:20,2026-03-05 15:22:20
INV_008557,ORD_008557,CUST_004163,MERCH_0089,43.50,GBP,PAID,2026-03-08 07:14:59,2026-04-07 07:14:59
INV_008558,ORD_008558,CUST_004407,MERCH_0026,590.25,EUR,PAID,2026-01-03 19:53:14,2026-02-02 19:53:14
INV_008559,ORD_008559,CUST_004587,MERCH_0031,799.00,INR,PAID,2026-03-22 07:22:35,2026-04-21 07:22:35
INV_008560,ORD_008560,CUST_001952,MERCH_0052,31.80,GBP,PAID,2026-03-28 13:28:50,2026-04-27 13:28:50
INV_008561,ORD_008561,CUST_002169,MERCH_0043,177.25,CAD,PAID,2026-03-22 12:10:58,2026-04-21 12:10:58
INV_008562,ORD_008562,CUST_002658,MERCH_0019,238.99,USD,PAID,2026-03-05 23:07:49,2026-04-04 23:07:49
INV_008563,ORD_008563,CUST_001637,MERCH_0031,2499.00,INR,PAID,2026-03-24 23:09:46,2026-04-23 23:09:46
INV_008564,ORD_008564,CUST_002112,MERCH_0019,60.75,GBP,PAID,2026-01-04 01:24:02,2026-02-03 01:24:02
INV_008565,ORD_008565,CUST_003291,MERCH_0050,277.99,USD,PAID,2026-01-06 02:21:32,2026-02-05 02:21:32
INV_008566,ORD_008566,CUST_002924,MERCH_0073,547.49,USD,PAID,2026-01-02 21:32:46,2026-02-01 21:32:46
INV_008567,ORD_008567,CUST_001211,MERCH_0035,618.99,USD,PAID,2026-02-25 19:17:52,2026-03-27 19:17:52
INV_008568,ORD_008568,CUST_002701,MERCH_0098,549.95,GBP,PAID,2026-03-30 10:43:14,2026-04-29 10:43:14
INV_008569,ORD_008569,CUST_000375,MERCH_0043,999.00,INR,PAID,2026-02-20 13:48:07,2026-03-22 13:48:07
INV_008570,ORD_008570,CUST_001702,MERCH_0090,4999.00,INR,PAID,2026-03-03 09:11:33,2026-04-02 09:11:33
INV_008571,ORD_008571,CUST_002899,MERCH_0084,451.75,USD,PAID,2026-03-20 18:14:13,2026-04-19 18:14:13
INV_008572,ORD_008572,CUST_002871,MERCH_0070,9999.00,INR,PAID,2026-01-24 15:37:33,2026-02-23 15:37:33
INV_008573,ORD_008573,CUST_002473,MERCH_0084,545.50,GBP,PAID,2026-03-14 02:14:13,2026-04-13 02:14:13
INV_008574,ORD_008574,CUST_000647,MERCH_0031,799.00,INR,PAID,2026-01-27 16:15:19,2026-02-26 16:15:19
INV_008575,ORD_008575,CUST_004319,MERCH_0056,9999.00,INR,PAID,2026-01-26 14:53:57,2026-02-25 14:53:57
INV_008576,ORD_008576,CUST_003098,MERCH_0079,198.75,GBP,PAID,2026-02-26 16:06:11,2026-03-28 16:06:11
INV_008577,ORD_008577,CUST_002638,MERCH_0020,448.50,CAD,PAID,2026-01-19 05:38:45,2026-02-18 05:38:45
INV_008578,ORD_008578,CUST_000005,MERCH_0029,386.75,EUR,PAID,2026-01-09 16:15:48,2026-02-08 16:15:48
INV_008580,ORD_008580,CUST_001799,MERCH_0046,2321.50,USD,PAID,2026-03-17 00:13:36,2026-04-16 00:13:36
INV_008582,ORD_008582,CUST_001861,MERCH_0008,40.00,EUR,PAID,2026-03-09 07:01:13,2026-04-08 07:01:13
INV_008583,ORD_008583,CUST_002734,MERCH_0043,75.25,USD,PAID,2026-02-28 11:18:04,2026-03-30 11:18:04
INV_008584,ORD_008584,CUST_003367,MERCH_0029,27.75,USD,PAID,2026-02-16 23:03:27,2026-03-18 23:03:27
INV_008585,ORD_008585,CUST_004361,MERCH_0015,278.95,GBP,PAID,2026-01-19 02:56:23,2026-02-18 02:56:23
INV_008586,ORD_008586,CUST_003732,MERCH_0042,68.95,USD,PAID,2026-03-05 14:11:28,2026-04-04 14:11:28
INV_008587,ORD_008587,CUST_000637,MERCH_0033,554.50,CAD,PAID,2026-01-07 04:14:06,2026-02-06 04:14:06
INV_008588,ORD_008588,CUST_001021,MERCH_0016,371.49,USD,PAID,2026-01-24 07:47:33,2026-02-23 07:47:33
INV_008589,ORD_008589,CUST_003416,MERCH_0096,549.00,EUR,PAID,2026-02-21 21:04:56,2026-03-23 21:04:56
INV_008592,ORD_008592,CUST_003566,MERCH_0072,370.95,EUR,PAID,2026-03-15 20:57:27,2026-04-14 20:57:27
INV_008593,ORD_008593,CUST_000767,MERCH_0097,17.99,EUR,PAID,2026-02-21 04:26:58,2026-03-23 04:26:58
INV_008594,ORD_008594,CUST_001237,MERCH_0091,59.95,EUR,PAID,2026-03-24 12:36:18,2026-04-23 12:36:18
INV_008595,ORD_008595,CUST_000892,MERCH_0055,62.00,GBP,PAID,2026-03-23 19:27:52,2026-04-22 19:27:52
INV_008596,ORD_008596,CUST_000521,MERCH_0026,77.75,USD,PAID,2026-02-05 03:54:06,2026-03-07 03:54:06
INV_008597,ORD_008597,CUST_003878,MERCH_0056,89.25,CAD,PAID,2026-01-24 08:21:37,2026-02-23 08:21:37
INV_008598,ORD_008598,CUST_001883,MERCH_0051,558.80,GBP,PAID,2026-01-08 15:46:51,2026-02-07 15:46:51
INV_008599,ORD_008599,CUST_002329,MERCH_0039,2499.00,INR,PAID,2026-01-13 12:03:50,2026-02-12 12:03:50
INV_008600,ORD_008600,CUST_001578,MERCH_0044,488.99,USD,PAID,2026-03-16 07:13:18,2026-04-15 07:13:18
INV_008601,ORD_008601,CUST_001169,MERCH_0024,47.75,EUR,PAID,2026-02-13 17:02:55,2026-03-15 17:02:55
INV_008602,ORD_008602,CUST_002191,MERCH_0019,101.00,CAD,PAID,2026-03-17 04:20:47,2026-04-16 04:20:47
INV_008603,ORD_008603,CUST_003887,MERCH_0072,166.25,GBP,PAID,2026-03-20 19:07:44,2026-04-19 19:07:44
INV_008604,ORD_008604,CUST_001496,MERCH_0027,285.00,EUR,PAID,2026-03-26 10:04:37,2026-04-25 10:04:37
INV_008605,ORD_008605,CUST_000862,MERCH_0036,1999.00,INR,PAID,2026-01-01 23:31:12,2026-01-31 23:31:12
INV_008607,ORD_008607,CUST_000448,MERCH_0001,70.80,USD,PAID,2026-03-07 12:25:26,2026-04-06 12:25:26
INV_008608,ORD_008608,CUST_001517,MERCH_0051,57.75,USD,OVERPAID,2026-01-18 01:50:04,2026-02-17 01:50:04
INV_008609,ORD_008609,CUST_004984,MERCH_0023,271.49,USD,PAID,2026-02-27 01:34:03,2026-03-29 01:34:03
INV_008610,ORD_008610,CUST_001879,MERCH_0010,1499.00,INR,PAID,2026-01-18 00:57:07,2026-02-17 00:57:07
INV_008611,ORD_008611,CUST_004209,MERCH_0018,328.80,EUR,PAID,2026-03-02 07:52:39,2026-04-01 07:52:39
INV_008612,ORD_008612,CUST_003837,MERCH_0005,335.49,GBP,PAID,2026-02-24 04:37:54,2026-03-26 04:37:54
INV_008613,ORD_008613,CUST_000441,MERCH_0003,2499.00,INR,PAID,2026-01-12 12:02:35,2026-02-11 12:02:35
INV_008614,ORD_008614,CUST_003761,MERCH_0021,703.00,GBP,PAID,2026-03-30 16:30:43,2026-04-29 16:30:43
INV_008615,ORD_008615,CUST_004627,MERCH_0100,69.75,GBP,PAID,2026-01-29 08:16:04,2026-02-28 08:16:04
INV_008616,ORD_008616,CUST_002271,MERCH_0025,9999.00,INR,PAID,2026-01-12 00:45:59,2026-02-11 00:45:59
INV_008617,ORD_008617,CUST_002395,MERCH_0046,2952.99,EUR,PAID,2026-02-27 04:37:02,2026-03-29 04:37:02
INV_008618,ORD_008618,CUST_004009,MERCH_0093,37.75,EUR,PAID,2026-01-14 09:21:28,2026-02-13 09:21:28
INV_008619,ORD_008619,CUST_003481,MERCH_0025,1999.00,INR,PAID,2026-03-29 21:11:26,2026-04-28 21:11:26
INV_008620,ORD_008620,CUST_003134,MERCH_0097,155.25,GBP,PAID,2026-02-07 15:12:48,2026-03-09 15:12:48
INV_008621,ORD_008621,CUST_004640,MERCH_0099,40.99,GBP,PAID,2026-03-11 07:35:05,2026-04-10 07:35:05
INV_008622,ORD_008622,CUST_001098,MERCH_0092,286.50,USD,PAID,2026-03-02 03:44:22,2026-04-01 03:44:22
INV_008623,ORD_008623,CUST_000589,MERCH_0099,796.99,EUR,PAID,2026-03-19 04:36:18,2026-04-18 04:36:18
INV_008624,ORD_008624,CUST_003518,MERCH_0042,76.95,GBP,PAID,2026-02-10 12:26:34,2026-03-12 12:26:34
INV_008625,ORD_008625,CUST_004254,MERCH_0051,3234.00,USD,PAID,2026-03-16 11:48:43,2026-04-15 11:48:43
INV_008626,ORD_008626,CUST_002456,MERCH_0031,576.99,USD,PAID,2026-03-04 07:36:04,2026-04-03 07:36:04
INV_008627,ORD_008627,CUST_003852,MERCH_0039,538.95,USD,PAID,2026-01-08 00:16:22,2026-02-07 00:16:22
INV_008628,ORD_008628,CUST_003752,MERCH_0007,282.95,USD,PAID,2026-03-05 05:33:05,2026-04-04 05:33:05
INV_008629,ORD_008629,CUST_003245,MERCH_0056,1781.49,GBP,PAID,2026-01-09 16:45:41,2026-02-08 16:45:41
INV_008630,ORD_008630,CUST_002622,MERCH_0082,227.50,USD,PAID,2026-02-23 02:03:59,2026-03-25 02:03:59
INV_008631,ORD_008631,CUST_004656,MERCH_0030,36.00,GBP,PAID,2026-02-28 02:51:41,2026-03-30 02:51:41
INV_008632,ORD_008632,CUST_001497,MERCH_0079,49.49,USD,PAID,2026-01-15 22:08:08,2026-02-14 22:08:08
INV_008633,ORD_008633,CUST_003679,MERCH_0069,537.99,USD,PAID,2026-02-21 10:45:38,2026-03-23 10:45:38
INV_008634,ORD_008634,CUST_000264,MERCH_0015,1473.80,GBP,PAID,2026-01-02 05:59:45,2026-02-01 05:59:45
INV_008635,ORD_008635,CUST_000901,MERCH_0098,16.49,EUR,PAID,2026-01-06 19:55:12,2026-02-05 19:55:12
INV_008636,ORD_008636,CUST_003602,MERCH_0081,15000.00,INR,PAID,2026-01-06 01:06:01,2026-02-05 01:06:01
INV_008637,ORD_008637,CUST_004463,MERCH_0100,46.50,CAD,PAID,2026-02-20 09:00:26,2026-03-22 09:00:26
INV_008638,ORD_008638,CUST_000200,MERCH_0022,77.80,USD,PAID,2026-02-15 02:29:32,2026-03-17 02:29:32
INV_008639,ORD_008639,CUST_004217,MERCH_0024,471.25,USD,PAID,2026-01-22 06:25:06,2026-02-21 06:25:06
INV_008640,ORD_008640,CUST_003695,MERCH_0095,2555.99,CAD,PAID,2026-01-20 16:45:45,2026-02-19 16:45:45
INV_008642,ORD_008642,CUST_002701,MERCH_0015,404.99,EUR,PAID,2026-03-23 09:29:06,2026-04-22 09:29:06
INV_008643,ORD_008643,CUST_003247,MERCH_0059,217.25,EUR,PAID,2026-02-10 12:50:59,2026-03-12 12:50:59
INV_008644,ORD_008644,CUST_003217,MERCH_0100,65.75,EUR,PAID,2026-03-03 22:01:26,2026-04-02 22:01:26
INV_008645,ORD_008645,CUST_000673,MERCH_0050,76.80,CAD,PAID,2026-03-17 07:29:50,2026-04-16 07:29:50
INV_008646,ORD_008646,CUST_001632,MERCH_0039,510.50,USD,PAID,2026-03-20 18:10:58,2026-04-19 18:10:58
INV_008647,ORD_008647,CUST_004455,MERCH_0082,66.50,EUR,PAID,2026-02-01 17:44:41,2026-03-03 17:44:41
INV_008648,ORD_008648,CUST_000015,MERCH_0078,632.80,GBP,PAID,2026-02-27 09:32:05,2026-03-29 09:32:05
INV_008649,ORD_008649,CUST_004866,MERCH_0079,102.49,USD,PAID,2026-02-06 01:28:37,2026-03-08 01:28:37
INV_008650,ORD_008650,CUST_002147,MERCH_0008,2499.00,INR,PAID,2026-02-21 10:11:32,2026-03-23 10:11:32
INV_008651,ORD_008651,CUST_003314,MERCH_0016,372.00,EUR,PAID,2026-01-29 15:09:15,2026-02-28 15:09:15
INV_008652,ORD_008652,CUST_001357,MERCH_0005,311.75,EUR,PAID,2026-02-25 13:08:48,2026-03-27 13:08:48
INV_008653,ORD_008653,CUST_004664,MERCH_0091,300.25,USD,PAID,2026-01-07 23:53:30,2026-02-06 23:53:30
INV_008654,ORD_008654,CUST_000728,MERCH_0020,115.95,USD,PAID,2026-02-05 11:09:05,2026-03-07 11:09:05
INV_008655,ORD_008655,CUST_002637,MERCH_0079,15000.00,INR,PAID,2026-02-07 01:10:40,2026-03-09 01:10:40
INV_008656,ORD_008656,CUST_003202,MERCH_0014,9999.00,INR,PAID,2026-01-04 16:43:10,2026-02-03 16:43:10
INV_008657,ORD_008657,CUST_004413,MERCH_0043,43.50,GBP,PAID,2026-01-18 14:57:46,2026-02-17 14:57:46
INV_008658,ORD_008658,CUST_002835,MERCH_0052,377.99,USD,PAID,2026-02-17 19:33:35,2026-03-19 19:33:35
INV_008659,ORD_008659,CUST_002102,MERCH_0067,28.75,GBP,PAID,2026-02-14 08:05:02,2026-03-16 08:05:02
INV_008660,ORD_008660,CUST_003532,MERCH_0083,2534.00,USD,OVERPAID,2026-01-11 03:55:57,2026-02-10 03:55:57
INV_008661,ORD_008661,CUST_002580,MERCH_0086,2110.25,EUR,PAID,2026-02-07 19:16:02,2026-03-09 19:16:02
INV_008662,ORD_008662,CUST_003072,MERCH_0037,31.00,CAD,PAID,2026-03-19 23:15:11,2026-04-18 23:15:11
INV_008663,ORD_008663,CUST_004852,MERCH_0011,999.00,INR,PAID,2026-03-17 00:26:25,2026-04-16 00:26:25
INV_008664,ORD_008664,CUST_000857,MERCH_0074,36.49,EUR,PAID,2026-03-26 12:53:31,2026-04-25 12:53:31
INV_008665,ORD_008665,CUST_001312,MERCH_0045,9999.00,INR,PAID,2026-03-13 17:54:37,2026-04-12 17:54:37
INV_008666,ORD_008666,CUST_004440,MERCH_0083,299.00,INR,OVERPAID,2026-03-05 20:51:00,2026-04-04 20:51:00
INV_008667,ORD_008667,CUST_004151,MERCH_0044,4999.00,INR,PAID,2026-01-25 14:38:12,2026-02-24 14:38:12
INV_008668,ORD_008668,CUST_004129,MERCH_0088,70.50,CAD,PAID,2026-03-19 14:09:07,2026-04-18 14:09:07
INV_008669,ORD_008669,CUST_003190,MERCH_0006,168.50,GBP,PAID,2026-02-10 08:29:46,2026-03-12 08:29:46
INV_008670,ORD_008670,CUST_004005,MERCH_0083,499.00,INR,PAID,2026-01-30 20:29:31,2026-03-01 20:29:31
INV_008671,ORD_008671,CUST_003630,MERCH_0100,52.95,EUR,PAID,2026-01-11 12:03:31,2026-02-10 12:03:31
INV_008672,ORD_008672,CUST_001760,MERCH_0058,77.95,CAD,PAID,2026-03-18 08:35:51,2026-04-17 08:35:51
INV_008673,ORD_008673,CUST_001834,MERCH_0070,58.49,EUR,PAID,2026-03-06 21:11:09,2026-04-05 21:11:09
INV_008674,ORD_008674,CUST_001396,MERCH_0084,1313.00,USD,PAID,2026-01-06 15:52:48,2026-02-05 15:52:48
INV_008675,ORD_008675,CUST_000882,MERCH_0088,410.80,EUR,PAID,2026-01-14 04:45:04,2026-02-13 04:45:04
INV_008676,ORD_008676,CUST_004826,MERCH_0003,47.99,USD,PAID,2026-03-28 20:03:42,2026-04-27 20:03:42
INV_008677,ORD_008677,CUST_001980,MERCH_0098,15000.00,INR,PAID,2026-03-12 06:15:14,2026-04-11 06:15:14
INV_008678,ORD_008678,CUST_003019,MERCH_0067,19.99,USD,PAID,2026-01-17 06:27:56,2026-02-16 06:27:56
INV_008679,ORD_008679,CUST_004964,MERCH_0097,73.49,USD,PAID,2026-01-17 06:17:05,2026-02-16 06:17:05
INV_008680,ORD_008680,CUST_002376,MERCH_0016,499.00,INR,PAID,2026-02-05 06:17:54,2026-03-07 06:17:54
INV_008681,ORD_008681,CUST_003402,MERCH_0089,66.49,CAD,PAID,2026-01-28 18:41:53,2026-02-27 18:41:53
INV_008682,ORD_008682,CUST_002266,MERCH_0041,59.75,USD,PAID,2026-03-28 23:01:08,2026-04-27 23:01:08
INV_008683,ORD_008683,CUST_002785,MERCH_0078,38.75,GBP,OVERPAID,2026-01-18 00:15:18,2026-02-17 00:15:18
INV_008684,ORD_008684,CUST_004722,MERCH_0028,299.00,INR,PAID,2026-02-10 17:36:32,2026-03-12 17:36:32
INV_008685,ORD_008685,CUST_003931,MERCH_0043,1728.80,USD,PAID,2026-03-24 07:31:30,2026-04-23 07:31:30
INV_008686,ORD_008686,CUST_001714,MERCH_0072,50.95,GBP,PAID,2026-03-08 17:18:51,2026-04-07 17:18:51
INV_008687,ORD_008687,CUST_002545,MERCH_0009,4999.00,INR,PAID,2026-01-23 07:23:02,2026-02-22 07:23:02
INV_008688,ORD_008688,CUST_002303,MERCH_0087,2499.00,INR,PAID,2026-01-29 23:02:17,2026-02-28 23:02:17
INV_008689,ORD_008689,CUST_004965,MERCH_0036,1299.99,EUR,PAID,2026-01-02 00:52:00,2026-02-01 00:52:00
INV_008690,ORD_008690,CUST_002968,MERCH_0091,84.49,GBP,PAID,2026-01-21 05:19:31,2026-02-20 05:19:31
INV_008691,ORD_008691,CUST_002366,MERCH_0096,414.95,EUR,PAID,2026-02-28 20:44:40,2026-03-30 20:44:40
INV_008692,ORD_008692,CUST_002556,MERCH_0010,338.99,EUR,PAID,2026-02-18 08:26:43,2026-03-20 08:26:43
INV_008693,ORD_008693,CUST_001718,MERCH_0082,62.00,EUR,PAID,2026-03-25 02:01:03,2026-04-24 02:01:03
INV_008694,ORD_008694,CUST_003375,MERCH_0009,766.99,EUR,OVERPAID,2026-01-12 17:02:33,2026-02-11 17:02:33
INV_008695,ORD_008695,CUST_001582,MERCH_0033,23.50,USD,PAID,2026-02-16 21:36:07,2026-03-18 21:36:07
INV_008696,ORD_008696,CUST_001986,MERCH_0053,1593.00,USD,PAID,2026-01-20 22:41:11,2026-02-19 22:41:11
INV_008697,ORD_008697,CUST_003923,MERCH_0023,2621.95,USD,PAID,2026-03-27 22:29:53,2026-04-26 22:29:53
INV_008698,ORD_008698,CUST_000406,MERCH_0024,609.49,EUR,PAID,2026-01-08 13:50:30,2026-02-07 13:50:30
INV_008699,ORD_008699,CUST_000173,MERCH_0017,240.50,USD,PAID,2026-03-09 18:33:10,2026-04-08 18:33:10
INV_008700,ORD_008700,CUST_003263,MERCH_0024,91.95,CAD,PAID,2026-01-08 05:49:26,2026-02-07 05:49:26
INV_008701,ORD_008701,CUST_004485,MERCH_0014,198.75,USD,PAID,2026-01-22 17:33:20,2026-02-21 17:33:20
INV_008702,ORD_008702,CUST_001588,MERCH_0096,15.99,EUR,PAID,2026-02-24 19:27:39,2026-03-26 19:27:39
INV_008703,ORD_008703,CUST_003937,MERCH_0061,3999.00,INR,PAID,2026-01-05 08:17:58,2026-02-04 08:17:58
INV_008704,ORD_008704,CUST_002792,MERCH_0004,1320.50,USD,PAID,2026-02-23 14:42:49,2026-03-25 14:42:49
INV_008705,ORD_008705,CUST_004463,MERCH_0019,458.75,USD,PAID,2026-02-05 01:51:00,2026-03-07 01:51:00
INV_008706,ORD_008706,CUST_002609,MERCH_0050,999.00,INR,PAID,2026-01-21 18:56:08,2026-02-20 18:56:08
INV_008707,ORD_008707,CUST_000548,MERCH_0082,346.00,CAD,PAID,2026-03-24 07:23:45,2026-04-23 07:23:45
INV_008708,ORD_008708,CUST_001907,MERCH_0004,36.00,EUR,PAID,2026-03-11 02:49:38,2026-04-10 02:49:38
INV_008709,ORD_008709,CUST_004936,MERCH_0008,484.99,CAD,PAID,2026-03-20 19:17:29,2026-04-19 19:17:29
INV_008710,ORD_008710,CUST_003215,MERCH_0033,558.80,USD,PAID,2026-03-23 18:18:29,2026-04-22 18:18:29
INV_008711,ORD_008711,CUST_001982,MERCH_0038,2117.25,GBP,PAID,2026-02-19 07:37:54,2026-03-21 07:37:54
INV_008712,ORD_008712,CUST_004473,MERCH_0012,607.99,USD,PAID,2026-03-04 13:09:42,2026-04-03 13:09:42
INV_008713,ORD_008713,CUST_001645,MERCH_0088,20.95,EUR,PAID,2026-01-09 19:16:00,2026-02-08 19:16:00
INV_008714,ORD_008714,CUST_004950,MERCH_0089,134.99,EUR,PAID,2026-02-15 20:00:45,2026-03-17 20:00:45
INV_008715,ORD_008715,CUST_002759,MERCH_0012,524.75,USD,PAID,2026-02-04 04:13:11,2026-03-06 04:13:11
INV_008716,ORD_008716,CUST_004552,MERCH_0053,64.80,USD,PAID,2026-01-15 13:20:11,2026-02-14 13:20:11
INV_008717,ORD_008717,CUST_000321,MERCH_0022,15000.00,INR,PAID,2026-02-14 03:21:46,2026-03-16 03:21:46
INV_008718,ORD_008718,CUST_001039,MERCH_0088,1999.00,INR,PAID,2026-02-27 04:38:09,2026-03-29 04:38:09
INV_008719,ORD_008719,CUST_004308,MERCH_0086,3426.80,USD,PAID,2026-03-15 04:07:32,2026-04-14 04:07:32
INV_008720,ORD_008720,CUST_001971,MERCH_0064,66.50,USD,PAID,2026-03-19 23:28:55,2026-04-18 23:28:55
INV_008721,ORD_008721,CUST_003313,MERCH_0061,66.95,EUR,PAID,2026-02-03 03:56:48,2026-03-05 03:56:48
INV_008722,ORD_008722,CUST_003547,MERCH_0004,2365.00,EUR,PAID,2026-02-22 08:24:16,2026-03-24 08:24:16
INV_008723,ORD_008723,CUST_001999,MERCH_0099,76.95,GBP,PAID,2026-03-08 01:22:48,2026-04-07 01:22:48
INV_008724,ORD_008724,CUST_001873,MERCH_0096,368.80,USD,PAID,2026-01-31 14:00:13,2026-03-02 14:00:13
INV_008725,ORD_008725,CUST_004246,MERCH_0025,302.75,EUR,PAID,2026-02-22 23:53:49,2026-03-24 23:53:49
INV_008726,ORD_008726,CUST_004020,MERCH_0072,799.00,INR,PAID,2026-02-08 12:10:50,2026-03-10 12:10:50
INV_008727,ORD_008727,CUST_002283,MERCH_0094,2341.75,USD,PAID,2026-01-26 18:44:56,2026-02-25 18:44:56
INV_008728,ORD_008728,CUST_001061,MERCH_0098,374.95,USD,PAID,2026-03-06 22:25:54,2026-04-05 22:25:54
INV_008729,ORD_008729,CUST_000739,MERCH_0061,64.99,GBP,PAID,2026-01-26 00:40:26,2026-02-25 00:40:26
INV_008730,ORD_008730,CUST_001040,MERCH_0064,1201.75,GBP,PAID,2026-02-16 01:20:56,2026-03-18 01:20:56
INV_008731,ORD_008731,CUST_000780,MERCH_0050,3133.25,USD,PAID,2026-03-11 08:56:41,2026-04-10 08:56:41
INV_008732,ORD_008732,CUST_003397,MERCH_0051,1590.00,GBP,PAID,2026-03-04 21:24:39,2026-04-03 21:24:39
INV_008733,ORD_008733,CUST_001806,MERCH_0027,630.00,USD,PAID,2026-03-12 06:07:26,2026-04-11 06:07:26
INV_008734,ORD_008734,CUST_002545,MERCH_0063,799.00,INR,PAID,2026-01-29 09:54:07,2026-02-28 09:54:07
INV_008735,ORD_008735,CUST_001476,MERCH_0052,21.50,CAD,PAID,2026-02-27 03:24:50,2026-03-29 03:24:50
INV_008736,ORD_008736,CUST_000653,MERCH_0096,625.80,USD,PAID,2026-02-10 12:13:55,2026-03-12 12:13:55
INV_008737,ORD_008737,CUST_001486,MERCH_0004,68.99,CAD,PAID,2026-02-05 01:58:16,2026-03-07 01:58:16
INV_008738,ORD_008738,CUST_003827,MERCH_0090,418.25,GBP,PAID,2026-03-29 02:57:43,2026-04-28 02:57:43
INV_008739,ORD_008739,CUST_004389,MERCH_0054,316.49,CAD,PAID,2026-03-26 22:56:44,2026-04-25 22:56:44
INV_008740,ORD_008740,CUST_004543,MERCH_0012,2816.99,USD,PAID,2026-03-20 23:04:43,2026-04-19 23:04:43
INV_008741,ORD_008741,CUST_000463,MERCH_0082,161.99,USD,PAID,2026-03-03 12:16:00,2026-04-02 12:16:00
INV_008742,ORD_008742,CUST_001663,MERCH_0036,570.75,EUR,PAID,2026-01-29 09:49:11,2026-02-28 09:49:11
INV_008743,ORD_008743,CUST_004627,MERCH_0031,499.75,USD,PAID,2026-01-12 14:37:48,2026-02-11 14:37:48
INV_008744,ORD_008744,CUST_002611,MERCH_0040,243.50,EUR,PAID,2026-02-16 17:03:45,2026-03-18 17:03:45
INV_008745,ORD_008745,CUST_003310,MERCH_0097,56.00,EUR,PAID,2026-01-02 00:00:17,2026-02-01 00:00:17
INV_008746,ORD_008746,CUST_000792,MERCH_0077,528.95,GBP,PAID,2026-03-10 00:07:34,2026-04-09 00:07:34
INV_008747,ORD_008747,CUST_001826,MERCH_0084,131.00,USD,PAID,2026-03-29 03:03:12,2026-04-28 03:03:12
INV_008748,ORD_008748,CUST_001150,MERCH_0015,94.95,GBP,PAID,2026-04-01 03:43:25,2026-05-01 03:43:25
INV_008749,ORD_008749,CUST_000235,MERCH_0008,462.75,USD,PAID,2026-02-26 22:08:56,2026-03-28 22:08:56
INV_008750,ORD_008750,CUST_002096,MERCH_0007,94.80,GBP,PAID,2026-02-15 06:21:26,2026-03-17 06:21:26
INV_008751,ORD_008751,CUST_001573,MERCH_0010,107.99,GBP,PAID,2026-03-25 20:12:14,2026-04-24 20:12:14
INV_008752,ORD_008752,CUST_002755,MERCH_0052,18.99,USD,PAID,2026-02-20 01:23:55,2026-03-22 01:23:55
INV_008753,ORD_008753,CUST_000273,MERCH_0056,331.49,EUR,PAID,2026-01-31 04:27:39,2026-03-02 04:27:39
INV_008754,ORD_008754,CUST_000404,MERCH_0100,414.95,USD,PAID,2026-03-20 01:28:45,2026-04-19 01:28:45
INV_008755,ORD_008755,CUST_004549,MERCH_0062,15000.00,INR,PAID,2026-03-11 00:25:12,2026-04-10 00:25:12
INV_008756,ORD_008756,CUST_001220,MERCH_0075,35.95,USD,PAID,2026-02-05 14:03:52,2026-03-07 14:03:52
INV_008757,ORD_008757,CUST_004282,MERCH_0035,27.75,USD,PAID,2026-02-20 13:11:14,2026-03-22 13:11:14
INV_008758,ORD_008758,CUST_000657,MERCH_0076,193.95,GBP,PAID,2026-01-18 07:31:50,2026-02-17 07:31:50
INV_008759,ORD_008759,CUST_003698,MERCH_0006,37.99,GBP,PAID,2026-03-02 00:24:53,2026-04-01 00:24:53
INV_008760,ORD_008760,CUST_004754,MERCH_0031,582.25,USD,PAID,2026-03-18 21:24:03,2026-04-17 21:24:03
INV_008761,ORD_008761,CUST_000920,MERCH_0028,19.99,EUR,PAID,2026-03-28 00:21:11,2026-04-27 00:21:11
INV_008762,ORD_008762,CUST_002243,MERCH_0024,325.25,GBP,PAID,2026-02-19 05:07:01,2026-03-21 05:07:01
INV_008763,ORD_008763,CUST_001916,MERCH_0019,2499.00,INR,PAID,2026-01-19 03:11:18,2026-02-18 03:11:18
INV_008764,ORD_008764,CUST_002043,MERCH_0043,43.95,EUR,PAID,2026-01-21 22:42:05,2026-02-20 22:42:05
INV_008765,ORD_008765,CUST_001721,MERCH_0004,67.25,CAD,PAID,2026-01-23 15:06:55,2026-02-22 15:06:55
INV_008766,ORD_008766,CUST_001354,MERCH_0077,478.80,USD,PAID,2026-02-14 04:14:56,2026-03-16 04:14:56
INV_008767,ORD_008767,CUST_004943,MERCH_0021,129.95,GBP,PAID,2026-03-16 01:11:52,2026-04-15 01:11:52
INV_008768,ORD_008768,CUST_001835,MERCH_0058,268.75,GBP,PAID,2026-02-28 09:14:39,2026-03-30 09:14:39
INV_008769,ORD_008769,CUST_004130,MERCH_0100,535.75,CAD,PAID,2026-03-07 22:31:41,2026-04-06 22:31:41
INV_008770,ORD_008770,CUST_004661,MERCH_0010,146.00,USD,PAID,2026-02-28 04:34:22,2026-03-30 04:34:22
INV_008772,ORD_008772,CUST_002820,MERCH_0044,210.49,CAD,PAID,2026-02-27 01:17:33,2026-03-29 01:17:33
INV_008773,ORD_008773,CUST_001466,MERCH_0093,607.99,USD,PAID,2026-02-27 13:10:58,2026-03-29 13:10:58
INV_008774,ORD_008774,CUST_003708,MERCH_0054,58.80,USD,PAID,2026-02-24 18:04:41,2026-03-26 18:04:41
INV_008776,ORD_008776,CUST_003661,MERCH_0019,43.99,GBP,PAID,2026-01-31 09:18:49,2026-03-02 09:18:49
INV_008777,ORD_008777,CUST_003624,MERCH_0072,482.95,USD,PAID,2026-01-19 17:31:53,2026-02-18 17:31:53
INV_008778,ORD_008778,CUST_000615,MERCH_0099,499.00,INR,PAID,2026-01-09 08:32:27,2026-02-08 08:32:27
INV_008779,ORD_008779,CUST_003315,MERCH_0018,35.50,USD,PAID,2026-03-06 18:42:52,2026-04-05 18:42:52
INV_008780,ORD_008780,CUST_004831,MERCH_0075,109.95,EUR,PAID,2026-03-25 15:35:53,2026-04-24 15:35:53
INV_008781,ORD_008781,CUST_003095,MERCH_0008,3412.50,GBP,PAID,2026-01-28 04:14:53,2026-02-27 04:14:53
INV_008782,ORD_008782,CUST_000701,MERCH_0053,51.75,GBP,PAID,2026-03-09 13:57:38,2026-04-08 13:57:38
INV_008783,ORD_008783,CUST_004303,MERCH_0082,437.00,EUR,PAID,2026-03-12 19:34:53,2026-04-11 19:34:53
INV_008784,ORD_008784,CUST_000184,MERCH_0039,582.50,USD,PAID,2026-02-03 17:17:45,2026-03-05 17:17:45
INV_008785,ORD_008785,CUST_001885,MERCH_0082,306.95,USD,PAID,2026-01-04 08:42:50,2026-02-03 08:42:50
INV_008786,ORD_008786,CUST_003117,MERCH_0014,999.00,INR,PAID,2026-01-30 14:53:37,2026-03-01 14:53:37
INV_008787,ORD_008787,CUST_002465,MERCH_0024,644.00,USD,PAID,2026-02-12 03:06:41,2026-03-14 03:06:41
INV_008788,ORD_008788,CUST_001622,MERCH_0063,416.49,EUR,PAID,2026-03-31 02:54:11,2026-04-30 02:54:11
INV_008789,ORD_008789,CUST_002063,MERCH_0002,427.95,GBP,PAID,2026-02-15 21:32:56,2026-03-17 21:32:56
INV_008790,ORD_008790,CUST_003403,MERCH_0090,79.00,EUR,PAID,2026-03-19 09:03:14,2026-04-18 09:03:14
INV_008791,ORD_008791,CUST_000652,MERCH_0018,195.50,USD,PAID,2026-02-22 04:19:05,2026-03-24 04:19:05
INV_008792,ORD_008792,CUST_002956,MERCH_0063,152.80,GBP,PAID,2026-03-03 20:48:23,2026-04-02 20:48:23
INV_008793,ORD_008793,CUST_004166,MERCH_0043,80.50,USD,PAID,2026-01-22 06:22:14,2026-02-21 06:22:14
INV_008794,ORD_008794,CUST_002640,MERCH_0076,62.50,GBP,PAID,2026-03-25 21:04:49,2026-04-24 21:04:49
INV_008795,ORD_008795,CUST_003533,MERCH_0025,2562.80,EUR,OVERPAID,2026-01-13 17:29:05,2026-02-12 17:29:05
INV_008796,ORD_008796,CUST_001731,MERCH_0010,370.49,CAD,PAID,2026-03-27 23:58:43,2026-04-26 23:58:43
INV_008797,ORD_008797,CUST_003343,MERCH_0088,83.25,CAD,PAID,2026-03-03 18:21:01,2026-04-02 18:21:01
INV_008798,ORD_008798,CUST_000769,MERCH_0095,493.95,USD,PAID,2026-01-15 00:15:29,2026-02-14 00:15:29
INV_008799,ORD_008799,CUST_003167,MERCH_0081,480.49,EUR,PAID,2026-01-19 20:49:55,2026-02-18 20:49:55
INV_008800,ORD_008800,CUST_003225,MERCH_0028,499.00,INR,PAID,2026-03-04 12:52:05,2026-04-03 12:52:05
INV_008801,ORD_008801,CUST_004960,MERCH_0034,54.99,GBP,PAID,2026-02-15 23:23:13,2026-03-17 23:23:13
INV_008803,ORD_008803,CUST_002208,MERCH_0058,1290.49,USD,PAID,2026-01-02 13:46:47,2026-02-01 13:46:47
INV_008804,ORD_008804,CUST_001346,MERCH_0078,227.00,GBP,PAID,2026-02-27 14:42:31,2026-03-29 14:42:31
INV_008805,ORD_008805,CUST_002891,MERCH_0070,457.49,EUR,PAID,2026-02-08 15:24:16,2026-03-10 15:24:16
INV_008806,ORD_008806,CUST_000594,MERCH_0054,38.50,GBP,PAID,2026-01-22 05:37:08,2026-02-21 05:37:08
INV_008807,ORD_008807,CUST_000781,MERCH_0023,299.00,INR,PAID,2026-02-16 04:01:38,2026-03-18 04:01:38
INV_008809,ORD_008809,CUST_001447,MERCH_0001,19.00,CAD,PAID,2026-02-09 05:44:50,2026-03-11 05:44:50
INV_008810,ORD_008810,CUST_004592,MERCH_0003,62.75,GBP,PAID,2026-02-15 12:08:51,2026-03-17 12:08:51
INV_008811,ORD_008811,CUST_001239,MERCH_0023,213.49,GBP,PAID,2026-01-14 12:53:56,2026-02-13 12:53:56
INV_008813,ORD_008813,CUST_003085,MERCH_0041,127.00,EUR,PAID,2026-02-02 06:39:10,2026-03-04 06:39:10
INV_008814,ORD_008814,CUST_001224,MERCH_0089,43.50,USD,PAID,2026-01-09 17:56:37,2026-02-08 17:56:37
INV_008815,ORD_008815,CUST_003316,MERCH_0041,551.49,USD,PAID,2026-01-09 04:21:12,2026-02-08 04:21:12
INV_008816,ORD_008816,CUST_003801,MERCH_0097,38.95,USD,PAID,2026-02-13 13:40:15,2026-03-15 13:40:15
INV_008817,ORD_008817,CUST_001664,MERCH_0078,503.50,EUR,PAID,2026-02-04 21:54:42,2026-03-06 21:54:42
INV_008818,ORD_008818,CUST_000969,MERCH_0041,145.75,GBP,PAID,2026-03-31 04:12:16,2026-04-30 04:12:16
INV_008819,ORD_008819,CUST_001864,MERCH_0084,363.75,EUR,PAID,2026-02-11 19:49:59,2026-03-13 19:49:59
INV_008820,ORD_008820,CUST_001699,MERCH_0021,1264.99,GBP,PAID,2026-01-28 19:47:29,2026-02-27 19:47:29
INV_008821,ORD_008821,CUST_003682,MERCH_0034,60.75,USD,PAID,2026-03-13 04:50:54,2026-04-12 04:50:54
INV_008822,ORD_008822,CUST_000167,MERCH_0037,421.75,USD,PAID,2026-03-22 02:10:11,2026-04-21 02:10:11
INV_008823,ORD_008823,CUST_002970,MERCH_0090,61.99,GBP,PAID,2026-03-30 11:51:47,2026-04-29 11:51:47
INV_008824,ORD_008824,CUST_003991,MERCH_0032,199.80,EUR,PAID,2026-01-07 03:38:55,2026-02-06 03:38:55
INV_008825,ORD_008825,CUST_004547,MERCH_0063,491.50,CAD,PAID,2026-02-16 20:49:10,2026-03-18 20:49:10
INV_008826,ORD_008826,CUST_004368,MERCH_0069,72.75,USD,PAID,2026-03-07 01:09:42,2026-04-06 01:09:42
INV_008827,ORD_008827,CUST_001907,MERCH_0022,66.95,GBP,PAID,2026-03-13 13:12:06,2026-04-12 13:12:06
INV_008828,ORD_008828,CUST_002027,MERCH_0043,312.95,EUR,PAID,2026-03-20 16:26:21,2026-04-19 16:26:21
INV_008829,ORD_008829,CUST_000923,MERCH_0059,1999.00,INR,PAID,2026-02-06 10:58:03,2026-03-08 10:58:03
INV_008830,ORD_008830,CUST_002501,MERCH_0029,1499.00,INR,PAID,2026-02-04 08:31:11,2026-03-06 08:31:11
INV_008831,ORD_008831,CUST_003446,MERCH_0056,231.80,EUR,PAID,2026-03-10 22:36:39,2026-04-09 22:36:39
INV_008832,ORD_008832,CUST_002941,MERCH_0051,418.25,USD,PAID,2026-02-22 12:45:58,2026-03-24 12:45:58
INV_008833,ORD_008833,CUST_002640,MERCH_0072,60.00,GBP,PAID,2026-02-13 04:04:42,2026-03-15 04:04:42
INV_008834,ORD_008834,CUST_004897,MERCH_0011,501.49,EUR,PAID,2026-02-28 09:59:04,2026-03-30 09:59:04
INV_008835,ORD_008835,CUST_002651,MERCH_0053,1823.95,EUR,PAID,2026-02-24 17:00:13,2026-03-26 17:00:13
INV_008836,ORD_008836,CUST_002205,MERCH_0094,60.99,GBP,PAID,2026-02-25 09:50:25,2026-03-27 09:50:25
INV_008837,ORD_008837,CUST_002185,MERCH_0056,15000.00,INR,PAID,2026-03-23 15:50:13,2026-04-22 15:50:13
INV_008838,ORD_008838,CUST_000999,MERCH_0077,59.25,USD,PAID,2026-03-29 06:34:08,2026-04-28 06:34:08
INV_008839,ORD_008839,CUST_003162,MERCH_0052,623.50,EUR,PAID,2026-02-16 09:37:44,2026-03-18 09:37:44
INV_008840,ORD_008840,CUST_004280,MERCH_0003,78.50,CAD,PAID,2026-01-25 23:14:14,2026-02-24 23:14:14
INV_008841,ORD_008841,CUST_003142,MERCH_0045,41.99,GBP,PAID,2026-02-08 21:37:07,2026-03-10 21:37:07
INV_008842,ORD_008842,CUST_001919,MERCH_0011,269.00,EUR,PAID,2026-01-18 08:54:34,2026-02-17 08:54:34
INV_008843,ORD_008843,CUST_001354,MERCH_0020,423.25,USD,PAID,2026-01-23 22:05:37,2026-02-22 22:05:37
INV_008844,ORD_008844,CUST_000748,MERCH_0061,428.75,CAD,PAID,2026-01-19 14:59:28,2026-02-18 14:59:28
INV_008845,ORD_008845,CUST_003719,MERCH_0047,164.99,EUR,PAID,2026-02-26 13:53:54,2026-03-28 13:53:54
INV_008846,ORD_008846,CUST_003834,MERCH_0046,9999.00,INR,PAID,2026-03-12 23:01:38,2026-04-11 23:01:38
INV_008847,ORD_008847,CUST_000611,MERCH_0005,218.80,USD,PAID,2026-01-09 18:07:31,2026-02-08 18:07:31
INV_008848,ORD_008848,CUST_000374,MERCH_0040,2387.25,CAD,PAID,2026-02-10 01:14:01,2026-03-12 01:14:01
INV_008849,ORD_008849,CUST_003875,MERCH_0053,299.00,INR,PAID,2026-01-06 03:22:35,2026-02-05 03:22:35
INV_008851,ORD_008851,CUST_004574,MERCH_0029,521.99,CAD,PAID,2026-03-05 18:32:39,2026-04-04 18:32:39
INV_008852,ORD_008852,CUST_002683,MERCH_0069,2421.00,USD,PAID,2026-03-11 20:05:18,2026-04-10 20:05:18
INV_008853,ORD_008853,CUST_003619,MERCH_0053,155.75,USD,PAID,2026-02-21 02:34:06,2026-03-23 02:34:06
INV_008854,ORD_008854,CUST_001203,MERCH_0040,1499.00,INR,PAID,2026-02-27 21:30:18,2026-03-29 21:30:18
INV_008855,ORD_008855,CUST_004653,MERCH_0030,22.25,GBP,PAID,2026-01-19 20:46:41,2026-02-18 20:46:41
INV_008856,ORD_008856,CUST_002870,MERCH_0096,201.50,EUR,PAID,2026-02-26 09:33:34,2026-03-28 09:33:34
INV_008857,ORD_008857,CUST_004355,MERCH_0087,999.00,INR,PAID,2026-01-17 08:06:19,2026-02-16 08:06:19
INV_008858,ORD_008858,CUST_000017,MERCH_0050,419.80,USD,PAID,2026-03-10 09:06:40,2026-04-09 09:06:40
INV_008859,ORD_008859,CUST_003976,MERCH_0059,16.95,USD,PAID,2026-02-05 09:22:41,2026-03-07 09:22:41
INV_008860,ORD_008860,CUST_003235,MERCH_0022,515.50,GBP,PAID,2026-02-28 17:24:30,2026-03-30 17:24:30
INV_008861,ORD_008861,CUST_001017,MERCH_0032,884.25,EUR,PAID,2026-03-13 05:10:38,2026-04-12 05:10:38
INV_008862,ORD_008862,CUST_001745,MERCH_0017,443.00,EUR,PAID,2026-03-23 19:59:33,2026-04-22 19:59:33
INV_008863,ORD_008863,CUST_000598,MERCH_0038,510.99,GBP,PAID,2026-03-29 17:46:17,2026-04-28 17:46:17
INV_008864,ORD_008864,CUST_003427,MERCH_0056,591.95,CAD,PAID,2026-01-07 19:41:24,2026-02-06 19:41:24
INV_008865,ORD_008865,CUST_000554,MERCH_0059,202.49,EUR,PAID,2026-01-10 16:08:47,2026-02-09 16:08:47
INV_008866,ORD_008866,CUST_004322,MERCH_0003,1524.00,EUR,PAID,2026-03-26 21:41:12,2026-04-25 21:41:12
INV_008867,ORD_008867,CUST_001521,MERCH_0054,3999.00,INR,PAID,2026-02-21 18:19:50,2026-03-23 18:19:50
INV_008868,ORD_008868,CUST_000756,MERCH_0079,16.80,GBP,OVERPAID,2026-01-27 12:04:58,2026-02-26 12:04:58
INV_008869,ORD_008869,CUST_001095,MERCH_0062,58.80,CAD,PAID,2026-01-18 19:33:04,2026-02-17 19:33:04
INV_008870,ORD_008870,CUST_000945,MERCH_0096,132.95,GBP,PAID,2026-03-29 20:30:54,2026-04-28 20:30:54
INV_008871,ORD_008871,CUST_004950,MERCH_0008,530.25,GBP,PAID,2026-01-12 10:57:49,2026-02-11 10:57:49
INV_008872,ORD_008872,CUST_001565,MERCH_0068,181.00,USD,PAID,2026-03-06 19:11:20,2026-04-05 19:11:20
INV_008873,ORD_008873,CUST_002627,MERCH_0031,23.49,USD,PAID,2026-02-17 03:01:38,2026-03-19 03:01:38
INV_008874,ORD_008874,CUST_000025,MERCH_0030,582.50,GBP,PAID,2026-01-08 14:11:08,2026-02-07 14:11:08
INV_008876,ORD_008876,CUST_001683,MERCH_0055,2499.00,INR,PAID,2026-01-05 06:10:12,2026-02-04 06:10:12
INV_008877,ORD_008877,CUST_004845,MERCH_0055,299.00,INR,PAID,2026-01-20 03:43:36,2026-02-19 03:43:36
INV_008878,ORD_008878,CUST_000886,MERCH_0086,240.75,GBP,PAID,2026-03-09 21:19:23,2026-04-08 21:19:23
INV_008879,ORD_008879,CUST_001727,MERCH_0084,346.99,CAD,PAID,2026-01-05 07:19:49,2026-02-04 07:19:49
INV_008880,ORD_008880,CUST_003476,MERCH_0013,72.75,USD,PAID,2026-02-08 13:43:30,2026-03-10 13:43:30
INV_008881,ORD_008881,CUST_004104,MERCH_0068,421.99,USD,PAID,2026-02-09 23:25:31,2026-03-11 23:25:31
INV_008882,ORD_008882,CUST_002712,MERCH_0010,87.99,EUR,OVERPAID,2026-02-17 12:14:28,2026-03-19 12:14:28
INV_008883,ORD_008883,CUST_003686,MERCH_0005,37.49,EUR,PAID,2026-03-16 08:09:42,2026-04-15 08:09:42
INV_008884,ORD_008884,CUST_002403,MERCH_0035,2631.75,EUR,PAID,2026-02-19 10:25:02,2026-03-21 10:25:02
INV_008885,ORD_008885,CUST_002977,MERCH_0042,285.00,USD,PAID,2026-03-02 07:13:01,2026-04-01 07:13:01
INV_008886,ORD_008886,CUST_004567,MERCH_0095,211.80,GBP,PAID,2026-01-11 09:01:40,2026-02-10 09:01:40
INV_008887,ORD_008887,CUST_004729,MERCH_0035,499.00,INR,PAID,2026-01-17 04:26:55,2026-02-16 04:26:55
INV_008888,ORD_008888,CUST_003165,MERCH_0029,295.99,USD,PAID,2026-01-06 00:16:33,2026-02-05 00:16:33
INV_008889,ORD_008889,CUST_004919,MERCH_0061,23.80,GBP,PAID,2026-01-29 10:30:46,2026-02-28 10:30:46
INV_008890,ORD_008890,CUST_003419,MERCH_0051,9999.00,INR,PAID,2026-01-12 10:33:58,2026-02-11 10:33:58
INV_008891,ORD_008891,CUST_004252,MERCH_0092,50.99,EUR,PAID,2026-01-20 08:50:55,2026-02-19 08:50:55
INV_008892,ORD_008892,CUST_001481,MERCH_0095,63.50,EUR,PAID,2026-03-10 12:21:15,2026-04-09 12:21:15
INV_008893,ORD_008893,CUST_001926,MERCH_0024,356.49,EUR,PAID,2026-02-25 13:56:45,2026-03-27 13:56:45
INV_008894,ORD_008894,CUST_001201,MERCH_0031,3999.00,INR,PAID,2026-03-14 14:02:22,2026-04-13 14:02:22
INV_008895,ORD_008895,CUST_004436,MERCH_0054,51.50,USD,PAID,2026-01-21 11:39:16,2026-02-20 11:39:16
INV_008896,ORD_008896,CUST_001658,MERCH_0082,1567.75,USD,PAID,2026-01-18 03:47:48,2026-02-17 03:47:48
INV_008897,ORD_008897,CUST_001903,MERCH_0032,303.49,EUR,PAID,2026-03-17 02:05:30,2026-04-16 02:05:30
INV_008898,ORD_008898,CUST_000960,MERCH_0077,45.75,EUR,PAID,2026-03-12 01:33:08,2026-04-11 01:33:08
INV_008899,ORD_008899,CUST_003024,MERCH_0071,480.80,GBP,PAID,2026-01-16 06:44:35,2026-02-15 06:44:35
INV_008900,ORD_008900,CUST_000284,MERCH_0100,44.25,USD,PAID,2026-02-15 22:46:48,2026-03-17 22:46:48
INV_008901,ORD_008901,CUST_000648,MERCH_0014,2499.00,INR,PAID,2026-03-03 02:46:41,2026-04-02 02:46:41
INV_008902,ORD_008902,CUST_001596,MERCH_0023,46.00,EUR,PAID,2026-02-10 03:43:25,2026-03-12 03:43:25
INV_008903,ORD_008903,CUST_003015,MERCH_0083,144.95,CAD,PAID,2026-01-10 07:38:33,2026-02-09 07:38:33
INV_008904,ORD_008904,CUST_000663,MERCH_0043,497.00,EUR,PAID,2026-01-31 11:39:59,2026-03-02 11:39:59
INV_008905,ORD_008905,CUST_001874,MERCH_0025,41.50,USD,PAID,2026-01-10 20:27:15,2026-02-09 20:27:15
INV_008906,ORD_008906,CUST_001138,MERCH_0090,50.75,GBP,PAID,2026-03-19 18:09:43,2026-04-18 18:09:43
INV_008907,ORD_008907,CUST_000324,MERCH_0055,90.00,CAD,PAID,2026-03-25 02:40:52,2026-04-24 02:40:52
INV_008908,ORD_008908,CUST_004737,MERCH_0076,351.80,GBP,PAID,2026-03-16 22:01:02,2026-04-15 22:01:02
INV_008909,ORD_008909,CUST_003040,MERCH_0065,299.00,INR,PAID,2026-03-17 02:34:10,2026-04-16 02:34:10
INV_008910,ORD_008910,CUST_000213,MERCH_0023,451.50,USD,PAID,2026-02-08 17:58:28,2026-03-10 17:58:28
INV_008911,ORD_008911,CUST_000005,MERCH_0026,189.80,EUR,PAID,2026-02-06 09:39:23,2026-03-08 09:39:23
INV_008912,ORD_008912,CUST_004662,MERCH_0070,799.00,INR,PAID,2026-01-06 17:59:32,2026-02-05 17:59:32
INV_008913,ORD_008913,CUST_000774,MERCH_0066,74.75,USD,PAID,2026-02-27 02:13:08,2026-03-29 02:13:08
INV_008914,ORD_008914,CUST_002976,MERCH_0088,61.25,EUR,PAID,2026-03-14 22:34:10,2026-04-13 22:34:10
INV_008915,ORD_008915,CUST_000224,MERCH_0051,1097.75,USD,PAID,2026-01-21 20:49:42,2026-02-20 20:49:42
INV_008916,ORD_008916,CUST_001686,MERCH_0058,569.75,USD,PAID,2026-03-28 22:22:03,2026-04-27 22:22:03
INV_008917,ORD_008917,CUST_000261,MERCH_0017,58.99,CAD,PAID,2026-03-11 08:48:56,2026-04-10 08:48:56
INV_008918,ORD_008918,CUST_000725,MERCH_0072,1999.00,INR,PAID,2026-01-05 14:17:43,2026-02-04 14:17:43
INV_008919,ORD_008919,CUST_004138,MERCH_0075,240.80,CAD,PAID,2026-03-06 00:37:32,2026-04-05 00:37:32
INV_008920,ORD_008920,CUST_001836,MERCH_0057,999.00,INR,PAID,2026-02-19 14:31:41,2026-03-21 14:31:41
INV_008921,ORD_008921,CUST_001498,MERCH_0026,3455.00,USD,PAID,2026-02-17 18:01:07,2026-03-19 18:01:07
INV_008922,ORD_008922,CUST_002435,MERCH_0006,29.00,USD,PAID,2026-03-01 04:19:17,2026-03-31 04:19:17
INV_008923,ORD_008923,CUST_004497,MERCH_0086,34.25,USD,PAID,2026-02-07 20:00:07,2026-03-09 20:00:07
INV_008924,ORD_008924,CUST_000835,MERCH_0038,3213.00,EUR,PAID,2026-01-18 20:11:05,2026-02-17 20:11:05
INV_008925,ORD_008925,CUST_003086,MERCH_0070,72.00,USD,PAID,2026-02-02 15:25:10,2026-03-04 15:25:10
INV_008926,ORD_008926,CUST_003348,MERCH_0084,615.00,USD,PAID,2026-02-19 09:58:11,2026-03-21 09:58:11
INV_008927,ORD_008927,CUST_003016,MERCH_0035,41.49,USD,PAID,2026-02-04 00:47:23,2026-03-06 00:47:23
INV_008928,ORD_008928,CUST_000720,MERCH_0020,153.49,GBP,PAID,2026-03-09 21:07:01,2026-04-08 21:07:01
INV_008929,ORD_008929,CUST_003068,MERCH_0085,168.75,EUR,PAID,2026-01-30 13:43:57,2026-03-01 13:43:57
INV_008930,ORD_008930,CUST_001580,MERCH_0092,47.95,USD,PAID,2026-03-01 10:32:03,2026-03-31 10:32:03
INV_008931,ORD_008931,CUST_000458,MERCH_0057,999.00,INR,PAID,2026-03-13 18:23:24,2026-04-12 18:23:24
INV_008932,ORD_008932,CUST_001277,MERCH_0087,133.00,EUR,PAID,2026-01-13 23:08:30,2026-02-12 23:08:30
INV_008933,ORD_008933,CUST_002681,MERCH_0021,9999.00,INR,PAID,2026-01-28 16:45:12,2026-02-27 16:45:12
INV_008934,ORD_008934,CUST_000494,MERCH_0069,2109.49,EUR,PAID,2026-01-21 21:25:03,2026-02-20 21:25:03
INV_008935,ORD_008935,CUST_000211,MERCH_0034,472.49,GBP,PAID,2026-03-02 03:07:41,2026-04-01 03:07:41
INV_008936,ORD_008936,CUST_001951,MERCH_0037,35.50,EUR,PAID,2026-01-28 08:01:23,2026-02-27 08:01:23
INV_008937,ORD_008937,CUST_003523,MERCH_0033,2499.00,INR,PAID,2026-02-22 00:12:56,2026-03-24 00:12:56
INV_008938,ORD_008938,CUST_000013,MERCH_0085,650.50,USD,PAID,2026-03-16 03:58:57,2026-04-15 03:58:57
INV_008939,ORD_008939,CUST_004597,MERCH_0066,113.95,USD,PAID,2026-03-09 05:49:15,2026-04-08 05:49:15
INV_008940,ORD_008940,CUST_001875,MERCH_0062,3408.50,CAD,PAID,2026-02-10 11:39:52,2026-03-12 11:39:52
INV_008941,ORD_008941,CUST_003148,MERCH_0056,113.95,EUR,PAID,2026-02-13 16:37:48,2026-03-15 16:37:48
INV_008942,ORD_008942,CUST_004113,MERCH_0023,537.80,USD,PAID,2026-03-10 06:20:12,2026-04-09 06:20:12
INV_008943,ORD_008943,CUST_003378,MERCH_0016,59.80,GBP,PAID,2026-01-29 03:32:27,2026-02-28 03:32:27
INV_008944,ORD_008944,CUST_002050,MERCH_0069,453.50,CAD,PAID,2026-01-29 18:04:43,2026-02-28 18:04:43
INV_008945,ORD_008945,CUST_003861,MERCH_0010,648.50,GBP,PAID,2026-01-28 03:57:41,2026-02-27 03:57:41
INV_008946,ORD_008946,CUST_001208,MERCH_0001,417.00,USD,PAID,2026-01-18 22:36:10,2026-02-17 22:36:10
INV_008947,ORD_008947,CUST_003106,MERCH_0054,1499.00,INR,OVERPAID,2026-03-21 22:07:39,2026-04-20 22:07:39
INV_008948,ORD_008948,CUST_003999,MERCH_0010,78.99,USD,PAID,2026-03-15 12:54:54,2026-04-14 12:54:54
INV_008949,ORD_008949,CUST_004526,MERCH_0050,41.50,USD,PAID,2026-01-17 01:17:29,2026-02-16 01:17:29
INV_008950,ORD_008950,CUST_003819,MERCH_0090,31.00,GBP,PAID,2026-01-22 07:49:12,2026-02-21 07:49:12
INV_008951,ORD_008951,CUST_004951,MERCH_0020,299.00,INR,PAID,2026-01-16 21:10:27,2026-02-15 21:10:27
INV_008952,ORD_008952,CUST_001289,MERCH_0002,23.99,GBP,PAID,2026-02-11 14:31:52,2026-03-13 14:31:52
INV_008953,ORD_008953,CUST_002108,MERCH_0084,3197.99,EUR,PAID,2026-02-16 21:23:38,2026-03-18 21:23:38
INV_008954,ORD_008954,CUST_000458,MERCH_0037,164.80,CAD,PAID,2026-01-05 01:08:16,2026-02-04 01:08:16
INV_008955,ORD_008955,CUST_002675,MERCH_0023,999.00,INR,PAID,2026-02-06 17:22:13,2026-03-08 17:22:13
INV_008956,ORD_008956,CUST_001536,MERCH_0054,137.75,USD,PAID,2026-03-22 10:35:58,2026-04-21 10:35:58
INV_008957,ORD_008957,CUST_004846,MERCH_0022,574.75,GBP,PAID,2026-01-01 18:33:50,2026-01-31 18:33:50
INV_008958,ORD_008958,CUST_002869,MERCH_0100,364.80,EUR,PAID,2026-01-16 12:03:47,2026-02-15 12:03:47
INV_008959,ORD_008959,CUST_003612,MERCH_0083,9999.00,INR,PAID,2026-01-07 16:50:58,2026-02-06 16:50:58
INV_008960,ORD_008960,CUST_001883,MERCH_0094,203.75,EUR,PAID,2026-02-03 06:41:03,2026-03-05 06:41:03
INV_008961,ORD_008961,CUST_002128,MERCH_0090,59.95,EUR,PAID,2026-01-05 21:23:33,2026-02-04 21:23:33
INV_008962,ORD_008962,CUST_004414,MERCH_0086,17.99,GBP,PAID,2026-02-04 07:30:28,2026-03-06 07:30:28
INV_008964,ORD_008964,CUST_002882,MERCH_0023,454.75,CAD,PAID,2026-02-25 13:32:05,2026-03-27 13:32:05
INV_008965,ORD_008965,CUST_001898,MERCH_0037,593.99,USD,PAID,2026-02-22 19:27:02,2026-03-24 19:27:02
INV_008966,ORD_008966,CUST_000222,MERCH_0082,330.75,EUR,PAID,2026-03-23 21:27:53,2026-04-22 21:27:53
INV_008967,ORD_008967,CUST_004306,MERCH_0096,254.75,USD,PAID,2026-01-22 07:41:53,2026-02-21 07:41:53
INV_008968,ORD_008968,CUST_002409,MERCH_0046,999.00,INR,PAID,2026-03-12 18:31:19,2026-04-11 18:31:19
INV_008969,ORD_008969,CUST_004446,MERCH_0017,808.49,CAD,PAID,2026-01-14 04:38:42,2026-02-13 04:38:42
INV_008970,ORD_008970,CUST_000750,MERCH_0023,46.50,CAD,PAID,2026-03-17 01:38:07,2026-04-16 01:38:07
INV_008971,ORD_008971,CUST_001529,MERCH_0047,2817.25,EUR,PAID,2026-03-09 17:26:39,2026-04-08 17:26:39
INV_008972,ORD_008972,CUST_002874,MERCH_0072,499.00,INR,PAID,2026-03-01 04:16:54,2026-03-31 04:16:54
INV_008973,ORD_008973,CUST_001287,MERCH_0066,256.99,CAD,PAID,2026-01-10 20:55:32,2026-02-09 20:55:32
INV_008974,ORD_008974,CUST_004134,MERCH_0059,430.25,GBP,PAID,2026-01-29 06:02:20,2026-02-28 06:02:20
INV_008975,ORD_008975,CUST_001380,MERCH_0028,563.50,CAD,PAID,2026-02-18 09:40:32,2026-03-20 09:40:32
INV_008977,ORD_008977,CUST_000299,MERCH_0074,4999.00,INR,PAID,2026-01-28 21:09:56,2026-02-27 21:09:56
INV_008979,ORD_008979,CUST_004374,MERCH_0098,476.00,USD,PAID,2026-02-21 05:59:39,2026-03-23 05:59:39
INV_008980,ORD_008980,CUST_003425,MERCH_0046,59.49,USD,PAID,2026-02-04 21:37:26,2026-03-06 21:37:26
INV_008981,ORD_008981,CUST_002432,MERCH_0098,60.49,USD,OVERPAID,2026-02-14 22:43:06,2026-03-16 22:43:06
INV_008982,ORD_008982,CUST_001961,MERCH_0070,467.50,EUR,PAID,2026-02-19 05:11:08,2026-03-21 05:11:08
INV_008983,ORD_008983,CUST_003559,MERCH_0045,201.75,USD,PAID,2026-03-23 18:13:16,2026-04-22 18:13:16
INV_008984,ORD_008984,CUST_000605,MERCH_0010,92.25,USD,PAID,2026-01-23 02:09:21,2026-02-22 02:09:21
INV_008985,ORD_008985,CUST_002248,MERCH_0044,70.25,EUR,PAID,2026-03-21 17:37:49,2026-04-20 17:37:49
INV_008986,ORD_008986,CUST_000528,MERCH_0072,499.00,INR,PAID,2026-02-27 04:33:30,2026-03-29 04:33:30
INV_008987,ORD_008987,CUST_003193,MERCH_0036,1530.49,EUR,PAID,2026-02-02 03:04:43,2026-03-04 03:04:43
INV_008988,ORD_008988,CUST_004494,MERCH_0023,1801.25,GBP,PAID,2026-03-06 11:16:59,2026-04-05 11:16:59
INV_008989,ORD_008989,CUST_002901,MERCH_0034,327.95,USD,PAID,2026-02-18 03:43:07,2026-03-20 03:43:07
INV_008990,ORD_008990,CUST_002221,MERCH_0034,173.25,GBP,PAID,2026-01-03 02:56:47,2026-02-02 02:56:47
INV_008991,ORD_008991,CUST_002597,MERCH_0086,222.80,EUR,PAID,2026-02-07 01:40:02,2026-03-09 01:40:02
INV_008992,ORD_008992,CUST_002381,MERCH_0074,22.95,USD,PAID,2026-03-04 21:29:18,2026-04-03 21:29:18
INV_008993,ORD_008993,CUST_000572,MERCH_0099,177.49,EUR,PAID,2026-03-02 01:58:24,2026-04-01 01:58:24
INV_008994,ORD_008994,CUST_000166,MERCH_0086,454.49,EUR,PAID,2026-01-05 03:53:28,2026-02-04 03:53:28
INV_008995,ORD_008995,CUST_000385,MERCH_0100,624.25,EUR,PAID,2026-01-17 17:12:28,2026-02-16 17:12:28
INV_008996,ORD_008996,CUST_001070,MERCH_0061,799.00,INR,PAID,2026-01-23 07:32:40,2026-02-22 07:32:40
INV_008997,ORD_008997,CUST_004573,MERCH_0077,3321.95,GBP,PAID,2026-02-27 19:30:52,2026-03-29 19:30:52
INV_008998,ORD_008998,CUST_003198,MERCH_0071,1499.00,INR,PAID,2026-03-04 15:09:18,2026-04-03 15:09:18
INV_008999,ORD_008999,CUST_003501,MERCH_0080,17.25,EUR,PAID,2026-02-16 08:25:25,2026-03-18 08:25:25
INV_009000,ORD_009000,CUST_001170,MERCH_0085,406.75,USD,PAID,2026-01-13 16:11:45,2026-02-12 16:11:45
INV_009001,ORD_009001,CUST_000004,MERCH_0025,196.00,EUR,PAID,2026-02-14 03:34:19,2026-03-16 03:34:19
INV_009002,ORD_009002,CUST_002064,MERCH_0007,45.80,GBP,PAID,2026-01-01 09:03:41,2026-01-31 09:03:41
INV_009003,ORD_009003,CUST_003303,MERCH_0079,799.00,INR,PAID,2026-01-30 19:15:08,2026-03-01 19:15:08
INV_009004,ORD_009004,CUST_004743,MERCH_0059,53.75,EUR,PAID,2026-01-21 16:15:31,2026-02-20 16:15:31
INV_009005,ORD_009005,CUST_004802,MERCH_0031,38.50,EUR,PAID,2026-03-21 20:15:49,2026-04-20 20:15:49
INV_009006,ORD_009006,CUST_001289,MERCH_0052,414.95,GBP,PAID,2026-01-08 23:06:51,2026-02-07 23:06:51
INV_009007,ORD_009007,CUST_003319,MERCH_0018,511.49,EUR,PAID,2026-02-05 12:31:18,2026-03-07 12:31:18
INV_009008,ORD_009008,CUST_001304,MERCH_0001,474.75,CAD,PAID,2026-03-29 22:44:56,2026-04-28 22:44:56
INV_009009,ORD_009009,CUST_001921,MERCH_0089,433.50,EUR,PAID,2026-02-19 14:11:37,2026-03-21 14:11:37
INV_009010,ORD_009010,CUST_000915,MERCH_0035,599.75,EUR,PAID,2026-01-27 23:48:31,2026-02-26 23:48:31
INV_009011,ORD_009011,CUST_002387,MERCH_0055,622.80,CAD,PAID,2026-03-21 11:34:17,2026-04-20 11:34:17
INV_009012,ORD_009012,CUST_004047,MERCH_0037,635.50,USD,PAID,2026-03-03 00:48:02,2026-04-02 00:48:02
INV_009013,ORD_009013,CUST_002385,MERCH_0020,15.25,USD,OVERPAID,2026-03-26 14:03:55,2026-04-25 14:03:55
INV_009014,ORD_009014,CUST_000902,MERCH_0081,475.50,USD,PAID,2026-01-19 17:21:44,2026-02-18 17:21:44
INV_009015,ORD_009015,CUST_002373,MERCH_0091,18.80,CAD,PAID,2026-01-20 18:19:02,2026-02-19 18:19:02
INV_009016,ORD_009016,CUST_000293,MERCH_0089,360.49,EUR,PAID,2026-02-09 13:23:30,2026-03-11 13:23:30
INV_009017,ORD_009017,CUST_003973,MERCH_0069,617.49,EUR,PAID,2026-02-13 10:32:11,2026-03-15 10:32:11
INV_009018,ORD_009018,CUST_001230,MERCH_0097,480.50,USD,PAID,2026-02-15 02:51:20,2026-03-17 02:51:20
INV_009019,ORD_009019,CUST_001931,MERCH_0021,2722.50,EUR,PAID,2026-01-31 05:48:44,2026-03-02 05:48:44
INV_009020,ORD_009020,CUST_000892,MERCH_0012,799.00,INR,PAID,2026-02-24 16:08:18,2026-03-26 16:08:18
INV_009021,ORD_009021,CUST_004323,MERCH_0021,371.80,USD,PAID,2026-01-31 01:36:56,2026-03-02 01:36:56
INV_009022,ORD_009022,CUST_004678,MERCH_0046,58.00,CAD,PAID,2026-03-14 17:44:58,2026-04-13 17:44:58
INV_009023,ORD_009023,CUST_000943,MERCH_0067,36.95,EUR,PAID,2026-01-11 22:31:16,2026-02-10 22:31:16
INV_009024,ORD_009024,CUST_000903,MERCH_0066,499.00,INR,PAID,2026-02-06 06:46:03,2026-03-08 06:46:03
INV_009025,ORD_009025,CUST_002710,MERCH_0022,282.75,USD,PAID,2026-01-05 17:25:04,2026-02-04 17:25:04
INV_009026,ORD_009026,CUST_002819,MERCH_0013,78.50,GBP,PAID,2026-03-12 23:46:30,2026-04-11 23:46:30
INV_009027,ORD_009027,CUST_004656,MERCH_0056,399.95,GBP,PAID,2026-01-16 12:48:10,2026-02-15 12:48:10
INV_009029,ORD_009029,CUST_001671,MERCH_0047,297.50,GBP,PAID,2026-02-09 08:45:54,2026-03-11 08:45:54
INV_009030,ORD_009030,CUST_002995,MERCH_0021,354.00,GBP,PAID,2026-01-27 06:34:58,2026-02-26 06:34:58
INV_009031,ORD_009031,CUST_003135,MERCH_0041,237.49,CAD,PAID,2026-01-18 01:12:18,2026-02-17 01:12:18
INV_009032,ORD_009032,CUST_002163,MERCH_0082,67.49,EUR,PAID,2026-01-09 07:00:28,2026-02-08 07:00:28
INV_009033,ORD_009033,CUST_000818,MERCH_0089,38.99,USD,PAID,2026-01-31 07:44:25,2026-03-02 07:44:25
INV_009034,ORD_009034,CUST_004706,MERCH_0054,595.49,GBP,PAID,2026-03-08 20:07:11,2026-04-07 20:07:11
INV_009035,ORD_009035,CUST_001387,MERCH_0066,126.99,USD,PAID,2026-02-10 01:34:50,2026-03-12 01:34:50
INV_009036,ORD_009036,CUST_003923,MERCH_0019,587.95,CAD,PAID,2026-01-12 08:14:33,2026-02-11 08:14:33
INV_009037,ORD_009037,CUST_003981,MERCH_0078,24.95,GBP,OVERPAID,2026-01-31 07:44:49,2026-03-02 07:44:49
INV_009038,ORD_009038,CUST_003550,MERCH_0003,2222.95,USD,PAID,2026-02-03 12:47:33,2026-03-05 12:47:33
INV_009039,ORD_009039,CUST_000609,MERCH_0022,16.75,USD,PAID,2026-02-22 03:03:00,2026-03-24 03:03:00
INV_009040,ORD_009040,CUST_001403,MERCH_0010,52.25,GBP,PAID,2026-01-22 12:49:54,2026-02-21 12:49:54
INV_009041,ORD_009041,CUST_002692,MERCH_0051,22.80,USD,PAID,2026-03-25 21:28:06,2026-04-24 21:28:06
INV_009042,ORD_009042,CUST_001591,MERCH_0080,271.95,USD,PAID,2026-03-31 02:45:07,2026-04-30 02:45:07
INV_009043,ORD_009043,CUST_002718,MERCH_0026,67.95,EUR,PAID,2026-01-20 14:57:10,2026-02-19 14:57:10
INV_009044,ORD_009044,CUST_003357,MERCH_0042,50.75,USD,PAID,2026-03-15 13:19:53,2026-04-14 13:19:53
INV_009045,ORD_009045,CUST_000606,MERCH_0051,198.95,USD,PAID,2026-01-13 13:17:41,2026-02-12 13:17:41
INV_009046,ORD_009046,CUST_002699,MERCH_0062,441.50,USD,PAID,2026-02-17 23:16:13,2026-03-19 23:16:13
INV_009047,ORD_009047,CUST_001236,MERCH_0068,43.49,GBP,PAID,2026-01-16 08:58:51,2026-02-15 08:58:51
INV_009048,ORD_009048,CUST_000624,MERCH_0077,35.50,GBP,PAID,2026-01-14 13:28:34,2026-02-13 13:28:34
INV_009049,ORD_009049,CUST_000465,MERCH_0001,78.80,GBP,PAID,2026-03-26 08:42:39,2026-04-25 08:42:39
INV_009051,ORD_009051,CUST_004950,MERCH_0062,131.25,GBP,PAID,2026-02-17 03:03:44,2026-03-19 03:03:44
INV_009052,ORD_009052,CUST_004975,MERCH_0082,15.80,EUR,PAID,2026-02-06 06:54:10,2026-03-08 06:54:10
INV_009053,ORD_009053,CUST_004588,MERCH_0026,64.80,USD,PAID,2026-01-26 16:45:38,2026-02-25 16:45:38
INV_009054,ORD_009054,CUST_004108,MERCH_0033,236.95,GBP,PAID,2026-01-20 12:09:26,2026-02-19 12:09:26
INV_009055,ORD_009055,CUST_000577,MERCH_0013,338.50,USD,PAID,2026-01-18 21:27:31,2026-02-17 21:27:31
INV_009056,ORD_009056,CUST_001369,MERCH_0006,17.95,USD,PAID,2026-02-23 22:39:42,2026-03-25 22:39:42
INV_009057,ORD_009057,CUST_004448,MERCH_0059,176.00,EUR,PAID,2026-01-07 10:22:17,2026-02-06 10:22:17
INV_009059,ORD_009059,CUST_001193,MERCH_0022,77.50,CAD,PAID,2026-03-09 15:08:56,2026-04-08 15:08:56
INV_009060,ORD_009060,CUST_002377,MERCH_0078,206.99,GBP,OVERPAID,2026-02-28 05:20:32,2026-03-30 05:20:32
INV_009061,ORD_009061,CUST_003793,MERCH_0083,15000.00,INR,PAID,2026-01-09 03:31:31,2026-02-08 03:31:31
INV_009062,ORD_009062,CUST_000248,MERCH_0035,47.80,EUR,PAID,2026-02-03 00:07:05,2026-03-05 00:07:05
INV_009063,ORD_009063,CUST_002109,MERCH_0045,999.00,INR,PAID,2026-03-23 23:04:49,2026-04-22 23:04:49
INV_009064,ORD_009064,CUST_002964,MERCH_0020,36.50,EUR,PAID,2026-03-29 02:50:48,2026-04-28 02:50:48
INV_009065,ORD_009065,CUST_004991,MERCH_0041,836.80,USD,PAID,2026-01-01 15:16:48,2026-01-31 15:16:48
INV_009066,ORD_009066,CUST_001204,MERCH_0050,33.00,CAD,PAID,2026-03-27 00:14:44,2026-04-26 00:14:44
INV_009067,ORD_009067,CUST_000077,MERCH_0052,65.80,EUR,PAID,2026-02-16 16:06:07,2026-03-18 16:06:07
INV_009068,ORD_009068,CUST_002285,MERCH_0005,297.49,EUR,PAID,2026-01-23 21:38:50,2026-02-22 21:38:50
INV_009069,ORD_009069,CUST_000665,MERCH_0065,405.95,USD,PAID,2026-03-19 07:52:29,2026-04-18 07:52:29
INV_009070,ORD_009070,CUST_001242,MERCH_0091,1019.75,USD,PAID,2026-03-12 11:54:48,2026-04-11 11:54:48
INV_009071,ORD_009071,CUST_004598,MERCH_0058,618.95,USD,PAID,2026-02-24 12:03:58,2026-03-26 12:03:58
INV_009072,ORD_009072,CUST_000827,MERCH_0088,361.49,EUR,PAID,2026-01-10 05:06:16,2026-02-09 05:06:16
INV_009073,ORD_009073,CUST_003453,MERCH_0072,525.80,GBP,PAID,2026-03-13 11:10:14,2026-04-12 11:10:14
INV_009074,ORD_009074,CUST_002759,MERCH_0042,1937.00,EUR,PAID,2026-03-25 15:48:06,2026-04-24 15:48:06
INV_009075,ORD_009075,CUST_001543,MERCH_0076,45.25,USD,PAID,2026-02-10 20:01:12,2026-03-12 20:01:12
INV_009077,ORD_009077,CUST_003659,MERCH_0018,4999.00,INR,PAID,2026-01-23 07:04:19,2026-02-22 07:04:19
INV_009078,ORD_009078,CUST_000524,MERCH_0063,799.00,INR,PAID,2026-03-31 18:33:07,2026-04-30 18:33:07
INV_009079,ORD_009079,CUST_000644,MERCH_0011,339.75,EUR,PAID,2026-03-09 04:57:20,2026-04-08 04:57:20
INV_009080,ORD_009080,CUST_000423,MERCH_0062,332.50,GBP,PAID,2026-03-26 03:52:03,2026-04-25 03:52:03
INV_009081,ORD_009081,CUST_000121,MERCH_0077,3418.25,GBP,PAID,2026-03-07 16:27:39,2026-04-06 16:27:39
INV_009082,ORD_009082,CUST_001881,MERCH_0077,438.49,GBP,PAID,2026-02-07 20:18:00,2026-03-09 20:18:00
INV_009083,ORD_009083,CUST_002355,MERCH_0094,37.25,EUR,PAID,2026-02-20 00:16:23,2026-03-22 00:16:23
INV_009084,ORD_009084,CUST_002942,MERCH_0028,212.80,CAD,OVERPAID,2026-02-17 21:58:45,2026-03-19 21:58:45
INV_009085,ORD_009085,CUST_003810,MERCH_0022,15000.00,INR,PAID,2026-01-05 22:08:21,2026-02-04 22:08:21
INV_009086,ORD_009086,CUST_003005,MERCH_0025,15000.00,INR,PAID,2026-02-24 04:33:48,2026-03-26 04:33:48
INV_009088,ORD_009088,CUST_000028,MERCH_0048,3084.99,GBP,PAID,2026-03-30 03:48:11,2026-04-29 03:48:11
INV_009089,ORD_009089,CUST_000860,MERCH_0097,3999.00,INR,PAID,2026-01-11 15:55:12,2026-02-10 15:55:12
INV_009090,ORD_009090,CUST_001439,MERCH_0086,165.50,USD,PAID,2026-02-18 06:33:48,2026-03-20 06:33:48
INV_009091,ORD_009091,CUST_004023,MERCH_0040,2499.00,INR,PAID,2026-02-03 02:19:18,2026-03-05 02:19:18
INV_009092,ORD_009092,CUST_004759,MERCH_0019,27.75,EUR,PAID,2026-03-16 02:56:45,2026-04-15 02:56:45
INV_009093,ORD_009093,CUST_004854,MERCH_0013,68.95,USD,PAID,2026-02-08 14:34:23,2026-03-10 14:34:23
INV_009094,ORD_009094,CUST_000335,MERCH_0058,479.00,USD,PAID,2026-03-31 17:16:48,2026-04-30 17:16:48
INV_009095,ORD_009095,CUST_002523,MERCH_0066,70.00,USD,PAID,2026-01-31 06:07:34,2026-03-02 06:07:34
INV_009096,ORD_009096,CUST_003551,MERCH_0055,359.80,USD,PAID,2026-02-03 09:55:14,2026-03-05 09:55:14
INV_009097,ORD_009097,CUST_002896,MERCH_0099,372.25,EUR,PAID,2026-03-02 00:54:53,2026-04-01 00:54:53
INV_009098,ORD_009098,CUST_001295,MERCH_0022,61.80,USD,PAID,2026-02-01 09:11:32,2026-03-03 09:11:32
INV_009099,ORD_009099,CUST_002623,MERCH_0017,255.00,GBP,PAID,2026-02-15 12:03:00,2026-03-17 12:03:00
INV_009100,ORD_009100,CUST_000707,MERCH_0084,299.00,INR,PAID,2026-03-19 20:18:14,2026-04-18 20:18:14
INV_009101,ORD_009101,CUST_002243,MERCH_0063,253.80,EUR,PAID,2026-03-20 17:56:04,2026-04-19 17:56:04
INV_009102,ORD_009102,CUST_003383,MERCH_0088,262.80,GBP,PAID,2026-03-10 20:04:17,2026-04-09 20:04:17
INV_009103,ORD_009103,CUST_004056,MERCH_0038,47.80,USD,PAID,2026-01-30 17:12:52,2026-03-01 17:12:52
INV_009104,ORD_009104,CUST_000885,MERCH_0027,93.49,USD,PAID,2026-03-18 11:33:08,2026-04-17 11:33:08
INV_009105,ORD_009105,CUST_001794,MERCH_0054,499.00,INR,PAID,2026-01-09 00:23:07,2026-02-08 00:23:07
INV_009106,ORD_009106,CUST_000513,MERCH_0061,15000.00,INR,PAID,2026-01-08 09:44:39,2026-02-07 09:44:39
INV_009107,ORD_009107,CUST_000075,MERCH_0057,2189.25,USD,PAID,2026-01-23 15:26:30,2026-02-22 15:26:30
INV_009108,ORD_009108,CUST_003039,MERCH_0003,65.25,EUR,PAID,2026-01-15 08:52:12,2026-02-14 08:52:12
INV_009109,ORD_009109,CUST_004194,MERCH_0019,28.49,GBP,OVERPAID,2026-01-07 02:44:36,2026-02-06 02:44:36
INV_009110,ORD_009110,CUST_003042,MERCH_0086,799.00,INR,PAID,2026-03-18 14:56:04,2026-04-17 14:56:04
INV_009111,ORD_009111,CUST_002171,MERCH_0100,28.95,USD,PAID,2026-03-30 12:06:51,2026-04-29 12:06:51
INV_009112,ORD_009112,CUST_001886,MERCH_0041,1499.00,INR,PAID,2026-02-02 04:11:20,2026-03-04 04:11:20
INV_009113,ORD_009113,CUST_000106,MERCH_0056,83.95,CAD,PAID,2026-02-19 23:22:14,2026-03-21 23:22:14
INV_009114,ORD_009114,CUST_001680,MERCH_0027,147.49,EUR,PAID,2026-02-12 09:09:31,2026-03-14 09:09:31
INV_009116,ORD_009116,CUST_004670,MERCH_0010,71.25,CAD,PAID,2026-02-23 17:35:16,2026-03-25 17:35:16
INV_009117,ORD_009117,CUST_000632,MERCH_0045,50.49,USD,PAID,2026-02-09 22:34:15,2026-03-11 22:34:15
INV_009118,ORD_009118,CUST_004541,MERCH_0021,436.99,EUR,PAID,2026-02-14 06:54:33,2026-03-16 06:54:33
INV_009119,ORD_009119,CUST_000614,MERCH_0007,18.49,EUR,PAID,2026-02-26 11:15:14,2026-03-28 11:15:14
INV_009120,ORD_009120,CUST_000495,MERCH_0064,540.49,EUR,PAID,2026-03-29 23:32:23,2026-04-28 23:32:23
INV_009121,ORD_009121,CUST_002358,MERCH_0059,1559.75,EUR,PAID,2026-02-17 09:27:15,2026-03-19 09:27:15
INV_009122,ORD_009122,CUST_004095,MERCH_0087,533.49,GBP,PAID,2026-02-27 06:43:21,2026-03-29 06:43:21
INV_009123,ORD_009123,CUST_004251,MERCH_0014,71.50,EUR,PAID,2026-02-14 21:30:34,2026-03-16 21:30:34
INV_009124,ORD_009124,CUST_004490,MERCH_0044,63.95,USD,PAID,2026-02-17 20:42:13,2026-03-19 20:42:13
INV_009126,ORD_009126,CUST_002874,MERCH_0066,35.25,CAD,PAID,2026-01-09 20:10:09,2026-02-08 20:10:09
INV_009127,ORD_009127,CUST_000793,MERCH_0013,431.75,EUR,PAID,2026-02-17 22:45:43,2026-03-19 22:45:43
INV_009128,ORD_009128,CUST_003940,MERCH_0033,39.95,USD,PAID,2026-03-10 21:42:11,2026-04-09 21:42:11
INV_009129,ORD_009129,CUST_000835,MERCH_0050,22.80,CAD,PAID,2026-03-10 05:17:56,2026-04-09 05:17:56
INV_009130,ORD_009130,CUST_000087,MERCH_0077,19.80,GBP,OVERPAID,2026-02-18 05:50:38,2026-03-20 05:50:38
INV_009131,ORD_009131,CUST_000186,MERCH_0071,86.75,EUR,PAID,2026-01-24 10:29:32,2026-02-23 10:29:32
INV_009132,ORD_009132,CUST_003346,MERCH_0020,427.49,USD,PAID,2026-03-28 19:49:15,2026-04-27 19:49:15
INV_009133,ORD_009133,CUST_003583,MERCH_0067,580.25,USD,PAID,2026-03-19 00:21:20,2026-04-18 00:21:20
INV_009134,ORD_009134,CUST_004976,MERCH_0035,307.50,USD,PAID,2026-02-24 17:38:23,2026-03-26 17:38:23
INV_009135,ORD_009135,CUST_004502,MERCH_0090,2499.00,INR,PAID,2026-03-21 13:59:17,2026-04-20 13:59:17
INV_009136,ORD_009136,CUST_004715,MERCH_0092,499.00,INR,PAID,2026-03-13 07:48:56,2026-04-12 07:48:56
INV_009137,ORD_009137,CUST_004404,MERCH_0083,253.99,GBP,PAID,2026-03-28 08:54:43,2026-04-27 08:54:43
INV_009138,ORD_009138,CUST_002716,MERCH_0037,335.25,USD,PAID,2026-02-11 01:08:33,2026-03-13 01:08:33
INV_009139,ORD_009139,CUST_002065,MERCH_0026,463.80,CAD,PAID,2026-02-23 19:40:29,2026-03-25 19:40:29
INV_009140,ORD_009140,CUST_002306,MERCH_0058,2033.75,USD,PAID,2026-02-06 03:42:32,2026-03-08 03:42:32
INV_009141,ORD_009141,CUST_003091,MERCH_0053,2212.25,EUR,PAID,2026-03-01 23:41:22,2026-03-31 23:41:22
INV_009142,ORD_009142,CUST_000914,MERCH_0098,307.00,EUR,PAID,2026-02-04 17:29:09,2026-03-06 17:29:09
INV_009143,ORD_009143,CUST_000472,MERCH_0095,499.00,INR,PAID,2026-03-11 12:19:10,2026-04-10 12:19:10
INV_009144,ORD_009144,CUST_003964,MERCH_0014,15000.00,INR,PAID,2026-02-28 18:33:06,2026-03-30 18:33:06
INV_009145,ORD_009145,CUST_004954,MERCH_0099,3385.49,USD,PAID,2026-02-25 06:00:13,2026-03-27 06:00:13
INV_009146,ORD_009146,CUST_001100,MERCH_0001,49.50,EUR,PAID,2026-03-21 14:17:13,2026-04-20 14:17:13
INV_009147,ORD_009147,CUST_003326,MERCH_0065,60.95,CAD,PAID,2026-03-13 00:20:53,2026-04-12 00:20:53
INV_009148,ORD_009148,CUST_004531,MERCH_0069,432.50,EUR,PAID,2026-01-03 08:00:35,2026-02-02 08:00:35
INV_009149,ORD_009149,CUST_003106,MERCH_0070,3404.00,EUR,PAID,2026-02-01 00:04:24,2026-03-03 00:04:24
INV_009150,ORD_009150,CUST_004243,MERCH_0029,320.80,USD,PAID,2026-02-21 23:42:00,2026-03-23 23:42:00
INV_009151,ORD_009151,CUST_000544,MERCH_0018,958.99,EUR,PAID,2026-01-22 03:54:35,2026-02-21 03:54:35
INV_009152,ORD_009152,CUST_001784,MERCH_0074,279.95,EUR,PAID,2026-01-07 17:52:21,2026-02-06 17:52:21
INV_009153,ORD_009153,CUST_004926,MERCH_0061,344.00,GBP,PAID,2026-01-06 09:05:13,2026-02-05 09:05:13
INV_009154,ORD_009154,CUST_003450,MERCH_0013,1055.75,EUR,PAID,2026-03-29 07:14:41,2026-04-28 07:14:41
INV_009155,ORD_009155,CUST_000725,MERCH_0045,314.50,USD,PAID,2026-02-20 23:15:58,2026-03-22 23:15:58
INV_009156,ORD_009156,CUST_003525,MERCH_0034,76.95,CAD,PAID,2026-02-15 00:43:37,2026-03-17 00:43:37
INV_009157,ORD_009157,CUST_003785,MERCH_0006,299.00,INR,PAID,2026-02-02 11:11:38,2026-03-04 11:11:38
INV_009158,ORD_009158,CUST_004935,MERCH_0041,21.80,GBP,PAID,2026-01-22 20:29:46,2026-02-21 20:29:46
INV_009159,ORD_009159,CUST_003789,MERCH_0046,68.25,GBP,PAID,2026-01-28 17:22:04,2026-02-27 17:22:04
INV_009160,ORD_009160,CUST_000307,MERCH_0074,599.95,USD,PAID,2026-02-06 13:53:23,2026-03-08 13:53:23
INV_009161,ORD_009161,CUST_004440,MERCH_0070,71.75,USD,OVERPAID,2026-03-27 09:34:10,2026-04-26 09:34:10
INV_009162,ORD_009162,CUST_001393,MERCH_0100,639.25,CAD,PAID,2026-03-28 03:43:10,2026-04-27 03:43:10
INV_009163,ORD_009163,CUST_000381,MERCH_0021,1999.00,INR,OVERPAID,2026-01-03 03:59:39,2026-02-02 03:59:39
INV_009164,ORD_009164,CUST_003312,MERCH_0011,999.00,INR,PAID,2026-03-12 06:06:35,2026-04-11 06:06:35
INV_009165,ORD_009165,CUST_001064,MERCH_0026,1816.49,EUR,PAID,2026-02-19 13:58:03,2026-03-21 13:58:03
INV_009166,ORD_009166,CUST_004098,MERCH_0005,422.95,GBP,PAID,2026-01-28 18:40:26,2026-02-27 18:40:26
INV_009167,ORD_009167,CUST_002431,MERCH_0071,267.25,EUR,PAID,2026-02-08 20:23:55,2026-03-10 20:23:55
INV_009168,ORD_009168,CUST_004973,MERCH_0012,459.99,CAD,PAID,2026-01-09 06:39:15,2026-02-08 06:39:15
INV_009169,ORD_009169,CUST_000927,MERCH_0052,4999.00,INR,PAID,2026-02-23 12:32:17,2026-03-25 12:32:17
INV_009170,ORD_009170,CUST_004640,MERCH_0046,26.99,GBP,PAID,2026-02-27 00:52:52,2026-03-29 00:52:52
INV_009171,ORD_009171,CUST_001160,MERCH_0058,2578.99,EUR,PAID,2026-03-25 17:06:00,2026-04-24 17:06:00
INV_009172,ORD_009172,CUST_003973,MERCH_0095,9999.00,INR,PAID,2026-03-05 14:25:40,2026-04-04 14:25:40
INV_009173,ORD_009173,CUST_002361,MERCH_0049,76.25,EUR,PAID,2026-02-12 07:29:37,2026-03-14 07:29:37
INV_009174,ORD_009174,CUST_001257,MERCH_0024,799.00,INR,PAID,2026-01-25 12:39:38,2026-02-24 12:39:38
INV_009175,ORD_009175,CUST_002151,MERCH_0091,2686.49,USD,PAID,2026-01-20 00:26:35,2026-02-19 00:26:35
INV_009176,ORD_009176,CUST_003408,MERCH_0096,163.00,USD,PAID,2026-03-29 00:16:17,2026-04-28 00:16:17
INV_009177,ORD_009177,CUST_000299,MERCH_0014,1499.00,INR,PAID,2026-02-10 20:07:37,2026-03-12 20:07:37
INV_009178,ORD_009178,CUST_004286,MERCH_0085,27.00,EUR,PAID,2026-01-07 19:53:20,2026-02-06 19:53:20
INV_009179,ORD_009179,CUST_002550,MERCH_0059,303.75,CAD,PAID,2026-03-30 01:17:53,2026-04-29 01:17:53
INV_009180,ORD_009180,CUST_002351,MERCH_0059,3999.00,INR,PAID,2026-03-03 03:30:41,2026-04-02 03:30:41
INV_009181,ORD_009181,CUST_001795,MERCH_0091,48.80,USD,PAID,2026-02-16 20:36:38,2026-03-18 20:36:38
INV_009182,ORD_009182,CUST_000449,MERCH_0034,61.99,USD,PAID,2026-03-18 02:20:31,2026-04-17 02:20:31
INV_009183,ORD_009183,CUST_002285,MERCH_0099,409.95,USD,PAID,2026-01-12 20:36:13,2026-02-11 20:36:13
INV_009184,ORD_009184,CUST_002307,MERCH_0059,66.49,EUR,PAID,2026-03-20 10:01:13,2026-04-19 10:01:13
INV_009185,ORD_009185,CUST_004814,MERCH_0060,383.99,GBP,PAID,2026-02-25 02:09:06,2026-03-27 02:09:06
INV_009187,ORD_009187,CUST_003181,MERCH_0090,50.00,EUR,PAID,2026-01-24 04:19:47,2026-02-23 04:19:47
INV_009188,ORD_009188,CUST_004351,MERCH_0049,252.49,USD,PAID,2026-03-04 01:59:16,2026-04-03 01:59:16
INV_009189,ORD_009189,CUST_000112,MERCH_0076,230.00,EUR,PAID,2026-03-05 15:44:25,2026-04-04 15:44:25
INV_009190,ORD_009190,CUST_002719,MERCH_0011,19.25,USD,PAID,2026-02-26 05:08:05,2026-03-28 05:08:05
INV_009191,ORD_009191,CUST_002886,MERCH_0041,248.50,CAD,PAID,2026-03-27 22:26:43,2026-04-26 22:26:43
INV_009192,ORD_009192,CUST_000815,MERCH_0034,2412.95,CAD,PAID,2026-02-24 00:29:32,2026-03-26 00:29:32
INV_009193,ORD_009193,CUST_002511,MERCH_0070,299.00,INR,PAID,2026-03-05 01:07:46,2026-04-04 01:07:46
INV_009194,ORD_009194,CUST_003594,MERCH_0017,41.99,CAD,PAID,2026-01-31 15:48:44,2026-03-02 15:48:44
INV_009195,ORD_009195,CUST_000503,MERCH_0002,431.00,USD,PAID,2026-03-16 19:09:17,2026-04-15 19:09:17
INV_009196,ORD_009196,CUST_002173,MERCH_0033,413.99,USD,PAID,2026-03-16 14:49:45,2026-04-15 14:49:45
INV_009197,ORD_009197,CUST_004394,MERCH_0079,54.99,CAD,PAID,2026-01-09 06:30:08,2026-02-08 06:30:08
INV_009198,ORD_009198,CUST_004957,MERCH_0100,50.80,USD,PAID,2026-01-03 17:43:50,2026-02-02 17:43:50
INV_009199,ORD_009199,CUST_004154,MERCH_0002,53.49,EUR,PAID,2026-01-31 05:25:32,2026-03-02 05:25:32
INV_009200,ORD_009200,CUST_002718,MERCH_0004,213.99,EUR,PAID,2026-01-18 03:15:44,2026-02-17 03:15:44
INV_009201,ORD_009201,CUST_001726,MERCH_0003,52.99,USD,PAID,2026-03-06 04:27:51,2026-04-05 04:27:51
INV_009202,ORD_009202,CUST_001884,MERCH_0042,73.50,GBP,PAID,2026-01-15 11:28:11,2026-02-14 11:28:11
INV_009203,ORD_009203,CUST_004935,MERCH_0016,448.75,USD,PAID,2026-03-13 20:41:16,2026-04-12 20:41:16
INV_009204,ORD_009204,CUST_004730,MERCH_0041,494.99,EUR,PAID,2026-02-10 08:59:02,2026-03-12 08:59:02
INV_009205,ORD_009205,CUST_001202,MERCH_0005,2923.95,GBP,PAID,2026-01-14 20:46:49,2026-02-13 20:46:49
INV_009206,ORD_009206,CUST_004387,MERCH_0036,2896.80,EUR,PAID,2026-01-22 02:01:01,2026-02-21 02:01:01
INV_009207,ORD_009207,CUST_000746,MERCH_0062,2499.00,INR,PAID,2026-02-14 02:43:10,2026-03-16 02:43:10
INV_009208,ORD_009208,CUST_001745,MERCH_0019,132.25,EUR,PAID,2026-02-02 20:35:14,2026-03-04 20:35:14
INV_009209,ORD_009209,CUST_002497,MERCH_0030,78.49,USD,PAID,2026-02-18 17:22:29,2026-03-20 17:22:29
INV_009210,ORD_009210,CUST_001824,MERCH_0066,17.99,CAD,PAID,2026-03-18 23:18:33,2026-04-17 23:18:33
INV_009211,ORD_009211,CUST_004924,MERCH_0034,71.25,USD,PAID,2026-02-13 20:37:10,2026-03-15 20:37:10
INV_009213,ORD_009213,CUST_000704,MERCH_0065,48.80,EUR,PAID,2026-03-27 15:06:52,2026-04-26 15:06:52
INV_009214,ORD_009214,CUST_003455,MERCH_0002,794.00,USD,PAID,2026-02-06 09:18:31,2026-03-08 09:18:31
INV_009215,ORD_009215,CUST_003699,MERCH_0081,49.50,CAD,PAID,2026-03-22 13:18:47,2026-04-21 13:18:47
INV_009216,ORD_009216,CUST_001665,MERCH_0020,345.95,USD,PAID,2026-03-03 12:00:34,2026-04-02 12:00:34
INV_009217,ORD_009217,CUST_003914,MERCH_0075,799.00,INR,PAID,2026-02-13 10:41:10,2026-03-15 10:41:10
INV_009218,ORD_009218,CUST_000339,MERCH_0038,799.00,INR,PAID,2026-02-10 21:00:31,2026-03-12 21:00:31
INV_009219,ORD_009219,CUST_004707,MERCH_0016,71.25,GBP,PAID,2026-02-15 10:42:17,2026-03-17 10:42:17
INV_009220,ORD_009220,CUST_003004,MERCH_0050,3206.49,EUR,PAID,2026-03-04 12:39:57,2026-04-03 12:39:57
INV_009221,ORD_009221,CUST_003479,MERCH_0025,285.50,USD,PAID,2026-01-15 05:47:34,2026-02-14 05:47:34
INV_009222,ORD_009222,CUST_001196,MERCH_0084,275.50,USD,PAID,2026-03-31 12:02:50,2026-04-30 12:02:50
INV_009223,ORD_009223,CUST_001602,MERCH_0008,136.95,EUR,PAID,2026-03-18 20:05:26,2026-04-17 20:05:26
INV_009224,ORD_009224,CUST_002469,MERCH_0025,3095.95,EUR,PAID,2026-02-14 12:03:09,2026-03-16 12:03:09
INV_009225,ORD_009225,CUST_000208,MERCH_0047,15000.00,INR,PAID,2026-03-18 01:43:25,2026-04-17 01:43:25
INV_009226,ORD_009226,CUST_000358,MERCH_0086,397.80,EUR,PAID,2026-02-22 21:46:19,2026-03-24 21:46:19
INV_009227,ORD_009227,CUST_004655,MERCH_0041,1088.49,EUR,OVERPAID,2026-03-29 17:20:07,2026-04-28 17:20:07
INV_009228,ORD_009228,CUST_000341,MERCH_0015,75.75,USD,PAID,2026-03-08 05:31:50,2026-04-07 05:31:50
INV_009229,ORD_009229,CUST_004875,MERCH_0023,572.99,CAD,PAID,2026-02-19 23:34:55,2026-03-21 23:34:55
INV_009230,ORD_009230,CUST_002943,MERCH_0046,272.99,USD,PAID,2026-02-21 21:11:44,2026-03-23 21:11:44
INV_009231,ORD_009231,CUST_002124,MERCH_0003,1987.99,GBP,PAID,2026-03-04 00:36:50,2026-04-03 00:36:50
INV_009232,ORD_009232,CUST_001268,MERCH_0017,20.49,USD,PAID,2026-01-22 03:09:02,2026-02-21 03:09:02
INV_009233,ORD_009233,CUST_001129,MERCH_0010,26.95,USD,PAID,2026-03-21 15:13:44,2026-04-20 15:13:44
INV_009234,ORD_009234,CUST_000143,MERCH_0075,1499.00,INR,PAID,2026-01-06 10:50:45,2026-02-05 10:50:45
INV_009235,ORD_009235,CUST_002400,MERCH_0046,17.00,USD,PAID,2026-02-08 17:20:37,2026-03-10 17:20:37
INV_009236,ORD_009236,CUST_001780,MERCH_0049,3037.99,USD,PAID,2026-02-26 13:33:59,2026-03-28 13:33:59
INV_009237,ORD_009237,CUST_004538,MERCH_0054,624.80,USD,PAID,2026-02-26 09:23:16,2026-03-28 09:23:16
INV_009238,ORD_009238,CUST_003790,MERCH_0062,421.95,USD,PAID,2026-01-21 11:55:26,2026-02-20 11:55:26
INV_009239,ORD_009239,CUST_000032,MERCH_0012,496.95,EUR,PAID,2026-02-26 22:18:21,2026-03-28 22:18:21
INV_009240,ORD_009240,CUST_003630,MERCH_0081,20.50,USD,PAID,2026-01-26 22:06:35,2026-02-25 22:06:35
INV_009241,ORD_009241,CUST_004595,MERCH_0049,74.95,GBP,PAID,2026-03-09 19:02:28,2026-04-08 19:02:28
INV_009242,ORD_009242,CUST_000535,MERCH_0073,76.99,USD,OVERPAID,2026-03-15 06:19:24,2026-04-14 06:19:24
INV_009243,ORD_009243,CUST_003954,MERCH_0055,498.99,USD,PAID,2026-01-23 06:24:30,2026-02-22 06:24:30
INV_009244,ORD_009244,CUST_002720,MERCH_0090,467.50,CAD,PAID,2026-01-03 15:07:17,2026-02-02 15:07:17
INV_009245,ORD_009245,CUST_004399,MERCH_0007,315.49,EUR,PAID,2026-01-21 13:28:51,2026-02-20 13:28:51
INV_009246,ORD_009246,CUST_002815,MERCH_0043,36.49,GBP,PAID,2026-03-16 04:07:13,2026-04-15 04:07:13
INV_009247,ORD_009247,CUST_003912,MERCH_0012,302.00,EUR,PAID,2026-01-02 01:46:13,2026-02-01 01:46:13
INV_009248,ORD_009248,CUST_004102,MERCH_0063,2499.00,INR,PAID,2026-01-14 07:36:31,2026-02-13 07:36:31
INV_009249,ORD_009249,CUST_003019,MERCH_0006,24.25,EUR,PAID,2026-01-05 13:33:30,2026-02-04 13:33:30
INV_009250,ORD_009250,CUST_004885,MERCH_0069,2797.25,USD,PAID,2026-02-07 07:57:40,2026-03-09 07:57:40
INV_009251,ORD_009251,CUST_002531,MERCH_0053,133.50,CAD,PAID,2026-01-17 16:30:58,2026-02-16 16:30:58
INV_009252,ORD_009252,CUST_000239,MERCH_0069,614.95,GBP,PAID,2026-03-01 21:28:38,2026-03-31 21:28:38
INV_009253,ORD_009253,CUST_001590,MERCH_0020,542.80,USD,PAID,2026-01-30 16:06:52,2026-03-01 16:06:52
INV_009254,ORD_009254,CUST_000338,MERCH_0063,634.95,USD,PAID,2026-02-21 12:50:34,2026-03-23 12:50:34
INV_009255,ORD_009255,CUST_004917,MERCH_0097,42.50,USD,PAID,2026-01-25 13:45:22,2026-02-24 13:45:22
INV_009256,ORD_009256,CUST_001011,MERCH_0019,1397.00,EUR,PAID,2026-03-04 01:11:45,2026-04-03 01:11:45
INV_009257,ORD_009257,CUST_003173,MERCH_0065,205.75,USD,PAID,2026-02-28 21:17:30,2026-03-30 21:17:30
INV_009258,ORD_009258,CUST_001064,MERCH_0089,26.50,USD,PAID,2026-01-17 01:23:40,2026-02-16 01:23:40
INV_009259,ORD_009259,CUST_001925,MERCH_0093,56.50,USD,PAID,2026-03-20 19:12:34,2026-04-19 19:12:34
INV_009260,ORD_009260,CUST_003604,MERCH_0088,2499.00,INR,PAID,2026-02-19 00:14:19,2026-03-21 00:14:19
INV_009261,ORD_009261,CUST_000356,MERCH_0051,60.75,GBP,PAID,2026-02-12 15:30:39,2026-03-14 15:30:39
INV_009262,ORD_009262,CUST_001679,MERCH_0086,68.50,EUR,PAID,2026-02-23 07:08:06,2026-03-25 07:08:06
INV_009263,ORD_009263,CUST_002413,MERCH_0028,499.00,INR,PAID,2026-01-17 14:37:17,2026-02-16 14:37:17
INV_009264,ORD_009264,CUST_002196,MERCH_0068,29.50,CAD,PAID,2026-03-03 05:51:48,2026-04-02 05:51:48
INV_009265,ORD_009265,CUST_004328,MERCH_0039,1499.00,INR,PAID,2026-02-15 13:50:34,2026-03-17 13:50:34
INV_009266,ORD_009266,CUST_002296,MERCH_0086,186.49,USD,PAID,2026-03-27 11:31:33,2026-04-26 11:31:33
INV_009267,ORD_009267,CUST_001340,MERCH_0065,100.99,USD,PAID,2026-02-03 21:59:22,2026-03-05 21:59:22
INV_009268,ORD_009268,CUST_000988,MERCH_0096,48.99,GBP,PAID,2026-01-28 20:36:51,2026-02-27 20:36:51
INV_009269,ORD_009269,CUST_003532,MERCH_0035,15000.00,INR,PAID,2026-02-19 21:47:38,2026-03-21 21:47:38
INV_009270,ORD_009270,CUST_000590,MERCH_0092,109.75,EUR,PAID,2026-01-29 14:07:16,2026-02-28 14:07:16
INV_009271,ORD_009271,CUST_001228,MERCH_0033,116.00,USD,PAID,2026-01-07 16:30:42,2026-02-06 16:30:42
INV_009272,ORD_009272,CUST_004765,MERCH_0094,63.75,EUR,PAID,2026-02-01 04:13:13,2026-03-03 04:13:13
INV_009273,ORD_009273,CUST_001104,MERCH_0073,25.49,CAD,PAID,2026-01-29 09:31:25,2026-02-28 09:31:25
INV_009274,ORD_009274,CUST_003066,MERCH_0024,33.95,USD,PAID,2026-01-07 17:16:10,2026-02-06 17:16:10
INV_009276,ORD_009276,CUST_001219,MERCH_0047,197.00,USD,PAID,2026-01-04 10:02:06,2026-02-03 10:02:06
INV_009277,ORD_009277,CUST_002626,MERCH_0066,75.75,EUR,PAID,2026-01-26 18:25:06,2026-02-25 18:25:06
INV_009278,ORD_009278,CUST_003608,MERCH_0062,23.80,EUR,PAID,2026-03-04 15:46:31,2026-04-03 15:46:31
INV_009279,ORD_009279,CUST_003634,MERCH_0026,157.75,GBP,PAID,2026-02-10 11:47:13,2026-03-12 11:47:13
INV_009280,ORD_009280,CUST_000357,MERCH_0024,563.25,GBP,PAID,2026-02-16 06:00:33,2026-03-18 06:00:33
INV_009281,ORD_009281,CUST_004733,MERCH_0076,799.00,INR,PAID,2026-03-26 00:14:22,2026-04-25 00:14:22
INV_009282,ORD_009282,CUST_004372,MERCH_0060,19.49,USD,PAID,2026-02-09 15:16:09,2026-03-11 15:16:09
INV_009283,ORD_009283,CUST_004710,MERCH_0004,70.49,EUR,PAID,2026-01-03 00:20:07,2026-02-02 00:20:07
INV_009284,ORD_009284,CUST_004239,MERCH_0065,299.00,INR,PAID,2026-01-24 01:47:46,2026-02-23 01:47:46
INV_009285,ORD_009285,CUST_003998,MERCH_0070,478.95,USD,PAID,2026-01-16 07:50:31,2026-02-15 07:50:31
INV_009286,ORD_009286,CUST_004539,MERCH_0072,127.00,EUR,PAID,2026-01-18 16:08:19,2026-02-17 16:08:19
INV_009287,ORD_009287,CUST_001240,MERCH_0070,78.00,CAD,PAID,2026-02-08 23:48:45,2026-03-10 23:48:45
INV_009288,ORD_009288,CUST_002120,MERCH_0057,41.99,USD,PAID,2026-03-22 07:30:22,2026-04-21 07:30:22
INV_009289,ORD_009289,CUST_001777,MERCH_0030,62.95,USD,PAID,2026-03-20 22:01:10,2026-04-19 22:01:10
INV_009290,ORD_009290,CUST_003354,MERCH_0019,71.80,USD,PAID,2026-01-26 20:35:03,2026-02-25 20:35:03
INV_009291,ORD_009291,CUST_002267,MERCH_0094,240.75,USD,PAID,2026-02-17 19:49:00,2026-03-19 19:49:00
INV_009293,ORD_009293,CUST_001243,MERCH_0080,350.95,GBP,OVERPAID,2026-02-09 12:41:16,2026-03-11 12:41:16
INV_009294,ORD_009294,CUST_000519,MERCH_0014,25.49,EUR,PAID,2026-02-10 20:06:27,2026-03-12 20:06:27
INV_009295,ORD_009295,CUST_000305,MERCH_0059,458.00,USD,PAID,2026-02-18 02:08:45,2026-03-20 02:08:45
INV_009296,ORD_009296,CUST_003800,MERCH_0086,552.95,CAD,PAID,2026-01-27 18:43:30,2026-02-26 18:43:30
INV_009297,ORD_009297,CUST_003271,MERCH_0009,64.25,USD,PAID,2026-01-15 20:39:42,2026-02-14 20:39:42
INV_009298,ORD_009298,CUST_003249,MERCH_0014,3382.49,GBP,PAID,2026-03-22 20:55:38,2026-04-21 20:55:38
INV_009299,ORD_009299,CUST_002248,MERCH_0057,1457.95,USD,PAID,2026-01-11 17:18:27,2026-02-10 17:18:27
INV_009300,ORD_009300,CUST_001467,MERCH_0053,570.80,GBP,PAID,2026-01-16 03:07:29,2026-02-15 03:07:29
INV_009301,ORD_009301,CUST_002025,MERCH_0050,103.00,GBP,PAID,2026-03-20 14:35:31,2026-04-19 14:35:31
INV_009302,ORD_009302,CUST_000391,MERCH_0047,174.75,USD,PAID,2026-03-02 11:34:05,2026-04-01 11:34:05
INV_009303,ORD_009303,CUST_001375,MERCH_0030,1999.00,INR,PAID,2026-01-10 12:47:10,2026-02-09 12:47:10
INV_009304,ORD_009304,CUST_000356,MERCH_0077,72.80,GBP,PAID,2026-03-09 18:34:49,2026-04-08 18:34:49
INV_009305,ORD_009305,CUST_001754,MERCH_0027,3078.75,USD,PAID,2026-02-15 22:46:59,2026-03-17 22:46:59
INV_009306,ORD_009306,CUST_003993,MERCH_0088,60.00,EUR,PAID,2026-03-21 13:06:18,2026-04-20 13:06:18
INV_009307,ORD_009307,CUST_003872,MERCH_0073,49.80,CAD,PAID,2026-01-06 23:30:50,2026-02-05 23:30:50
INV_009308,ORD_009308,CUST_000111,MERCH_0054,327.49,USD,PAID,2026-02-08 04:03:13,2026-03-10 04:03:13
INV_009309,ORD_009309,CUST_002958,MERCH_0009,543.50,USD,PAID,2026-02-06 11:17:27,2026-03-08 11:17:27
INV_009310,ORD_009310,CUST_004143,MERCH_0074,49.99,EUR,PAID,2026-01-27 17:09:38,2026-02-26 17:09:38
INV_009311,ORD_009311,CUST_004440,MERCH_0052,3468.75,CAD,OVERPAID,2026-02-19 04:10:22,2026-03-21 04:10:22
INV_009312,ORD_009312,CUST_003037,MERCH_0009,22.25,GBP,PAID,2026-02-06 10:41:39,2026-03-08 10:41:39
INV_009313,ORD_009313,CUST_004097,MERCH_0032,73.99,EUR,PAID,2026-03-31 09:44:02,2026-04-30 09:44:02
INV_009314,ORD_009314,CUST_000657,MERCH_0049,58.80,GBP,OVERPAID,2026-03-13 04:00:50,2026-04-12 04:00:50
INV_009315,ORD_009315,CUST_000939,MERCH_0050,580.00,CAD,PAID,2026-01-17 22:03:42,2026-02-16 22:03:42
INV_009316,ORD_009316,CUST_003763,MERCH_0082,25.50,USD,PAID,2026-03-08 18:24:19,2026-04-07 18:24:19
INV_009317,ORD_009317,CUST_002809,MERCH_0020,71.95,GBP,PAID,2026-01-08 22:03:11,2026-02-07 22:03:11
INV_009318,ORD_009318,CUST_000964,MERCH_0083,75.95,EUR,PAID,2026-01-18 11:18:04,2026-02-17 11:18:04
INV_009319,ORD_009319,CUST_000124,MERCH_0054,496.25,USD,PAID,2026-01-21 05:57:44,2026-02-20 05:57:44
INV_009321,ORD_009321,CUST_003043,MERCH_0049,441.49,EUR,PAID,2026-02-13 06:45:12,2026-03-15 06:45:12
INV_009322,ORD_009322,CUST_001611,MERCH_0027,596.00,EUR,PAID,2026-03-03 15:40:27,2026-04-02 15:40:27
INV_009323,ORD_009323,CUST_000579,MERCH_0079,565.25,EUR,PAID,2026-01-20 21:23:13,2026-02-19 21:23:13
INV_009324,ORD_009324,CUST_000387,MERCH_0029,210.99,USD,PAID,2026-02-16 18:09:51,2026-03-18 18:09:51
INV_009325,ORD_009325,CUST_002860,MERCH_0039,2499.00,INR,PAID,2026-03-31 22:45:22,2026-04-30 22:45:22
INV_009326,ORD_009326,CUST_004471,MERCH_0025,2066.49,USD,PAID,2026-01-09 07:30:21,2026-02-08 07:30:21
INV_009327,ORD_009327,CUST_002741,MERCH_0010,51.49,USD,PAID,2026-02-03 16:35:07,2026-03-05 16:35:07
INV_009328,ORD_009328,CUST_004898,MERCH_0070,69.25,EUR,PAID,2026-01-17 14:04:01,2026-02-16 14:04:01
INV_009329,ORD_009329,CUST_002962,MERCH_0012,58.50,USD,PAID,2026-01-01 16:56:29,2026-01-31 16:56:29
INV_009330,ORD_009330,CUST_000158,MERCH_0095,799.00,INR,PAID,2026-03-23 11:58:11,2026-04-22 11:58:11
INV_009331,ORD_009331,CUST_000995,MERCH_0032,2220.49,EUR,PAID,2026-01-27 16:00:29,2026-02-26 16:00:29
INV_009332,ORD_009332,CUST_002695,MERCH_0077,632.00,EUR,PAID,2026-03-02 09:09:33,2026-04-01 09:09:33
INV_009333,ORD_009333,CUST_004336,MERCH_0041,157.75,EUR,PAID,2026-03-06 13:00:14,2026-04-05 13:00:14
INV_009334,ORD_009334,CUST_002907,MERCH_0037,63.49,GBP,PAID,2026-03-30 15:03:20,2026-04-29 15:03:20
INV_009336,ORD_009336,CUST_000158,MERCH_0002,42.00,USD,PAID,2026-03-10 00:45:14,2026-04-09 00:45:14
INV_009337,ORD_009337,CUST_004062,MERCH_0084,21.25,GBP,PAID,2026-02-19 16:34:28,2026-03-21 16:34:28
INV_009338,ORD_009338,CUST_002243,MERCH_0003,486.25,USD,PAID,2026-03-17 20:13:39,2026-04-16 20:13:39
INV_009339,ORD_009339,CUST_004995,MERCH_0025,15000.00,INR,OVERPAID,2026-02-20 07:02:02,2026-03-22 07:02:02
INV_009340,ORD_009340,CUST_000831,MERCH_0028,36.95,USD,PAID,2026-01-17 01:49:08,2026-02-16 01:49:08
INV_009341,ORD_009341,CUST_004194,MERCH_0051,9999.00,INR,PAID,2026-03-09 20:22:36,2026-04-08 20:22:36
INV_009342,ORD_009342,CUST_000478,MERCH_0067,24.00,USD,PAID,2026-01-15 11:12:51,2026-02-14 11:12:51
INV_009343,ORD_009343,CUST_000823,MERCH_0060,30.75,EUR,PAID,2026-02-28 02:20:19,2026-03-30 02:20:19
INV_009344,ORD_009344,CUST_004152,MERCH_0096,9999.00,INR,PAID,2026-03-11 05:06:28,2026-04-10 05:06:28
INV_009345,ORD_009345,CUST_003779,MERCH_0013,2589.25,EUR,PAID,2026-02-16 11:34:16,2026-03-18 11:34:16
INV_009346,ORD_009346,CUST_004427,MERCH_0021,9999.00,INR,PAID,2026-01-22 19:02:14,2026-02-21 19:02:14
INV_009347,ORD_009347,CUST_002766,MERCH_0032,21.99,GBP,PAID,2026-03-17 11:58:10,2026-04-16 11:58:10
INV_009348,ORD_009348,CUST_004017,MERCH_0003,576.00,USD,PAID,2026-03-16 15:50:01,2026-04-15 15:50:01
INV_009349,ORD_009349,CUST_002275,MERCH_0018,216.49,USD,PAID,2026-03-04 11:02:09,2026-04-03 11:02:09
INV_009350,ORD_009350,CUST_002206,MERCH_0096,74.75,USD,PAID,2026-01-05 01:43:37,2026-02-04 01:43:37
INV_009351,ORD_009351,CUST_003641,MERCH_0051,36.00,CAD,PAID,2026-02-05 17:33:27,2026-03-07 17:33:27
INV_009352,ORD_009352,CUST_004083,MERCH_0075,705.25,USD,PAID,2026-02-01 01:58:34,2026-03-03 01:58:34
INV_009353,ORD_009353,CUST_004453,MERCH_0020,55.95,USD,PAID,2026-01-07 23:34:02,2026-02-06 23:34:02
INV_009354,ORD_009354,CUST_000586,MERCH_0049,563.75,GBP,PAID,2026-01-28 02:33:48,2026-02-27 02:33:48
INV_009355,ORD_009355,CUST_004862,MERCH_0050,3210.50,EUR,PAID,2026-03-05 09:49:49,2026-04-04 09:49:49
INV_009356,ORD_009356,CUST_003255,MERCH_0015,612.49,USD,PAID,2026-02-18 03:52:50,2026-03-20 03:52:50
INV_009357,ORD_009357,CUST_002934,MERCH_0092,65.25,EUR,PAID,2026-03-13 14:32:29,2026-04-12 14:32:29
INV_009358,ORD_009358,CUST_000922,MERCH_0071,72.95,USD,PAID,2026-01-05 09:14:48,2026-02-04 09:14:48
INV_009359,ORD_009359,CUST_004031,MERCH_0039,172.80,GBP,PAID,2026-03-31 22:51:13,2026-04-30 22:51:13
INV_009360,ORD_009360,CUST_002032,MERCH_0032,61.50,EUR,PAID,2026-01-02 05:58:36,2026-02-01 05:58:36
INV_009361,ORD_009361,CUST_003955,MERCH_0060,210.95,USD,PAID,2026-03-20 00:15:05,2026-04-19 00:15:05
INV_009362,ORD_009362,CUST_000286,MERCH_0095,2939.25,GBP,PAID,2026-03-22 09:36:29,2026-04-21 09:36:29
INV_009363,ORD_009363,CUST_004537,MERCH_0085,273.80,CAD,PAID,2026-02-10 01:36:37,2026-03-12 01:36:37
INV_009364,ORD_009364,CUST_001094,MERCH_0074,9999.00,INR,PAID,2026-03-18 17:45:33,2026-04-17 17:45:33
INV_009365,ORD_009365,CUST_004611,MERCH_0031,57.50,USD,PAID,2026-03-16 18:17:36,2026-04-15 18:17:36
INV_009366,ORD_009366,CUST_002957,MERCH_0086,41.00,EUR,PAID,2026-02-28 07:30:37,2026-03-30 07:30:37
INV_009367,ORD_009367,CUST_001678,MERCH_0030,80.49,USD,PAID,2026-03-24 23:03:24,2026-04-23 23:03:24
INV_009368,ORD_009368,CUST_004257,MERCH_0093,41.50,GBP,PAID,2026-03-11 14:04:38,2026-04-10 14:04:38
INV_009369,ORD_009369,CUST_001155,MERCH_0088,299.00,INR,PAID,2026-01-02 11:45:53,2026-02-01 11:45:53
INV_009370,ORD_009370,CUST_002099,MERCH_0037,256.25,GBP,PAID,2026-02-21 21:47:33,2026-03-23 21:47:33
INV_009371,ORD_009371,CUST_002140,MERCH_0096,398.49,CAD,PAID,2026-03-26 18:20:07,2026-04-25 18:20:07
INV_009372,ORD_009372,CUST_002162,MERCH_0028,1531.50,GBP,PAID,2026-03-08 22:36:40,2026-04-07 22:36:40
INV_009373,ORD_009373,CUST_003399,MERCH_0025,1343.95,USD,PAID,2026-02-25 18:04:27,2026-03-27 18:04:27
INV_009374,ORD_009374,CUST_002701,MERCH_0022,73.95,GBP,PAID,2026-01-09 11:41:03,2026-02-08 11:41:03
INV_009375,ORD_009375,CUST_002850,MERCH_0099,2499.00,INR,PAID,2026-02-18 18:29:19,2026-03-20 18:29:19
INV_009376,ORD_009376,CUST_003717,MERCH_0028,183.50,EUR,PAID,2026-01-29 19:00:47,2026-02-28 19:00:47
INV_009377,ORD_009377,CUST_004167,MERCH_0045,224.75,GBP,PAID,2026-03-16 02:40:50,2026-04-15 02:40:50
INV_009378,ORD_009378,CUST_003602,MERCH_0011,45.95,USD,PAID,2026-01-17 16:31:42,2026-02-16 16:31:42
INV_009379,ORD_009379,CUST_001390,MERCH_0080,796.49,USD,PAID,2026-02-13 18:50:02,2026-03-15 18:50:02
INV_009380,ORD_009380,CUST_002975,MERCH_0003,999.00,INR,PAID,2026-02-03 16:31:52,2026-03-05 16:31:52
INV_009381,ORD_009381,CUST_000267,MERCH_0085,669.50,USD,PAID,2026-02-27 07:30:57,2026-03-29 07:30:57
INV_009382,ORD_009382,CUST_003742,MERCH_0085,402.00,GBP,PAID,2026-02-22 06:50:04,2026-03-24 06:50:04
INV_009383,ORD_009383,CUST_002167,MERCH_0027,78.00,EUR,PAID,2026-01-16 17:41:47,2026-02-15 17:41:47
INV_009384,ORD_009384,CUST_000087,MERCH_0061,551.25,EUR,PAID,2026-03-11 13:39:18,2026-04-10 13:39:18
INV_009385,ORD_009385,CUST_004310,MERCH_0040,499.00,INR,PAID,2026-03-06 23:17:17,2026-04-05 23:17:17
INV_009386,ORD_009386,CUST_000544,MERCH_0032,20.25,EUR,PAID,2026-01-18 09:07:17,2026-02-17 09:07:17
INV_009387,ORD_009387,CUST_003466,MERCH_0082,1923.99,EUR,PAID,2026-02-19 00:54:11,2026-03-21 00:54:11
INV_009388,ORD_009388,CUST_002872,MERCH_0085,520.75,EUR,PAID,2026-03-06 07:14:34,2026-04-05 07:14:34
INV_009389,ORD_009389,CUST_001158,MERCH_0016,464.25,EUR,PAID,2026-02-04 05:38:16,2026-03-06 05:38:16
INV_009390,ORD_009390,CUST_000364,MERCH_0034,30.75,EUR,PAID,2026-02-26 21:37:58,2026-03-28 21:37:58
INV_009391,ORD_009391,CUST_000375,MERCH_0005,54.95,USD,PAID,2026-02-13 15:58:59,2026-03-15 15:58:59
INV_009392,ORD_009392,CUST_000178,MERCH_0060,4999.00,INR,PAID,2026-03-12 04:15:32,2026-04-11 04:15:32
INV_009393,ORD_009393,CUST_000443,MERCH_0050,292.00,EUR,PAID,2026-01-15 04:28:23,2026-02-14 04:28:23
INV_009394,ORD_009394,CUST_002053,MERCH_0027,1790.95,USD,PAID,2026-02-16 08:39:37,2026-03-18 08:39:37
INV_009396,ORD_009396,CUST_001989,MERCH_0083,640.00,EUR,PAID,2026-01-18 17:14:55,2026-02-17 17:14:55
INV_009397,ORD_009397,CUST_004213,MERCH_0093,799.00,INR,PAID,2026-03-19 21:45:32,2026-04-18 21:45:32
INV_009398,ORD_009398,CUST_004516,MERCH_0066,17.50,EUR,PAID,2026-03-18 11:57:33,2026-04-17 11:57:33
INV_009399,ORD_009399,CUST_003339,MERCH_0085,305.95,GBP,PAID,2026-02-17 16:16:51,2026-03-19 16:16:51
INV_009400,ORD_009400,CUST_000905,MERCH_0002,53.75,CAD,PAID,2026-03-13 10:22:52,2026-04-12 10:22:52
INV_009401,ORD_009401,CUST_002325,MERCH_0009,18.00,GBP,PAID,2026-02-05 16:11:38,2026-03-07 16:11:38
INV_009403,ORD_009403,CUST_003912,MERCH_0074,21.49,CAD,PAID,2026-01-16 23:33:56,2026-02-15 23:33:56
INV_009404,ORD_009404,CUST_001731,MERCH_0062,50.75,GBP,PAID,2026-01-06 05:04:36,2026-02-05 05:04:36
INV_009405,ORD_009405,CUST_004790,MERCH_0025,25.49,GBP,PAID,2026-01-29 22:48:06,2026-02-28 22:48:06
INV_009406,ORD_009406,CUST_001060,MERCH_0060,57.99,USD,PAID,2026-03-27 03:53:21,2026-04-26 03:53:21
INV_009407,ORD_009407,CUST_002350,MERCH_0041,2323.95,USD,PAID,2026-03-19 10:11:18,2026-04-18 10:11:18
INV_009408,ORD_009408,CUST_000369,MERCH_0002,68.75,CAD,PAID,2026-03-21 21:57:04,2026-04-20 21:57:04
INV_009409,ORD_009409,CUST_001669,MERCH_0053,3458.00,USD,PAID,2026-03-04 03:35:02,2026-04-03 03:35:02
INV_009410,ORD_009410,CUST_001886,MERCH_0019,483.75,USD,PAID,2026-02-03 03:12:01,2026-03-05 03:12:01
INV_009411,ORD_009411,CUST_004356,MERCH_0002,417.00,EUR,PAID,2026-01-03 06:52:54,2026-02-02 06:52:54
INV_009412,ORD_009412,CUST_002404,MERCH_0068,247.49,EUR,PAID,2026-02-14 22:16:28,2026-03-16 22:16:28
INV_009413,ORD_009413,CUST_002068,MERCH_0022,33.80,USD,PAID,2026-01-08 14:35:21,2026-02-07 14:35:21
INV_009414,ORD_009414,CUST_001135,MERCH_0040,2499.00,INR,PAID,2026-01-09 02:35:31,2026-02-08 02:35:31
INV_009415,ORD_009415,CUST_000599,MERCH_0098,326.99,USD,PAID,2026-03-06 15:27:44,2026-04-05 15:27:44
INV_009416,ORD_009416,CUST_002197,MERCH_0022,1999.00,INR,PAID,2026-03-19 11:24:45,2026-04-18 11:24:45
INV_009417,ORD_009417,CUST_004136,MERCH_0025,60.95,EUR,PAID,2026-01-13 21:41:09,2026-02-12 21:41:09
INV_009418,ORD_009418,CUST_003171,MERCH_0048,54.50,EUR,PAID,2026-01-14 05:49:58,2026-02-13 05:49:58
INV_009419,ORD_009419,CUST_000456,MERCH_0055,246.80,EUR,PAID,2026-02-03 01:27:44,2026-03-05 01:27:44
INV_009420,ORD_009420,CUST_001094,MERCH_0081,42.75,USD,PAID,2026-03-02 22:08:31,2026-04-01 22:08:31
INV_009421,ORD_009421,CUST_003355,MERCH_0060,73.95,EUR,PAID,2026-01-22 17:14:23,2026-02-21 17:14:23
INV_009422,ORD_009422,CUST_003368,MERCH_0065,255.25,USD,OVERPAID,2026-02-16 08:11:30,2026-03-18 08:11:30
INV_009423,ORD_009423,CUST_003115,MERCH_0071,453.80,USD,PAID,2026-01-01 16:08:20,2026-01-31 16:08:20
INV_009424,ORD_009424,CUST_003477,MERCH_0038,4999.00,INR,PAID,2026-02-18 13:48:27,2026-03-20 13:48:27
INV_009425,ORD_009425,CUST_003318,MERCH_0036,1054.95,EUR,PAID,2026-01-16 16:22:07,2026-02-15 16:22:07
INV_009426,ORD_009426,CUST_004507,MERCH_0014,9999.00,INR,PAID,2026-02-08 20:49:40,2026-03-10 20:49:40
INV_009427,ORD_009427,CUST_003561,MERCH_0086,75.75,USD,PAID,2026-01-12 01:02:50,2026-02-11 01:02:50
INV_009428,ORD_009428,CUST_004429,MERCH_0011,999.00,INR,PAID,2026-04-01 02:28:26,2026-05-01 02:28:26
INV_009429,ORD_009429,CUST_003420,MERCH_0037,558.25,USD,PAID,2026-03-28 22:18:33,2026-04-27 22:18:33
INV_009430,ORD_009430,CUST_003872,MERCH_0090,78.95,USD,PAID,2026-02-25 07:25:12,2026-03-27 07:25:12
INV_009431,ORD_009431,CUST_004577,MERCH_0036,51.49,GBP,PAID,2026-03-19 02:35:18,2026-04-18 02:35:18
INV_009432,ORD_009432,CUST_002521,MERCH_0065,58.49,GBP,PAID,2026-02-25 00:04:05,2026-03-27 00:04:05
INV_009433,ORD_009433,CUST_002467,MERCH_0010,630.50,CAD,PAID,2026-02-09 00:11:54,2026-03-11 00:11:54
INV_009434,ORD_009434,CUST_002653,MERCH_0017,186.75,EUR,PAID,2026-03-04 02:43:07,2026-04-03 02:43:07
INV_009435,ORD_009435,CUST_001640,MERCH_0083,161.75,EUR,PAID,2026-03-18 07:26:08,2026-04-17 07:26:08
INV_009436,ORD_009436,CUST_003138,MERCH_0037,9999.00,INR,PAID,2026-01-29 09:48:27,2026-02-28 09:48:27
INV_009437,ORD_009437,CUST_000551,MERCH_0016,1999.00,INR,PAID,2026-01-06 17:21:21,2026-02-05 17:21:21
INV_009438,ORD_009438,CUST_003985,MERCH_0069,28.99,USD,PAID,2026-02-16 20:48:09,2026-03-18 20:48:09
INV_009439,ORD_009439,CUST_000324,MERCH_0083,52.75,USD,PAID,2026-02-22 22:54:26,2026-03-24 22:54:26
INV_009440,ORD_009440,CUST_003013,MERCH_0083,143.80,GBP,PAID,2026-02-01 21:02:36,2026-03-03 21:02:36
INV_009441,ORD_009441,CUST_000337,MERCH_0062,2434.95,GBP,PAID,2026-03-18 08:20:55,2026-04-17 08:20:55
INV_009442,ORD_009442,CUST_004557,MERCH_0047,1543.95,GBP,PAID,2026-01-03 06:23:27,2026-02-02 06:23:27
INV_009443,ORD_009443,CUST_000337,MERCH_0074,1499.00,INR,PAID,2026-02-15 12:15:51,2026-03-17 12:15:51
INV_009444,ORD_009444,CUST_002325,MERCH_0020,513.50,USD,PAID,2026-01-12 10:43:02,2026-02-11 10:43:02
INV_009445,ORD_009445,CUST_004956,MERCH_0068,3139.95,GBP,PAID,2026-01-06 07:34:16,2026-02-05 07:34:16
INV_009446,ORD_009446,CUST_000102,MERCH_0073,162.95,USD,PAID,2026-01-14 23:41:30,2026-02-13 23:41:30
INV_009447,ORD_009447,CUST_003536,MERCH_0018,267.80,GBP,PAID,2026-02-21 03:01:26,2026-03-23 03:01:26
INV_009448,ORD_009448,CUST_001051,MERCH_0081,29.75,GBP,PAID,2026-01-29 12:50:27,2026-02-28 12:50:27
INV_009449,ORD_009449,CUST_004202,MERCH_0030,326.49,USD,PAID,2026-02-15 17:22:33,2026-03-17 17:22:33
INV_009450,ORD_009450,CUST_004183,MERCH_0056,326.75,GBP,PAID,2026-02-16 11:00:07,2026-03-18 11:00:07
INV_009451,ORD_009451,CUST_004612,MERCH_0062,54.25,CAD,PAID,2026-01-14 04:32:54,2026-02-13 04:32:54
INV_009452,ORD_009452,CUST_004296,MERCH_0024,434.50,CAD,PAID,2026-03-03 16:22:54,2026-04-02 16:22:54
INV_009453,ORD_009453,CUST_004571,MERCH_0073,151.00,EUR,PAID,2026-03-03 06:41:10,2026-04-02 06:41:10
INV_009454,ORD_009454,CUST_002932,MERCH_0033,1499.00,INR,PAID,2026-01-19 01:39:31,2026-02-18 01:39:31
INV_009455,ORD_009455,CUST_000123,MERCH_0012,370.49,GBP,PAID,2026-02-21 20:10:47,2026-03-23 20:10:47
INV_009456,ORD_009456,CUST_004356,MERCH_0004,179.80,GBP,PAID,2026-03-02 01:05:48,2026-04-01 01:05:48
INV_009457,ORD_009457,CUST_000951,MERCH_0076,529.25,EUR,PAID,2026-03-18 14:18:18,2026-04-17 14:18:18
INV_009458,ORD_009458,CUST_001390,MERCH_0017,599.25,USD,PAID,2026-02-17 05:58:51,2026-03-19 05:58:51
INV_009459,ORD_009459,CUST_003530,MERCH_0062,3071.99,USD,PAID,2026-03-21 06:32:04,2026-04-20 06:32:04
INV_009460,ORD_009460,CUST_002418,MERCH_0089,201.49,CAD,PAID,2026-03-04 05:57:10,2026-04-03 05:57:10
INV_009461,ORD_009461,CUST_000664,MERCH_0066,1999.00,INR,PAID,2026-03-12 15:33:43,2026-04-11 15:33:43
INV_009462,ORD_009462,CUST_000375,MERCH_0046,615.00,USD,PAID,2026-02-14 19:11:30,2026-03-16 19:11:30
INV_009463,ORD_009463,CUST_001067,MERCH_0075,58.00,CAD,PAID,2026-03-03 21:40:58,2026-04-02 21:40:58
INV_009464,ORD_009464,CUST_003655,MERCH_0070,116.80,USD,PAID,2026-03-06 15:58:24,2026-04-05 15:58:24
INV_009465,ORD_009465,CUST_002423,MERCH_0009,192.95,EUR,PAID,2026-02-15 07:27:48,2026-03-17 07:27:48
INV_009466,ORD_009466,CUST_004561,MERCH_0032,209.00,GBP,PAID,2026-03-07 16:06:08,2026-04-06 16:06:08
INV_009468,ORD_009468,CUST_002628,MERCH_0087,46.80,GBP,PAID,2026-01-11 17:06:43,2026-02-10 17:06:43
INV_009469,ORD_009469,CUST_000693,MERCH_0074,1015.49,USD,PAID,2026-01-08 16:13:30,2026-02-07 16:13:30
INV_009471,ORD_009471,CUST_002341,MERCH_0098,531.95,USD,PAID,2026-03-29 11:01:06,2026-04-28 11:01:06
INV_009472,ORD_009472,CUST_000544,MERCH_0076,2499.00,INR,PAID,2026-01-18 03:12:16,2026-02-17 03:12:16
INV_009473,ORD_009473,CUST_003577,MERCH_0067,49.50,USD,PAID,2026-02-03 21:26:00,2026-03-05 21:26:00
INV_009474,ORD_009474,CUST_003389,MERCH_0100,373.99,USD,PAID,2026-01-25 18:43:21,2026-02-24 18:43:21
INV_009475,ORD_009475,CUST_003194,MERCH_0025,32.49,EUR,PAID,2026-02-27 02:53:08,2026-03-29 02:53:08
INV_009476,ORD_009476,CUST_000822,MERCH_0086,48.50,EUR,PAID,2026-02-11 10:16:47,2026-03-13 10:16:47
INV_009477,ORD_009477,CUST_004077,MERCH_0033,783.25,USD,PAID,2026-02-13 16:59:19,2026-03-15 16:59:19
INV_009478,ORD_009478,CUST_002145,MERCH_0065,210.95,EUR,PAID,2026-01-27 00:40:54,2026-02-26 00:40:54
INV_009479,ORD_009479,CUST_001080,MERCH_0061,297.50,USD,PAID,2026-02-25 09:48:56,2026-03-27 09:48:56
INV_009481,ORD_009481,CUST_001896,MERCH_0092,1328.99,GBP,PAID,2026-01-17 21:22:33,2026-02-16 21:22:33
INV_009482,ORD_009482,CUST_002420,MERCH_0079,521.25,EUR,PAID,2026-03-27 21:14:34,2026-04-26 21:14:34
INV_009483,ORD_009483,CUST_001977,MERCH_0063,438.00,USD,PAID,2026-01-30 17:33:23,2026-03-01 17:33:23
INV_009484,ORD_009484,CUST_002355,MERCH_0023,22.50,USD,PAID,2026-02-02 13:13:36,2026-03-04 13:13:36
INV_009485,ORD_009485,CUST_002800,MERCH_0070,452.95,EUR,PAID,2026-01-01 08:57:45,2026-01-31 08:57:45
INV_009486,ORD_009486,CUST_004300,MERCH_0049,92.00,EUR,PAID,2026-03-21 16:35:59,2026-04-20 16:35:59
INV_009487,ORD_009487,CUST_003446,MERCH_0060,489.75,EUR,PAID,2026-02-26 03:13:57,2026-03-28 03:13:57
INV_009488,ORD_009488,CUST_004674,MERCH_0068,266.80,CAD,PAID,2026-03-09 00:43:49,2026-04-08 00:43:49
INV_009489,ORD_009489,CUST_003821,MERCH_0052,61.49,GBP,PAID,2026-02-04 22:35:22,2026-03-06 22:35:22
INV_009490,ORD_009490,CUST_004889,MERCH_0046,885.99,EUR,PAID,2026-03-16 02:08:03,2026-04-15 02:08:03
INV_009491,ORD_009491,CUST_004930,MERCH_0083,75.00,EUR,PAID,2026-03-20 02:25:38,2026-04-19 02:25:38
INV_009492,ORD_009492,CUST_004763,MERCH_0018,9999.00,INR,PAID,2026-03-18 21:58:36,2026-04-17 21:58:36
INV_009493,ORD_009493,CUST_003708,MERCH_0080,114.50,GBP,PAID,2026-01-04 04:42:59,2026-02-03 04:42:59
INV_009494,ORD_009494,CUST_001746,MERCH_0099,205.50,GBP,PAID,2026-02-08 05:38:55,2026-03-10 05:38:55
INV_009495,ORD_009495,CUST_003335,MERCH_0010,65.50,EUR,OVERPAID,2026-02-28 02:04:56,2026-03-30 02:04:56
INV_009496,ORD_009496,CUST_001129,MERCH_0043,123.00,USD,PAID,2026-02-10 01:23:57,2026-03-12 01:23:57
INV_009497,ORD_009497,CUST_004128,MERCH_0038,373.49,USD,PAID,2026-01-28 05:32:54,2026-02-27 05:32:54
INV_009498,ORD_009498,CUST_001951,MERCH_0091,268.75,USD,PAID,2026-02-20 07:44:25,2026-03-22 07:44:25
INV_009499,ORD_009499,CUST_000858,MERCH_0059,339.50,EUR,PAID,2026-01-04 21:58:58,2026-02-03 21:58:58
INV_009501,ORD_009501,CUST_002055,MERCH_0007,4999.00,INR,PAID,2026-02-10 03:21:27,2026-03-12 03:21:27
INV_009502,ORD_009502,CUST_004444,MERCH_0042,265.99,GBP,PAID,2026-03-08 09:06:15,2026-04-07 09:06:15
INV_009503,ORD_009503,CUST_003707,MERCH_0017,635.50,USD,PAID,2026-02-14 12:02:18,2026-03-16 12:02:18
INV_009504,ORD_009504,CUST_001962,MERCH_0018,70.25,USD,PAID,2026-01-10 22:22:21,2026-02-09 22:22:21
INV_009505,ORD_009505,CUST_003988,MERCH_0053,154.49,EUR,PAID,2026-02-25 02:50:12,2026-03-27 02:50:12
INV_009506,ORD_009506,CUST_003969,MERCH_0069,66.49,EUR,PAID,2026-03-25 06:16:26,2026-04-24 06:16:26
INV_009507,ORD_009507,CUST_003969,MERCH_0059,525.99,CAD,PAID,2026-01-30 04:23:29,2026-03-01 04:23:29
INV_009508,ORD_009508,CUST_004197,MERCH_0011,159.50,USD,PAID,2026-01-23 06:26:29,2026-02-22 06:26:29
INV_009509,ORD_009509,CUST_003247,MERCH_0024,309.49,CAD,PAID,2026-02-10 17:00:09,2026-03-12 17:00:09
INV_009510,ORD_009510,CUST_004782,MERCH_0039,124.50,GBP,PAID,2026-01-17 10:29:43,2026-02-16 10:29:43
INV_009511,ORD_009511,CUST_001613,MERCH_0064,43.95,EUR,PAID,2026-02-05 06:12:03,2026-03-07 06:12:03
INV_009512,ORD_009512,CUST_000970,MERCH_0044,70.25,USD,PAID,2026-03-26 08:33:32,2026-04-25 08:33:32
INV_009513,ORD_009513,CUST_002525,MERCH_0097,799.00,INR,PAID,2026-01-12 13:40:10,2026-02-11 13:40:10
INV_009514,ORD_009514,CUST_004568,MERCH_0083,799.00,INR,PAID,2026-03-12 01:17:58,2026-04-11 01:17:58
INV_009515,ORD_009515,CUST_001322,MERCH_0091,56.50,USD,PAID,2026-02-08 12:27:42,2026-03-10 12:27:42
INV_009516,ORD_009516,CUST_003182,MERCH_0060,799.00,INR,PAID,2026-04-01 03:12:45,2026-05-01 03:12:45
INV_009517,ORD_009517,CUST_003486,MERCH_0051,120.95,USD,PAID,2026-01-19 22:18:05,2026-02-18 22:18:05
INV_009518,ORD_009518,CUST_001549,MERCH_0019,15000.00,INR,PAID,2026-01-24 07:02:01,2026-02-23 07:02:01
INV_009519,ORD_009519,CUST_000007,MERCH_0080,1046.95,EUR,PAID,2026-01-24 02:10:51,2026-02-23 02:10:51
INV_009520,ORD_009520,CUST_002682,MERCH_0097,77.75,EUR,PAID,2026-02-16 01:00:20,2026-03-18 01:00:20
INV_009521,ORD_009521,CUST_001621,MERCH_0051,1803.99,EUR,PAID,2026-02-20 00:51:46,2026-03-22 00:51:46
INV_009522,ORD_009522,CUST_000670,MERCH_0012,28.50,CAD,PAID,2026-01-10 11:28:27,2026-02-09 11:28:27
INV_009523,ORD_009523,CUST_003523,MERCH_0010,570.25,USD,PAID,2026-02-20 05:02:49,2026-03-22 05:02:49
INV_009524,ORD_009524,CUST_004564,MERCH_0054,1450.95,EUR,PAID,2026-03-15 08:38:53,2026-04-14 08:38:53
INV_009525,ORD_009525,CUST_003799,MERCH_0098,130.49,USD,PAID,2026-01-27 23:41:15,2026-02-26 23:41:15
INV_009526,ORD_009526,CUST_001815,MERCH_0034,21.75,EUR,PAID,2026-01-16 07:44:49,2026-02-15 07:44:49
INV_009527,ORD_009527,CUST_000487,MERCH_0076,4999.00,INR,PAID,2026-03-23 18:20:38,2026-04-22 18:20:38
INV_009528,ORD_009528,CUST_000222,MERCH_0031,3999.00,INR,PAID,2026-03-16 11:43:07,2026-04-15 11:43:07
INV_009529,ORD_009529,CUST_003734,MERCH_0020,643.80,USD,PAID,2026-02-03 21:23:07,2026-03-05 21:23:07
INV_009530,ORD_009530,CUST_003780,MERCH_0080,27.75,USD,PAID,2026-02-09 10:07:38,2026-03-11 10:07:38
INV_009531,ORD_009531,CUST_002872,MERCH_0092,1482.25,USD,PAID,2026-03-30 12:36:21,2026-04-29 12:36:21
INV_009532,ORD_009532,CUST_000636,MERCH_0039,18.25,CAD,PAID,2026-03-18 00:56:57,2026-04-17 00:56:57
INV_009533,ORD_009533,CUST_000504,MERCH_0066,50.99,GBP,PAID,2026-03-01 19:42:44,2026-03-31 19:42:44
INV_009534,ORD_009534,CUST_001198,MERCH_0009,49.25,USD,PAID,2026-02-27 22:09:52,2026-03-29 22:09:52
INV_009535,ORD_009535,CUST_004743,MERCH_0030,576.99,EUR,PAID,2026-01-26 17:36:05,2026-02-25 17:36:05
INV_009536,ORD_009536,CUST_002354,MERCH_0087,320.50,USD,PAID,2026-01-29 02:44:22,2026-02-28 02:44:22
INV_009537,ORD_009537,CUST_003404,MERCH_0021,2571.99,GBP,PAID,2026-03-07 22:53:10,2026-04-06 22:53:10
INV_009538,ORD_009538,CUST_004976,MERCH_0006,34.00,USD,PAID,2026-01-31 08:07:31,2026-03-02 08:07:31
INV_009539,ORD_009539,CUST_002552,MERCH_0015,344.25,USD,PAID,2026-01-11 14:26:25,2026-02-10 14:26:25
INV_009540,ORD_009540,CUST_000132,MERCH_0002,39.99,EUR,PAID,2026-03-12 22:29:14,2026-04-11 22:29:14
INV_009541,ORD_009541,CUST_002332,MERCH_0002,24.95,GBP,PAID,2026-03-14 04:34:02,2026-04-13 04:34:02
INV_009542,ORD_009542,CUST_001523,MERCH_0075,312.75,CAD,PAID,2026-03-03 14:50:02,2026-04-02 14:50:02
INV_009543,ORD_009543,CUST_004499,MERCH_0097,252.49,EUR,PAID,2026-01-11 12:58:13,2026-02-10 12:58:13
INV_009544,ORD_009544,CUST_002245,MERCH_0072,25.80,USD,PAID,2026-01-12 09:42:53,2026-02-11 09:42:53
INV_009545,ORD_009545,CUST_000930,MERCH_0052,43.80,EUR,PAID,2026-03-21 08:15:49,2026-04-20 08:15:49
INV_009546,ORD_009546,CUST_000992,MERCH_0016,456.50,CAD,PAID,2026-02-09 06:28:00,2026-03-11 06:28:00
INV_009547,ORD_009547,CUST_002566,MERCH_0081,18.00,EUR,PAID,2026-01-12 09:10:00,2026-02-11 09:10:00
INV_009548,ORD_009548,CUST_003567,MERCH_0039,32.25,EUR,PAID,2026-01-14 12:56:06,2026-02-13 12:56:06
INV_009549,ORD_009549,CUST_002811,MERCH_0086,45.80,USD,PAID,2026-01-27 07:10:28,2026-02-26 07:10:28
INV_009550,ORD_009550,CUST_000119,MERCH_0096,3146.49,EUR,PAID,2026-01-05 23:27:53,2026-02-04 23:27:53
INV_009551,ORD_009551,CUST_000625,MERCH_0080,627.50,GBP,PAID,2026-03-16 09:04:02,2026-04-15 09:04:02
INV_009552,ORD_009552,CUST_000466,MERCH_0088,2353.00,USD,PAID,2026-03-29 02:22:19,2026-04-28 02:22:19
INV_009553,ORD_009553,CUST_004888,MERCH_0031,53.25,USD,PAID,2026-01-31 01:39:29,2026-03-02 01:39:29
INV_009554,ORD_009554,CUST_003750,MERCH_0065,1999.00,INR,PAID,2026-01-27 20:51:31,2026-02-26 20:51:31
INV_009555,ORD_009555,CUST_000677,MERCH_0097,66.49,GBP,PAID,2026-01-20 13:49:22,2026-02-19 13:49:22
INV_009556,ORD_009556,CUST_003860,MERCH_0061,64.75,USD,PAID,2026-02-04 00:40:34,2026-03-06 00:40:34
INV_009557,ORD_009557,CUST_000861,MERCH_0062,799.00,INR,PAID,2026-02-11 22:32:51,2026-03-13 22:32:51
INV_009558,ORD_009558,CUST_002459,MERCH_0100,19.80,GBP,PAID,2026-02-22 22:45:11,2026-03-24 22:45:11
INV_009559,ORD_009559,CUST_001049,MERCH_0065,2059.49,USD,PAID,2026-02-08 16:04:09,2026-03-10 16:04:09
INV_009560,ORD_009560,CUST_001736,MERCH_0042,39.75,USD,PAID,2026-02-19 19:55:51,2026-03-21 19:55:51
INV_009561,ORD_009561,CUST_003322,MERCH_0049,499.00,INR,PAID,2026-03-08 17:54:53,2026-04-07 17:54:53
INV_009562,ORD_009562,CUST_004976,MERCH_0090,2430.00,USD,PAID,2026-01-18 21:43:34,2026-02-17 21:43:34
INV_009563,ORD_009563,CUST_002134,MERCH_0077,301.80,USD,PAID,2026-01-12 23:46:58,2026-02-11 23:46:58
INV_009564,ORD_009564,CUST_001951,MERCH_0010,26.95,EUR,PAID,2026-02-16 05:02:35,2026-03-18 05:02:35
INV_009565,ORD_009565,CUST_002335,MERCH_0075,3317.25,EUR,PAID,2026-01-08 12:30:42,2026-02-07 12:30:42
INV_009566,ORD_009566,CUST_003361,MERCH_0086,423.00,EUR,PAID,2026-02-27 07:36:02,2026-03-29 07:36:02
INV_009567,ORD_009567,CUST_003364,MERCH_0084,3999.00,INR,PAID,2026-03-30 23:19:08,2026-04-29 23:19:08
INV_009568,ORD_009568,CUST_000317,MERCH_0038,63.95,USD,PAID,2026-03-11 11:40:47,2026-04-10 11:40:47
INV_009569,ORD_009569,CUST_002444,MERCH_0082,3999.00,INR,PAID,2026-03-15 10:10:44,2026-04-14 10:10:44
INV_009570,ORD_009570,CUST_001217,MERCH_0083,237.50,USD,PAID,2026-02-11 15:58:36,2026-03-13 15:58:36
INV_009571,ORD_009571,CUST_000576,MERCH_0077,437.80,EUR,PAID,2026-01-26 15:58:04,2026-02-25 15:58:04
INV_009572,ORD_009572,CUST_000144,MERCH_0076,364.00,USD,PAID,2026-01-07 22:06:41,2026-02-06 22:06:41
INV_009573,ORD_009573,CUST_004777,MERCH_0047,190.25,EUR,PAID,2026-01-16 03:23:56,2026-02-15 03:23:56
INV_009574,ORD_009574,CUST_004201,MERCH_0056,48.80,USD,PAID,2026-01-31 03:01:38,2026-03-02 03:01:38
INV_009575,ORD_009575,CUST_001800,MERCH_0059,447.49,EUR,PAID,2026-01-02 05:52:53,2026-02-01 05:52:53
INV_009576,ORD_009576,CUST_004941,MERCH_0002,64.00,GBP,PAID,2026-02-19 09:02:28,2026-03-21 09:02:28
INV_009577,ORD_009577,CUST_004633,MERCH_0080,412.99,USD,PAID,2026-01-06 18:04:20,2026-02-05 18:04:20
INV_009578,ORD_009578,CUST_004307,MERCH_0025,73.50,GBP,PAID,2026-02-14 07:01:01,2026-03-16 07:01:01
INV_009579,ORD_009579,CUST_004778,MERCH_0028,2330.00,USD,PAID,2026-01-02 10:53:41,2026-02-01 10:53:41
INV_009580,ORD_009580,CUST_003530,MERCH_0035,33.49,GBP,PAID,2026-02-19 15:07:19,2026-03-21 15:07:19
INV_009581,ORD_009581,CUST_000937,MERCH_0006,44.00,EUR,PAID,2026-02-17 08:41:29,2026-03-19 08:41:29
INV_009582,ORD_009582,CUST_001378,MERCH_0041,299.00,INR,PAID,2026-03-11 17:54:14,2026-04-10 17:54:14
INV_009583,ORD_009583,CUST_001853,MERCH_0016,459.75,CAD,PAID,2026-01-22 14:11:28,2026-02-21 14:11:28
INV_009584,ORD_009584,CUST_002813,MERCH_0004,205.49,EUR,PAID,2026-02-22 16:52:27,2026-03-24 16:52:27
INV_009585,ORD_009585,CUST_004212,MERCH_0010,537.25,GBP,PAID,2026-02-11 12:48:19,2026-03-13 12:48:19
INV_009586,ORD_009586,CUST_000489,MERCH_0075,55.95,EUR,PAID,2026-01-31 20:51:55,2026-03-02 20:51:55
INV_009587,ORD_009587,CUST_003891,MERCH_0029,57.75,CAD,PAID,2026-01-26 14:11:40,2026-02-25 14:11:40
INV_009588,ORD_009588,CUST_003117,MERCH_0001,77.25,USD,PAID,2026-03-02 07:28:39,2026-04-01 07:28:39
INV_009589,ORD_009589,CUST_000705,MERCH_0059,235.25,GBP,PAID,2026-03-15 16:48:17,2026-04-14 16:48:17
INV_009590,ORD_009590,CUST_001359,MERCH_0063,269.50,USD,PAID,2026-03-19 02:12:28,2026-04-18 02:12:28
INV_009591,ORD_009591,CUST_001183,MERCH_0023,3097.25,CAD,PAID,2026-03-24 14:13:00,2026-04-23 14:13:00
INV_009592,ORD_009592,CUST_000400,MERCH_0025,212.75,GBP,PAID,2026-03-04 07:53:13,2026-04-03 07:53:13
INV_009594,ORD_009594,CUST_004433,MERCH_0083,56.75,EUR,PAID,2026-03-20 17:10:29,2026-04-19 17:10:29
INV_009595,ORD_009595,CUST_001148,MERCH_0031,2721.49,EUR,PAID,2026-03-26 02:42:37,2026-04-25 02:42:37
INV_009596,ORD_009596,CUST_002614,MERCH_0095,55.25,CAD,PAID,2026-01-19 05:53:24,2026-02-18 05:53:24
INV_009597,ORD_009597,CUST_001869,MERCH_0030,488.99,EUR,PAID,2026-03-17 08:39:58,2026-04-16 08:39:58
INV_009598,ORD_009598,CUST_001875,MERCH_0063,1804.80,USD,PAID,2026-01-25 04:49:21,2026-02-24 04:49:21
INV_009599,ORD_009599,CUST_002444,MERCH_0003,187.99,CAD,PAID,2026-03-05 08:12:44,2026-04-04 08:12:44
INV_009600,ORD_009600,CUST_001744,MERCH_0006,72.25,GBP,PAID,2026-02-20 12:44:30,2026-03-22 12:44:30
INV_009601,ORD_009601,CUST_001452,MERCH_0050,1823.75,USD,PAID,2026-03-20 06:16:59,2026-04-19 06:16:59
INV_009602,ORD_009602,CUST_001948,MERCH_0059,345.25,EUR,PAID,2026-03-09 01:05:01,2026-04-08 01:05:01
INV_009603,ORD_009603,CUST_004271,MERCH_0065,535.75,USD,PAID,2026-02-10 19:02:15,2026-03-12 19:02:15
INV_009604,ORD_009604,CUST_002129,MERCH_0093,3014.25,EUR,PAID,2026-03-28 21:10:48,2026-04-27 21:10:48
INV_009605,ORD_009605,CUST_002591,MERCH_0097,139.25,EUR,PAID,2026-01-13 00:07:49,2026-02-12 00:07:49
INV_009606,ORD_009606,CUST_001596,MERCH_0041,280.75,GBP,PAID,2026-02-15 00:06:10,2026-03-17 00:06:10
INV_009607,ORD_009607,CUST_003079,MERCH_0071,299.00,INR,PAID,2026-03-06 05:16:46,2026-04-05 05:16:46
INV_009608,ORD_009608,CUST_004522,MERCH_0094,58.49,USD,PAID,2026-02-07 07:30:06,2026-03-09 07:30:06
INV_009609,ORD_009609,CUST_002529,MERCH_0034,1580.95,EUR,PAID,2026-01-08 05:16:01,2026-02-07 05:16:01
INV_009610,ORD_009610,CUST_003650,MERCH_0055,76.95,EUR,PAID,2026-01-14 07:45:23,2026-02-13 07:45:23
INV_009611,ORD_009611,CUST_000604,MERCH_0011,1199.99,EUR,PAID,2026-03-22 17:02:22,2026-04-21 17:02:22
INV_009612,ORD_009612,CUST_003118,MERCH_0090,19.75,EUR,PAID,2026-02-14 01:58:29,2026-03-16 01:58:29
INV_009613,ORD_009613,CUST_004005,MERCH_0006,356.25,USD,PAID,2026-03-16 06:33:22,2026-04-15 06:33:22
INV_009614,ORD_009614,CUST_002374,MERCH_0088,649.80,USD,PAID,2026-02-06 22:02:53,2026-03-08 22:02:53
INV_009615,ORD_009615,CUST_004527,MERCH_0061,61.95,EUR,PAID,2026-01-06 05:32:20,2026-02-05 05:32:20
INV_009616,ORD_009616,CUST_002776,MERCH_0039,56.99,USD,PAID,2026-01-30 13:10:59,2026-03-01 13:10:59
INV_009617,ORD_009617,CUST_004908,MERCH_0034,213.50,CAD,PAID,2026-02-24 05:09:12,2026-03-26 05:09:12
INV_009618,ORD_009618,CUST_003362,MERCH_0052,19.80,GBP,PAID,2026-01-26 14:36:47,2026-02-25 14:36:47
INV_009619,ORD_009619,CUST_000347,MERCH_0034,59.80,EUR,PAID,2026-03-20 03:21:09,2026-04-19 03:21:09
INV_009620,ORD_009620,CUST_001557,MERCH_0014,2085.00,GBP,PAID,2026-01-13 10:15:27,2026-02-12 10:15:27
INV_009621,ORD_009621,CUST_001543,MERCH_0099,506.75,USD,PAID,2026-02-08 13:50:41,2026-03-10 13:50:41
INV_009622,ORD_009622,CUST_004740,MERCH_0016,60.95,GBP,PAID,2026-03-21 13:13:23,2026-04-20 13:13:23
INV_009623,ORD_009623,CUST_001172,MERCH_0019,144.50,GBP,PAID,2026-03-10 16:58:06,2026-04-09 16:58:06
INV_009624,ORD_009624,CUST_003689,MERCH_0021,506.80,USD,PAID,2026-03-15 04:47:40,2026-04-14 04:47:40
INV_009625,ORD_009625,CUST_003711,MERCH_0025,4999.00,INR,PAID,2026-02-13 19:43:14,2026-03-15 19:43:14
INV_009626,ORD_009626,CUST_004627,MERCH_0099,264.80,GBP,PAID,2026-03-13 19:25:29,2026-04-12 19:25:29
INV_009627,ORD_009627,CUST_001951,MERCH_0020,2580.50,EUR,PAID,2026-01-13 20:27:07,2026-02-12 20:27:07
INV_009628,ORD_009628,CUST_004749,MERCH_0035,499.00,INR,PAID,2026-01-12 06:35:06,2026-02-11 06:35:06
INV_009629,ORD_009629,CUST_004407,MERCH_0026,29.80,GBP,PAID,2026-03-30 11:35:02,2026-04-29 11:35:02
INV_009630,ORD_009630,CUST_000420,MERCH_0036,551.95,GBP,PAID,2026-01-19 09:24:40,2026-02-18 09:24:40
INV_009631,ORD_009631,CUST_003002,MERCH_0037,63.75,EUR,PAID,2026-01-25 11:08:18,2026-02-24 11:08:18
INV_009632,ORD_009632,CUST_000575,MERCH_0045,3999.00,INR,PAID,2026-01-24 08:01:34,2026-02-23 08:01:34
INV_009633,ORD_009633,CUST_004976,MERCH_0014,27.95,EUR,PAID,2026-01-11 04:40:47,2026-02-10 04:40:47
INV_009634,ORD_009634,CUST_003285,MERCH_0011,78.49,GBP,PAID,2026-03-20 19:58:33,2026-04-19 19:58:33
INV_009635,ORD_009635,CUST_003396,MERCH_0083,3136.95,EUR,PAID,2026-03-31 17:49:37,2026-04-30 17:49:37
INV_009636,ORD_009636,CUST_003772,MERCH_0061,499.00,INR,PAID,2026-02-05 20:39:26,2026-03-07 20:39:26
INV_009637,ORD_009637,CUST_004292,MERCH_0044,204.50,EUR,PAID,2026-02-05 10:51:15,2026-03-07 10:51:15
INV_009638,ORD_009638,CUST_001118,MERCH_0011,623.49,CAD,PAID,2026-03-11 16:30:00,2026-04-10 16:30:00
INV_009639,ORD_009639,CUST_000610,MERCH_0030,499.00,INR,PAID,2026-01-05 09:50:49,2026-02-04 09:50:49
INV_009640,ORD_009640,CUST_001795,MERCH_0001,2179.49,USD,PAID,2026-03-30 19:51:12,2026-04-29 19:51:12
INV_009641,ORD_009641,CUST_002157,MERCH_0052,579.49,EUR,PAID,2026-03-13 23:29:35,2026-04-12 23:29:35
INV_009642,ORD_009642,CUST_002946,MERCH_0011,67.95,GBP,PAID,2026-01-04 15:25:26,2026-02-03 15:25:26
INV_009643,ORD_009643,CUST_001852,MERCH_0068,400.25,USD,PAID,2026-02-12 19:57:13,2026-03-14 19:57:13
INV_009644,ORD_009644,CUST_003807,MERCH_0081,74.75,EUR,PAID,2026-03-04 19:51:03,2026-04-03 19:51:03
INV_009645,ORD_009645,CUST_000050,MERCH_0053,2749.95,USD,PAID,2026-01-10 15:51:43,2026-02-09 15:51:43
INV_009646,ORD_009646,CUST_003522,MERCH_0003,593.80,EUR,PAID,2026-03-08 20:12:12,2026-04-07 20:12:12
INV_009647,ORD_009647,CUST_004354,MERCH_0085,446.95,EUR,PAID,2026-03-26 19:04:31,2026-04-25 19:04:31
INV_009648,ORD_009648,CUST_000236,MERCH_0024,67.95,EUR,PAID,2026-03-20 08:05:43,2026-04-19 08:05:43
INV_009649,ORD_009649,CUST_004802,MERCH_0082,44.75,CAD,PAID,2026-03-10 10:53:58,2026-04-09 10:53:58
INV_009650,ORD_009650,CUST_003001,MERCH_0004,2499.00,INR,OVERPAID,2026-03-22 01:16:24,2026-04-21 01:16:24
INV_009651,ORD_009651,CUST_004449,MERCH_0098,1999.00,INR,PAID,2026-03-01 07:35:48,2026-03-31 07:35:48
INV_009652,ORD_009652,CUST_000986,MERCH_0011,586.99,GBP,PAID,2026-03-31 12:57:31,2026-04-30 12:57:31
INV_009653,ORD_009653,CUST_002420,MERCH_0085,42.95,EUR,PAID,2026-01-09 17:54:07,2026-02-08 17:54:07
INV_009654,ORD_009654,CUST_000315,MERCH_0083,255.50,EUR,PAID,2026-01-30 12:28:02,2026-03-01 12:28:02
INV_009655,ORD_009655,CUST_001499,MERCH_0035,72.95,GBP,PAID,2026-01-24 14:21:48,2026-02-23 14:21:48
INV_009656,ORD_009656,CUST_002739,MERCH_0063,799.00,INR,PAID,2026-03-03 11:44:12,2026-04-02 11:44:12
INV_009657,ORD_009657,CUST_000427,MERCH_0051,1491.50,GBP,PAID,2026-02-15 04:21:40,2026-03-17 04:21:40
INV_009658,ORD_009658,CUST_000991,MERCH_0049,46.99,GBP,PAID,2026-01-17 16:17:35,2026-02-16 16:17:35
INV_009659,ORD_009659,CUST_004608,MERCH_0006,110.99,USD,PAID,2026-01-13 23:32:19,2026-02-12 23:32:19
INV_009660,ORD_009660,CUST_002033,MERCH_0088,514.50,USD,PAID,2026-02-07 08:41:35,2026-03-09 08:41:35
INV_009661,ORD_009661,CUST_001268,MERCH_0050,566.50,EUR,PAID,2026-01-30 17:43:04,2026-03-01 17:43:04
INV_009662,ORD_009662,CUST_000706,MERCH_0067,129.99,USD,PAID,2026-02-02 05:45:27,2026-03-04 05:45:27
INV_009663,ORD_009663,CUST_003659,MERCH_0057,17.25,EUR,PAID,2026-01-25 02:05:57,2026-02-24 02:05:57
INV_009664,ORD_009664,CUST_002433,MERCH_0028,727.00,USD,PAID,2026-03-27 20:27:04,2026-04-26 20:27:04
INV_009665,ORD_009665,CUST_002468,MERCH_0065,312.95,GBP,PAID,2026-01-31 04:30:49,2026-03-02 04:30:49
INV_009666,ORD_009666,CUST_002644,MERCH_0071,616.99,CAD,PAID,2026-01-21 15:24:07,2026-02-20 15:24:07
INV_009667,ORD_009667,CUST_003906,MERCH_0048,999.00,INR,PAID,2026-02-08 10:50:07,2026-03-10 10:50:07
INV_009668,ORD_009668,CUST_000767,MERCH_0094,392.50,USD,PAID,2026-01-22 03:33:56,2026-02-21 03:33:56
INV_009669,ORD_009669,CUST_002619,MERCH_0087,48.80,EUR,PAID,2026-02-10 23:08:16,2026-03-12 23:08:16
INV_009670,ORD_009670,CUST_001267,MERCH_0009,402.00,EUR,PAID,2026-03-10 10:25:51,2026-04-09 10:25:51
INV_009671,ORD_009671,CUST_001661,MERCH_0026,423.00,GBP,PAID,2026-03-10 20:16:49,2026-04-09 20:16:49
INV_009672,ORD_009672,CUST_004091,MERCH_0045,32.95,USD,PAID,2026-03-21 17:40:10,2026-04-20 17:40:10
INV_009673,ORD_009673,CUST_000542,MERCH_0041,192.49,CAD,PAID,2026-01-30 22:51:05,2026-03-01 22:51:05
INV_009674,ORD_009674,CUST_003468,MERCH_0016,134.00,USD,PAID,2026-03-19 01:08:13,2026-04-18 01:08:13
INV_009675,ORD_009675,CUST_000185,MERCH_0091,23.49,USD,PAID,2026-02-23 16:54:33,2026-03-25 16:54:33
INV_009676,ORD_009676,CUST_004033,MERCH_0075,210.99,GBP,PAID,2026-01-28 13:00:44,2026-02-27 13:00:44
INV_009677,ORD_009677,CUST_000315,MERCH_0022,48.95,CAD,PAID,2026-01-28 02:27:23,2026-02-27 02:27:23
INV_009678,ORD_009678,CUST_000324,MERCH_0078,299.00,INR,PAID,2026-02-26 03:06:58,2026-03-28 03:06:58
INV_009679,ORD_009679,CUST_003653,MERCH_0034,1179.00,EUR,PAID,2026-03-02 00:43:52,2026-04-01 00:43:52
INV_009680,ORD_009680,CUST_003757,MERCH_0004,18.95,EUR,PAID,2026-03-21 04:42:11,2026-04-20 04:42:11
INV_009681,ORD_009681,CUST_000461,MERCH_0011,9999.00,INR,PAID,2026-03-24 07:00:58,2026-04-23 07:00:58
INV_009682,ORD_009682,CUST_001257,MERCH_0070,273.75,EUR,PAID,2026-01-07 18:25:17,2026-02-06 18:25:17
INV_009683,ORD_009683,CUST_003400,MERCH_0050,258.80,USD,PAID,2026-03-15 08:01:12,2026-04-14 08:01:12
INV_009684,ORD_009684,CUST_001891,MERCH_0039,44.99,USD,PAID,2026-02-25 09:41:03,2026-03-27 09:41:03
INV_009685,ORD_009685,CUST_000457,MERCH_0035,394.25,USD,PAID,2026-01-25 17:31:26,2026-02-24 17:31:26
INV_009687,ORD_009687,CUST_002107,MERCH_0059,639.50,EUR,PAID,2026-03-13 23:42:07,2026-04-12 23:42:07
INV_009688,ORD_009688,CUST_004873,MERCH_0087,625.49,USD,PAID,2026-02-24 23:09:36,2026-03-26 23:09:36
INV_009689,ORD_009689,CUST_002572,MERCH_0072,946.80,EUR,PAID,2026-02-03 10:13:15,2026-03-05 10:13:15
INV_009691,ORD_009691,CUST_000641,MERCH_0030,20.99,EUR,PAID,2026-03-05 10:43:19,2026-04-04 10:43:19
INV_009692,ORD_009692,CUST_002461,MERCH_0080,344.75,USD,PAID,2026-02-17 03:59:58,2026-03-19 03:59:58
INV_009693,ORD_009693,CUST_004029,MERCH_0083,2224.99,CAD,PAID,2026-02-14 03:24:11,2026-03-16 03:24:11
INV_009694,ORD_009694,CUST_002799,MERCH_0043,279.75,CAD,PAID,2026-03-29 07:59:42,2026-04-28 07:59:42
INV_009695,ORD_009695,CUST_002643,MERCH_0011,500.49,USD,PAID,2026-03-17 07:56:36,2026-04-16 07:56:36
INV_009696,ORD_009696,CUST_004752,MERCH_0030,17.00,EUR,PAID,2026-03-01 17:39:00,2026-03-31 17:39:00
INV_009697,ORD_009697,CUST_002136,MERCH_0007,32.80,EUR,PAID,2026-01-25 23:54:11,2026-02-24 23:54:11
INV_009698,ORD_009698,CUST_000247,MERCH_0050,29.80,USD,PAID,2026-03-01 02:19:22,2026-03-31 02:19:22
INV_009699,ORD_009699,CUST_003032,MERCH_0037,36.99,EUR,PAID,2026-01-07 05:40:45,2026-02-06 05:40:45
INV_009700,ORD_009700,CUST_000733,MERCH_0081,203.75,USD,PAID,2026-02-06 16:03:39,2026-03-08 16:03:39
INV_009701,ORD_009701,CUST_004945,MERCH_0075,148.50,EUR,PAID,2026-03-13 20:13:46,2026-04-12 20:13:46
INV_009702,ORD_009702,CUST_002708,MERCH_0026,999.00,INR,PAID,2026-01-28 21:19:10,2026-02-27 21:19:10
INV_009703,ORD_009703,CUST_003468,MERCH_0078,73.75,GBP,PAID,2026-03-29 17:40:11,2026-04-28 17:40:11
INV_009704,ORD_009704,CUST_004166,MERCH_0005,37.95,EUR,PAID,2026-01-14 11:18:23,2026-02-13 11:18:23
INV_009705,ORD_009705,CUST_004246,MERCH_0075,25.95,CAD,PAID,2026-02-16 12:09:08,2026-03-18 12:09:08
INV_009706,ORD_009706,CUST_000716,MERCH_0055,261.80,EUR,PAID,2026-02-07 17:15:56,2026-03-09 17:15:56
INV_009707,ORD_009707,CUST_002708,MERCH_0066,270.50,EUR,PAID,2026-01-28 16:49:18,2026-02-27 16:49:18
INV_009708,ORD_009708,CUST_004957,MERCH_0088,173.49,GBP,PAID,2026-03-08 20:59:27,2026-04-07 20:59:27
INV_009709,ORD_009709,CUST_001854,MERCH_0008,59.95,EUR,PAID,2026-01-06 10:59:57,2026-02-05 10:59:57
INV_009710,ORD_009710,CUST_001009,MERCH_0048,369.49,USD,PAID,2026-01-14 21:53:37,2026-02-13 21:53:37
INV_009711,ORD_009711,CUST_000163,MERCH_0037,42.00,USD,PAID,2026-03-23 02:06:03,2026-04-22 02:06:03
INV_009712,ORD_009712,CUST_001131,MERCH_0021,583.25,EUR,PAID,2026-01-26 06:24:41,2026-02-25 06:24:41
INV_009713,ORD_009713,CUST_000208,MERCH_0037,395.80,USD,PAID,2026-03-29 06:46:32,2026-04-28 06:46:32
INV_009714,ORD_009714,CUST_001084,MERCH_0078,88.75,USD,PAID,2026-02-19 02:19:17,2026-03-21 02:19:17
INV_009715,ORD_009715,CUST_001346,MERCH_0083,594.00,USD,PAID,2026-02-17 19:25:12,2026-03-19 19:25:12
INV_009716,ORD_009716,CUST_003317,MERCH_0057,15000.00,INR,PAID,2026-01-13 18:43:06,2026-02-12 18:43:06
INV_009717,ORD_009717,CUST_000753,MERCH_0078,276.00,USD,PAID,2026-02-26 10:18:46,2026-03-28 10:18:46
INV_009718,ORD_009718,CUST_001966,MERCH_0015,359.50,EUR,PAID,2026-01-28 14:35:32,2026-02-27 14:35:32
INV_009719,ORD_009719,CUST_002168,MERCH_0054,75.95,CAD,PAID,2026-03-08 21:19:32,2026-04-07 21:19:32
INV_009720,ORD_009720,CUST_003473,MERCH_0045,47.25,USD,PAID,2026-02-03 17:05:33,2026-03-05 17:05:33
INV_009721,ORD_009721,CUST_002260,MERCH_0047,15000.00,INR,PAID,2026-03-12 03:01:23,2026-04-11 03:01:23
INV_009722,ORD_009722,CUST_001011,MERCH_0002,27.00,USD,PAID,2026-02-16 16:29:39,2026-03-18 16:29:39
INV_009723,ORD_009723,CUST_003414,MERCH_0087,75.49,USD,PAID,2026-02-07 09:39:24,2026-03-09 09:39:24
INV_009724,ORD_009724,CUST_003808,MERCH_0078,3372.95,EUR,PAID,2026-02-09 02:50:57,2026-03-11 02:50:57
INV_009725,ORD_009725,CUST_000557,MERCH_0014,1499.00,INR,PAID,2026-03-01 22:11:41,2026-03-31 22:11:41
INV_009726,ORD_009726,CUST_000335,MERCH_0087,1499.00,INR,PAID,2026-01-27 16:19:59,2026-02-26 16:19:59
INV_009727,ORD_009727,CUST_000579,MERCH_0068,1619.25,EUR,PAID,2026-03-27 11:40:18,2026-04-26 11:40:18
INV_009728,ORD_009728,CUST_000833,MERCH_0024,9999.00,INR,PAID,2026-01-21 09:20:32,2026-02-20 09:20:32
INV_009729,ORD_009729,CUST_003088,MERCH_0033,81.75,USD,PAID,2026-02-18 22:33:40,2026-03-20 22:33:40
INV_009730,ORD_009730,CUST_004219,MERCH_0029,394.00,GBP,PAID,2026-03-06 07:58:19,2026-04-05 07:58:19
INV_009731,ORD_009731,CUST_004827,MERCH_0039,452.95,USD,PAID,2026-01-08 21:52:46,2026-02-07 21:52:46
INV_009732,ORD_009732,CUST_002658,MERCH_0077,1316.25,EUR,PAID,2026-02-13 02:19:01,2026-03-15 02:19:01
INV_009733,ORD_009733,CUST_000275,MERCH_0095,475.25,USD,PAID,2026-01-25 18:38:51,2026-02-24 18:38:51
INV_009734,ORD_009734,CUST_002909,MERCH_0004,2965.25,USD,OVERPAID,2026-01-22 03:26:34,2026-02-21 03:26:34
INV_009735,ORD_009735,CUST_002443,MERCH_0012,112.00,USD,PAID,2026-02-19 14:37:29,2026-03-21 14:37:29
INV_009736,ORD_009736,CUST_002417,MERCH_0054,35.49,EUR,PAID,2026-03-24 02:37:24,2026-04-23 02:37:24
INV_009737,ORD_009737,CUST_003343,MERCH_0016,75.00,USD,PAID,2026-02-13 04:53:59,2026-03-15 04:53:59
INV_009739,ORD_009739,CUST_004664,MERCH_0085,457.00,CAD,PAID,2026-01-04 14:30:27,2026-02-03 14:30:27
INV_009740,ORD_009740,CUST_003270,MERCH_0063,499.00,INR,PAID,2026-02-28 15:34:58,2026-03-30 15:34:58
INV_009741,ORD_009741,CUST_003887,MERCH_0050,74.75,USD,PAID,2026-02-28 04:38:40,2026-03-30 04:38:40
INV_009742,ORD_009742,CUST_000663,MERCH_0027,2499.00,INR,PAID,2026-03-31 19:52:02,2026-04-30 19:52:02
INV_009743,ORD_009743,CUST_000953,MERCH_0003,478.50,USD,PAID,2026-02-18 18:18:23,2026-03-20 18:18:23
INV_009744,ORD_009744,CUST_000347,MERCH_0012,435.25,USD,PAID,2026-02-01 04:21:38,2026-03-03 04:21:38
INV_009745,ORD_009745,CUST_003954,MERCH_0082,80.49,USD,PAID,2026-02-24 08:26:20,2026-03-26 08:26:20
INV_009746,ORD_009746,CUST_000205,MERCH_0065,57.49,USD,PAID,2026-02-27 18:10:31,2026-03-29 18:10:31
INV_009747,ORD_009747,CUST_003033,MERCH_0008,62.00,USD,PAID,2026-02-23 11:44:49,2026-03-25 11:44:49
INV_009748,ORD_009748,CUST_001617,MERCH_0082,466.95,EUR,OVERPAID,2026-01-26 02:01:47,2026-02-25 02:01:47
INV_009749,ORD_009749,CUST_002316,MERCH_0064,327.80,USD,PAID,2026-02-01 07:02:18,2026-03-03 07:02:18
INV_009750,ORD_009750,CUST_000937,MERCH_0025,799.00,INR,PAID,2026-01-09 13:44:21,2026-02-08 13:44:21
INV_009751,ORD_009751,CUST_001779,MERCH_0069,1168.95,GBP,PAID,2026-02-08 22:26:09,2026-03-10 22:26:09
INV_009752,ORD_009752,CUST_001835,MERCH_0041,75.25,USD,PAID,2026-03-05 20:25:13,2026-04-04 20:25:13
INV_009753,ORD_009753,CUST_001616,MERCH_0074,309.50,CAD,PAID,2026-03-07 14:29:01,2026-04-06 14:29:01
INV_009754,ORD_009754,CUST_001740,MERCH_0072,23.95,GBP,PAID,2026-03-29 09:49:24,2026-04-28 09:49:24
INV_009755,ORD_009755,CUST_003780,MERCH_0063,64.80,EUR,PAID,2026-03-22 00:15:51,2026-04-21 00:15:51
INV_009756,ORD_009756,CUST_000031,MERCH_0011,460.99,USD,PAID,2026-03-25 23:46:43,2026-04-24 23:46:43
INV_009757,ORD_009757,CUST_001239,MERCH_0026,20.80,EUR,PAID,2026-03-10 18:57:05,2026-04-09 18:57:05
INV_009758,ORD_009758,CUST_002146,MERCH_0002,2165.95,GBP,PAID,2026-02-14 23:20:30,2026-03-16 23:20:30
INV_009759,ORD_009759,CUST_001392,MERCH_0060,255.80,USD,PAID,2026-02-21 14:39:51,2026-03-23 14:39:51
INV_009760,ORD_009760,CUST_002301,MERCH_0045,545.00,EUR,PAID,2026-02-12 07:46:36,2026-03-14 07:46:36
INV_009762,ORD_009762,CUST_002903,MERCH_0001,427.95,GBP,PAID,2026-02-16 10:50:23,2026-03-18 10:50:23
INV_009763,ORD_009763,CUST_002181,MERCH_0081,40.80,CAD,PAID,2026-02-02 14:48:53,2026-03-04 14:48:53
INV_009764,ORD_009764,CUST_000326,MERCH_0009,1553.99,EUR,PAID,2026-02-28 11:57:23,2026-03-30 11:57:23
INV_009765,ORD_009765,CUST_004739,MERCH_0085,2613.80,CAD,PAID,2026-03-31 22:15:53,2026-04-30 22:15:53
INV_009767,ORD_009767,CUST_002946,MERCH_0053,799.00,INR,PAID,2026-03-11 05:52:23,2026-04-10 05:52:23
INV_009768,ORD_009768,CUST_000728,MERCH_0097,70.95,USD,PAID,2026-01-25 16:19:35,2026-02-24 16:19:35
INV_009769,ORD_009769,CUST_003978,MERCH_0084,59.50,GBP,PAID,2026-02-06 03:12:00,2026-03-08 03:12:00
INV_009770,ORD_009770,CUST_003145,MERCH_0043,590.50,USD,PAID,2026-02-14 13:29:44,2026-03-16 13:29:44
INV_009771,ORD_009771,CUST_004278,MERCH_0078,575.50,USD,PAID,2026-03-05 04:14:56,2026-04-04 04:14:56
INV_009772,ORD_009772,CUST_004144,MERCH_0006,2499.00,INR,PAID,2026-02-19 22:18:54,2026-03-21 22:18:54
INV_009773,ORD_009773,CUST_000337,MERCH_0064,3046.50,GBP,PAID,2026-03-31 12:18:45,2026-04-30 12:18:45
INV_009774,ORD_009774,CUST_001043,MERCH_0006,93.95,USD,PAID,2026-01-05 18:02:06,2026-02-04 18:02:06
INV_009775,ORD_009775,CUST_004400,MERCH_0089,499.00,INR,PAID,2026-02-25 06:57:12,2026-03-27 06:57:12
INV_009776,ORD_009776,CUST_000945,MERCH_0085,73.75,EUR,PAID,2026-03-18 14:16:06,2026-04-17 14:16:06
INV_009777,ORD_009777,CUST_002531,MERCH_0053,1825.99,USD,PAID,2026-01-08 15:30:30,2026-02-07 15:30:30
INV_009778,ORD_009778,CUST_002503,MERCH_0012,37.00,EUR,PAID,2026-01-14 00:12:07,2026-02-13 00:12:07
INV_009779,ORD_009779,CUST_003446,MERCH_0099,549.50,GBP,PAID,2026-01-11 02:06:15,2026-02-10 02:06:15
INV_009780,ORD_009780,CUST_000235,MERCH_0084,595.99,GBP,PAID,2026-01-06 23:11:11,2026-02-05 23:11:11
INV_009781,ORD_009781,CUST_003279,MERCH_0016,45.00,EUR,PAID,2026-01-06 16:11:16,2026-02-05 16:11:16
INV_009782,ORD_009782,CUST_003518,MERCH_0050,2499.00,INR,PAID,2026-02-07 06:42:01,2026-03-09 06:42:01
INV_009783,ORD_009783,CUST_000998,MERCH_0067,49.95,USD,PAID,2026-01-12 12:10:57,2026-02-11 12:10:57
INV_009784,ORD_009784,CUST_003172,MERCH_0096,263.25,GBP,PAID,2026-01-07 17:53:00,2026-02-06 17:53:00
INV_009785,ORD_009785,CUST_003063,MERCH_0026,2499.00,INR,PAID,2026-01-07 00:00:51,2026-02-06 00:00:51
INV_009786,ORD_009786,CUST_001082,MERCH_0061,69.25,EUR,PAID,2026-02-12 16:49:31,2026-03-14 16:49:31
INV_009787,ORD_009787,CUST_000543,MERCH_0009,249.25,USD,PAID,2026-01-09 20:04:36,2026-02-08 20:04:36
INV_009788,ORD_009788,CUST_002547,MERCH_0086,76.99,EUR,PAID,2026-03-26 11:50:21,2026-04-25 11:50:21
INV_009789,ORD_009789,CUST_001963,MERCH_0005,4999.00,INR,PAID,2026-03-21 10:59:12,2026-04-20 10:59:12
INV_009790,ORD_009790,CUST_003825,MERCH_0080,1840.50,USD,PAID,2026-01-09 00:39:04,2026-02-08 00:39:04
INV_009791,ORD_009791,CUST_001980,MERCH_0077,1725.80,GBP,PAID,2026-01-07 23:43:35,2026-02-06 23:43:35
INV_009792,ORD_009792,CUST_000295,MERCH_0060,253.49,USD,PAID,2026-03-26 01:11:09,2026-04-25 01:11:09
INV_009793,ORD_009793,CUST_002750,MERCH_0050,999.00,INR,PAID,2026-01-21 08:04:44,2026-02-20 08:04:44
INV_009794,ORD_009794,CUST_003598,MERCH_0047,556.25,USD,OVERPAID,2026-01-18 19:01:43,2026-02-17 19:01:43
INV_009795,ORD_009795,CUST_000814,MERCH_0005,149.50,GBP,PAID,2026-03-28 00:14:38,2026-04-27 00:14:38
INV_009796,ORD_009796,CUST_000987,MERCH_0018,57.00,CAD,PAID,2026-01-25 13:02:16,2026-02-24 13:02:16
INV_009797,ORD_009797,CUST_001100,MERCH_0023,78.00,USD,PAID,2026-01-09 06:02:14,2026-02-08 06:02:14
INV_009798,ORD_009798,CUST_003093,MERCH_0070,2913.49,EUR,PAID,2026-01-10 19:41:40,2026-02-09 19:41:40
INV_009799,ORD_009799,CUST_002734,MERCH_0003,3194.80,USD,PAID,2026-02-14 20:16:50,2026-03-16 20:16:50
INV_009800,ORD_009800,CUST_000261,MERCH_0052,80.99,EUR,PAID,2026-03-20 22:01:39,2026-04-19 22:01:39
INV_009801,ORD_009801,CUST_004563,MERCH_0046,315.95,EUR,PAID,2026-02-24 08:44:37,2026-03-26 08:44:37
INV_009802,ORD_009802,CUST_002384,MERCH_0074,420.95,CAD,PAID,2026-03-04 22:20:37,2026-04-03 22:20:37
INV_009803,ORD_009803,CUST_001526,MERCH_0093,380.00,EUR,PAID,2026-03-24 07:45:59,2026-04-23 07:45:59
INV_009804,ORD_009804,CUST_000477,MERCH_0032,27.25,USD,PAID,2026-03-05 07:16:03,2026-04-04 07:16:03
INV_009805,ORD_009805,CUST_004241,MERCH_0027,490.50,USD,PAID,2026-01-18 03:11:59,2026-02-17 03:11:59
INV_009806,ORD_009806,CUST_002818,MERCH_0094,57.00,GBP,PAID,2026-03-27 00:52:03,2026-04-26 00:52:03
INV_009807,ORD_009807,CUST_000127,MERCH_0008,374.75,GBP,PAID,2026-01-01 21:59:21,2026-01-31 21:59:21
INV_009808,ORD_009808,CUST_001758,MERCH_0045,452.99,EUR,PAID,2026-03-24 19:05:51,2026-04-23 19:05:51
INV_009809,ORD_009809,CUST_004452,MERCH_0031,3999.00,INR,PAID,2026-03-29 04:44:15,2026-04-28 04:44:15
INV_009810,ORD_009810,CUST_003397,MERCH_0094,2740.99,USD,PAID,2026-03-14 22:26:01,2026-04-13 22:26:01
INV_009811,ORD_009811,CUST_002497,MERCH_0075,3340.25,USD,PAID,2026-01-09 04:21:56,2026-02-08 04:21:56
INV_009812,ORD_009812,CUST_003986,MERCH_0011,79.49,EUR,PAID,2026-01-08 17:23:56,2026-02-07 17:23:56
INV_009813,ORD_009813,CUST_002954,MERCH_0044,4999.00,INR,PAID,2026-03-22 06:09:57,2026-04-21 06:09:57
INV_009814,ORD_009814,CUST_001325,MERCH_0018,15000.00,INR,PAID,2026-01-17 08:48:01,2026-02-16 08:48:01
INV_009815,ORD_009815,CUST_001030,MERCH_0052,541.75,EUR,PAID,2026-02-26 20:49:01,2026-03-28 20:49:01
INV_009816,ORD_009816,CUST_000908,MERCH_0019,796.49,EUR,PAID,2026-01-25 22:54:51,2026-02-24 22:54:51
INV_009818,ORD_009818,CUST_004010,MERCH_0006,42.00,USD,PAID,2026-03-22 09:06:17,2026-04-21 09:06:17
INV_009819,ORD_009819,CUST_002833,MERCH_0003,499.00,INR,PAID,2026-03-09 03:24:13,2026-04-08 03:24:13
INV_009820,ORD_009820,CUST_002903,MERCH_0070,54.99,EUR,PAID,2026-03-17 10:00:51,2026-04-16 10:00:51
INV_009821,ORD_009821,CUST_002861,MERCH_0064,152.80,EUR,PAID,2026-01-04 02:12:36,2026-02-03 02:12:36
INV_009822,ORD_009822,CUST_001401,MERCH_0017,553.95,USD,PAID,2026-01-18 00:50:22,2026-02-17 00:50:22
INV_009823,ORD_009823,CUST_001416,MERCH_0065,35.49,EUR,PAID,2026-02-20 18:38:15,2026-03-22 18:38:15
INV_009824,ORD_009824,CUST_003422,MERCH_0036,335.49,USD,PAID,2026-03-30 04:49:40,2026-04-29 04:49:40
INV_009825,ORD_009825,CUST_002478,MERCH_0074,319.50,EUR,PAID,2026-02-06 10:18:00,2026-03-08 10:18:00
INV_009826,ORD_009826,CUST_004467,MERCH_0053,646.75,GBP,PAID,2026-01-29 05:25:42,2026-02-28 05:25:42
INV_009827,ORD_009827,CUST_002331,MERCH_0029,43.99,USD,PAID,2026-02-15 08:06:16,2026-03-17 08:06:16
INV_009828,ORD_009828,CUST_000526,MERCH_0020,45.99,CAD,PAID,2026-01-07 14:31:59,2026-02-06 14:31:59
INV_009829,ORD_009829,CUST_001634,MERCH_0034,1951.95,EUR,PAID,2026-03-08 16:53:58,2026-04-07 16:53:58
INV_009830,ORD_009830,CUST_004144,MERCH_0038,3102.99,USD,PAID,2026-01-20 20:49:14,2026-02-19 20:49:14
INV_009831,ORD_009831,CUST_004234,MERCH_0032,3999.00,INR,PAID,2026-02-12 20:15:30,2026-03-14 20:15:30
INV_009832,ORD_009832,CUST_000061,MERCH_0048,55.80,EUR,PAID,2026-03-26 06:14:56,2026-04-25 06:14:56
INV_009833,ORD_009833,CUST_002194,MERCH_0032,47.95,CAD,PAID,2026-01-30 00:31:32,2026-03-01 00:31:32
INV_009834,ORD_009834,CUST_002828,MERCH_0020,425.25,EUR,PAID,2026-03-20 15:54:57,2026-04-19 15:54:57
INV_009835,ORD_009835,CUST_004694,MERCH_0033,584.50,GBP,PAID,2026-03-15 07:03:44,2026-04-14 07:03:44
INV_009836,ORD_009836,CUST_000112,MERCH_0002,1499.00,INR,OVERPAID,2026-01-22 01:48:15,2026-02-21 01:48:15
INV_009837,ORD_009837,CUST_002284,MERCH_0020,341.95,GBP,PAID,2026-03-07 17:51:01,2026-04-06 17:51:01
INV_009838,ORD_009838,CUST_003324,MERCH_0013,71.95,CAD,PAID,2026-01-11 16:51:14,2026-02-10 16:51:14
INV_009839,ORD_009839,CUST_004206,MERCH_0071,244.00,GBP,PAID,2026-02-25 21:21:12,2026-03-27 21:21:12
INV_009840,ORD_009840,CUST_000459,MERCH_0034,66.49,EUR,PAID,2026-03-08 15:42:20,2026-04-07 15:42:20
INV_009841,ORD_009841,CUST_002880,MERCH_0050,18.95,USD,PAID,2026-03-26 19:50:55,2026-04-25 19:50:55
INV_009842,ORD_009842,CUST_004625,MERCH_0052,54.80,EUR,PAID,2026-01-20 04:18:22,2026-02-19 04:18:22
INV_009843,ORD_009843,CUST_000099,MERCH_0075,413.95,EUR,PAID,2026-01-01 18:21:47,2026-01-31 18:21:47
INV_009844,ORD_009844,CUST_003463,MERCH_0075,285.25,EUR,PAID,2026-02-09 10:50:09,2026-03-11 10:50:09
INV_009845,ORD_009845,CUST_001001,MERCH_0052,601.75,GBP,PAID,2026-03-20 18:43:59,2026-04-19 18:43:59
INV_009846,ORD_009846,CUST_001373,MERCH_0018,9999.00,INR,PAID,2026-03-04 06:23:40,2026-04-03 06:23:40
INV_009847,ORD_009847,CUST_003507,MERCH_0026,413.25,USD,OVERPAID,2026-03-25 13:48:28,2026-04-24 13:48:28
INV_009848,ORD_009848,CUST_002934,MERCH_0068,499.00,INR,PAID,2026-03-17 07:48:09,2026-04-16 07:48:09
INV_009849,ORD_009849,CUST_004113,MERCH_0038,2034.75,USD,PAID,2026-01-23 00:38:44,2026-02-22 00:38:44
INV_009850,ORD_009850,CUST_000696,MERCH_0036,25.75,USD,PAID,2026-01-15 12:14:42,2026-02-14 12:14:42
INV_009851,ORD_009851,CUST_004826,MERCH_0023,3999.00,INR,PAID,2026-01-07 19:29:20,2026-02-06 19:29:20
INV_009852,ORD_009852,CUST_003220,MERCH_0036,4999.00,INR,PAID,2026-02-28 06:06:20,2026-03-30 06:06:20
INV_009853,ORD_009853,CUST_004129,MERCH_0050,1999.00,INR,PAID,2026-01-23 12:37:09,2026-02-22 12:37:09
INV_009854,ORD_009854,CUST_002393,MERCH_0048,1386.49,USD,PAID,2026-03-04 23:17:22,2026-04-03 23:17:22
INV_009855,ORD_009855,CUST_002011,MERCH_0094,54.49,USD,PAID,2026-03-26 23:20:30,2026-04-25 23:20:30
INV_009856,ORD_009856,CUST_001857,MERCH_0038,9999.00,INR,PAID,2026-01-15 00:45:46,2026-02-14 00:45:46
INV_009857,ORD_009857,CUST_003496,MERCH_0094,499.00,INR,PAID,2026-01-12 03:14:55,2026-02-11 03:14:55
INV_009858,ORD_009858,CUST_004027,MERCH_0075,2499.00,INR,PAID,2026-01-15 02:54:46,2026-02-14 02:54:46
INV_009859,ORD_009859,CUST_000467,MERCH_0046,554.50,CAD,PAID,2026-03-17 09:09:21,2026-04-16 09:09:21
INV_009860,ORD_009860,CUST_004833,MERCH_0083,50.25,EUR,PAID,2026-03-09 07:56:08,2026-04-08 07:56:08
INV_009861,ORD_009861,CUST_000668,MERCH_0067,467.25,EUR,PAID,2026-01-04 02:07:21,2026-02-03 02:07:21
INV_009862,ORD_009862,CUST_001977,MERCH_0004,299.00,INR,PAID,2026-02-25 15:25:33,2026-03-27 15:25:33
INV_009863,ORD_009863,CUST_001958,MERCH_0088,74.00,EUR,PAID,2026-03-14 14:21:09,2026-04-13 14:21:09
INV_009864,ORD_009864,CUST_001882,MERCH_0077,563.75,EUR,PAID,2026-03-14 04:50:13,2026-04-13 04:50:13
INV_009866,ORD_009866,CUST_000751,MERCH_0064,109.80,GBP,PAID,2026-02-14 19:43:33,2026-03-16 19:43:33
INV_009867,ORD_009867,CUST_002458,MERCH_0044,275.75,GBP,PAID,2026-01-05 19:09:09,2026-02-04 19:09:09
INV_009868,ORD_009868,CUST_004387,MERCH_0089,47.00,USD,PAID,2026-01-13 15:31:36,2026-02-12 15:31:36
INV_009869,ORD_009869,CUST_001852,MERCH_0056,221.99,EUR,PAID,2026-02-24 07:13:02,2026-03-26 07:13:02
INV_009870,ORD_009870,CUST_003848,MERCH_0036,206.75,EUR,PAID,2026-02-17 03:11:43,2026-03-19 03:11:43
INV_009871,ORD_009871,CUST_004211,MERCH_0048,299.00,INR,PAID,2026-03-18 19:27:53,2026-04-17 19:27:53
INV_009872,ORD_009872,CUST_000723,MERCH_0033,1092.49,USD,PAID,2026-02-26 06:44:30,2026-03-28 06:44:30
INV_009873,ORD_009873,CUST_003609,MERCH_0029,2499.00,INR,PAID,2026-03-27 22:37:55,2026-04-26 22:37:55
INV_009874,ORD_009874,CUST_000607,MERCH_0016,2567.25,USD,PAID,2026-01-31 08:41:36,2026-03-02 08:41:36
INV_009875,ORD_009875,CUST_002649,MERCH_0076,28.50,USD,PAID,2026-02-25 06:08:18,2026-03-27 06:08:18
INV_009876,ORD_009876,CUST_000994,MERCH_0059,2022.75,GBP,PAID,2026-01-27 20:01:42,2026-02-26 20:01:42
INV_009877,ORD_009877,CUST_003371,MERCH_0097,168.75,EUR,PAID,2026-02-09 06:48:27,2026-03-11 06:48:27
INV_009878,ORD_009878,CUST_001160,MERCH_0062,578.00,USD,PAID,2026-02-16 06:25:02,2026-03-18 06:25:02
INV_009879,ORD_009879,CUST_001207,MERCH_0016,21.00,EUR,PAID,2026-03-31 15:15:57,2026-04-30 15:15:57
INV_009880,ORD_009880,CUST_003107,MERCH_0057,999.00,INR,PAID,2026-02-19 17:10:53,2026-03-21 17:10:53
INV_009881,ORD_009881,CUST_003546,MERCH_0099,28.50,USD,PAID,2026-03-29 16:29:38,2026-04-28 16:29:38
INV_009882,ORD_009882,CUST_003050,MERCH_0056,1039.80,EUR,PAID,2026-01-02 14:17:48,2026-02-01 14:17:48
INV_009883,ORD_009883,CUST_003246,MERCH_0079,30.99,USD,PAID,2026-01-26 10:47:09,2026-02-25 10:47:09
INV_009884,ORD_009884,CUST_003377,MERCH_0095,293.49,USD,PAID,2026-01-29 23:28:56,2026-02-28 23:28:56
INV_009885,ORD_009885,CUST_002491,MERCH_0058,9999.00,INR,PAID,2026-03-08 04:49:46,2026-04-07 04:49:46
INV_009886,ORD_009886,CUST_001689,MERCH_0046,15000.00,INR,PAID,2026-02-11 13:10:48,2026-03-13 13:10:48
INV_009887,ORD_009887,CUST_002448,MERCH_0051,4999.00,INR,PAID,2026-03-23 11:18:52,2026-04-22 11:18:52
INV_009888,ORD_009888,CUST_002894,MERCH_0071,32.50,USD,PAID,2026-01-25 00:19:11,2026-02-24 00:19:11
INV_009889,ORD_009889,CUST_000666,MERCH_0002,513.95,USD,PAID,2026-01-11 04:46:21,2026-02-10 04:46:21
INV_009890,ORD_009890,CUST_000200,MERCH_0094,429.80,USD,OVERPAID,2026-01-17 15:44:12,2026-02-16 15:44:12
INV_009891,ORD_009891,CUST_001497,MERCH_0023,488.49,EUR,PAID,2026-03-25 21:06:52,2026-04-24 21:06:52
INV_009892,ORD_009892,CUST_003544,MERCH_0059,34.80,GBP,PAID,2026-03-13 05:43:59,2026-04-12 05:43:59
INV_009893,ORD_009893,CUST_004167,MERCH_0055,17.25,EUR,PAID,2026-01-02 00:41:41,2026-02-01 00:41:41
INV_009894,ORD_009894,CUST_002308,MERCH_0099,62.25,CAD,PAID,2026-01-18 08:33:27,2026-02-17 08:33:27
INV_009895,ORD_009895,CUST_003236,MERCH_0021,53.25,USD,PAID,2026-02-04 11:49:40,2026-03-06 11:49:40
INV_009896,ORD_009896,CUST_004769,MERCH_0038,61.99,USD,PAID,2026-04-01 02:50:59,2026-05-01 02:50:59
INV_009897,ORD_009897,CUST_000814,MERCH_0083,9999.00,INR,PAID,2026-01-04 10:56:00,2026-02-03 10:56:00
INV_009898,ORD_009898,CUST_004494,MERCH_0100,70.99,USD,PAID,2026-03-16 06:28:25,2026-04-15 06:28:25
INV_009899,ORD_009899,CUST_004825,MERCH_0023,32.50,USD,PAID,2026-02-19 16:08:49,2026-03-21 16:08:49
INV_009900,ORD_009900,CUST_000081,MERCH_0096,77.49,EUR,PAID,2026-03-20 00:32:28,2026-04-19 00:32:28
INV_009901,ORD_009901,CUST_000674,MERCH_0027,286.25,EUR,PAID,2026-02-03 13:20:37,2026-03-05 13:20:37
INV_009902,ORD_009902,CUST_000971,MERCH_0025,50.99,USD,PAID,2026-02-01 16:49:54,2026-03-03 16:49:54
INV_009903,ORD_009903,CUST_000324,MERCH_0016,44.25,USD,PAID,2026-03-10 09:18:29,2026-04-09 09:18:29
INV_009904,ORD_009904,CUST_003895,MERCH_0022,48.00,GBP,PAID,2026-02-16 20:45:10,2026-03-18 20:45:10
INV_009905,ORD_009905,CUST_002251,MERCH_0044,1765.49,USD,PAID,2026-02-03 23:45:59,2026-03-05 23:45:59
INV_009907,ORD_009907,CUST_002724,MERCH_0017,544.75,GBP,PAID,2026-03-22 12:03:55,2026-04-21 12:03:55
INV_009908,ORD_009908,CUST_003714,MERCH_0055,991.75,USD,OVERPAID,2026-02-04 16:14:15,2026-03-06 16:14:15
INV_009909,ORD_009909,CUST_003379,MERCH_0063,97.00,EUR,PAID,2026-02-13 05:45:43,2026-03-15 05:45:43
INV_009910,ORD_009910,CUST_002220,MERCH_0031,58.75,USD,PAID,2026-01-13 15:31:45,2026-02-12 15:31:45
INV_009911,ORD_009911,CUST_001507,MERCH_0012,62.95,USD,PAID,2026-02-17 06:07:06,2026-03-19 06:07:06
INV_009912,ORD_009912,CUST_004600,MERCH_0001,71.80,CAD,PAID,2026-03-31 15:49:30,2026-04-30 15:49:30
INV_009913,ORD_009913,CUST_004677,MERCH_0003,122.95,GBP,PAID,2026-03-27 16:30:31,2026-04-26 16:30:31
INV_009914,ORD_009914,CUST_001164,MERCH_0001,502.99,USD,PAID,2026-01-12 21:18:17,2026-02-11 21:18:17
INV_009915,ORD_009915,CUST_001312,MERCH_0074,71.25,EUR,PAID,2026-03-26 19:36:07,2026-04-25 19:36:07
INV_009916,ORD_009916,CUST_000845,MERCH_0036,550.95,EUR,PAID,2026-03-07 13:24:06,2026-04-06 13:24:06
INV_009917,ORD_009917,CUST_002439,MERCH_0093,342.75,CAD,PAID,2026-01-20 14:56:48,2026-02-19 14:56:48
INV_009918,ORD_009918,CUST_004182,MERCH_0075,52.99,GBP,PAID,2026-01-22 05:18:12,2026-02-21 05:18:12
INV_009919,ORD_009919,CUST_003822,MERCH_0057,9999.00,INR,PAID,2026-02-26 17:16:22,2026-03-28 17:16:22
INV_009920,ORD_009920,CUST_003765,MERCH_0029,466.00,CAD,PAID,2026-01-07 18:53:19,2026-02-06 18:53:19
INV_009921,ORD_009921,CUST_001600,MERCH_0089,41.49,EUR,PAID,2026-02-09 16:39:47,2026-03-11 16:39:47
INV_009922,ORD_009922,CUST_000603,MERCH_0051,62.00,EUR,PAID,2026-03-23 13:51:26,2026-04-22 13:51:26
INV_009923,ORD_009923,CUST_003916,MERCH_0056,34.99,CAD,PAID,2026-01-30 10:27:44,2026-03-01 10:27:44
INV_009924,ORD_009924,CUST_004276,MERCH_0047,53.75,EUR,PAID,2026-02-26 23:41:11,2026-03-28 23:41:11
INV_009926,ORD_009926,CUST_001399,MERCH_0093,27.50,CAD,PAID,2026-02-01 05:19:45,2026-03-03 05:19:45
INV_009927,ORD_009927,CUST_004037,MERCH_0061,22.75,GBP,PAID,2026-03-15 09:29:10,2026-04-14 09:29:10
INV_009928,ORD_009928,CUST_001606,MERCH_0066,218.49,CAD,PAID,2026-03-13 23:30:52,2026-04-12 23:30:52
INV_009929,ORD_009929,CUST_000623,MERCH_0023,799.00,INR,PAID,2026-02-15 02:16:29,2026-03-17 02:16:29
INV_009930,ORD_009930,CUST_004620,MERCH_0059,21.49,USD,PAID,2026-01-18 11:55:11,2026-02-17 11:55:11
INV_009931,ORD_009931,CUST_004425,MERCH_0039,584.49,GBP,PAID,2026-02-11 06:23:50,2026-03-13 06:23:50
INV_009932,ORD_009932,CUST_002641,MERCH_0024,182.00,EUR,PAID,2026-03-24 10:31:47,2026-04-23 10:31:47
INV_009933,ORD_009933,CUST_004237,MERCH_0046,200.00,GBP,PAID,2026-01-12 12:20:08,2026-02-11 12:20:08
INV_009934,ORD_009934,CUST_002400,MERCH_0078,3269.99,USD,PAID,2026-01-26 11:57:58,2026-02-25 11:57:58
INV_009935,ORD_009935,CUST_001668,MERCH_0063,2156.99,GBP,PAID,2026-02-06 04:14:20,2026-03-08 04:14:20
INV_009936,ORD_009936,CUST_001064,MERCH_0040,37.50,CAD,PAID,2026-02-05 15:35:56,2026-03-07 15:35:56
INV_009938,ORD_009938,CUST_000865,MERCH_0002,52.50,EUR,PAID,2026-02-23 16:53:01,2026-03-25 16:53:01
INV_009939,ORD_009939,CUST_004230,MERCH_0098,36.80,USD,PAID,2026-01-13 03:56:53,2026-02-12 03:56:53
INV_009940,ORD_009940,CUST_004668,MERCH_0035,2766.00,USD,PAID,2026-03-29 03:16:32,2026-04-28 03:16:32
INV_009941,ORD_009941,CUST_001839,MERCH_0029,1881.49,GBP,PAID,2026-02-16 08:43:49,2026-03-18 08:43:49
INV_009942,ORD_009942,CUST_001968,MERCH_0047,42.99,USD,PAID,2026-01-04 06:35:31,2026-02-03 06:35:31
INV_009943,ORD_009943,CUST_003263,MERCH_0080,628.95,CAD,PAID,2026-01-23 06:49:43,2026-02-22 06:49:43
INV_009944,ORD_009944,CUST_002327,MERCH_0055,354.80,USD,PAID,2026-02-05 00:04:41,2026-03-07 00:04:41
INV_009945,ORD_009945,CUST_002214,MERCH_0060,257.95,EUR,PAID,2026-02-17 17:13:09,2026-03-19 17:13:09
INV_009946,ORD_009946,CUST_001022,MERCH_0076,41.50,EUR,PAID,2026-01-08 21:50:28,2026-02-07 21:50:28
INV_009947,ORD_009947,CUST_002453,MERCH_0080,450.99,USD,PAID,2026-02-10 19:21:19,2026-03-12 19:21:19
INV_009948,ORD_009948,CUST_002792,MERCH_0008,3999.00,INR,PAID,2026-01-12 23:07:08,2026-02-11 23:07:08
INV_009949,ORD_009949,CUST_000499,MERCH_0078,143.00,EUR,PAID,2026-02-08 03:17:06,2026-03-10 03:17:06
INV_009950,ORD_009950,CUST_004915,MERCH_0042,647.95,USD,PAID,2026-02-18 20:52:58,2026-03-20 20:52:58
INV_009951,ORD_009951,CUST_002880,MERCH_0087,316.50,EUR,PAID,2026-02-23 20:32:27,2026-03-25 20:32:27
INV_009952,ORD_009952,CUST_002374,MERCH_0052,3999.00,INR,PAID,2026-03-11 07:16:50,2026-04-10 07:16:50
INV_009953,ORD_009953,CUST_001160,MERCH_0078,51.25,USD,PAID,2026-01-25 15:49:03,2026-02-24 15:49:03
INV_009954,ORD_009954,CUST_001980,MERCH_0041,36.00,CAD,PAID,2026-01-22 04:16:46,2026-02-21 04:16:46
INV_009955,ORD_009955,CUST_003392,MERCH_0083,303.80,EUR,PAID,2026-02-08 05:26:22,2026-03-10 05:26:22
INV_009957,ORD_009957,CUST_004408,MERCH_0088,1128.75,USD,PAID,2026-02-18 22:55:14,2026-03-20 22:55:14
INV_009958,ORD_009958,CUST_004910,MERCH_0042,587.99,EUR,PAID,2026-02-20 09:55:25,2026-03-22 09:55:25
INV_009959,ORD_009959,CUST_000278,MERCH_0090,644.00,GBP,PAID,2026-02-27 02:36:34,2026-03-29 02:36:34
INV_009960,ORD_009960,CUST_003898,MERCH_0001,574.25,USD,PAID,2026-02-05 18:43:34,2026-03-07 18:43:34
INV_009961,ORD_009961,CUST_003546,MERCH_0070,18.50,GBP,PAID,2026-02-27 08:29:00,2026-03-29 08:29:00
INV_009962,ORD_009962,CUST_003915,MERCH_0063,569.50,USD,PAID,2026-02-24 02:55:54,2026-03-26 02:55:54
INV_009963,ORD_009963,CUST_000340,MERCH_0037,111.49,GBP,PAID,2026-03-18 04:57:07,2026-04-17 04:57:07
INV_009964,ORD_009964,CUST_002756,MERCH_0095,1894.99,USD,PAID,2026-01-14 08:35:13,2026-02-13 08:35:13
INV_009965,ORD_009965,CUST_000305,MERCH_0088,509.49,USD,PAID,2026-03-29 02:10:12,2026-04-28 02:10:12
INV_009966,ORD_009966,CUST_000106,MERCH_0023,27.25,GBP,PAID,2026-01-10 08:08:18,2026-02-09 08:08:18
INV_009967,ORD_009967,CUST_003133,MERCH_0017,63.25,EUR,PAID,2026-03-09 19:23:13,2026-04-08 19:23:13
INV_009968,ORD_009968,CUST_001208,MERCH_0029,40.95,USD,PAID,2026-01-22 00:40:43,2026-02-21 00:40:43
INV_009969,ORD_009969,CUST_003303,MERCH_0079,339.49,USD,PAID,2026-01-04 23:36:07,2026-02-03 23:36:07
INV_009970,ORD_009970,CUST_002594,MERCH_0097,24.95,USD,PAID,2026-03-06 15:28:03,2026-04-05 15:28:03
INV_009971,ORD_009971,CUST_004545,MERCH_0035,287.00,EUR,PAID,2026-01-28 19:41:03,2026-02-27 19:41:03
INV_009972,ORD_009972,CUST_000997,MERCH_0003,343.99,GBP,PAID,2026-03-30 04:53:26,2026-04-29 04:53:26
INV_009973,ORD_009973,CUST_003037,MERCH_0084,279.00,EUR,PAID,2026-03-26 11:53:50,2026-04-25 11:53:50
INV_009974,ORD_009974,CUST_002407,MERCH_0035,32.75,EUR,PAID,2026-02-06 23:09:33,2026-03-08 23:09:33
INV_009975,ORD_009975,CUST_002239,MERCH_0016,278.80,EUR,PAID,2026-03-08 10:34:39,2026-04-07 10:34:39
INV_009977,ORD_009977,CUST_004504,MERCH_0054,9999.00,INR,PAID,2026-01-09 07:53:10,2026-02-08 07:53:10
INV_009978,ORD_009978,CUST_004358,MERCH_0079,299.00,INR,PAID,2026-01-23 11:16:46,2026-02-22 11:16:46
INV_009979,ORD_009979,CUST_004225,MERCH_0029,31.95,GBP,PAID,2026-01-18 19:31:19,2026-02-17 19:31:19
INV_009980,ORD_009980,CUST_002129,MERCH_0067,2417.75,EUR,PAID,2026-03-31 12:03:21,2026-04-30 12:03:21
INV_009981,ORD_009981,CUST_000635,MERCH_0053,233.75,EUR,PAID,2026-01-18 20:05:27,2026-02-17 20:05:27
INV_009982,ORD_009982,CUST_001783,MERCH_0082,3999.00,INR,PAID,2026-01-30 13:35:26,2026-03-01 13:35:26
INV_009983,ORD_009983,CUST_001155,MERCH_0091,2217.75,USD,PAID,2026-02-23 23:41:40,2026-03-25 23:41:40
INV_009984,ORD_009984,CUST_001017,MERCH_0002,454.25,USD,PAID,2026-01-22 12:02:53,2026-02-21 12:02:53
INV_009985,ORD_009985,CUST_002544,MERCH_0051,764.25,USD,PAID,2026-03-22 03:49:28,2026-04-21 03:49:28
INV_009986,ORD_009986,CUST_001094,MERCH_0081,1022.00,USD,PAID,2026-01-25 10:54:31,2026-02-24 10:54:31
INV_009987,ORD_009987,CUST_002820,MERCH_0086,73.00,EUR,PAID,2026-03-27 00:36:58,2026-04-26 00:36:58
INV_009988,ORD_009988,CUST_000246,MERCH_0064,3335.25,GBP,PAID,2026-03-28 07:57:13,2026-04-27 07:57:13
INV_009989,ORD_009989,CUST_004194,MERCH_0018,56.80,CAD,PAID,2026-01-15 00:13:39,2026-02-14 00:13:39
INV_009990,ORD_009990,CUST_001585,MERCH_0032,799.00,INR,PAID,2026-03-06 19:37:59,2026-04-05 19:37:59
INV_009991,ORD_009991,CUST_001531,MERCH_0026,2696.95,USD,PAID,2026-03-15 22:21:09,2026-04-14 22:21:09
INV_009992,ORD_009992,CUST_003612,MERCH_0050,65.00,EUR,PAID,2026-01-01 18:19:39,2026-01-31 18:19:39
INV_009993,ORD_009993,CUST_001110,MERCH_0043,345.00,USD,PAID,2026-01-01 07:47:23,2026-01-31 07:47:23
INV_009994,ORD_009994,CUST_000477,MERCH_0039,49.75,EUR,PAID,2026-03-26 08:01:48,2026-04-25 08:01:48
INV_009995,ORD_009995,CUST_001807,MERCH_0076,45.50,CAD,PAID,2026-02-09 09:38:28,2026-03-11 09:38:28
INV_009996,ORD_009996,CUST_000585,MERCH_0023,299.00,INR,PAID,2026-03-11 00:51:53,2026-04-10 00:51:53
INV_009997,ORD_009997,CUST_003160,MERCH_0082,3999.00,INR,PAID,2026-03-10 22:49:08,2026-04-09 22:49:08
INV_009998,ORD_009998,CUST_003942,MERCH_0006,70.00,CAD,PAID,2026-03-27 05:32:51,2026-04-26 05:32:51
INV_009999,ORD_009999,CUST_004638,MERCH_0065,637.49,EUR,PAID,2026-03-30 01:19:26,2026-04-29 01:19:26
INV_010000,ORD_010000,CUST_004440,MERCH_0063,445.00,USD,PAID,2026-01-19 17:11:13,2026-02-18 17:11:13
