bank_entry_id,settlement_batch_id,booked_at,credited_amount,currency,bank_reference,description
SYNTH-BANK-000001,SYNTH-BATCH-AMOUNT-BREAK-000231,2026-01-15T04:32:38Z,773.33,GBP,SYNTH-BANK-REF-000001,Synthetic settlement for SYNTH-BATCH-AMOUNT-BREAK-000231
SYNTH-BANK-000002,SYNTH-BATCH-AMOUNT-BREAK-001822,2026-01-25T00:58:55Z,406.30,USD,SYNTH-BANK-REF-000002,Synthetic settlement for SYNTH-BATCH-AMOUNT-BREAK-001822
SYNTH-BANK-000003,SYNTH-BATCH-AMOUNT-BREAK-002177,2026-01-08T13:29:13Z,1074.02,USD,SYNTH-BANK-REF-000003,Synthetic settlement for SYNTH-BATCH-AMOUNT-BREAK-002177
SYNTH-BANK-000004,SYNTH-BATCH-AMOUNT-BREAK-002405,2026-01-19T11:06:36Z,1086.61,USD,SYNTH-BANK-REF-000004,Synthetic settlement for SYNTH-BATCH-AMOUNT-BREAK-002405
SYNTH-BANK-000005,SYNTH-BATCH-AMOUNT-BREAK-002775,2026-01-17T08:38:50Z,1868.47,USD,SYNTH-BANK-REF-000005,Synthetic settlement for SYNTH-BATCH-AMOUNT-BREAK-002775
SYNTH-BANK-000006,SYNTH-BATCH-AMOUNT-BREAK-003399,2026-01-21T13:42:52Z,377.75,USD,SYNTH-BANK-REF-000006,Synthetic settlement for SYNTH-BATCH-AMOUNT-BREAK-003399
SYNTH-BANK-000007,SYNTH-BATCH-AMOUNT-BREAK-003853,2026-01-10T04:40:33Z,650.56,USD,SYNTH-BANK-REF-000007,Synthetic settlement for SYNTH-BATCH-AMOUNT-BREAK-003853
SYNTH-BANK-000008,SYNTH-BATCH-AMOUNT-BREAK-006386,2026-02-01T08:08:28Z,222.11,USD,SYNTH-BANK-REF-000008,Synthetic settlement for SYNTH-BATCH-AMOUNT-BREAK-006386
SYNTH-BANK-000009,SYNTH-BATCH-AMOUNT-BREAK-007650,2026-01-25T04:03:35Z,262.63,EUR,SYNTH-BANK-REF-000009,Synthetic settlement for SYNTH-BATCH-AMOUNT-BREAK-007650
SYNTH-BANK-000010,SYNTH-BATCH-AMOUNT-BREAK-008555,2026-01-31T02:51:36Z,1394.41,USD,SYNTH-BANK-REF-000010,Synthetic settlement for SYNTH-BATCH-AMOUNT-BREAK-008555
SYNTH-BANK-000011,SYNTH-BATCH-BANK-CURRENCY-002230,2026-01-30T10:15:28Z,294.58,USD,SYNTH-BANK-REF-000011,Synthetic settlement for SYNTH-BATCH-BANK-CURRENCY-002230
SYNTH-BANK-000012,SYNTH-BATCH-BANK-CURRENCY-002835,2026-01-15T20:25:22Z,120.55,EUR,SYNTH-BANK-REF-000012,Synthetic settlement for SYNTH-BATCH-BANK-CURRENCY-002835
SYNTH-BANK-000013,SYNTH-BATCH-BANK-CURRENCY-002944,2026-01-31T20:16:48Z,2254.67,EUR,SYNTH-BANK-REF-000013,Synthetic settlement for SYNTH-BATCH-BANK-CURRENCY-002944
SYNTH-BANK-000014,SYNTH-BATCH-BANK-CURRENCY-003043,2026-01-06T22:39:05Z,1556.06,EUR,SYNTH-BANK-REF-000014,Synthetic settlement for SYNTH-BATCH-BANK-CURRENCY-003043
SYNTH-BANK-000015,SYNTH-BATCH-BANK-CURRENCY-004223,2026-01-08T02:25:04Z,1618.85,EUR,SYNTH-BANK-REF-000015,Synthetic settlement for SYNTH-BATCH-BANK-CURRENCY-004223
SYNTH-BANK-000016,SYNTH-BATCH-BANK-CURRENCY-004707,2026-01-27T10:26:41Z,2151.96,EUR,SYNTH-BANK-REF-000016,Synthetic settlement for SYNTH-BATCH-BANK-CURRENCY-004707
SYNTH-BANK-000017,SYNTH-BATCH-BANK-CURRENCY-005466,2026-01-11T00:17:53Z,638.28,EUR,SYNTH-BANK-REF-000017,Synthetic settlement for SYNTH-BATCH-BANK-CURRENCY-005466
SYNTH-BANK-000018,SYNTH-BATCH-BANK-CURRENCY-005896,2026-01-07T10:08:06Z,1489.85,EUR,SYNTH-BANK-REF-000018,Synthetic settlement for SYNTH-BATCH-BANK-CURRENCY-005896
SYNTH-BANK-000019,SYNTH-BATCH-BANK-CURRENCY-005978,2026-01-27T22:30:51Z,346.34,EUR,SYNTH-BANK-REF-000019,Synthetic settlement for SYNTH-BATCH-BANK-CURRENCY-005978
SYNTH-BANK-000020,SYNTH-BATCH-BANK-CURRENCY-009256,2026-01-19T09:41:09Z,2060.45,EUR,SYNTH-BANK-REF-000020,Synthetic settlement for SYNTH-BATCH-BANK-CURRENCY-009256
SYNTH-BANK-000021,SYNTH-BATCH-CURRENCY-001391,2026-01-28T12:19:33Z,1661.21,USD,SYNTH-BANK-REF-000021,Synthetic settlement for SYNTH-BATCH-CURRENCY-001391
SYNTH-BANK-000022,SYNTH-BATCH-CURRENCY-001473,2026-01-17T00:39:13Z,1679.53,EUR,SYNTH-BANK-REF-000022,Synthetic settlement for SYNTH-BATCH-CURRENCY-001473
SYNTH-BANK-000023,SYNTH-BATCH-CURRENCY-001854,2026-01-26T23:11:32Z,358.83,EUR,SYNTH-BANK-REF-000023,Synthetic settlement for SYNTH-BATCH-CURRENCY-001854
SYNTH-BANK-000024,SYNTH-BATCH-CURRENCY-002667,2026-01-02T10:55:13Z,1604.97,EUR,SYNTH-BANK-REF-000024,Synthetic settlement for SYNTH-BATCH-CURRENCY-002667
SYNTH-BANK-000025,SYNTH-BATCH-CURRENCY-003091,2026-01-23T07:34:47Z,2183.53,USD,SYNTH-BANK-REF-000025,Synthetic settlement for SYNTH-BATCH-CURRENCY-003091
SYNTH-BANK-000026,SYNTH-BATCH-CURRENCY-008933,2026-01-06T18:21:01Z,635.45,EUR,SYNTH-BANK-REF-000026,Synthetic settlement for SYNTH-BATCH-CURRENCY-008933
SYNTH-BANK-000027,SYNTH-BATCH-CURRENCY-009138,2026-01-25T14:09:21Z,2259.56,EUR,SYNTH-BANK-REF-000027,Synthetic settlement for SYNTH-BATCH-CURRENCY-009138
SYNTH-BANK-000028,SYNTH-BATCH-CURRENCY-009410,2026-01-18T12:02:51Z,1081.54,USD,SYNTH-BANK-REF-000028,Synthetic settlement for SYNTH-BATCH-CURRENCY-009410
SYNTH-BANK-000029,SYNTH-BATCH-CURRENCY-009709,2026-01-07T21:57:19Z,2081.20,EUR,SYNTH-BANK-REF-000029,Synthetic settlement for SYNTH-BATCH-CURRENCY-009709
SYNTH-BANK-000030,SYNTH-BATCH-CURRENCY-009723,2026-01-21T04:07:13Z,1619.67,EUR,SYNTH-BANK-REF-000030,Synthetic settlement for SYNTH-BATCH-CURRENCY-009723
SYNTH-BANK-000031,SYNTH-BATCH-EUR-2026-01-03-0000,2026-01-02T16:20:42Z,2511.10,EUR,SYNTH-BANK-REF-000031,Synthetic settlement for SYNTH-BATCH-EUR-2026-01-03-0000
SYNTH-BANK-000032,SYNTH-BATCH-EUR-2026-01-03-0001,2026-01-02T22:19:53Z,2407.29,EUR,SYNTH-BANK-REF-000032,Synthetic settlement for SYNTH-BATCH-EUR-2026-01-03-0001
SYNTH-BANK-000033,SYNTH-BATCH-EUR-2026-01-03-0002,2026-01-02T18:35:28Z,2360.50,EUR,SYNTH-BANK-REF-000033,Synthetic settlement for SYNTH-BATCH-EUR-2026-01-03-0002
SYNTH-BANK-000034,SYNTH-BATCH-EUR-2026-01-03-0003,2026-01-03T00:06:16Z,4122.87,EUR,SYNTH-BANK-REF-000034,Synthetic settlement for SYNTH-BATCH-EUR-2026-01-03-0003
SYNTH-BANK-000035,SYNTH-BATCH-EUR-2026-01-03-0004,2026-01-02T19:53:56Z,971.68,EUR,SYNTH-BANK-REF-000035,Synthetic settlement for SYNTH-BATCH-EUR-2026-01-03-0004
SYNTH-BANK-000036,SYNTH-BATCH-EUR-2026-01-03-0005,2026-01-02T15:34:12Z,3147.00,EUR,SYNTH-BANK-REF-000036,Synthetic settlement for SYNTH-BATCH-EUR-2026-01-03-0005
SYNTH-BANK-000037,SYNTH-BATCH-EUR-2026-01-03-0006,2026-01-02T20:56:53Z,4201.25,EUR,SYNTH-BANK-REF-000037,Synthetic settlement for SYNTH-BATCH-EUR-2026-01-03-0006
SYNTH-BANK-000038,SYNTH-BATCH-EUR-2026-01-03-0007,2026-01-02T16:56:56Z,3638.00,EUR,SYNTH-BANK-REF-000038,Synthetic settlement for SYNTH-BATCH-EUR-2026-01-03-0007
SYNTH-BANK-000039,SYNTH-BATCH-EUR-2026-01-03-0008,2026-01-02T22:43:20Z,633.93,EUR,SYNTH-BANK-REF-000039,Synthetic settlement for SYNTH-BATCH-EUR-2026-01-03-0008
SYNTH-BANK-000040,SYNTH-BATCH-EUR-2026-01-03-0009,2026-01-02T18:34:34Z,2818.56,EUR,SYNTH-BANK-REF-000040,Synthetic settlement for SYNTH-BATCH-EUR-2026-01-03-0009
SYNTH-BANK-000041,SYNTH-BATCH-EUR-2026-01-03-0010,2026-01-02T23:57:27Z,2374.24,EUR,SYNTH-BANK-REF-000041,Synthetic settlement for SYNTH-BATCH-EUR-2026-01-03-0010
SYNTH-BANK-000042,SYNTH-BATCH-EUR-2026-01-03-0011,2026-01-02T20:34:37Z,5320.37,EUR,SYNTH-BANK-REF-000042,Synthetic settlement for SYNTH-BATCH-EUR-2026-01-03-0011
SYNTH-BANK-000043,SYNTH-BATCH-EUR-2026-01-03-0012,2026-01-02T11:55:05Z,2422.36,EUR,SYNTH-BANK-REF-000043,Synthetic settlement for SYNTH-BATCH-EUR-2026-01-03-0012
SYNTH-BANK-000044,SYNTH-BATCH-EUR-2026-01-04-0000,2026-01-03T22:36:48Z,3028.48,EUR,SYNTH-BANK-REF-000044,Synthetic settlement for SYNTH-BATCH-EUR-2026-01-04-0000
SYNTH-BANK-000045,SYNTH-BATCH-EUR-2026-01-04-0001,2026-01-03T18:41:01Z,4574.54,EUR,SYNTH-BANK-REF-000045,Synthetic settlement for SYNTH-BATCH-EUR-2026-01-04-0001
SYNTH-BANK-000046,SYNTH-BATCH-EUR-2026-01-04-0002,2026-01-03T09:44:19Z,2384.12,EUR,SYNTH-BANK-REF-000046,Synthetic settlement for SYNTH-BATCH-EUR-2026-01-04-0002
SYNTH-BANK-000047,SYNTH-BATCH-EUR-2026-01-04-0003,2026-01-03T19:47:19Z,4686.60,EUR,SYNTH-BANK-REF-000047,Synthetic settlement for SYNTH-BATCH-EUR-2026-01-04-0003
SYNTH-BANK-000048,SYNTH-BATCH-EUR-2026-01-04-0004,2026-01-03T11:47:36Z,1942.47,EUR,SYNTH-BANK-REF-000048,Synthetic settlement for SYNTH-BATCH-EUR-2026-01-04-0004
SYNTH-BANK-000049,SYNTH-BATCH-EUR-2026-01-04-0005,2026-01-03T21:19:14Z,1993.59,EUR,SYNTH-BANK-REF-000049,Synthetic settlement for SYNTH-BATCH-EUR-2026-01-04-0005
SYNTH-BANK-000050,SYNTH-BATCH-EUR-2026-01-04-0006,2026-01-03T13:01:38Z,130.28,EUR,SYNTH-BANK-REF-000050,Synthetic settlement for SYNTH-BATCH-EUR-2026-01-04-0006
SYNTH-BANK-000051,SYNTH-BATCH-EUR-2026-01-04-0007,2026-01-03T23:00:03Z,2087.83,EUR,SYNTH-BANK-REF-000051,Synthetic settlement for SYNTH-BATCH-EUR-2026-01-04-0007
SYNTH-BANK-000052,SYNTH-BATCH-EUR-2026-01-04-0008,2026-01-03T15:09:16Z,2425.94,EUR,SYNTH-BANK-REF-000052,Synthetic settlement for SYNTH-BATCH-EUR-2026-01-04-0008
SYNTH-BANK-000053,SYNTH-BATCH-EUR-2026-01-04-0009,2026-01-03T20:30:59Z,3204.01,EUR,SYNTH-BANK-REF-000053,Synthetic settlement for SYNTH-BATCH-EUR-2026-01-04-0009
SYNTH-BANK-000054,SYNTH-BATCH-EUR-2026-01-04-0010,2026-01-03T15:56:31Z,3418.80,EUR,SYNTH-BANK-REF-000054,Synthetic settlement for SYNTH-BATCH-EUR-2026-01-04-0010
SYNTH-BANK-000055,SYNTH-BATCH-EUR-2026-01-04-0011,2026-01-03T22:23:12Z,2531.92,EUR,SYNTH-BANK-REF-000055,Synthetic settlement for SYNTH-BATCH-EUR-2026-01-04-0011
SYNTH-BANK-000056,SYNTH-BATCH-EUR-2026-01-04-0012,2026-01-03T18:10:31Z,2071.69,EUR,SYNTH-BANK-REF-000056,Synthetic settlement for SYNTH-BATCH-EUR-2026-01-04-0012
SYNTH-BANK-000057,SYNTH-BATCH-EUR-2026-01-05-0000,2026-01-04T14:43:02Z,2675.40,EUR,SYNTH-BANK-REF-000057,Synthetic settlement for SYNTH-BATCH-EUR-2026-01-05-0000
SYNTH-BANK-000058,SYNTH-BATCH-EUR-2026-01-05-0001,2026-01-04T19:53:57Z,4405.26,EUR,SYNTH-BANK-REF-000058,Synthetic settlement for SYNTH-BATCH-EUR-2026-01-05-0001
SYNTH-BANK-000059,SYNTH-BATCH-EUR-2026-01-05-0002,2026-01-04T16:30:20Z,3380.56,EUR,SYNTH-BANK-REF-000059,Synthetic settlement for SYNTH-BATCH-EUR-2026-01-05-0002
SYNTH-BANK-000060,SYNTH-BATCH-EUR-2026-01-05-0003,2026-01-04T21:29:30Z,2886.19,EUR,SYNTH-BANK-REF-000060,Synthetic settlement for SYNTH-BATCH-EUR-2026-01-05-0003
SYNTH-BANK-000061,SYNTH-BATCH-EUR-2026-01-05-0004,2026-01-04T17:30:28Z,1357.05,EUR,SYNTH-BANK-REF-000061,Synthetic settlement for SYNTH-BATCH-EUR-2026-01-05-0004
SYNTH-BANK-000062,SYNTH-BATCH-EUR-2026-01-05-0005,2026-01-04T23:20:27Z,3280.99,EUR,SYNTH-BANK-REF-000062,Synthetic settlement for SYNTH-BATCH-EUR-2026-01-05-0005
SYNTH-BANK-000063,SYNTH-BATCH-EUR-2026-01-05-0006,2026-01-04T18:45:04Z,3071.77,EUR,SYNTH-BANK-REF-000063,Synthetic settlement for SYNTH-BATCH-EUR-2026-01-05-0006
SYNTH-BANK-000064,SYNTH-BATCH-EUR-2026-01-05-0007,2026-01-04T14:48:48Z,3821.69,EUR,SYNTH-BANK-REF-000064,Synthetic settlement for SYNTH-BATCH-EUR-2026-01-05-0007
SYNTH-BANK-000065,SYNTH-BATCH-EUR-2026-01-05-0008,2026-01-04T20:41:45Z,1710.88,EUR,SYNTH-BANK-REF-000065,Synthetic settlement for SYNTH-BATCH-EUR-2026-01-05-0008
SYNTH-BANK-000066,SYNTH-BATCH-EUR-2026-01-05-0009,2026-01-04T17:01:56Z,3548.25,EUR,SYNTH-BANK-REF-000066,Synthetic settlement for SYNTH-BATCH-EUR-2026-01-05-0009
SYNTH-BANK-000067,SYNTH-BATCH-EUR-2026-01-05-0010,2026-01-04T22:44:24Z,1753.25,EUR,SYNTH-BANK-REF-000067,Synthetic settlement for SYNTH-BATCH-EUR-2026-01-05-0010
SYNTH-BANK-000068,SYNTH-BATCH-EUR-2026-01-05-0011,2026-01-04T17:43:13Z,2859.70,EUR,SYNTH-BANK-REF-000068,Synthetic settlement for SYNTH-BATCH-EUR-2026-01-05-0011
SYNTH-BANK-000069,SYNTH-BATCH-EUR-2026-01-05-0012,2026-01-04T23:35:08Z,1922.85,EUR,SYNTH-BANK-REF-000069,Synthetic settlement for SYNTH-BATCH-EUR-2026-01-05-0012
SYNTH-BANK-000070,SYNTH-BATCH-EUR-2026-01-06-0000,2026-01-05T20:40:24Z,2949.38,EUR,SYNTH-BANK-REF-000070,Synthetic settlement for SYNTH-BATCH-EUR-2026-01-06-0000
SYNTH-BANK-000071,SYNTH-BATCH-EUR-2026-01-06-0001,2026-01-05T16:37:12Z,3047.57,EUR,SYNTH-BANK-REF-000071,Synthetic settlement for SYNTH-BATCH-EUR-2026-01-06-0001
SYNTH-BANK-000072,SYNTH-BATCH-EUR-2026-01-06-0002,2026-01-05T22:00:30Z,3208.87,EUR,SYNTH-BANK-REF-000072,Synthetic settlement for SYNTH-BATCH-EUR-2026-01-06-0002
SYNTH-BANK-000073,SYNTH-BATCH-EUR-2026-01-06-0003,2026-01-05T17:59:15Z,1073.00,EUR,SYNTH-BANK-REF-000073,Synthetic settlement for SYNTH-BATCH-EUR-2026-01-06-0003
SYNTH-BANK-000074,SYNTH-BATCH-EUR-2026-01-06-0004,2026-01-05T23:41:32Z,1942.35,EUR,SYNTH-BANK-REF-000074,Synthetic settlement for SYNTH-BATCH-EUR-2026-01-06-0004
SYNTH-BANK-000075,SYNTH-BATCH-EUR-2026-01-06-0005,2026-01-05T19:27:28Z,3304.80,EUR,SYNTH-BANK-REF-000075,Synthetic settlement for SYNTH-BATCH-EUR-2026-01-06-0005
SYNTH-BANK-000076,SYNTH-BATCH-EUR-2026-01-06-0006,2026-01-05T15:30:35Z,2886.14,EUR,SYNTH-BANK-REF-000076,Synthetic settlement for SYNTH-BATCH-EUR-2026-01-06-0006
SYNTH-BANK-000077,SYNTH-BATCH-EUR-2026-01-06-0007,2026-01-05T21:17:05Z,5242.95,EUR,SYNTH-BANK-REF-000077,Synthetic settlement for SYNTH-BATCH-EUR-2026-01-06-0007
SYNTH-BANK-000078,SYNTH-BATCH-EUR-2026-01-06-0008,2026-01-05T16:40:04Z,1761.83,EUR,SYNTH-BANK-REF-000078,Synthetic settlement for SYNTH-BATCH-EUR-2026-01-06-0008
SYNTH-BANK-000079,SYNTH-BATCH-EUR-2026-01-06-0009,2026-01-05T22:17:42Z,4654.52,EUR,SYNTH-BANK-REF-000079,Synthetic settlement for SYNTH-BATCH-EUR-2026-01-06-0009
SYNTH-BANK-000080,SYNTH-BATCH-EUR-2026-01-06-0010,2026-01-05T18:23:07Z,3914.49,EUR,SYNTH-BANK-REF-000080,Synthetic settlement for SYNTH-BATCH-EUR-2026-01-06-0010
SYNTH-BANK-000081,SYNTH-BATCH-EUR-2026-01-06-0011,2026-01-05T14:44:27Z,2862.70,EUR,SYNTH-BANK-REF-000081,Synthetic settlement for SYNTH-BATCH-EUR-2026-01-06-0011
SYNTH-BANK-000082,SYNTH-BATCH-EUR-2026-01-06-0012,2026-01-05T20:02:19Z,2796.09,EUR,SYNTH-BANK-REF-000082,Synthetic settlement for SYNTH-BATCH-EUR-2026-01-06-0012
SYNTH-BANK-000083,SYNTH-BATCH-EUR-2026-01-07-0000,2026-01-06T17:06:59Z,2677.06,EUR,SYNTH-BANK-REF-000083,Synthetic settlement for SYNTH-BATCH-EUR-2026-01-07-0000
SYNTH-BANK-000084,SYNTH-BATCH-EUR-2026-01-07-0001,2026-01-06T22:18:16Z,1573.22,EUR,SYNTH-BANK-REF-000084,Synthetic settlement for SYNTH-BATCH-EUR-2026-01-07-0001
SYNTH-BANK-000085,SYNTH-BATCH-EUR-2026-01-07-0002,2026-01-06T18:19:21Z,4121.64,EUR,SYNTH-BANK-REF-000085,Synthetic settlement for SYNTH-BATCH-EUR-2026-01-07-0002
SYNTH-BANK-000086,SYNTH-BATCH-EUR-2026-01-07-0003,2026-01-06T23:58:18Z,1998.88,EUR,SYNTH-BANK-REF-000086,Synthetic settlement for SYNTH-BATCH-EUR-2026-01-07-0003
SYNTH-BANK-000087,SYNTH-BATCH-EUR-2026-01-07-0004,2026-01-06T20:04:24Z,1355.98,EUR,SYNTH-BANK-REF-000087,Synthetic settlement for SYNTH-BATCH-EUR-2026-01-07-0004
SYNTH-BANK-000088,SYNTH-BATCH-EUR-2026-01-07-0005,2026-01-06T15:59:58Z,3338.39,EUR,SYNTH-BANK-REF-000088,Synthetic settlement for SYNTH-BATCH-EUR-2026-01-07-0005
SYNTH-BANK-000089,SYNTH-BATCH-EUR-2026-01-07-0006,2026-01-06T20:56:08Z,2123.52,EUR,SYNTH-BANK-REF-000089,Synthetic settlement for SYNTH-BATCH-EUR-2026-01-07-0006
SYNTH-BANK-000090,SYNTH-BATCH-EUR-2026-01-07-0007,2026-01-06T17:21:01Z,4761.78,EUR,SYNTH-BANK-REF-000090,Synthetic settlement for SYNTH-BATCH-EUR-2026-01-07-0007
SYNTH-BANK-000091,SYNTH-BATCH-EUR-2026-01-07-0008,2026-01-06T22:51:27Z,3053.70,EUR,SYNTH-BANK-REF-000091,Synthetic settlement for SYNTH-BATCH-EUR-2026-01-07-0008
SYNTH-BANK-000092,SYNTH-BATCH-EUR-2026-01-07-0009,2026-01-06T18:22:42Z,2688.36,EUR,SYNTH-BANK-REF-000092,Synthetic settlement for SYNTH-BATCH-EUR-2026-01-07-0009
SYNTH-BANK-000093,SYNTH-BATCH-EUR-2026-01-07-0010,2026-01-06T23:59:47Z,4070.84,EUR,SYNTH-BANK-REF-000093,Synthetic settlement for SYNTH-BATCH-EUR-2026-01-07-0010
SYNTH-BANK-000094,SYNTH-BATCH-EUR-2026-01-07-0011,2026-01-06T20:08:54Z,3811.97,EUR,SYNTH-BANK-REF-000094,Synthetic settlement for SYNTH-BATCH-EUR-2026-01-07-0011
SYNTH-BANK-000095,SYNTH-BATCH-EUR-2026-01-07-0012,2026-01-06T12:04:35Z,2851.57,EUR,SYNTH-BANK-REF-000095,Synthetic settlement for SYNTH-BATCH-EUR-2026-01-07-0012
SYNTH-BANK-000096,SYNTH-BATCH-EUR-2026-01-08-0000,2026-01-07T22:37:46Z,2436.24,EUR,SYNTH-BANK-REF-000096,Synthetic settlement for SYNTH-BATCH-EUR-2026-01-08-0000
SYNTH-BANK-000097,SYNTH-BATCH-EUR-2026-01-08-0001,2026-01-07T14:19:29Z,2018.75,EUR,SYNTH-BANK-REF-000097,Synthetic settlement for SYNTH-BATCH-EUR-2026-01-08-0001
SYNTH-BANK-000098,SYNTH-BATCH-EUR-2026-01-08-0002,2026-01-07T19:51:27Z,2877.64,EUR,SYNTH-BANK-REF-000098,Synthetic settlement for SYNTH-BATCH-EUR-2026-01-08-0002
SYNTH-BANK-000099,SYNTH-BATCH-EUR-2026-01-08-0003,2026-01-07T15:27:43Z,3189.12,EUR,SYNTH-BANK-REF-000099,Synthetic settlement for SYNTH-BATCH-EUR-2026-01-08-0003
SYNTH-BANK-000100,SYNTH-BATCH-EUR-2026-01-08-0004,2026-01-07T21:07:50Z,4032.53,EUR,SYNTH-BANK-REF-000100,Synthetic settlement for SYNTH-BATCH-EUR-2026-01-08-0004
SYNTH-BANK-000101,SYNTH-BATCH-EUR-2026-01-08-0005,2026-01-07T17:48:14Z,3024.64,EUR,SYNTH-BANK-REF-000101,Synthetic settlement for SYNTH-BATCH-EUR-2026-01-08-0005
SYNTH-BANK-000102,SYNTH-BATCH-EUR-2026-01-08-0006,2026-01-07T23:25:59Z,1229.68,EUR,SYNTH-BANK-REF-000102,Synthetic settlement for SYNTH-BATCH-EUR-2026-01-08-0006
SYNTH-BANK-000103,SYNTH-BATCH-EUR-2026-01-08-0007,2026-01-07T19:00:51Z,1044.68,EUR,SYNTH-BANK-REF-000103,Synthetic settlement for SYNTH-BATCH-EUR-2026-01-08-0007
SYNTH-BANK-000104,SYNTH-BATCH-EUR-2026-01-08-0008,2026-01-07T14:47:37Z,1371.20,EUR,SYNTH-BANK-REF-000104,Synthetic settlement for SYNTH-BATCH-EUR-2026-01-08-0008
SYNTH-BANK-000105,SYNTH-BATCH-EUR-2026-01-08-0009,2026-01-07T20:15:15Z,4278.91,EUR,SYNTH-BANK-REF-000105,Synthetic settlement for SYNTH-BATCH-EUR-2026-01-08-0009
SYNTH-BANK-000106,SYNTH-BATCH-EUR-2026-01-08-0010,2026-01-07T16:42:30Z,3548.45,EUR,SYNTH-BANK-REF-000106,Synthetic settlement for SYNTH-BATCH-EUR-2026-01-08-0010
SYNTH-BANK-000107,SYNTH-BATCH-EUR-2026-01-08-0011,2026-01-07T21:41:54Z,2943.73,EUR,SYNTH-BANK-REF-000107,Synthetic settlement for SYNTH-BATCH-EUR-2026-01-08-0011
SYNTH-BANK-000108,SYNTH-BATCH-EUR-2026-01-08-0012,2026-01-07T18:02:31Z,4156.08,EUR,SYNTH-BANK-REF-000108,Synthetic settlement for SYNTH-BATCH-EUR-2026-01-08-0012
SYNTH-BANK-000109,SYNTH-BATCH-EUR-2026-01-09-0000,2026-01-08T14:13:33Z,5137.36,EUR,SYNTH-BANK-REF-000109,Synthetic settlement for SYNTH-BATCH-EUR-2026-01-09-0000
SYNTH-BANK-000110,SYNTH-BATCH-EUR-2026-01-09-0001,2026-01-08T20:01:55Z,1120.66,EUR,SYNTH-BANK-REF-000110,Synthetic settlement for SYNTH-BATCH-EUR-2026-01-09-0001
SYNTH-BANK-000111,SYNTH-BATCH-EUR-2026-01-09-0002,2026-01-08T16:07:10Z,2610.72,EUR,SYNTH-BANK-REF-000111,Synthetic settlement for SYNTH-BATCH-EUR-2026-01-09-0002
SYNTH-BANK-000112,SYNTH-BATCH-EUR-2026-01-09-0003,2026-01-08T22:06:38Z,988.29,EUR,SYNTH-BANK-REF-000112,Synthetic settlement for SYNTH-BATCH-EUR-2026-01-09-0003
SYNTH-BANK-000113,SYNTH-BATCH-EUR-2026-01-09-0004,2026-01-08T17:17:35Z,3218.43,EUR,SYNTH-BANK-REF-000113,Synthetic settlement for SYNTH-BATCH-EUR-2026-01-09-0004
SYNTH-BANK-000114,SYNTH-BATCH-EUR-2026-01-09-0005,2026-01-08T23:50:13Z,778.80,EUR,SYNTH-BANK-REF-000114,Synthetic settlement for SYNTH-BATCH-EUR-2026-01-09-0005
SYNTH-BANK-000115,SYNTH-BATCH-EUR-2026-01-09-0006,2026-01-08T19:30:40Z,3399.27,EUR,SYNTH-BANK-REF-000115,Synthetic settlement for SYNTH-BATCH-EUR-2026-01-09-0006
SYNTH-BANK-000116,SYNTH-BATCH-EUR-2026-01-09-0007,2026-01-08T14:40:52Z,775.48,EUR,SYNTH-BANK-REF-000116,Synthetic settlement for SYNTH-BATCH-EUR-2026-01-09-0007
SYNTH-BANK-000117,SYNTH-BATCH-EUR-2026-01-09-0008,2026-01-08T20:30:22Z,3656.74,EUR,SYNTH-BANK-REF-000117,Synthetic settlement for SYNTH-BATCH-EUR-2026-01-09-0008
SYNTH-BANK-000118,SYNTH-BATCH-EUR-2026-01-09-0009,2026-01-08T16:49:50Z,3739.29,EUR,SYNTH-BANK-REF-000118,Synthetic settlement for SYNTH-BATCH-EUR-2026-01-09-0009
SYNTH-BANK-000119,SYNTH-BATCH-EUR-2026-01-09-0010,2026-01-08T22:32:50Z,3918.88,EUR,SYNTH-BANK-REF-000119,Synthetic settlement for SYNTH-BATCH-EUR-2026-01-09-0010
SYNTH-BANK-000120,SYNTH-BATCH-EUR-2026-01-09-0011,2026-01-08T18:37:00Z,1555.03,EUR,SYNTH-BANK-REF-000120,Synthetic settlement for SYNTH-BATCH-EUR-2026-01-09-0011
SYNTH-BANK-000121,SYNTH-BATCH-EUR-2026-01-09-0012,2026-01-08T23:33:02Z,385.59,EUR,SYNTH-BANK-REF-000121,Synthetic settlement for SYNTH-BATCH-EUR-2026-01-09-0012
SYNTH-BANK-000122,SYNTH-BATCH-EUR-2026-01-10-0000,2026-01-09T20:10:53Z,972.57,EUR,SYNTH-BANK-REF-000122,Synthetic settlement for SYNTH-BATCH-EUR-2026-01-10-0000
SYNTH-BANK-000123,SYNTH-BATCH-EUR-2026-01-10-0001,2026-01-09T16:37:19Z,2534.22,EUR,SYNTH-BANK-REF-000123,Synthetic settlement for SYNTH-BATCH-EUR-2026-01-10-0001
SYNTH-BANK-000124,SYNTH-BATCH-EUR-2026-01-10-0002,2026-01-09T22:26:37Z,2596.68,EUR,SYNTH-BANK-REF-000124,Synthetic settlement for SYNTH-BATCH-EUR-2026-01-10-0002
SYNTH-BANK-000125,SYNTH-BATCH-EUR-2026-01-10-0003,2026-01-09T18:08:01Z,376.53,EUR,SYNTH-BANK-REF-000125,Synthetic settlement for SYNTH-BATCH-EUR-2026-01-10-0003
SYNTH-BANK-000126,SYNTH-BATCH-EUR-2026-01-10-0004,2026-01-10T00:05:24Z,1333.68,EUR,SYNTH-BANK-REF-000126,Synthetic settlement for SYNTH-BATCH-EUR-2026-01-10-0004
SYNTH-BANK-000127,SYNTH-BATCH-EUR-2026-01-10-0005,2026-01-09T19:32:49Z,2675.91,EUR,SYNTH-BANK-REF-000127,Synthetic settlement for SYNTH-BATCH-EUR-2026-01-10-0005
SYNTH-BANK-000128,SYNTH-BATCH-EUR-2026-01-10-0006,2026-01-09T14:56:03Z,5964.74,EUR,SYNTH-BANK-REF-000128,Synthetic settlement for SYNTH-BATCH-EUR-2026-01-10-0006
SYNTH-BANK-000129,SYNTH-BATCH-EUR-2026-01-10-0007,2026-01-09T20:58:00Z,1051.31,EUR,SYNTH-BANK-REF-000129,Synthetic settlement for SYNTH-BATCH-EUR-2026-01-10-0007
SYNTH-BANK-000130,SYNTH-BATCH-EUR-2026-01-10-0008,2026-01-09T16:59:16Z,2309.88,EUR,SYNTH-BANK-REF-000130,Synthetic settlement for SYNTH-BATCH-EUR-2026-01-10-0008
SYNTH-BANK-000131,SYNTH-BATCH-EUR-2026-01-10-0009,2026-01-09T22:55:15Z,2708.44,EUR,SYNTH-BANK-REF-000131,Synthetic settlement for SYNTH-BATCH-EUR-2026-01-10-0009
SYNTH-BANK-000132,SYNTH-BATCH-EUR-2026-01-10-0010,2026-01-09T18:08:58Z,4914.96,EUR,SYNTH-BANK-REF-000132,Synthetic settlement for SYNTH-BATCH-EUR-2026-01-10-0010
SYNTH-BANK-000133,SYNTH-BATCH-EUR-2026-01-10-0011,2026-01-09T09:49:33Z,1711.32,EUR,SYNTH-BANK-REF-000133,Synthetic settlement for SYNTH-BATCH-EUR-2026-01-10-0011
SYNTH-BANK-000134,SYNTH-BATCH-EUR-2026-01-10-0012,2026-01-09T19:42:51Z,6743.25,EUR,SYNTH-BANK-REF-000134,Synthetic settlement for SYNTH-BATCH-EUR-2026-01-10-0012
SYNTH-BANK-000135,SYNTH-BATCH-EUR-2026-01-11-0000,2026-01-10T16:59:57Z,2761.15,EUR,SYNTH-BANK-REF-000135,Synthetic settlement for SYNTH-BATCH-EUR-2026-01-11-0000
SYNTH-BANK-000136,SYNTH-BATCH-EUR-2026-01-11-0001,2026-01-10T22:03:44Z,3989.47,EUR,SYNTH-BANK-REF-000136,Synthetic settlement for SYNTH-BATCH-EUR-2026-01-11-0001
SYNTH-BANK-000137,SYNTH-BATCH-EUR-2026-01-11-0002,2026-01-10T18:39:44Z,4750.69,EUR,SYNTH-BANK-REF-000137,Synthetic settlement for SYNTH-BATCH-EUR-2026-01-11-0002
SYNTH-BANK-000138,SYNTH-BATCH-EUR-2026-01-11-0003,2026-01-11T00:02:12Z,3648.06,EUR,SYNTH-BANK-REF-000138,Synthetic settlement for SYNTH-BATCH-EUR-2026-01-11-0003
SYNTH-BANK-000139,SYNTH-BATCH-EUR-2026-01-11-0004,2026-01-10T19:43:22Z,4171.65,EUR,SYNTH-BANK-REF-000139,Synthetic settlement for SYNTH-BATCH-EUR-2026-01-11-0004
SYNTH-BANK-000140,SYNTH-BATCH-EUR-2026-01-11-0005,2026-01-10T11:40:27Z,3022.02,EUR,SYNTH-BANK-REF-000140,Synthetic settlement for SYNTH-BATCH-EUR-2026-01-11-0005
SYNTH-BANK-000141,SYNTH-BATCH-EUR-2026-01-11-0006,2026-01-10T21:14:30Z,3167.53,EUR,SYNTH-BANK-REF-000141,Synthetic settlement for SYNTH-BATCH-EUR-2026-01-11-0006
SYNTH-BANK-000142,SYNTH-BATCH-EUR-2026-01-11-0007,2026-01-10T13:21:31Z,1487.57,EUR,SYNTH-BANK-REF-000142,Synthetic settlement for SYNTH-BATCH-EUR-2026-01-11-0007
SYNTH-BANK-000143,SYNTH-BATCH-EUR-2026-01-11-0008,2026-01-10T22:40:26Z,3931.34,EUR,SYNTH-BANK-REF-000143,Synthetic settlement for SYNTH-BATCH-EUR-2026-01-11-0008
SYNTH-BANK-000144,SYNTH-BATCH-EUR-2026-01-11-0009,2026-01-10T14:56:38Z,3224.46,EUR,SYNTH-BANK-REF-000144,Synthetic settlement for SYNTH-BATCH-EUR-2026-01-11-0009
SYNTH-BANK-000145,SYNTH-BATCH-EUR-2026-01-11-0010,2026-01-10T20:37:01Z,5771.01,EUR,SYNTH-BANK-REF-000145,Synthetic settlement for SYNTH-BATCH-EUR-2026-01-11-0010
SYNTH-BANK-000146,SYNTH-BATCH-EUR-2026-01-11-0011,2026-01-10T16:08:16Z,2600.51,EUR,SYNTH-BANK-REF-000146,Synthetic settlement for SYNTH-BATCH-EUR-2026-01-11-0011
SYNTH-BANK-000147,SYNTH-BATCH-EUR-2026-01-11-0012,2026-01-10T21:47:46Z,3756.73,EUR,SYNTH-BANK-REF-000147,Synthetic settlement for SYNTH-BATCH-EUR-2026-01-11-0012
SYNTH-BANK-000148,SYNTH-BATCH-EUR-2026-01-12-0000,2026-01-11T22:48:14Z,3559.78,EUR,SYNTH-BANK-REF-000148,Synthetic settlement for SYNTH-BATCH-EUR-2026-01-12-0000
SYNTH-BANK-000149,SYNTH-BATCH-EUR-2026-01-12-0001,2026-01-11T14:31:03Z,2617.09,EUR,SYNTH-BANK-REF-000149,Synthetic settlement for SYNTH-BATCH-EUR-2026-01-12-0001
SYNTH-BANK-000150,SYNTH-BATCH-EUR-2026-01-12-0002,2026-01-11T19:49:12Z,5710.41,EUR,SYNTH-BANK-REF-000150,Synthetic settlement for SYNTH-BATCH-EUR-2026-01-12-0002
SYNTH-BANK-000151,SYNTH-BATCH-EUR-2026-01-12-0003,2026-01-11T15:38:55Z,3470.01,EUR,SYNTH-BANK-REF-000151,Synthetic settlement for SYNTH-BATCH-EUR-2026-01-12-0003
SYNTH-BANK-000152,SYNTH-BATCH-EUR-2026-01-12-0004,2026-01-11T22:06:48Z,3678.14,EUR,SYNTH-BANK-REF-000152,Synthetic settlement for SYNTH-BATCH-EUR-2026-01-12-0004
SYNTH-BANK-000153,SYNTH-BATCH-EUR-2026-01-12-0005,2026-01-11T17:27:45Z,2237.48,EUR,SYNTH-BANK-REF-000153,Synthetic settlement for SYNTH-BATCH-EUR-2026-01-12-0005
SYNTH-BANK-000154,SYNTH-BATCH-EUR-2026-01-12-0006,2026-01-11T23:35:17Z,4416.88,EUR,SYNTH-BANK-REF-000154,Synthetic settlement for SYNTH-BATCH-EUR-2026-01-12-0006
SYNTH-BANK-000155,SYNTH-BATCH-EUR-2026-01-12-0007,2026-01-11T19:19:39Z,3097.43,EUR,SYNTH-BANK-REF-000155,Synthetic settlement for SYNTH-BATCH-EUR-2026-01-12-0007
SYNTH-BANK-000156,SYNTH-BATCH-EUR-2026-01-12-0008,2026-01-11T14:21:41Z,4556.56,EUR,SYNTH-BANK-REF-000156,Synthetic settlement for SYNTH-BATCH-EUR-2026-01-12-0008
SYNTH-BANK-000157,SYNTH-BATCH-EUR-2026-01-12-0009,2026-01-11T20:12:39Z,1205.32,EUR,SYNTH-BANK-REF-000157,Synthetic settlement for SYNTH-BATCH-EUR-2026-01-12-0009
SYNTH-BANK-000158,SYNTH-BATCH-EUR-2026-01-12-0010,2026-01-11T16:38:36Z,4340.45,EUR,SYNTH-BANK-REF-000158,Synthetic settlement for SYNTH-BATCH-EUR-2026-01-12-0010
SYNTH-BANK-000159,SYNTH-BATCH-EUR-2026-01-12-0011,2026-01-11T22:37:52Z,2030.35,EUR,SYNTH-BANK-REF-000159,Synthetic settlement for SYNTH-BATCH-EUR-2026-01-12-0011
SYNTH-BANK-000160,SYNTH-BATCH-EUR-2026-01-12-0012,2026-01-11T18:17:15Z,3374.92,EUR,SYNTH-BANK-REF-000160,Synthetic settlement for SYNTH-BATCH-EUR-2026-01-12-0012
SYNTH-BANK-000161,SYNTH-BATCH-EUR-2026-01-13-0000,2026-01-12T14:28:59Z,280.93,EUR,SYNTH-BANK-REF-000161,Synthetic settlement for SYNTH-BATCH-EUR-2026-01-13-0000
SYNTH-BANK-000162,SYNTH-BATCH-EUR-2026-01-13-0001,2026-01-12T20:37:38Z,3927.39,EUR,SYNTH-BANK-REF-000162,Synthetic settlement for SYNTH-BATCH-EUR-2026-01-13-0001
SYNTH-BANK-000163,SYNTH-BATCH-EUR-2026-01-13-0002,2026-01-12T15:49:26Z,3090.38,EUR,SYNTH-BANK-REF-000163,Synthetic settlement for SYNTH-BATCH-EUR-2026-01-13-0002
SYNTH-BANK-000164,SYNTH-BATCH-EUR-2026-01-13-0003,2026-01-12T21:49:36Z,4327.76,EUR,SYNTH-BANK-REF-000164,Synthetic settlement for SYNTH-BATCH-EUR-2026-01-13-0003
SYNTH-BANK-000165,SYNTH-BATCH-EUR-2026-01-13-0004,2026-01-12T18:09:35Z,1286.21,EUR,SYNTH-BANK-REF-000165,Synthetic settlement for SYNTH-BATCH-EUR-2026-01-13-0004
SYNTH-BANK-000166,SYNTH-BATCH-EUR-2026-01-13-0005,2026-01-12T23:04:40Z,3353.16,EUR,SYNTH-BANK-REF-000166,Synthetic settlement for SYNTH-BATCH-EUR-2026-01-13-0005
SYNTH-BANK-000167,SYNTH-BATCH-EUR-2026-01-13-0006,2026-01-12T19:19:31Z,1990.35,EUR,SYNTH-BANK-REF-000167,Synthetic settlement for SYNTH-BATCH-EUR-2026-01-13-0006
SYNTH-BANK-000168,SYNTH-BATCH-EUR-2026-01-13-0007,2026-01-12T15:28:45Z,6225.04,EUR,SYNTH-BANK-REF-000168,Synthetic settlement for SYNTH-BATCH-EUR-2026-01-13-0007
SYNTH-BANK-000169,SYNTH-BATCH-EUR-2026-01-13-0008,2026-01-12T20:47:31Z,1351.24,EUR,SYNTH-BANK-REF-000169,Synthetic settlement for SYNTH-BATCH-EUR-2026-01-13-0008
SYNTH-BANK-000170,SYNTH-BATCH-EUR-2026-01-13-0009,2026-01-12T16:15:13Z,6527.40,EUR,SYNTH-BANK-REF-000170,Synthetic settlement for SYNTH-BATCH-EUR-2026-01-13-0009
SYNTH-BANK-000171,SYNTH-BATCH-EUR-2026-01-13-0010,2026-01-12T22:37:08Z,1424.40,EUR,SYNTH-BANK-REF-000171,Synthetic settlement for SYNTH-BATCH-EUR-2026-01-13-0010
SYNTH-BANK-000172,SYNTH-BATCH-EUR-2026-01-13-0011,2026-01-12T18:32:04Z,4229.66,EUR,SYNTH-BANK-REF-000172,Synthetic settlement for SYNTH-BATCH-EUR-2026-01-13-0011
SYNTH-BANK-000173,SYNTH-BATCH-EUR-2026-01-13-0012,2026-01-12T23:38:49Z,4227.55,EUR,SYNTH-BANK-REF-000173,Synthetic settlement for SYNTH-BATCH-EUR-2026-01-13-0012
SYNTH-BANK-000174,SYNTH-BATCH-EUR-2026-01-14-0000,2026-01-13T20:20:01Z,3708.84,EUR,SYNTH-BANK-REF-000174,Synthetic settlement for SYNTH-BATCH-EUR-2026-01-14-0000
SYNTH-BANK-000175,SYNTH-BATCH-EUR-2026-01-14-0001,2026-01-13T16:07:03Z,2522.24,EUR,SYNTH-BANK-REF-000175,Synthetic settlement for SYNTH-BATCH-EUR-2026-01-14-0001
SYNTH-BANK-000176,SYNTH-BATCH-EUR-2026-01-14-0002,2026-01-13T22:28:36Z,1885.51,EUR,SYNTH-BANK-REF-000176,Synthetic settlement for SYNTH-BATCH-EUR-2026-01-14-0002
SYNTH-BANK-000177,SYNTH-BATCH-EUR-2026-01-14-0003,2026-01-13T17:33:38Z,3280.52,EUR,SYNTH-BANK-REF-000177,Synthetic settlement for SYNTH-BATCH-EUR-2026-01-14-0003
SYNTH-BANK-000178,SYNTH-BATCH-EUR-2026-01-14-0004,2026-01-14T00:09:55Z,1944.99,EUR,SYNTH-BANK-REF-000178,Synthetic settlement for SYNTH-BATCH-EUR-2026-01-14-0004
SYNTH-BANK-000179,SYNTH-BATCH-EUR-2026-01-14-0005,2026-01-13T19:30:04Z,1101.17,EUR,SYNTH-BANK-REF-000179,Synthetic settlement for SYNTH-BATCH-EUR-2026-01-14-0005
SYNTH-BANK-000180,SYNTH-BATCH-EUR-2026-01-14-0006,2026-01-13T11:15:50Z,1765.53,EUR,SYNTH-BANK-REF-000180,Synthetic settlement for SYNTH-BATCH-EUR-2026-01-14-0006
SYNTH-BANK-000181,SYNTH-BATCH-EUR-2026-01-14-0007,2026-01-13T21:31:42Z,3374.26,EUR,SYNTH-BANK-REF-000181,Synthetic settlement for SYNTH-BATCH-EUR-2026-01-14-0007
SYNTH-BANK-000182,SYNTH-BATCH-EUR-2026-01-14-0008,2026-01-13T12:34:20Z,1461.80,EUR,SYNTH-BANK-REF-000182,Synthetic settlement for SYNTH-BATCH-EUR-2026-01-14-0008
SYNTH-BANK-000183,SYNTH-BATCH-EUR-2026-01-14-0009,2026-01-13T22:24:08Z,2164.99,EUR,SYNTH-BANK-REF-000183,Synthetic settlement for SYNTH-BATCH-EUR-2026-01-14-0009
SYNTH-BANK-000184,SYNTH-BATCH-EUR-2026-01-14-0010,2026-01-13T14:15:47Z,3170.78,EUR,SYNTH-BANK-REF-000184,Synthetic settlement for SYNTH-BATCH-EUR-2026-01-14-0010
SYNTH-BANK-000185,SYNTH-BATCH-EUR-2026-01-14-0011,2026-01-13T23:57:45Z,4229.59,EUR,SYNTH-BANK-REF-000185,Synthetic settlement for SYNTH-BATCH-EUR-2026-01-14-0011
SYNTH-BANK-000186,SYNTH-BATCH-EUR-2026-01-14-0012,2026-01-13T15:42:54Z,3421.00,EUR,SYNTH-BANK-REF-000186,Synthetic settlement for SYNTH-BATCH-EUR-2026-01-14-0012
SYNTH-BANK-000187,SYNTH-BATCH-EUR-2026-01-15-0000,2026-01-14T12:04:12Z,3606.16,EUR,SYNTH-BANK-REF-000187,Synthetic settlement for SYNTH-BATCH-EUR-2026-01-15-0000
SYNTH-BANK-000188,SYNTH-BATCH-EUR-2026-01-15-0001,2026-01-14T22:47:56Z,2860.61,EUR,SYNTH-BANK-REF-000188,Synthetic settlement for SYNTH-BATCH-EUR-2026-01-15-0001
SYNTH-BANK-000189,SYNTH-BATCH-EUR-2026-01-15-0002,2026-01-14T13:39:58Z,3585.82,EUR,SYNTH-BANK-REF-000189,Synthetic settlement for SYNTH-BATCH-EUR-2026-01-15-0002
SYNTH-BANK-000190,SYNTH-BATCH-EUR-2026-01-15-0003,2026-01-14T19:47:50Z,4570.16,EUR,SYNTH-BANK-REF-000190,Synthetic settlement for SYNTH-BATCH-EUR-2026-01-15-0003
SYNTH-BANK-000191,SYNTH-BATCH-EUR-2026-01-15-0004,2026-01-14T15:09:28Z,1555.97,EUR,SYNTH-BANK-REF-000191,Synthetic settlement for SYNTH-BATCH-EUR-2026-01-15-0004
SYNTH-BANK-000192,SYNTH-BATCH-EUR-2026-01-15-0005,2026-01-14T21:40:59Z,2286.98,EUR,SYNTH-BANK-REF-000192,Synthetic settlement for SYNTH-BATCH-EUR-2026-01-15-0005
SYNTH-BANK-000193,SYNTH-BATCH-EUR-2026-01-15-0006,2026-01-14T16:49:33Z,1497.90,EUR,SYNTH-BANK-REF-000193,Synthetic settlement for SYNTH-BATCH-EUR-2026-01-15-0006
SYNTH-BANK-000194,SYNTH-BATCH-EUR-2026-01-15-0007,2026-01-14T22:33:42Z,6033.60,EUR,SYNTH-BANK-REF-000194,Synthetic settlement for SYNTH-BATCH-EUR-2026-01-15-0007
SYNTH-BANK-000195,SYNTH-BATCH-EUR-2026-01-15-0008,2026-01-14T18:18:34Z,1684.92,EUR,SYNTH-BANK-REF-000195,Synthetic settlement for SYNTH-BATCH-EUR-2026-01-15-0008
SYNTH-BANK-000196,SYNTH-BATCH-EUR-2026-01-15-0009,2026-01-14T15:04:55Z,2929.13,EUR,SYNTH-BANK-REF-000196,Synthetic settlement for SYNTH-BATCH-EUR-2026-01-15-0009
SYNTH-BANK-000197,SYNTH-BATCH-EUR-2026-01-15-0010,2026-01-14T20:31:20Z,1785.24,EUR,SYNTH-BANK-REF-000197,Synthetic settlement for SYNTH-BATCH-EUR-2026-01-15-0010
SYNTH-BANK-000198,SYNTH-BATCH-EUR-2026-01-15-0011,2026-01-14T16:20:27Z,4596.98,EUR,SYNTH-BANK-REF-000198,Synthetic settlement for SYNTH-BATCH-EUR-2026-01-15-0011
SYNTH-BANK-000199,SYNTH-BATCH-EUR-2026-01-15-0012,2026-01-14T21:32:36Z,2954.06,EUR,SYNTH-BANK-REF-000199,Synthetic settlement for SYNTH-BATCH-EUR-2026-01-15-0012
SYNTH-BANK-000200,SYNTH-BATCH-EUR-2026-01-16-0000,2026-01-15T18:45:17Z,3222.65,EUR,SYNTH-BANK-REF-000200,Synthetic settlement for SYNTH-BATCH-EUR-2026-01-16-0000
SYNTH-BANK-000201,SYNTH-BATCH-EUR-2026-01-16-0001,2026-01-15T14:34:21Z,864.16,EUR,SYNTH-BANK-REF-000201,Synthetic settlement for SYNTH-BATCH-EUR-2026-01-16-0001
SYNTH-BANK-000202,SYNTH-BATCH-EUR-2026-01-16-0002,2026-01-15T20:26:01Z,2656.11,EUR,SYNTH-BANK-REF-000202,Synthetic settlement for SYNTH-BATCH-EUR-2026-01-16-0002
SYNTH-BANK-000203,SYNTH-BATCH-EUR-2026-01-16-0003,2026-01-15T15:49:42Z,3929.11,EUR,SYNTH-BANK-REF-000203,Synthetic settlement for SYNTH-BATCH-EUR-2026-01-16-0003
SYNTH-BANK-000204,SYNTH-BATCH-EUR-2026-01-16-0004,2026-01-15T21:25:47Z,3475.49,EUR,SYNTH-BANK-REF-000204,Synthetic settlement for SYNTH-BATCH-EUR-2026-01-16-0004
SYNTH-BANK-000205,SYNTH-BATCH-EUR-2026-01-16-0005,2026-01-15T17:38:43Z,2819.98,EUR,SYNTH-BANK-REF-000205,Synthetic settlement for SYNTH-BATCH-EUR-2026-01-16-0005
SYNTH-BANK-000206,SYNTH-BATCH-EUR-2026-01-16-0006,2026-01-15T23:39:13Z,2835.62,EUR,SYNTH-BANK-REF-000206,Synthetic settlement for SYNTH-BATCH-EUR-2026-01-16-0006
SYNTH-BANK-000207,SYNTH-BATCH-EUR-2026-01-16-0007,2026-01-15T18:36:38Z,3681.90,EUR,SYNTH-BANK-REF-000207,Synthetic settlement for SYNTH-BATCH-EUR-2026-01-16-0007
SYNTH-BANK-000208,SYNTH-BATCH-EUR-2026-01-16-0008,2026-01-15T14:27:08Z,1432.54,EUR,SYNTH-BANK-REF-000208,Synthetic settlement for SYNTH-BATCH-EUR-2026-01-16-0008
SYNTH-BANK-000209,SYNTH-BATCH-EUR-2026-01-16-0009,2026-01-15T20:47:11Z,4300.80,EUR,SYNTH-BANK-REF-000209,Synthetic settlement for SYNTH-BATCH-EUR-2026-01-16-0009
SYNTH-BANK-000210,SYNTH-BATCH-EUR-2026-01-16-0010,2026-01-15T16:38:15Z,2379.69,EUR,SYNTH-BANK-REF-000210,Synthetic settlement for SYNTH-BATCH-EUR-2026-01-16-0010
SYNTH-BANK-000211,SYNTH-BATCH-EUR-2026-01-16-0011,2026-01-15T22:24:07Z,3839.07,EUR,SYNTH-BANK-REF-000211,Synthetic settlement for SYNTH-BATCH-EUR-2026-01-16-0011
SYNTH-BANK-000212,SYNTH-BATCH-EUR-2026-01-16-0012,2026-01-15T18:10:11Z,3384.72,EUR,SYNTH-BANK-REF-000212,Synthetic settlement for SYNTH-BATCH-EUR-2026-01-16-0012
SYNTH-BANK-000213,SYNTH-BATCH-EUR-2026-01-17-0000,2026-01-16T14:56:49Z,1136.59,EUR,SYNTH-BANK-REF-000213,Synthetic settlement for SYNTH-BATCH-EUR-2026-01-17-0000
SYNTH-BANK-000214,SYNTH-BATCH-EUR-2026-01-17-0001,2026-01-16T20:36:15Z,6772.49,EUR,SYNTH-BANK-REF-000214,Synthetic settlement for SYNTH-BATCH-EUR-2026-01-17-0001
SYNTH-BANK-000215,SYNTH-BATCH-EUR-2026-01-17-0002,2026-01-16T15:46:01Z,4322.90,EUR,SYNTH-BANK-REF-000215,Synthetic settlement for SYNTH-BATCH-EUR-2026-01-17-0002
SYNTH-BANK-000216,SYNTH-BATCH-EUR-2026-01-17-0003,2026-01-16T22:07:43Z,3481.21,EUR,SYNTH-BANK-REF-000216,Synthetic settlement for SYNTH-BATCH-EUR-2026-01-17-0003
SYNTH-BANK-000217,SYNTH-BATCH-EUR-2026-01-17-0004,2026-01-16T18:11:20Z,1441.83,EUR,SYNTH-BANK-REF-000217,Synthetic settlement for SYNTH-BATCH-EUR-2026-01-17-0004
SYNTH-BANK-000218,SYNTH-BATCH-EUR-2026-01-17-0005,2026-01-16T23:57:57Z,2078.67,EUR,SYNTH-BANK-REF-000218,Synthetic settlement for SYNTH-BATCH-EUR-2026-01-17-0005
SYNTH-BANK-000219,SYNTH-BATCH-EUR-2026-01-17-0006,2026-01-16T19:04:33Z,1219.97,EUR,SYNTH-BANK-REF-000219,Synthetic settlement for SYNTH-BATCH-EUR-2026-01-17-0006
SYNTH-BANK-000220,SYNTH-BATCH-EUR-2026-01-17-0007,2026-01-16T15:21:20Z,5731.81,EUR,SYNTH-BANK-REF-000220,Synthetic settlement for SYNTH-BATCH-EUR-2026-01-17-0007
SYNTH-BANK-000221,SYNTH-BATCH-EUR-2026-01-17-0008,2026-01-16T20:30:58Z,2699.90,EUR,SYNTH-BANK-REF-000221,Synthetic settlement for SYNTH-BATCH-EUR-2026-01-17-0008
SYNTH-BANK-000222,SYNTH-BATCH-EUR-2026-01-17-0009,2026-01-16T16:41:31Z,3339.22,EUR,SYNTH-BANK-REF-000222,Synthetic settlement for SYNTH-BATCH-EUR-2026-01-17-0009
SYNTH-BANK-000223,SYNTH-BATCH-EUR-2026-01-17-0010,2026-01-16T22:54:14Z,2950.17,EUR,SYNTH-BANK-REF-000223,Synthetic settlement for SYNTH-BATCH-EUR-2026-01-17-0010
SYNTH-BANK-000224,SYNTH-BATCH-EUR-2026-01-17-0011,2026-01-16T18:11:43Z,3438.99,EUR,SYNTH-BANK-REF-000224,Synthetic settlement for SYNTH-BATCH-EUR-2026-01-17-0011
SYNTH-BANK-000225,SYNTH-BATCH-EUR-2026-01-17-0012,2026-01-16T23:36:34Z,2562.21,EUR,SYNTH-BANK-REF-000225,Synthetic settlement for SYNTH-BATCH-EUR-2026-01-17-0012
SYNTH-BANK-000226,SYNTH-BATCH-EUR-2026-01-18-0000,2026-01-17T20:09:22Z,2659.89,EUR,SYNTH-BANK-REF-000226,Synthetic settlement for SYNTH-BATCH-EUR-2026-01-18-0000
SYNTH-BANK-000227,SYNTH-BATCH-EUR-2026-01-18-0001,2026-01-17T12:38:04Z,1436.38,EUR,SYNTH-BANK-REF-000227,Synthetic settlement for SYNTH-BATCH-EUR-2026-01-18-0001
SYNTH-BANK-000228,SYNTH-BATCH-EUR-2026-01-18-0002,2026-01-17T21:58:03Z,3854.12,EUR,SYNTH-BANK-REF-000228,Synthetic settlement for SYNTH-BATCH-EUR-2026-01-18-0002
SYNTH-BANK-000229,SYNTH-BATCH-EUR-2026-01-18-0003,2026-01-17T13:41:52Z,889.78,EUR,SYNTH-BANK-REF-000229,Synthetic settlement for SYNTH-BATCH-EUR-2026-01-18-0003
SYNTH-BANK-000230,SYNTH-BATCH-EUR-2026-01-18-0004,2026-01-17T23:32:46Z,3714.32,EUR,SYNTH-BANK-REF-000230,Synthetic settlement for SYNTH-BATCH-EUR-2026-01-18-0004
SYNTH-BANK-000231,SYNTH-BATCH-EUR-2026-01-18-0005,2026-01-17T15:19:07Z,2591.95,EUR,SYNTH-BANK-REF-000231,Synthetic settlement for SYNTH-BATCH-EUR-2026-01-18-0005
SYNTH-BANK-000232,SYNTH-BATCH-EUR-2026-01-18-0006,2026-01-17T21:27:27Z,4787.30,EUR,SYNTH-BANK-REF-000232,Synthetic settlement for SYNTH-BATCH-EUR-2026-01-18-0006
SYNTH-BANK-000233,SYNTH-BATCH-EUR-2026-01-18-0007,2026-01-17T16:45:47Z,2057.63,EUR,SYNTH-BANK-REF-000233,Synthetic settlement for SYNTH-BATCH-EUR-2026-01-18-0007
SYNTH-BANK-000234,SYNTH-BATCH-EUR-2026-01-18-0008,2026-01-17T22:56:06Z,4931.19,EUR,SYNTH-BANK-REF-000234,Synthetic settlement for SYNTH-BATCH-EUR-2026-01-18-0008
SYNTH-BANK-000235,SYNTH-BATCH-EUR-2026-01-18-0009,2026-01-17T18:57:57Z,1788.65,EUR,SYNTH-BANK-REF-000235,Synthetic settlement for SYNTH-BATCH-EUR-2026-01-18-0009
SYNTH-BANK-000236,SYNTH-BATCH-EUR-2026-01-18-0010,2026-01-17T14:16:12Z,1947.54,EUR,SYNTH-BANK-REF-000236,Synthetic settlement for SYNTH-BATCH-EUR-2026-01-18-0010
SYNTH-BANK-000237,SYNTH-BATCH-EUR-2026-01-18-0011,2026-01-17T19:44:52Z,1002.27,EUR,SYNTH-BANK-REF-000237,Synthetic settlement for SYNTH-BATCH-EUR-2026-01-18-0011
SYNTH-BANK-000238,SYNTH-BATCH-EUR-2026-01-18-0012,2026-01-17T15:34:57Z,2376.04,EUR,SYNTH-BANK-REF-000238,Synthetic settlement for SYNTH-BATCH-EUR-2026-01-18-0012
SYNTH-BANK-000239,SYNTH-BATCH-EUR-2026-01-19-0000,2026-01-18T22:01:35Z,2599.08,EUR,SYNTH-BANK-REF-000239,Synthetic settlement for SYNTH-BATCH-EUR-2026-01-19-0000
SYNTH-BANK-000240,SYNTH-BATCH-EUR-2026-01-19-0001,2026-01-18T18:19:56Z,3677.44,EUR,SYNTH-BANK-REF-000240,Synthetic settlement for SYNTH-BATCH-EUR-2026-01-19-0001
SYNTH-BANK-000241,SYNTH-BATCH-EUR-2026-01-19-0002,2026-01-19T00:08:23Z,3911.59,EUR,SYNTH-BANK-REF-000241,Synthetic settlement for SYNTH-BATCH-EUR-2026-01-19-0002
SYNTH-BANK-000242,SYNTH-BATCH-EUR-2026-01-19-0003,2026-01-18T20:05:48Z,993.26,EUR,SYNTH-BANK-REF-000242,Synthetic settlement for SYNTH-BATCH-EUR-2026-01-19-0003
SYNTH-BANK-000243,SYNTH-BATCH-EUR-2026-01-19-0004,2026-01-18T15:14:47Z,4230.59,EUR,SYNTH-BANK-REF-000243,Synthetic settlement for SYNTH-BATCH-EUR-2026-01-19-0004
SYNTH-BANK-000244,SYNTH-BATCH-EUR-2026-01-19-0005,2026-01-18T21:09:01Z,989.65,EUR,SYNTH-BANK-REF-000244,Synthetic settlement for SYNTH-BATCH-EUR-2026-01-19-0005
SYNTH-BANK-000245,SYNTH-BATCH-EUR-2026-01-19-0006,2026-01-18T17:16:33Z,4524.55,EUR,SYNTH-BANK-REF-000245,Synthetic settlement for SYNTH-BATCH-EUR-2026-01-19-0006
SYNTH-BANK-000246,SYNTH-BATCH-EUR-2026-01-19-0007,2026-01-18T22:57:22Z,2261.26,EUR,SYNTH-BANK-REF-000246,Synthetic settlement for SYNTH-BATCH-EUR-2026-01-19-0007
SYNTH-BANK-000247,SYNTH-BATCH-EUR-2026-01-19-0008,2026-01-18T19:02:33Z,2709.93,EUR,SYNTH-BANK-REF-000247,Synthetic settlement for SYNTH-BATCH-EUR-2026-01-19-0008
SYNTH-BANK-000248,SYNTH-BATCH-EUR-2026-01-19-0009,2026-01-18T14:27:59Z,2665.76,EUR,SYNTH-BANK-REF-000248,Synthetic settlement for SYNTH-BATCH-EUR-2026-01-19-0009
SYNTH-BANK-000249,SYNTH-BATCH-EUR-2026-01-19-0010,2026-01-18T20:02:52Z,5168.18,EUR,SYNTH-BANK-REF-000249,Synthetic settlement for SYNTH-BATCH-EUR-2026-01-19-0010
SYNTH-BANK-000250,SYNTH-BATCH-EUR-2026-01-19-0011,2026-01-18T16:38:28Z,1578.11,EUR,SYNTH-BANK-REF-000250,Synthetic settlement for SYNTH-BATCH-EUR-2026-01-19-0011
SYNTH-BANK-000251,SYNTH-BATCH-EUR-2026-01-19-0012,2026-01-18T21:40:27Z,373.06,EUR,SYNTH-BANK-REF-000251,Synthetic settlement for SYNTH-BATCH-EUR-2026-01-19-0012
SYNTH-BANK-000252,SYNTH-BATCH-EUR-2026-01-20-0000,2026-01-19T18:04:20Z,1821.70,EUR,SYNTH-BANK-REF-000252,Synthetic settlement for SYNTH-BATCH-EUR-2026-01-20-0000
SYNTH-BANK-000253,SYNTH-BATCH-EUR-2026-01-20-0001,2026-01-19T13:57:58Z,2390.30,EUR,SYNTH-BANK-REF-000253,Synthetic settlement for SYNTH-BATCH-EUR-2026-01-20-0001
SYNTH-BANK-000254,SYNTH-BATCH-EUR-2026-01-20-0002,2026-01-19T20:28:52Z,1552.70,EUR,SYNTH-BANK-REF-000254,Synthetic settlement for SYNTH-BATCH-EUR-2026-01-20-0002
SYNTH-BANK-000255,SYNTH-BATCH-EUR-2026-01-20-0003,2026-01-19T15:28:00Z,2458.66,EUR,SYNTH-BANK-REF-000255,Synthetic settlement for SYNTH-BATCH-EUR-2026-01-20-0003
SYNTH-BANK-000256,SYNTH-BATCH-EUR-2026-01-20-0004,2026-01-19T21:55:54Z,2946.19,EUR,SYNTH-BANK-REF-000256,Synthetic settlement for SYNTH-BATCH-EUR-2026-01-20-0004
SYNTH-BANK-000257,SYNTH-BATCH-EUR-2026-01-20-0005,2026-01-19T17:21:15Z,999.33,EUR,SYNTH-BANK-REF-000257,Synthetic settlement for SYNTH-BATCH-EUR-2026-01-20-0005
SYNTH-BANK-000258,SYNTH-BATCH-EUR-2026-01-20-0006,2026-01-19T23:17:29Z,4554.62,EUR,SYNTH-BANK-REF-000258,Synthetic settlement for SYNTH-BATCH-EUR-2026-01-20-0006
SYNTH-BANK-000259,SYNTH-BATCH-EUR-2026-01-20-0007,2026-01-19T18:55:06Z,2620.36,EUR,SYNTH-BANK-REF-000259,Synthetic settlement for SYNTH-BATCH-EUR-2026-01-20-0007
SYNTH-BANK-000260,SYNTH-BATCH-EUR-2026-01-20-0008,2026-01-19T15:14:22Z,3783.24,EUR,SYNTH-BANK-REF-000260,Synthetic settlement for SYNTH-BATCH-EUR-2026-01-20-0008
SYNTH-BANK-000261,SYNTH-BATCH-EUR-2026-01-20-0009,2026-01-19T20:39:16Z,2315.15,EUR,SYNTH-BANK-REF-000261,Synthetic settlement for SYNTH-BATCH-EUR-2026-01-20-0009
SYNTH-BANK-000262,SYNTH-BATCH-EUR-2026-01-20-0010,2026-01-19T16:19:07Z,2500.97,EUR,SYNTH-BANK-REF-000262,Synthetic settlement for SYNTH-BATCH-EUR-2026-01-20-0010
SYNTH-BANK-000263,SYNTH-BATCH-EUR-2026-01-20-0011,2026-01-19T22:14:08Z,420.80,EUR,SYNTH-BANK-REF-000263,Synthetic settlement for SYNTH-BATCH-EUR-2026-01-20-0011
SYNTH-BANK-000264,SYNTH-BATCH-EUR-2026-01-20-0012,2026-01-19T17:50:20Z,5967.28,EUR,SYNTH-BANK-REF-000264,Synthetic settlement for SYNTH-BATCH-EUR-2026-01-20-0012
SYNTH-BANK-000265,SYNTH-BATCH-EUR-2026-01-21-0000,2026-01-20T14:43:46Z,4780.20,EUR,SYNTH-BANK-REF-000265,Synthetic settlement for SYNTH-BATCH-EUR-2026-01-21-0000
SYNTH-BANK-000266,SYNTH-BATCH-EUR-2026-01-21-0001,2026-01-20T20:48:17Z,2398.70,EUR,SYNTH-BANK-REF-000266,Synthetic settlement for SYNTH-BATCH-EUR-2026-01-21-0001
SYNTH-BANK-000267,SYNTH-BATCH-EUR-2026-01-21-0002,2026-01-20T16:26:41Z,1873.55,EUR,SYNTH-BANK-REF-000267,Synthetic settlement for SYNTH-BATCH-EUR-2026-01-21-0002
SYNTH-BANK-000268,SYNTH-BATCH-EUR-2026-01-21-0003,2026-01-20T22:25:00Z,3031.80,EUR,SYNTH-BANK-REF-000268,Synthetic settlement for SYNTH-BATCH-EUR-2026-01-21-0003
SYNTH-BANK-000269,SYNTH-BATCH-EUR-2026-01-21-0004,2026-01-20T17:47:18Z,3133.73,EUR,SYNTH-BANK-REF-000269,Synthetic settlement for SYNTH-BATCH-EUR-2026-01-21-0004
SYNTH-BANK-000270,SYNTH-BATCH-EUR-2026-01-21-0005,2026-01-20T23:16:07Z,1329.49,EUR,SYNTH-BANK-REF-000270,Synthetic settlement for SYNTH-BATCH-EUR-2026-01-21-0005
SYNTH-BANK-000271,SYNTH-BATCH-EUR-2026-01-21-0006,2026-01-20T19:43:53Z,2719.53,EUR,SYNTH-BANK-REF-000271,Synthetic settlement for SYNTH-BATCH-EUR-2026-01-21-0006
SYNTH-BANK-000272,SYNTH-BATCH-EUR-2026-01-21-0007,2026-01-20T10:39:35Z,1115.31,EUR,SYNTH-BANK-REF-000272,Synthetic settlement for SYNTH-BATCH-EUR-2026-01-21-0007
SYNTH-BANK-000273,SYNTH-BATCH-EUR-2026-01-21-0008,2026-01-20T20:55:04Z,3671.49,EUR,SYNTH-BANK-REF-000273,Synthetic settlement for SYNTH-BATCH-EUR-2026-01-21-0008
SYNTH-BANK-000274,SYNTH-BATCH-EUR-2026-01-21-0009,2026-01-20T12:17:02Z,2688.87,EUR,SYNTH-BANK-REF-000274,Synthetic settlement for SYNTH-BATCH-EUR-2026-01-21-0009
SYNTH-BANK-000275,SYNTH-BATCH-EUR-2026-01-21-0010,2026-01-20T22:35:40Z,3718.72,EUR,SYNTH-BANK-REF-000275,Synthetic settlement for SYNTH-BATCH-EUR-2026-01-21-0010
SYNTH-BANK-000276,SYNTH-BATCH-EUR-2026-01-21-0011,2026-01-20T14:07:50Z,553.25,EUR,SYNTH-BANK-REF-000276,Synthetic settlement for SYNTH-BATCH-EUR-2026-01-21-0011
SYNTH-BANK-000277,SYNTH-BATCH-EUR-2026-01-21-0012,2026-01-20T19:54:36Z,3954.35,EUR,SYNTH-BANK-REF-000277,Synthetic settlement for SYNTH-BATCH-EUR-2026-01-21-0012
SYNTH-BANK-000278,SYNTH-BATCH-EUR-2026-01-22-0000,2026-01-21T20:29:42Z,977.15,EUR,SYNTH-BANK-REF-000278,Synthetic settlement for SYNTH-BATCH-EUR-2026-01-22-0000
SYNTH-BANK-000279,SYNTH-BATCH-EUR-2026-01-22-0001,2026-01-21T11:49:42Z,4721.98,EUR,SYNTH-BANK-REF-000279,Synthetic settlement for SYNTH-BATCH-EUR-2026-01-22-0001
SYNTH-BANK-000280,SYNTH-BATCH-EUR-2026-01-22-0002,2026-01-21T22:40:22Z,3388.46,EUR,SYNTH-BANK-REF-000280,Synthetic settlement for SYNTH-BATCH-EUR-2026-01-22-0002
SYNTH-BANK-000281,SYNTH-BATCH-EUR-2026-01-22-0003,2026-01-21T13:58:14Z,1300.48,EUR,SYNTH-BANK-REF-000281,Synthetic settlement for SYNTH-BATCH-EUR-2026-01-22-0003
SYNTH-BANK-000282,SYNTH-BATCH-EUR-2026-01-22-0004,2026-01-21T23:39:04Z,1299.56,EUR,SYNTH-BANK-REF-000282,Synthetic settlement for SYNTH-BATCH-EUR-2026-01-22-0004
SYNTH-BANK-000283,SYNTH-BATCH-EUR-2026-01-22-0005,2026-01-21T15:55:40Z,2577.47,EUR,SYNTH-BANK-REF-000283,Synthetic settlement for SYNTH-BATCH-EUR-2026-01-22-0005
SYNTH-BANK-000284,SYNTH-BATCH-EUR-2026-01-22-0006,2026-01-21T20:58:09Z,1250.92,EUR,SYNTH-BANK-REF-000284,Synthetic settlement for SYNTH-BATCH-EUR-2026-01-22-0006
SYNTH-BANK-000285,SYNTH-BATCH-EUR-2026-01-22-0007,2026-01-21T17:28:35Z,4166.77,EUR,SYNTH-BANK-REF-000285,Synthetic settlement for SYNTH-BATCH-EUR-2026-01-22-0007
SYNTH-BANK-000286,SYNTH-BATCH-EUR-2026-01-22-0008,2026-01-21T23:15:41Z,2319.25,EUR,SYNTH-BANK-REF-000286,Synthetic settlement for SYNTH-BATCH-EUR-2026-01-22-0008
SYNTH-BANK-000287,SYNTH-BATCH-EUR-2026-01-22-0009,2026-01-21T18:55:19Z,1820.01,EUR,SYNTH-BANK-REF-000287,Synthetic settlement for SYNTH-BATCH-EUR-2026-01-22-0009
SYNTH-BANK-000288,SYNTH-BATCH-EUR-2026-01-22-0010,2026-01-21T13:55:22Z,2406.56,EUR,SYNTH-BANK-REF-000288,Synthetic settlement for SYNTH-BATCH-EUR-2026-01-22-0010
SYNTH-BANK-000289,SYNTH-BATCH-EUR-2026-01-22-0011,2026-01-21T19:59:14Z,2443.61,EUR,SYNTH-BANK-REF-000289,Synthetic settlement for SYNTH-BATCH-EUR-2026-01-22-0011
SYNTH-BANK-000290,SYNTH-BATCH-EUR-2026-01-22-0012,2026-01-21T16:20:10Z,1307.79,EUR,SYNTH-BANK-REF-000290,Synthetic settlement for SYNTH-BATCH-EUR-2026-01-22-0012
SYNTH-BANK-000291,SYNTH-BATCH-EUR-2026-01-23-0000,2026-01-22T22:03:31Z,2689.45,EUR,SYNTH-BANK-REF-000291,Synthetic settlement for SYNTH-BATCH-EUR-2026-01-23-0000
SYNTH-BANK-000292,SYNTH-BATCH-EUR-2026-01-23-0001,2026-01-22T17:51:53Z,3167.94,EUR,SYNTH-BANK-REF-000292,Synthetic settlement for SYNTH-BATCH-EUR-2026-01-23-0001
SYNTH-BANK-000293,SYNTH-BATCH-EUR-2026-01-23-0002,2026-01-22T23:35:28Z,1177.86,EUR,SYNTH-BANK-REF-000293,Synthetic settlement for SYNTH-BATCH-EUR-2026-01-23-0002
SYNTH-BANK-000294,SYNTH-BATCH-EUR-2026-01-23-0003,2026-01-22T20:12:20Z,2650.62,EUR,SYNTH-BANK-REF-000294,Synthetic settlement for SYNTH-BATCH-EUR-2026-01-23-0003
SYNTH-BANK-000295,SYNTH-BATCH-EUR-2026-01-23-0004,2026-01-22T15:23:48Z,2415.23,EUR,SYNTH-BANK-REF-000295,Synthetic settlement for SYNTH-BATCH-EUR-2026-01-23-0004
SYNTH-BANK-000296,SYNTH-BATCH-EUR-2026-01-23-0005,2026-01-22T21:23:08Z,2539.18,EUR,SYNTH-BANK-REF-000296,Synthetic settlement for SYNTH-BATCH-EUR-2026-01-23-0005
SYNTH-BANK-000297,SYNTH-BATCH-EUR-2026-01-23-0006,2026-01-22T16:58:20Z,2571.89,EUR,SYNTH-BANK-REF-000297,Synthetic settlement for SYNTH-BATCH-EUR-2026-01-23-0006
SYNTH-BANK-000298,SYNTH-BATCH-EUR-2026-01-23-0007,2026-01-22T22:49:49Z,2000.13,EUR,SYNTH-BANK-REF-000298,Synthetic settlement for SYNTH-BATCH-EUR-2026-01-23-0007
SYNTH-BANK-000299,SYNTH-BATCH-EUR-2026-01-23-0008,2026-01-22T18:30:00Z,4156.85,EUR,SYNTH-BANK-REF-000299,Synthetic settlement for SYNTH-BATCH-EUR-2026-01-23-0008
SYNTH-BANK-000300,SYNTH-BATCH-EUR-2026-01-23-0009,2026-01-22T14:22:12Z,3457.45,EUR,SYNTH-BANK-REF-000300,Synthetic settlement for SYNTH-BATCH-EUR-2026-01-23-0009
SYNTH-BANK-000301,SYNTH-BATCH-EUR-2026-01-23-0010,2026-01-22T20:28:16Z,1654.22,EUR,SYNTH-BANK-REF-000301,Synthetic settlement for SYNTH-BATCH-EUR-2026-01-23-0010
SYNTH-BANK-000302,SYNTH-BATCH-EUR-2026-01-23-0011,2026-01-22T16:10:52Z,3198.86,EUR,SYNTH-BANK-REF-000302,Synthetic settlement for SYNTH-BATCH-EUR-2026-01-23-0011
SYNTH-BANK-000303,SYNTH-BATCH-EUR-2026-01-23-0012,2026-01-22T22:23:16Z,4655.19,EUR,SYNTH-BANK-REF-000303,Synthetic settlement for SYNTH-BATCH-EUR-2026-01-23-0012
SYNTH-BANK-000304,SYNTH-BATCH-EUR-2026-01-24-0000,2026-01-23T18:32:00Z,1061.11,EUR,SYNTH-BANK-REF-000304,Synthetic settlement for SYNTH-BATCH-EUR-2026-01-24-0000
SYNTH-BANK-000305,SYNTH-BATCH-EUR-2026-01-24-0001,2026-01-23T14:20:11Z,3819.34,EUR,SYNTH-BANK-REF-000305,Synthetic settlement for SYNTH-BATCH-EUR-2026-01-24-0001
SYNTH-BANK-000306,SYNTH-BATCH-EUR-2026-01-24-0002,2026-01-23T19:43:07Z,2500.42,EUR,SYNTH-BANK-REF-000306,Synthetic settlement for SYNTH-BATCH-EUR-2026-01-24-0002
SYNTH-BANK-000307,SYNTH-BATCH-EUR-2026-01-24-0003,2026-01-23T15:32:12Z,4243.76,EUR,SYNTH-BANK-REF-000307,Synthetic settlement for SYNTH-BATCH-EUR-2026-01-24-0003
SYNTH-BANK-000308,SYNTH-BATCH-EUR-2026-01-24-0004,2026-01-23T21:57:24Z,3192.16,EUR,SYNTH-BANK-REF-000308,Synthetic settlement for SYNTH-BATCH-EUR-2026-01-24-0004
SYNTH-BANK-000309,SYNTH-BATCH-EUR-2026-01-24-0005,2026-01-23T17:08:24Z,4022.91,EUR,SYNTH-BANK-REF-000309,Synthetic settlement for SYNTH-BATCH-EUR-2026-01-24-0005
SYNTH-BANK-000310,SYNTH-BATCH-EUR-2026-01-24-0006,2026-01-23T23:29:08Z,4276.73,EUR,SYNTH-BANK-REF-000310,Synthetic settlement for SYNTH-BATCH-EUR-2026-01-24-0006
SYNTH-BANK-000311,SYNTH-BATCH-EUR-2026-01-24-0007,2026-01-23T18:46:35Z,2794.73,EUR,SYNTH-BANK-REF-000311,Synthetic settlement for SYNTH-BATCH-EUR-2026-01-24-0007
SYNTH-BANK-000312,SYNTH-BATCH-EUR-2026-01-24-0008,2026-01-23T10:49:25Z,282.22,EUR,SYNTH-BANK-REF-000312,Synthetic settlement for SYNTH-BATCH-EUR-2026-01-24-0008
SYNTH-BANK-000313,SYNTH-BATCH-EUR-2026-01-24-0009,2026-01-23T20:24:41Z,3844.39,EUR,SYNTH-BANK-REF-000313,Synthetic settlement for SYNTH-BATCH-EUR-2026-01-24-0009
SYNTH-BANK-000314,SYNTH-BATCH-EUR-2026-01-24-0010,2026-01-23T12:09:53Z,1236.34,EUR,SYNTH-BANK-REF-000314,Synthetic settlement for SYNTH-BATCH-EUR-2026-01-24-0010
SYNTH-BANK-000315,SYNTH-BATCH-EUR-2026-01-24-0011,2026-01-23T22:43:26Z,3807.78,EUR,SYNTH-BANK-REF-000315,Synthetic settlement for SYNTH-BATCH-EUR-2026-01-24-0011
SYNTH-BANK-000316,SYNTH-BATCH-EUR-2026-01-24-0012,2026-01-23T14:18:23Z,1277.08,EUR,SYNTH-BANK-REF-000316,Synthetic settlement for SYNTH-BATCH-EUR-2026-01-24-0012
SYNTH-BANK-000317,SYNTH-BATCH-EUR-2026-01-25-0000,2026-01-24T10:02:53Z,2779.72,EUR,SYNTH-BANK-REF-000317,Synthetic settlement for SYNTH-BATCH-EUR-2026-01-25-0000
SYNTH-BANK-000318,SYNTH-BATCH-EUR-2026-01-25-0001,2026-01-24T20:06:25Z,4605.66,EUR,SYNTH-BANK-REF-000318,Synthetic settlement for SYNTH-BATCH-EUR-2026-01-25-0001
SYNTH-BANK-000319,SYNTH-BATCH-EUR-2026-01-25-0002,2026-01-24T12:15:46Z,2288.45,EUR,SYNTH-BANK-REF-000319,Synthetic settlement for SYNTH-BATCH-EUR-2026-01-25-0002
SYNTH-BANK-000320,SYNTH-BATCH-EUR-2026-01-25-0003,2026-01-24T22:15:47Z,5094.99,EUR,SYNTH-BANK-REF-000320,Synthetic settlement for SYNTH-BATCH-EUR-2026-01-25-0003
SYNTH-BANK-000321,SYNTH-BATCH-EUR-2026-01-25-0004,2026-01-24T13:13:45Z,3193.94,EUR,SYNTH-BANK-REF-000321,Synthetic settlement for SYNTH-BATCH-EUR-2026-01-25-0004
SYNTH-BANK-000322,SYNTH-BATCH-EUR-2026-01-25-0005,2026-01-24T23:10:46Z,6333.83,EUR,SYNTH-BANK-REF-000322,Synthetic settlement for SYNTH-BATCH-EUR-2026-01-25-0005
SYNTH-BANK-000323,SYNTH-BATCH-EUR-2026-01-25-0006,2026-01-24T14:53:05Z,2514.22,EUR,SYNTH-BANK-REF-000323,Synthetic settlement for SYNTH-BATCH-EUR-2026-01-25-0006
SYNTH-BANK-000324,SYNTH-BATCH-EUR-2026-01-25-0007,2026-01-24T20:39:57Z,4216.66,EUR,SYNTH-BANK-REF-000324,Synthetic settlement for SYNTH-BATCH-EUR-2026-01-25-0007
SYNTH-BANK-000325,SYNTH-BATCH-EUR-2026-01-25-0008,2026-01-24T16:58:47Z,1126.38,EUR,SYNTH-BANK-REF-000325,Synthetic settlement for SYNTH-BATCH-EUR-2026-01-25-0008
SYNTH-BANK-000326,SYNTH-BATCH-EUR-2026-01-25-0009,2026-01-24T22:58:51Z,693.92,EUR,SYNTH-BANK-REF-000326,Synthetic settlement for SYNTH-BATCH-EUR-2026-01-25-0009
SYNTH-BANK-000327,SYNTH-BATCH-EUR-2026-01-25-0010,2026-01-24T18:01:47Z,4171.18,EUR,SYNTH-BANK-REF-000327,Synthetic settlement for SYNTH-BATCH-EUR-2026-01-25-0010
SYNTH-BANK-000328,SYNTH-BATCH-EUR-2026-01-25-0011,2026-01-24T14:05:17Z,4101.32,EUR,SYNTH-BANK-REF-000328,Synthetic settlement for SYNTH-BATCH-EUR-2026-01-25-0011
SYNTH-BANK-000329,SYNTH-BATCH-EUR-2026-01-25-0012,2026-01-24T19:55:59Z,1456.67,EUR,SYNTH-BANK-REF-000329,Synthetic settlement for SYNTH-BATCH-EUR-2026-01-25-0012
SYNTH-BANK-000330,SYNTH-BATCH-EUR-2026-01-26-0000,2026-01-25T16:01:55Z,2413.59,EUR,SYNTH-BANK-REF-000330,Synthetic settlement for SYNTH-BATCH-EUR-2026-01-26-0000
SYNTH-BANK-000331,SYNTH-BATCH-EUR-2026-01-26-0001,2026-01-25T22:31:59Z,4374.40,EUR,SYNTH-BANK-REF-000331,Synthetic settlement for SYNTH-BATCH-EUR-2026-01-26-0001
SYNTH-BANK-000332,SYNTH-BATCH-EUR-2026-01-26-0002,2026-01-25T18:15:21Z,2220.19,EUR,SYNTH-BANK-REF-000332,Synthetic settlement for SYNTH-BATCH-EUR-2026-01-26-0002
SYNTH-BANK-000333,SYNTH-BATCH-EUR-2026-01-26-0003,2026-01-25T23:41:40Z,4553.35,EUR,SYNTH-BANK-REF-000333,Synthetic settlement for SYNTH-BATCH-EUR-2026-01-26-0003
SYNTH-BANK-000334,SYNTH-BATCH-EUR-2026-01-26-0004,2026-01-25T19:24:30Z,2697.88,EUR,SYNTH-BANK-REF-000334,Synthetic settlement for SYNTH-BATCH-EUR-2026-01-26-0004
SYNTH-BANK-000335,SYNTH-BATCH-EUR-2026-01-26-0005,2026-01-25T15:45:11Z,2138.85,EUR,SYNTH-BANK-REF-000335,Synthetic settlement for SYNTH-BATCH-EUR-2026-01-26-0005
SYNTH-BANK-000336,SYNTH-BATCH-EUR-2026-01-26-0006,2026-01-25T21:28:53Z,2145.04,EUR,SYNTH-BANK-REF-000336,Synthetic settlement for SYNTH-BATCH-EUR-2026-01-26-0006
SYNTH-BANK-000337,SYNTH-BATCH-EUR-2026-01-26-0007,2026-01-25T17:17:38Z,2706.53,EUR,SYNTH-BANK-REF-000337,Synthetic settlement for SYNTH-BATCH-EUR-2026-01-26-0007
SYNTH-BANK-000338,SYNTH-BATCH-EUR-2026-01-26-0008,2026-01-25T22:58:05Z,1248.06,EUR,SYNTH-BANK-REF-000338,Synthetic settlement for SYNTH-BATCH-EUR-2026-01-26-0008
SYNTH-BANK-000339,SYNTH-BATCH-EUR-2026-01-26-0009,2026-01-25T18:34:36Z,3272.83,EUR,SYNTH-BANK-REF-000339,Synthetic settlement for SYNTH-BATCH-EUR-2026-01-26-0009
SYNTH-BANK-000340,SYNTH-BATCH-EUR-2026-01-26-0010,2026-01-25T14:35:27Z,4426.99,EUR,SYNTH-BANK-REF-000340,Synthetic settlement for SYNTH-BATCH-EUR-2026-01-26-0010
SYNTH-BANK-000341,SYNTH-BATCH-EUR-2026-01-26-0011,2026-01-25T20:08:17Z,3775.98,EUR,SYNTH-BANK-REF-000341,Synthetic settlement for SYNTH-BATCH-EUR-2026-01-26-0011
SYNTH-BANK-000342,SYNTH-BATCH-EUR-2026-01-26-0012,2026-01-25T15:42:53Z,790.34,EUR,SYNTH-BANK-REF-000342,Synthetic settlement for SYNTH-BATCH-EUR-2026-01-26-0012
SYNTH-BANK-000343,SYNTH-BATCH-EUR-2026-01-27-0000,2026-01-26T22:45:34Z,2585.82,EUR,SYNTH-BANK-REF-000343,Synthetic settlement for SYNTH-BATCH-EUR-2026-01-27-0000
SYNTH-BANK-000344,SYNTH-BATCH-EUR-2026-01-27-0001,2026-01-26T18:44:18Z,3222.34,EUR,SYNTH-BANK-REF-000344,Synthetic settlement for SYNTH-BATCH-EUR-2026-01-27-0001
SYNTH-BANK-000345,SYNTH-BATCH-EUR-2026-01-27-0002,2026-01-26T14:04:03Z,2300.91,EUR,SYNTH-BANK-REF-000345,Synthetic settlement for SYNTH-BATCH-EUR-2026-01-27-0002
SYNTH-BANK-000346,SYNTH-BATCH-EUR-2026-01-27-0003,2026-01-26T20:09:00Z,2827.98,EUR,SYNTH-BANK-REF-000346,Synthetic settlement for SYNTH-BATCH-EUR-2026-01-27-0003
SYNTH-BANK-000347,SYNTH-BATCH-EUR-2026-01-27-0004,2026-01-26T15:38:10Z,3942.42,EUR,SYNTH-BANK-REF-000347,Synthetic settlement for SYNTH-BATCH-EUR-2026-01-27-0004
SYNTH-BANK-000348,SYNTH-BATCH-EUR-2026-01-27-0005,2026-01-26T21:53:02Z,2740.55,EUR,SYNTH-BANK-REF-000348,Synthetic settlement for SYNTH-BATCH-EUR-2026-01-27-0005
SYNTH-BANK-000349,SYNTH-BATCH-EUR-2026-01-27-0006,2026-01-26T17:39:21Z,2343.36,EUR,SYNTH-BANK-REF-000349,Synthetic settlement for SYNTH-BATCH-EUR-2026-01-27-0006
SYNTH-BANK-000350,SYNTH-BATCH-EUR-2026-01-27-0007,2026-01-26T23:30:46Z,3689.58,EUR,SYNTH-BANK-REF-000350,Synthetic settlement for SYNTH-BATCH-EUR-2026-01-27-0007
SYNTH-BANK-000351,SYNTH-BATCH-EUR-2026-01-27-0008,2026-01-26T18:47:31Z,2662.18,EUR,SYNTH-BANK-REF-000351,Synthetic settlement for SYNTH-BATCH-EUR-2026-01-27-0008
SYNTH-BANK-000352,SYNTH-BATCH-EUR-2026-01-27-0009,2026-01-26T14:16:44Z,6590.99,EUR,SYNTH-BANK-REF-000352,Synthetic settlement for SYNTH-BATCH-EUR-2026-01-27-0009
SYNTH-BANK-000353,SYNTH-BATCH-EUR-2026-01-27-0010,2026-01-26T20:12:05Z,2556.09,EUR,SYNTH-BANK-REF-000353,Synthetic settlement for SYNTH-BATCH-EUR-2026-01-27-0010
SYNTH-BANK-000354,SYNTH-BATCH-EUR-2026-01-27-0011,2026-01-26T15:50:21Z,4130.37,EUR,SYNTH-BANK-REF-000354,Synthetic settlement for SYNTH-BATCH-EUR-2026-01-27-0011
SYNTH-BANK-000355,SYNTH-BATCH-EUR-2026-01-27-0012,2026-01-26T21:48:29Z,2727.71,EUR,SYNTH-BANK-REF-000355,Synthetic settlement for SYNTH-BATCH-EUR-2026-01-27-0012
SYNTH-BANK-000356,SYNTH-BATCH-EUR-2026-01-28-0000,2026-01-27T18:49:58Z,3386.17,EUR,SYNTH-BANK-REF-000356,Synthetic settlement for SYNTH-BATCH-EUR-2026-01-28-0000
SYNTH-BANK-000357,SYNTH-BATCH-EUR-2026-01-28-0001,2026-01-27T10:01:52Z,2043.07,EUR,SYNTH-BANK-REF-000357,Synthetic settlement for SYNTH-BATCH-EUR-2026-01-28-0001
SYNTH-BANK-000358,SYNTH-BATCH-EUR-2026-01-28-0002,2026-01-27T20:27:48Z,2609.15,EUR,SYNTH-BANK-REF-000358,Synthetic settlement for SYNTH-BATCH-EUR-2026-01-28-0002
SYNTH-BANK-000359,SYNTH-BATCH-EUR-2026-01-28-0003,2026-01-27T11:33:22Z,2318.58,EUR,SYNTH-BANK-REF-000359,Synthetic settlement for SYNTH-BATCH-EUR-2026-01-28-0003
SYNTH-BANK-000360,SYNTH-BATCH-EUR-2026-01-28-0004,2026-01-27T21:59:53Z,4903.34,EUR,SYNTH-BANK-REF-000360,Synthetic settlement for SYNTH-BATCH-EUR-2026-01-28-0004
SYNTH-BANK-000361,SYNTH-BATCH-EUR-2026-01-28-0005,2026-01-27T13:51:16Z,2012.42,EUR,SYNTH-BANK-REF-000361,Synthetic settlement for SYNTH-BATCH-EUR-2026-01-28-0005
SYNTH-BANK-000362,SYNTH-BATCH-EUR-2026-01-28-0006,2026-01-27T23:22:06Z,1752.15,EUR,SYNTH-BANK-REF-000362,Synthetic settlement for SYNTH-BATCH-EUR-2026-01-28-0006
SYNTH-BANK-000363,SYNTH-BATCH-EUR-2026-01-28-0007,2026-01-27T15:29:02Z,2547.14,EUR,SYNTH-BANK-REF-000363,Synthetic settlement for SYNTH-BATCH-EUR-2026-01-28-0007
SYNTH-BANK-000364,SYNTH-BATCH-EUR-2026-01-28-0008,2026-01-27T20:36:27Z,1271.05,EUR,SYNTH-BANK-REF-000364,Synthetic settlement for SYNTH-BATCH-EUR-2026-01-28-0008
SYNTH-BANK-000365,SYNTH-BATCH-EUR-2026-01-28-0009,2026-01-27T16:39:34Z,2515.80,EUR,SYNTH-BANK-REF-000365,Synthetic settlement for SYNTH-BATCH-EUR-2026-01-28-0009
SYNTH-BANK-000366,SYNTH-BATCH-EUR-2026-01-28-0010,2026-01-27T22:27:32Z,4896.26,EUR,SYNTH-BANK-REF-000366,Synthetic settlement for SYNTH-BATCH-EUR-2026-01-28-0010
SYNTH-BANK-000367,SYNTH-BATCH-EUR-2026-01-28-0011,2026-01-27T17:46:24Z,1440.82,EUR,SYNTH-BANK-REF-000367,Synthetic settlement for SYNTH-BATCH-EUR-2026-01-28-0011
SYNTH-BANK-000368,SYNTH-BATCH-EUR-2026-01-28-0012,2026-01-27T14:19:00Z,2824.99,EUR,SYNTH-BANK-REF-000368,Synthetic settlement for SYNTH-BATCH-EUR-2026-01-28-0012
SYNTH-BANK-000369,SYNTH-BATCH-EUR-2026-01-29-0000,2026-01-28T20:51:58Z,3714.53,EUR,SYNTH-BANK-REF-000369,Synthetic settlement for SYNTH-BATCH-EUR-2026-01-29-0000
SYNTH-BANK-000370,SYNTH-BATCH-EUR-2026-01-29-0001,2026-01-28T16:11:53Z,2991.82,EUR,SYNTH-BANK-REF-000370,Synthetic settlement for SYNTH-BATCH-EUR-2026-01-29-0001
SYNTH-BANK-000371,SYNTH-BATCH-EUR-2026-01-29-0002,2026-01-28T21:31:51Z,2839.10,EUR,SYNTH-BANK-REF-000371,Synthetic settlement for SYNTH-BATCH-EUR-2026-01-29-0002
SYNTH-BANK-000372,SYNTH-BATCH-EUR-2026-01-29-0003,2026-01-28T18:13:07Z,1916.65,EUR,SYNTH-BANK-REF-000372,Synthetic settlement for SYNTH-BATCH-EUR-2026-01-29-0003
SYNTH-BANK-000373,SYNTH-BATCH-EUR-2026-01-29-0004,2026-01-28T23:27:14Z,2482.29,EUR,SYNTH-BANK-REF-000373,Synthetic settlement for SYNTH-BATCH-EUR-2026-01-29-0004
SYNTH-BANK-000374,SYNTH-BATCH-EUR-2026-01-29-0005,2026-01-28T19:52:18Z,2596.88,EUR,SYNTH-BANK-REF-000374,Synthetic settlement for SYNTH-BATCH-EUR-2026-01-29-0005
SYNTH-BANK-000375,SYNTH-BATCH-EUR-2026-01-29-0006,2026-01-28T14:57:46Z,2403.89,EUR,SYNTH-BANK-REF-000375,Synthetic settlement for SYNTH-BATCH-EUR-2026-01-29-0006
SYNTH-BANK-000376,SYNTH-BATCH-EUR-2026-01-29-0007,2026-01-28T20:32:38Z,2958.56,EUR,SYNTH-BANK-REF-000376,Synthetic settlement for SYNTH-BATCH-EUR-2026-01-29-0007
SYNTH-BANK-000377,SYNTH-BATCH-EUR-2026-01-29-0008,2026-01-28T17:12:16Z,3227.22,EUR,SYNTH-BANK-REF-000377,Synthetic settlement for SYNTH-BATCH-EUR-2026-01-29-0008
SYNTH-BANK-000378,SYNTH-BATCH-EUR-2026-01-29-0009,2026-01-28T23:02:31Z,713.10,EUR,SYNTH-BANK-REF-000378,Synthetic settlement for SYNTH-BATCH-EUR-2026-01-29-0009
SYNTH-BANK-000379,SYNTH-BATCH-EUR-2026-01-29-0010,2026-01-28T18:24:45Z,5129.78,EUR,SYNTH-BANK-REF-000379,Synthetic settlement for SYNTH-BATCH-EUR-2026-01-29-0010
SYNTH-BANK-000380,SYNTH-BATCH-EUR-2026-01-29-0011,2026-01-29T00:07:16Z,3361.71,EUR,SYNTH-BANK-REF-000380,Synthetic settlement for SYNTH-BATCH-EUR-2026-01-29-0011
SYNTH-BANK-000381,SYNTH-BATCH-EUR-2026-01-29-0012,2026-01-28T20:25:15Z,1916.44,EUR,SYNTH-BANK-REF-000381,Synthetic settlement for SYNTH-BATCH-EUR-2026-01-29-0012
SYNTH-BANK-000382,SYNTH-BATCH-EUR-2026-01-30-0000,2026-01-29T06:42:45Z,3640.53,EUR,SYNTH-BANK-REF-000382,Synthetic settlement for SYNTH-BATCH-EUR-2026-01-30-0000
SYNTH-BANK-000383,SYNTH-BATCH-EUR-2026-01-30-0001,2026-01-29T22:00:38Z,1062.98,EUR,SYNTH-BANK-REF-000383,Synthetic settlement for SYNTH-BATCH-EUR-2026-01-30-0001
SYNTH-BANK-000384,SYNTH-BATCH-EUR-2026-01-30-0002,2026-01-29T17:37:42Z,2864.98,EUR,SYNTH-BANK-REF-000384,Synthetic settlement for SYNTH-BATCH-EUR-2026-01-30-0002
SYNTH-BANK-000385,SYNTH-BATCH-EUR-2026-01-30-0003,2026-01-30T00:00:58Z,2343.44,EUR,SYNTH-BANK-REF-000385,Synthetic settlement for SYNTH-BATCH-EUR-2026-01-30-0003
SYNTH-BANK-000386,SYNTH-BATCH-EUR-2026-01-30-0004,2026-01-29T19:14:56Z,4369.24,EUR,SYNTH-BANK-REF-000386,Synthetic settlement for SYNTH-BATCH-EUR-2026-01-30-0004
SYNTH-BANK-000387,SYNTH-BATCH-EUR-2026-01-30-0005,2026-01-29T15:40:04Z,2490.93,EUR,SYNTH-BANK-REF-000387,Synthetic settlement for SYNTH-BATCH-EUR-2026-01-30-0005
SYNTH-BANK-000388,SYNTH-BATCH-EUR-2026-01-30-0006,2026-01-29T21:35:45Z,3714.74,EUR,SYNTH-BANK-REF-000388,Synthetic settlement for SYNTH-BATCH-EUR-2026-01-30-0006
SYNTH-BANK-000389,SYNTH-BATCH-EUR-2026-01-30-0007,2026-01-29T17:09:58Z,4338.61,EUR,SYNTH-BANK-REF-000389,Synthetic settlement for SYNTH-BATCH-EUR-2026-01-30-0007
SYNTH-BANK-000390,SYNTH-BATCH-EUR-2026-01-30-0008,2026-01-29T23:12:49Z,2892.26,EUR,SYNTH-BANK-REF-000390,Synthetic settlement for SYNTH-BATCH-EUR-2026-01-30-0008
SYNTH-BANK-000391,SYNTH-BATCH-EUR-2026-01-30-0009,2026-01-29T18:30:39Z,1849.12,EUR,SYNTH-BANK-REF-000391,Synthetic settlement for SYNTH-BATCH-EUR-2026-01-30-0009
SYNTH-BANK-000392,SYNTH-BATCH-EUR-2026-01-30-0010,2026-01-29T14:44:30Z,3452.31,EUR,SYNTH-BANK-REF-000392,Synthetic settlement for SYNTH-BATCH-EUR-2026-01-30-0010
SYNTH-BANK-000393,SYNTH-BATCH-EUR-2026-01-30-0011,2026-01-29T20:20:16Z,1979.92,EUR,SYNTH-BANK-REF-000393,Synthetic settlement for SYNTH-BATCH-EUR-2026-01-30-0011
SYNTH-BANK-000394,SYNTH-BATCH-EUR-2026-01-30-0012,2026-01-29T16:01:04Z,3015.57,EUR,SYNTH-BANK-REF-000394,Synthetic settlement for SYNTH-BATCH-EUR-2026-01-30-0012
SYNTH-BANK-000395,SYNTH-BATCH-EUR-2026-01-31-0000,2026-01-30T22:27:09Z,3131.80,EUR,SYNTH-BANK-REF-000395,Synthetic settlement for SYNTH-BATCH-EUR-2026-01-31-0000
SYNTH-BANK-000396,SYNTH-BATCH-EUR-2026-01-31-0001,2026-01-30T18:41:58Z,2615.30,EUR,SYNTH-BANK-REF-000396,Synthetic settlement for SYNTH-BATCH-EUR-2026-01-31-0001
SYNTH-BANK-000397,SYNTH-BATCH-EUR-2026-01-31-0002,2026-01-30T23:42:24Z,2318.34,EUR,SYNTH-BANK-REF-000397,Synthetic settlement for SYNTH-BATCH-EUR-2026-01-31-0002
SYNTH-BANK-000398,SYNTH-BATCH-EUR-2026-01-31-0003,2026-01-30T19:44:48Z,2353.31,EUR,SYNTH-BANK-REF-000398,Synthetic settlement for SYNTH-BATCH-EUR-2026-01-31-0003
SYNTH-BANK-000399,SYNTH-BATCH-EUR-2026-01-31-0004,2026-01-30T15:51:01Z,3485.55,EUR,SYNTH-BANK-REF-000399,Synthetic settlement for SYNTH-BATCH-EUR-2026-01-31-0004
SYNTH-BANK-000400,SYNTH-BATCH-EUR-2026-01-31-0005,2026-01-30T21:46:53Z,3029.39,EUR,SYNTH-BANK-REF-000400,Synthetic settlement for SYNTH-BATCH-EUR-2026-01-31-0005
SYNTH-BANK-000401,SYNTH-BATCH-EUR-2026-01-31-0006,2026-01-30T17:33:57Z,5158.96,EUR,SYNTH-BANK-REF-000401,Synthetic settlement for SYNTH-BATCH-EUR-2026-01-31-0006
SYNTH-BANK-000402,SYNTH-BATCH-EUR-2026-01-31-0007,2026-01-30T22:38:33Z,3181.32,EUR,SYNTH-BANK-REF-000402,Synthetic settlement for SYNTH-BATCH-EUR-2026-01-31-0007
SYNTH-BANK-000403,SYNTH-BATCH-EUR-2026-01-31-0008,2026-01-30T18:39:22Z,5860.02,EUR,SYNTH-BANK-REF-000403,Synthetic settlement for SYNTH-BATCH-EUR-2026-01-31-0008
SYNTH-BANK-000404,SYNTH-BATCH-EUR-2026-01-31-0009,2026-01-30T10:13:25Z,3827.49,EUR,SYNTH-BANK-REF-000404,Synthetic settlement for SYNTH-BATCH-EUR-2026-01-31-0009
SYNTH-BANK-000405,SYNTH-BATCH-EUR-2026-01-31-0010,2026-01-30T20:08:15Z,3455.56,EUR,SYNTH-BANK-REF-000405,Synthetic settlement for SYNTH-BATCH-EUR-2026-01-31-0010
SYNTH-BANK-000406,SYNTH-BATCH-EUR-2026-01-31-0011,2026-01-30T12:17:29Z,4316.36,EUR,SYNTH-BANK-REF-000406,Synthetic settlement for SYNTH-BATCH-EUR-2026-01-31-0011
SYNTH-BANK-000407,SYNTH-BATCH-EUR-2026-01-31-0012,2026-01-30T22:06:59Z,4527.03,EUR,SYNTH-BANK-REF-000407,Synthetic settlement for SYNTH-BATCH-EUR-2026-01-31-0012
SYNTH-BANK-000408,SYNTH-BATCH-EUR-2026-02-01-0000,2026-01-31T18:26:47Z,3929.57,EUR,SYNTH-BANK-REF-000408,Synthetic settlement for SYNTH-BATCH-EUR-2026-02-01-0000
SYNTH-BANK-000409,SYNTH-BATCH-EUR-2026-02-01-0001,2026-02-01T00:04:14Z,2671.40,EUR,SYNTH-BANK-REF-000409,Synthetic settlement for SYNTH-BATCH-EUR-2026-02-01-0001
SYNTH-BANK-000410,SYNTH-BATCH-EUR-2026-02-01-0002,2026-01-31T20:24:07Z,2600.74,EUR,SYNTH-BANK-REF-000410,Synthetic settlement for SYNTH-BATCH-EUR-2026-02-01-0002
SYNTH-BANK-000411,SYNTH-BATCH-EUR-2026-02-01-0003,2026-01-31T12:14:40Z,965.84,EUR,SYNTH-BANK-REF-000411,Synthetic settlement for SYNTH-BATCH-EUR-2026-02-01-0003
SYNTH-BANK-000412,SYNTH-BATCH-EUR-2026-02-01-0004,2026-01-31T21:33:08Z,3781.89,EUR,SYNTH-BANK-REF-000412,Synthetic settlement for SYNTH-BATCH-EUR-2026-02-01-0004
SYNTH-BANK-000413,SYNTH-BATCH-EUR-2026-02-01-0005,2026-01-31T13:00:12Z,1180.84,EUR,SYNTH-BANK-REF-000413,Synthetic settlement for SYNTH-BATCH-EUR-2026-02-01-0005
SYNTH-BANK-000414,SYNTH-BATCH-EUR-2026-02-01-0006,2026-01-31T23:14:47Z,3252.09,EUR,SYNTH-BANK-REF-000414,Synthetic settlement for SYNTH-BATCH-EUR-2026-02-01-0006
SYNTH-BANK-000415,SYNTH-BATCH-EUR-2026-02-01-0007,2026-01-31T15:06:28Z,3246.64,EUR,SYNTH-BANK-REF-000415,Synthetic settlement for SYNTH-BATCH-EUR-2026-02-01-0007
SYNTH-BANK-000416,SYNTH-BATCH-EUR-2026-02-01-0008,2026-01-31T21:12:02Z,5784.64,EUR,SYNTH-BANK-REF-000416,Synthetic settlement for SYNTH-BATCH-EUR-2026-02-01-0008
SYNTH-BANK-000417,SYNTH-BATCH-EUR-2026-02-01-0009,2026-01-31T16:17:26Z,1024.97,EUR,SYNTH-BANK-REF-000417,Synthetic settlement for SYNTH-BATCH-EUR-2026-02-01-0009
SYNTH-BANK-000418,SYNTH-BATCH-EUR-2026-02-01-0010,2026-01-31T22:35:03Z,5270.48,EUR,SYNTH-BANK-REF-000418,Synthetic settlement for SYNTH-BATCH-EUR-2026-02-01-0010
SYNTH-BANK-000419,SYNTH-BATCH-EUR-2026-02-01-0011,2026-01-31T18:06:47Z,2582.94,EUR,SYNTH-BANK-REF-000419,Synthetic settlement for SYNTH-BATCH-EUR-2026-02-01-0011
SYNTH-BANK-000420,SYNTH-BATCH-EUR-2026-02-01-0012,2026-01-31T23:40:42Z,2539.15,EUR,SYNTH-BANK-REF-000420,Synthetic settlement for SYNTH-BATCH-EUR-2026-02-01-0012
SYNTH-BANK-000421,SYNTH-BATCH-EUR-2026-02-02-0000,2026-02-01T20:58:26Z,1603.37,EUR,SYNTH-BANK-REF-000421,Synthetic settlement for SYNTH-BATCH-EUR-2026-02-02-0000
SYNTH-BANK-000422,SYNTH-BATCH-EUR-2026-02-02-0001,2026-02-01T16:44:35Z,5101.62,EUR,SYNTH-BANK-REF-000422,Synthetic settlement for SYNTH-BATCH-EUR-2026-02-02-0001
SYNTH-BANK-000423,SYNTH-BATCH-EUR-2026-02-02-0002,2026-02-01T21:38:28Z,2932.20,EUR,SYNTH-BANK-REF-000423,Synthetic settlement for SYNTH-BATCH-EUR-2026-02-02-0002
SYNTH-BANK-000424,SYNTH-BATCH-EUR-2026-02-02-0003,2026-02-01T18:16:46Z,668.21,EUR,SYNTH-BANK-REF-000424,Synthetic settlement for SYNTH-BATCH-EUR-2026-02-02-0003
SYNTH-BANK-000425,SYNTH-BATCH-EUR-2026-02-02-0004,2026-02-01T23:12:05Z,1880.87,EUR,SYNTH-BANK-REF-000425,Synthetic settlement for SYNTH-BATCH-EUR-2026-02-02-0004
SYNTH-BANK-000426,SYNTH-BATCH-EUR-2026-02-02-0005,2026-02-01T19:12:57Z,2605.48,EUR,SYNTH-BANK-REF-000426,Synthetic settlement for SYNTH-BATCH-EUR-2026-02-02-0005
SYNTH-BANK-000427,SYNTH-BATCH-EUR-2026-02-02-0006,2026-02-01T14:49:31Z,2607.07,EUR,SYNTH-BANK-REF-000427,Synthetic settlement for SYNTH-BATCH-EUR-2026-02-02-0006
SYNTH-BANK-000428,SYNTH-BATCH-EUR-2026-02-02-0007,2026-02-01T21:25:00Z,3829.88,EUR,SYNTH-BANK-REF-000428,Synthetic settlement for SYNTH-BATCH-EUR-2026-02-02-0007
SYNTH-BANK-000429,SYNTH-BATCH-EUR-2026-02-02-0008,2026-02-01T16:40:05Z,2192.50,EUR,SYNTH-BANK-REF-000429,Synthetic settlement for SYNTH-BATCH-EUR-2026-02-02-0008
SYNTH-BANK-000430,SYNTH-BATCH-EUR-2026-02-02-0009,2026-02-01T22:29:16Z,3364.07,EUR,SYNTH-BANK-REF-000430,Synthetic settlement for SYNTH-BATCH-EUR-2026-02-02-0009
SYNTH-BANK-000431,SYNTH-BATCH-EUR-2026-02-02-0010,2026-02-01T18:01:41Z,2822.80,EUR,SYNTH-BANK-REF-000431,Synthetic settlement for SYNTH-BATCH-EUR-2026-02-02-0010
SYNTH-BANK-000432,SYNTH-BATCH-EUR-2026-02-02-0011,2026-02-01T14:43:27Z,5361.03,EUR,SYNTH-BANK-REF-000432,Synthetic settlement for SYNTH-BATCH-EUR-2026-02-02-0011
SYNTH-BANK-000433,SYNTH-BATCH-EUR-2026-02-02-0012,2026-02-01T19:54:21Z,4014.58,EUR,SYNTH-BANK-REF-000433,Synthetic settlement for SYNTH-BATCH-EUR-2026-02-02-0012
SYNTH-BANK-000434,SYNTH-BATCH-GBP-2026-01-03-0000,2026-01-02T23:07:28Z,3216.37,GBP,SYNTH-BANK-REF-000434,Synthetic settlement for SYNTH-BATCH-GBP-2026-01-03-0000
SYNTH-BANK-000435,SYNTH-BATCH-GBP-2026-01-03-0001,2026-01-02T18:25:38Z,979.85,GBP,SYNTH-BANK-REF-000435,Synthetic settlement for SYNTH-BATCH-GBP-2026-01-03-0001
SYNTH-BANK-000436,SYNTH-BATCH-GBP-2026-01-03-0002,2026-01-02T14:42:31Z,4564.60,GBP,SYNTH-BANK-REF-000436,Synthetic settlement for SYNTH-BATCH-GBP-2026-01-03-0002
SYNTH-BANK-000437,SYNTH-BATCH-GBP-2026-01-03-0003,2026-01-02T19:41:37Z,2540.96,GBP,SYNTH-BANK-REF-000437,Synthetic settlement for SYNTH-BATCH-GBP-2026-01-03-0003
SYNTH-BANK-000438,SYNTH-BATCH-GBP-2026-01-03-0004,2026-01-02T15:35:04Z,2628.01,GBP,SYNTH-BANK-REF-000438,Synthetic settlement for SYNTH-BATCH-GBP-2026-01-03-0004
SYNTH-BANK-000439,SYNTH-BATCH-GBP-2026-01-03-0005,2026-01-02T21:31:11Z,1994.19,GBP,SYNTH-BANK-REF-000439,Synthetic settlement for SYNTH-BATCH-GBP-2026-01-03-0005
SYNTH-BANK-000440,SYNTH-BATCH-GBP-2026-01-03-0006,2026-01-02T17:48:03Z,3553.53,GBP,SYNTH-BANK-REF-000440,Synthetic settlement for SYNTH-BATCH-GBP-2026-01-03-0006
SYNTH-BANK-000441,SYNTH-BATCH-GBP-2026-01-03-0007,2026-01-02T23:40:09Z,1816.75,GBP,SYNTH-BANK-REF-000441,Synthetic settlement for SYNTH-BATCH-GBP-2026-01-03-0007
SYNTH-BANK-000442,SYNTH-BATCH-GBP-2026-01-03-0008,2026-01-02T19:05:15Z,4472.54,GBP,SYNTH-BANK-REF-000442,Synthetic settlement for SYNTH-BATCH-GBP-2026-01-03-0008
SYNTH-BANK-000443,SYNTH-BATCH-GBP-2026-01-03-0009,2026-01-02T15:20:58Z,653.64,GBP,SYNTH-BANK-REF-000443,Synthetic settlement for SYNTH-BATCH-GBP-2026-01-03-0009
SYNTH-BANK-000444,SYNTH-BATCH-GBP-2026-01-03-0010,2026-01-02T20:51:57Z,4712.53,GBP,SYNTH-BANK-REF-000444,Synthetic settlement for SYNTH-BATCH-GBP-2026-01-03-0010
SYNTH-BANK-000445,SYNTH-BATCH-GBP-2026-01-03-0011,2026-01-02T16:50:55Z,310.99,GBP,SYNTH-BANK-REF-000445,Synthetic settlement for SYNTH-BATCH-GBP-2026-01-03-0011
SYNTH-BANK-000446,SYNTH-BATCH-GBP-2026-01-03-0012,2026-01-02T22:33:12Z,4330.86,GBP,SYNTH-BANK-REF-000446,Synthetic settlement for SYNTH-BATCH-GBP-2026-01-03-0012
SYNTH-BANK-000447,SYNTH-BATCH-GBP-2026-01-04-0000,2026-01-03T18:21:25Z,1176.53,GBP,SYNTH-BANK-REF-000447,Synthetic settlement for SYNTH-BATCH-GBP-2026-01-04-0000
SYNTH-BANK-000448,SYNTH-BATCH-GBP-2026-01-04-0001,2026-01-03T14:08:55Z,4344.83,GBP,SYNTH-BANK-REF-000448,Synthetic settlement for SYNTH-BATCH-GBP-2026-01-04-0001
SYNTH-BANK-000449,SYNTH-BATCH-GBP-2026-01-04-0002,2026-01-03T20:43:34Z,3480.33,GBP,SYNTH-BANK-REF-000449,Synthetic settlement for SYNTH-BATCH-GBP-2026-01-04-0002
SYNTH-BANK-000450,SYNTH-BATCH-GBP-2026-01-04-0003,2026-01-03T16:10:51Z,3603.01,GBP,SYNTH-BANK-REF-000450,Synthetic settlement for SYNTH-BATCH-GBP-2026-01-04-0003
SYNTH-BANK-000451,SYNTH-BATCH-GBP-2026-01-04-0004,2026-01-03T22:20:44Z,1236.99,GBP,SYNTH-BANK-REF-000451,Synthetic settlement for SYNTH-BATCH-GBP-2026-01-04-0004
SYNTH-BANK-000452,SYNTH-BATCH-GBP-2026-01-04-0005,2026-01-03T18:06:51Z,4660.23,GBP,SYNTH-BANK-REF-000452,Synthetic settlement for SYNTH-BATCH-GBP-2026-01-04-0005
SYNTH-BANK-000453,SYNTH-BATCH-GBP-2026-01-04-0006,2026-01-03T23:02:00Z,3401.71,GBP,SYNTH-BANK-REF-000453,Synthetic settlement for SYNTH-BATCH-GBP-2026-01-04-0006
SYNTH-BANK-000454,SYNTH-BATCH-GBP-2026-01-04-0007,2026-01-03T14:58:27Z,4151.23,GBP,SYNTH-BANK-REF-000454,Synthetic settlement for SYNTH-BATCH-GBP-2026-01-04-0007
SYNTH-BANK-000455,SYNTH-BATCH-GBP-2026-01-04-0008,2026-01-03T10:57:05Z,1255.04,GBP,SYNTH-BANK-REF-000455,Synthetic settlement for SYNTH-BATCH-GBP-2026-01-04-0008
SYNTH-BANK-000456,SYNTH-BATCH-GBP-2026-01-04-0009,2026-01-03T21:03:50Z,5374.45,GBP,SYNTH-BANK-REF-000456,Synthetic settlement for SYNTH-BATCH-GBP-2026-01-04-0009
SYNTH-BANK-000457,SYNTH-BATCH-GBP-2026-01-04-0010,2026-01-03T12:34:07Z,3024.34,GBP,SYNTH-BANK-REF-000457,Synthetic settlement for SYNTH-BATCH-GBP-2026-01-04-0010
SYNTH-BANK-000458,SYNTH-BATCH-GBP-2026-01-04-0011,2026-01-03T22:30:09Z,2483.62,GBP,SYNTH-BANK-REF-000458,Synthetic settlement for SYNTH-BATCH-GBP-2026-01-04-0011
SYNTH-BANK-000459,SYNTH-BATCH-GBP-2026-01-04-0012,2026-01-03T14:10:55Z,2929.43,GBP,SYNTH-BANK-REF-000459,Synthetic settlement for SYNTH-BATCH-GBP-2026-01-04-0012
SYNTH-BANK-000460,SYNTH-BATCH-GBP-2026-01-05-0000,2026-01-04T11:07:00Z,2868.22,GBP,SYNTH-BANK-REF-000460,Synthetic settlement for SYNTH-BATCH-GBP-2026-01-05-0000
SYNTH-BANK-000461,SYNTH-BATCH-GBP-2026-01-05-0001,2026-01-04T21:01:10Z,4089.93,GBP,SYNTH-BANK-REF-000461,Synthetic settlement for SYNTH-BATCH-GBP-2026-01-05-0001
SYNTH-BANK-000462,SYNTH-BATCH-GBP-2026-01-05-0002,2026-01-04T12:40:49Z,2142.18,GBP,SYNTH-BANK-REF-000462,Synthetic settlement for SYNTH-BATCH-GBP-2026-01-05-0002
SYNTH-BANK-000463,SYNTH-BATCH-GBP-2026-01-05-0003,2026-01-04T22:00:12Z,5411.14,GBP,SYNTH-BANK-REF-000463,Synthetic settlement for SYNTH-BATCH-GBP-2026-01-05-0003
SYNTH-BANK-000464,SYNTH-BATCH-GBP-2026-01-05-0004,2026-01-04T14:19:44Z,677.82,GBP,SYNTH-BANK-REF-000464,Synthetic settlement for SYNTH-BATCH-GBP-2026-01-05-0004
SYNTH-BANK-000465,SYNTH-BATCH-GBP-2026-01-05-0005,2026-01-05T00:05:41Z,1867.16,GBP,SYNTH-BANK-REF-000465,Synthetic settlement for SYNTH-BATCH-GBP-2026-01-05-0005
SYNTH-BANK-000466,SYNTH-BATCH-GBP-2026-01-05-0006,2026-01-04T15:26:10Z,4395.13,GBP,SYNTH-BANK-REF-000466,Synthetic settlement for SYNTH-BATCH-GBP-2026-01-05-0006
SYNTH-BANK-000467,SYNTH-BATCH-GBP-2026-01-05-0007,2026-01-04T21:39:22Z,3313.13,GBP,SYNTH-BANK-REF-000467,Synthetic settlement for SYNTH-BATCH-GBP-2026-01-05-0007
SYNTH-BANK-000468,SYNTH-BATCH-GBP-2026-01-05-0008,2026-01-04T16:41:33Z,1771.86,GBP,SYNTH-BANK-REF-000468,Synthetic settlement for SYNTH-BATCH-GBP-2026-01-05-0008
SYNTH-BANK-000469,SYNTH-BATCH-GBP-2026-01-05-0009,2026-01-04T23:00:32Z,3646.67,GBP,SYNTH-BANK-REF-000469,Synthetic settlement for SYNTH-BATCH-GBP-2026-01-05-0009
SYNTH-BANK-000470,SYNTH-BATCH-GBP-2026-01-05-0010,2026-01-04T18:34:36Z,1258.65,GBP,SYNTH-BANK-REF-000470,Synthetic settlement for SYNTH-BATCH-GBP-2026-01-05-0010
SYNTH-BANK-000471,SYNTH-BATCH-GBP-2026-01-05-0011,2026-01-04T14:06:14Z,2240.66,GBP,SYNTH-BANK-REF-000471,Synthetic settlement for SYNTH-BATCH-GBP-2026-01-05-0011
SYNTH-BANK-000472,SYNTH-BATCH-GBP-2026-01-05-0012,2026-01-04T20:37:11Z,2776.11,GBP,SYNTH-BANK-REF-000472,Synthetic settlement for SYNTH-BATCH-GBP-2026-01-05-0012
SYNTH-BANK-000473,SYNTH-BATCH-GBP-2026-01-06-0000,2026-01-05T17:08:37Z,2364.27,GBP,SYNTH-BANK-REF-000473,Synthetic settlement for SYNTH-BATCH-GBP-2026-01-06-0000
SYNTH-BANK-000474,SYNTH-BATCH-GBP-2026-01-06-0001,2026-01-05T22:28:51Z,6076.50,GBP,SYNTH-BANK-REF-000474,Synthetic settlement for SYNTH-BATCH-GBP-2026-01-06-0001
SYNTH-BANK-000475,SYNTH-BATCH-GBP-2026-01-06-0002,2026-01-05T18:41:39Z,774.35,GBP,SYNTH-BANK-REF-000475,Synthetic settlement for SYNTH-BATCH-GBP-2026-01-06-0002
SYNTH-BANK-000476,SYNTH-BATCH-GBP-2026-01-06-0003,2026-01-05T14:29:20Z,5659.77,GBP,SYNTH-BANK-REF-000476,Synthetic settlement for SYNTH-BATCH-GBP-2026-01-06-0003
SYNTH-BANK-000477,SYNTH-BATCH-GBP-2026-01-06-0004,2026-01-05T19:39:36Z,3000.57,GBP,SYNTH-BANK-REF-000477,Synthetic settlement for SYNTH-BATCH-GBP-2026-01-06-0004
SYNTH-BANK-000478,SYNTH-BATCH-GBP-2026-01-06-0005,2026-01-05T15:21:14Z,5653.63,GBP,SYNTH-BANK-REF-000478,Synthetic settlement for SYNTH-BATCH-GBP-2026-01-06-0005
SYNTH-BANK-000479,SYNTH-BATCH-GBP-2026-01-06-0006,2026-01-05T21:29:25Z,1497.87,GBP,SYNTH-BANK-REF-000479,Synthetic settlement for SYNTH-BATCH-GBP-2026-01-06-0006
SYNTH-BANK-000480,SYNTH-BATCH-GBP-2026-01-06-0007,2026-01-05T16:46:25Z,1833.70,GBP,SYNTH-BANK-REF-000480,Synthetic settlement for SYNTH-BATCH-GBP-2026-01-06-0007
SYNTH-BANK-000481,SYNTH-BATCH-GBP-2026-01-06-0008,2026-01-05T23:18:58Z,2632.69,GBP,SYNTH-BANK-REF-000481,Synthetic settlement for SYNTH-BATCH-GBP-2026-01-06-0008
SYNTH-BANK-000482,SYNTH-BATCH-GBP-2026-01-06-0009,2026-01-05T19:08:24Z,2498.59,GBP,SYNTH-BANK-REF-000482,Synthetic settlement for SYNTH-BATCH-GBP-2026-01-06-0009
SYNTH-BANK-000483,SYNTH-BATCH-GBP-2026-01-06-0010,2026-01-05T15:05:21Z,1136.09,GBP,SYNTH-BANK-REF-000483,Synthetic settlement for SYNTH-BATCH-GBP-2026-01-06-0010
SYNTH-BANK-000484,SYNTH-BATCH-GBP-2026-01-06-0011,2026-01-05T20:49:36Z,4137.71,GBP,SYNTH-BANK-REF-000484,Synthetic settlement for SYNTH-BATCH-GBP-2026-01-06-0011
SYNTH-BANK-000485,SYNTH-BATCH-GBP-2026-01-06-0012,2026-01-05T16:02:40Z,1284.82,GBP,SYNTH-BANK-REF-000485,Synthetic settlement for SYNTH-BATCH-GBP-2026-01-06-0012
SYNTH-BANK-000486,SYNTH-BATCH-GBP-2026-01-07-0000,2026-01-06T22:28:26Z,2307.62,GBP,SYNTH-BANK-REF-000486,Synthetic settlement for SYNTH-BATCH-GBP-2026-01-07-0000
SYNTH-BANK-000487,SYNTH-BATCH-GBP-2026-01-07-0001,2026-01-06T18:41:05Z,4559.43,GBP,SYNTH-BANK-REF-000487,Synthetic settlement for SYNTH-BATCH-GBP-2026-01-07-0001
SYNTH-BANK-000488,SYNTH-BATCH-GBP-2026-01-07-0002,2026-01-06T14:28:21Z,720.55,GBP,SYNTH-BANK-REF-000488,Synthetic settlement for SYNTH-BATCH-GBP-2026-01-07-0002
SYNTH-BANK-000489,SYNTH-BATCH-GBP-2026-01-07-0003,2026-01-06T19:57:55Z,2125.01,GBP,SYNTH-BANK-REF-000489,Synthetic settlement for SYNTH-BATCH-GBP-2026-01-07-0003
SYNTH-BANK-000490,SYNTH-BATCH-GBP-2026-01-07-0004,2026-01-06T15:56:05Z,2238.74,GBP,SYNTH-BANK-REF-000490,Synthetic settlement for SYNTH-BATCH-GBP-2026-01-07-0004
SYNTH-BANK-000491,SYNTH-BATCH-GBP-2026-01-07-0005,2026-01-06T21:31:27Z,3637.19,GBP,SYNTH-BANK-REF-000491,Synthetic settlement for SYNTH-BATCH-GBP-2026-01-07-0005
SYNTH-BANK-000492,SYNTH-BATCH-GBP-2026-01-07-0006,2026-01-06T17:28:08Z,804.41,GBP,SYNTH-BANK-REF-000492,Synthetic settlement for SYNTH-BATCH-GBP-2026-01-07-0006
SYNTH-BANK-000493,SYNTH-BATCH-GBP-2026-01-07-0007,2026-01-06T23:41:28Z,5353.55,GBP,SYNTH-BANK-REF-000493,Synthetic settlement for SYNTH-BATCH-GBP-2026-01-07-0007
SYNTH-BANK-000494,SYNTH-BATCH-GBP-2026-01-07-0008,2026-01-06T19:10:22Z,2287.85,GBP,SYNTH-BANK-REF-000494,Synthetic settlement for SYNTH-BATCH-GBP-2026-01-07-0008
SYNTH-BANK-000495,SYNTH-BATCH-GBP-2026-01-07-0009,2026-01-06T14:28:37Z,2415.41,GBP,SYNTH-BANK-REF-000495,Synthetic settlement for SYNTH-BATCH-GBP-2026-01-07-0009
SYNTH-BANK-000496,SYNTH-BATCH-GBP-2026-01-07-0010,2026-01-06T20:33:35Z,1661.90,GBP,SYNTH-BANK-REF-000496,Synthetic settlement for SYNTH-BATCH-GBP-2026-01-07-0010
SYNTH-BANK-000497,SYNTH-BATCH-GBP-2026-01-07-0011,2026-01-06T16:14:51Z,3614.52,GBP,SYNTH-BANK-REF-000497,Synthetic settlement for SYNTH-BATCH-GBP-2026-01-07-0011
SYNTH-BANK-000498,SYNTH-BATCH-GBP-2026-01-07-0012,2026-01-06T22:18:45Z,1883.08,GBP,SYNTH-BANK-REF-000498,Synthetic settlement for SYNTH-BATCH-GBP-2026-01-07-0012
SYNTH-BANK-000499,SYNTH-BATCH-GBP-2026-01-08-0000,2026-01-07T18:38:51Z,3654.95,GBP,SYNTH-BANK-REF-000499,Synthetic settlement for SYNTH-BATCH-GBP-2026-01-08-0000
SYNTH-BANK-000500,SYNTH-BATCH-GBP-2026-01-08-0001,2026-01-07T14:39:36Z,3323.96,GBP,SYNTH-BANK-REF-000500,Synthetic settlement for SYNTH-BATCH-GBP-2026-01-08-0001
SYNTH-BANK-000501,SYNTH-BATCH-GBP-2026-01-08-0002,2026-01-07T19:59:24Z,2413.52,GBP,SYNTH-BANK-REF-000501,Synthetic settlement for SYNTH-BATCH-GBP-2026-01-08-0002
SYNTH-BANK-000502,SYNTH-BATCH-GBP-2026-01-08-0003,2026-01-07T15:53:53Z,5632.86,GBP,SYNTH-BANK-REF-000502,Synthetic settlement for SYNTH-BATCH-GBP-2026-01-08-0003
SYNTH-BANK-000503,SYNTH-BATCH-GBP-2026-01-08-0004,2026-01-07T22:01:20Z,1988.68,GBP,SYNTH-BANK-REF-000503,Synthetic settlement for SYNTH-BATCH-GBP-2026-01-08-0004
SYNTH-BANK-000504,SYNTH-BATCH-GBP-2026-01-08-0005,2026-01-07T18:12:16Z,2645.11,GBP,SYNTH-BANK-REF-000504,Synthetic settlement for SYNTH-BATCH-GBP-2026-01-08-0005
SYNTH-BANK-000505,SYNTH-BATCH-GBP-2026-01-08-0006,2026-01-07T23:28:03Z,4165.19,GBP,SYNTH-BANK-REF-000505,Synthetic settlement for SYNTH-BATCH-GBP-2026-01-08-0006
SYNTH-BANK-000506,SYNTH-BATCH-GBP-2026-01-08-0007,2026-01-07T19:37:02Z,5216.75,GBP,SYNTH-BANK-REF-000506,Synthetic settlement for SYNTH-BATCH-GBP-2026-01-08-0007
SYNTH-BANK-000507,SYNTH-BATCH-GBP-2026-01-08-0008,2026-01-07T11:24:05Z,3228.78,GBP,SYNTH-BANK-REF-000507,Synthetic settlement for SYNTH-BATCH-GBP-2026-01-08-0008
SYNTH-BANK-000508,SYNTH-BATCH-GBP-2026-01-08-0009,2026-01-07T20:35:54Z,4686.40,GBP,SYNTH-BANK-REF-000508,Synthetic settlement for SYNTH-BATCH-GBP-2026-01-08-0009
SYNTH-BANK-000509,SYNTH-BATCH-GBP-2026-01-08-0010,2026-01-07T12:35:38Z,3405.27,GBP,SYNTH-BANK-REF-000509,Synthetic settlement for SYNTH-BATCH-GBP-2026-01-08-0010
SYNTH-BANK-000510,SYNTH-BATCH-GBP-2026-01-08-0011,2026-01-07T22:50:07Z,2861.59,GBP,SYNTH-BANK-REF-000510,Synthetic settlement for SYNTH-BATCH-GBP-2026-01-08-0011
SYNTH-BANK-000511,SYNTH-BATCH-GBP-2026-01-08-0012,2026-01-07T13:47:08Z,3223.78,GBP,SYNTH-BANK-REF-000511,Synthetic settlement for SYNTH-BATCH-GBP-2026-01-08-0012
SYNTH-BANK-000512,SYNTH-BATCH-GBP-2026-01-09-0000,2026-01-08T20:26:13Z,4698.86,GBP,SYNTH-BANK-REF-000512,Synthetic settlement for SYNTH-BATCH-GBP-2026-01-09-0000
SYNTH-BANK-000513,SYNTH-BATCH-GBP-2026-01-09-0001,2026-01-08T16:00:43Z,1459.33,GBP,SYNTH-BANK-REF-000513,Synthetic settlement for SYNTH-BATCH-GBP-2026-01-09-0001
SYNTH-BANK-000514,SYNTH-BATCH-GBP-2026-01-09-0002,2026-01-08T22:06:12Z,1575.20,GBP,SYNTH-BANK-REF-000514,Synthetic settlement for SYNTH-BATCH-GBP-2026-01-09-0002
SYNTH-BANK-000515,SYNTH-BATCH-GBP-2026-01-09-0003,2026-01-08T18:08:57Z,3766.63,GBP,SYNTH-BANK-REF-000515,Synthetic settlement for SYNTH-BATCH-GBP-2026-01-09-0003
SYNTH-BANK-000516,SYNTH-BATCH-GBP-2026-01-09-0004,2026-01-08T23:46:40Z,3539.92,GBP,SYNTH-BANK-REF-000516,Synthetic settlement for SYNTH-BATCH-GBP-2026-01-09-0004
SYNTH-BANK-000517,SYNTH-BATCH-GBP-2026-01-09-0005,2026-01-08T19:56:09Z,2890.55,GBP,SYNTH-BANK-REF-000517,Synthetic settlement for SYNTH-BATCH-GBP-2026-01-09-0005
SYNTH-BANK-000518,SYNTH-BATCH-GBP-2026-01-09-0006,2026-01-08T15:47:46Z,6833.11,GBP,SYNTH-BANK-REF-000518,Synthetic settlement for SYNTH-BATCH-GBP-2026-01-09-0006
SYNTH-BANK-000519,SYNTH-BATCH-GBP-2026-01-09-0007,2026-01-08T20:42:50Z,1844.51,GBP,SYNTH-BANK-REF-000519,Synthetic settlement for SYNTH-BATCH-GBP-2026-01-09-0007
SYNTH-BANK-000520,SYNTH-BATCH-GBP-2026-01-09-0008,2026-01-08T16:41:44Z,4609.69,GBP,SYNTH-BANK-REF-000520,Synthetic settlement for SYNTH-BATCH-GBP-2026-01-09-0008
SYNTH-BANK-000521,SYNTH-BATCH-GBP-2026-01-09-0009,2026-01-08T22:27:40Z,986.99,GBP,SYNTH-BANK-REF-000521,Synthetic settlement for SYNTH-BATCH-GBP-2026-01-09-0009
SYNTH-BANK-000522,SYNTH-BATCH-GBP-2026-01-09-0010,2026-01-08T18:49:42Z,5774.87,GBP,SYNTH-BANK-REF-000522,Synthetic settlement for SYNTH-BATCH-GBP-2026-01-09-0010
SYNTH-BANK-000523,SYNTH-BATCH-GBP-2026-01-09-0011,2026-01-08T23:55:36Z,1822.36,GBP,SYNTH-BANK-REF-000523,Synthetic settlement for SYNTH-BATCH-GBP-2026-01-09-0011
SYNTH-BANK-000524,SYNTH-BATCH-GBP-2026-01-09-0012,2026-01-08T19:53:46Z,2157.67,GBP,SYNTH-BANK-REF-000524,Synthetic settlement for SYNTH-BATCH-GBP-2026-01-09-0012
SYNTH-BANK-000525,SYNTH-BATCH-GBP-2026-01-10-0000,2026-01-09T16:57:16Z,2684.50,GBP,SYNTH-BANK-REF-000525,Synthetic settlement for SYNTH-BATCH-GBP-2026-01-10-0000
SYNTH-BANK-000526,SYNTH-BATCH-GBP-2026-01-10-0001,2026-01-09T22:33:43Z,953.93,GBP,SYNTH-BANK-REF-000526,Synthetic settlement for SYNTH-BATCH-GBP-2026-01-10-0001
SYNTH-BANK-000527,SYNTH-BATCH-GBP-2026-01-10-0002,2026-01-09T17:51:58Z,1689.84,GBP,SYNTH-BANK-REF-000527,Synthetic settlement for SYNTH-BATCH-GBP-2026-01-10-0002
SYNTH-BANK-000528,SYNTH-BATCH-GBP-2026-01-10-0003,2026-01-10T00:00:33Z,2176.08,GBP,SYNTH-BANK-REF-000528,Synthetic settlement for SYNTH-BATCH-GBP-2026-01-10-0003
SYNTH-BANK-000529,SYNTH-BATCH-GBP-2026-01-10-0004,2026-01-09T19:35:00Z,3365.33,GBP,SYNTH-BANK-REF-000529,Synthetic settlement for SYNTH-BATCH-GBP-2026-01-10-0004
SYNTH-BANK-000530,SYNTH-BATCH-GBP-2026-01-10-0005,2026-01-09T15:44:37Z,2929.18,GBP,SYNTH-BANK-REF-000530,Synthetic settlement for SYNTH-BATCH-GBP-2026-01-10-0005
SYNTH-BANK-000531,SYNTH-BATCH-GBP-2026-01-10-0006,2026-01-09T21:26:20Z,3639.60,GBP,SYNTH-BANK-REF-000531,Synthetic settlement for SYNTH-BATCH-GBP-2026-01-10-0006
SYNTH-BANK-000532,SYNTH-BATCH-GBP-2026-01-10-0007,2026-01-09T16:56:12Z,2013.74,GBP,SYNTH-BANK-REF-000532,Synthetic settlement for SYNTH-BATCH-GBP-2026-01-10-0007
SYNTH-BANK-000533,SYNTH-BATCH-GBP-2026-01-10-0008,2026-01-09T23:19:51Z,2958.53,GBP,SYNTH-BANK-REF-000533,Synthetic settlement for SYNTH-BATCH-GBP-2026-01-10-0008
SYNTH-BANK-000534,SYNTH-BATCH-GBP-2026-01-10-0009,2026-01-09T19:00:10Z,3906.76,GBP,SYNTH-BANK-REF-000534,Synthetic settlement for SYNTH-BATCH-GBP-2026-01-10-0009
SYNTH-BANK-000535,SYNTH-BATCH-GBP-2026-01-10-0010,2026-01-09T14:25:04Z,2888.19,GBP,SYNTH-BANK-REF-000535,Synthetic settlement for SYNTH-BATCH-GBP-2026-01-10-0010
SYNTH-BANK-000536,SYNTH-BATCH-GBP-2026-01-10-0011,2026-01-09T20:53:31Z,3511.29,GBP,SYNTH-BANK-REF-000536,Synthetic settlement for SYNTH-BATCH-GBP-2026-01-10-0011
SYNTH-BANK-000537,SYNTH-BATCH-GBP-2026-01-10-0012,2026-01-09T15:50:24Z,1270.91,GBP,SYNTH-BANK-REF-000537,Synthetic settlement for SYNTH-BATCH-GBP-2026-01-10-0012
SYNTH-BANK-000538,SYNTH-BATCH-GBP-2026-01-11-0000,2026-01-10T22:56:33Z,1567.87,GBP,SYNTH-BANK-REF-000538,Synthetic settlement for SYNTH-BATCH-GBP-2026-01-11-0000
SYNTH-BANK-000539,SYNTH-BATCH-GBP-2026-01-11-0001,2026-01-10T18:58:51Z,2305.43,GBP,SYNTH-BANK-REF-000539,Synthetic settlement for SYNTH-BATCH-GBP-2026-01-11-0001
SYNTH-BANK-000540,SYNTH-BATCH-GBP-2026-01-11-0002,2026-01-10T14:04:39Z,2483.31,GBP,SYNTH-BANK-REF-000540,Synthetic settlement for SYNTH-BATCH-GBP-2026-01-11-0002
SYNTH-BANK-000541,SYNTH-BATCH-GBP-2026-01-11-0003,2026-01-10T20:33:48Z,4315.31,GBP,SYNTH-BANK-REF-000541,Synthetic settlement for SYNTH-BATCH-GBP-2026-01-11-0003
SYNTH-BANK-000542,SYNTH-BATCH-GBP-2026-01-11-0004,2026-01-10T15:41:37Z,4025.72,GBP,SYNTH-BANK-REF-000542,Synthetic settlement for SYNTH-BATCH-GBP-2026-01-11-0004
SYNTH-BANK-000543,SYNTH-BATCH-GBP-2026-01-11-0005,2026-01-10T21:25:21Z,1717.14,GBP,SYNTH-BANK-REF-000543,Synthetic settlement for SYNTH-BATCH-GBP-2026-01-11-0005
SYNTH-BANK-000544,SYNTH-BATCH-GBP-2026-01-11-0006,2026-01-10T17:37:20Z,3121.89,GBP,SYNTH-BANK-REF-000544,Synthetic settlement for SYNTH-BATCH-GBP-2026-01-11-0006
SYNTH-BANK-000545,SYNTH-BATCH-GBP-2026-01-11-0007,2026-01-10T23:40:17Z,1600.75,GBP,SYNTH-BANK-REF-000545,Synthetic settlement for SYNTH-BATCH-GBP-2026-01-11-0007
SYNTH-BANK-000546,SYNTH-BATCH-GBP-2026-01-11-0008,2026-01-10T19:18:00Z,4650.62,GBP,SYNTH-BANK-REF-000546,Synthetic settlement for SYNTH-BATCH-GBP-2026-01-11-0008
SYNTH-BANK-000547,SYNTH-BATCH-GBP-2026-01-11-0009,2026-01-10T10:55:57Z,2838.89,GBP,SYNTH-BANK-REF-000547,Synthetic settlement for SYNTH-BATCH-GBP-2026-01-11-0009
SYNTH-BANK-000548,SYNTH-BATCH-GBP-2026-01-11-0010,2026-01-10T20:48:54Z,5243.42,GBP,SYNTH-BANK-REF-000548,Synthetic settlement for SYNTH-BATCH-GBP-2026-01-11-0010
SYNTH-BANK-000549,SYNTH-BATCH-GBP-2026-01-11-0011,2026-01-10T12:10:45Z,1819.49,GBP,SYNTH-BANK-REF-000549,Synthetic settlement for SYNTH-BATCH-GBP-2026-01-11-0011
SYNTH-BANK-000550,SYNTH-BATCH-GBP-2026-01-11-0012,2026-01-10T22:31:52Z,2854.68,GBP,SYNTH-BANK-REF-000550,Synthetic settlement for SYNTH-BATCH-GBP-2026-01-11-0012
SYNTH-BANK-000551,SYNTH-BATCH-GBP-2026-01-12-0000,2026-01-11T18:32:29Z,5883.57,GBP,SYNTH-BANK-REF-000551,Synthetic settlement for SYNTH-BATCH-GBP-2026-01-12-0000
SYNTH-BANK-000552,SYNTH-BATCH-GBP-2026-01-12-0001,2026-01-12T00:06:10Z,2576.79,GBP,SYNTH-BANK-REF-000552,Synthetic settlement for SYNTH-BATCH-GBP-2026-01-12-0001
SYNTH-BANK-000553,SYNTH-BATCH-GBP-2026-01-12-0002,2026-01-11T20:29:55Z,865.16,GBP,SYNTH-BANK-REF-000553,Synthetic settlement for SYNTH-BATCH-GBP-2026-01-12-0002
SYNTH-BANK-000554,SYNTH-BATCH-GBP-2026-01-12-0003,2026-01-11T12:05:02Z,2913.21,GBP,SYNTH-BANK-REF-000554,Synthetic settlement for SYNTH-BATCH-GBP-2026-01-12-0003
SYNTH-BANK-000555,SYNTH-BATCH-GBP-2026-01-12-0004,2026-01-11T21:35:36Z,2084.51,GBP,SYNTH-BANK-REF-000555,Synthetic settlement for SYNTH-BATCH-GBP-2026-01-12-0004
SYNTH-BANK-000556,SYNTH-BATCH-GBP-2026-01-12-0005,2026-01-11T13:27:20Z,2480.10,GBP,SYNTH-BANK-REF-000556,Synthetic settlement for SYNTH-BATCH-GBP-2026-01-12-0005
SYNTH-BANK-000557,SYNTH-BATCH-GBP-2026-01-12-0006,2026-01-11T23:05:38Z,3049.40,GBP,SYNTH-BANK-REF-000557,Synthetic settlement for SYNTH-BATCH-GBP-2026-01-12-0006
SYNTH-BANK-000558,SYNTH-BATCH-GBP-2026-01-12-0007,2026-01-11T15:03:13Z,3577.04,GBP,SYNTH-BANK-REF-000558,Synthetic settlement for SYNTH-BATCH-GBP-2026-01-12-0007
SYNTH-BANK-000559,SYNTH-BATCH-GBP-2026-01-12-0008,2026-01-11T21:13:35Z,4516.68,GBP,SYNTH-BANK-REF-000559,Synthetic settlement for SYNTH-BATCH-GBP-2026-01-12-0008
SYNTH-BANK-000560,SYNTH-BATCH-GBP-2026-01-12-0009,2026-01-11T16:31:21Z,2507.05,GBP,SYNTH-BANK-REF-000560,Synthetic settlement for SYNTH-BATCH-GBP-2026-01-12-0009
SYNTH-BANK-000561,SYNTH-BATCH-GBP-2026-01-12-0010,2026-01-11T22:30:44Z,4144.69,GBP,SYNTH-BANK-REF-000561,Synthetic settlement for SYNTH-BATCH-GBP-2026-01-12-0010
SYNTH-BANK-000562,SYNTH-BATCH-GBP-2026-01-12-0011,2026-01-11T18:26:00Z,1364.67,GBP,SYNTH-BANK-REF-000562,Synthetic settlement for SYNTH-BATCH-GBP-2026-01-12-0011
SYNTH-BANK-000563,SYNTH-BATCH-GBP-2026-01-12-0012,2026-01-11T14:02:27Z,957.24,GBP,SYNTH-BANK-REF-000563,Synthetic settlement for SYNTH-BATCH-GBP-2026-01-12-0012
SYNTH-BANK-000564,SYNTH-BATCH-GBP-2026-01-13-0000,2026-01-12T20:22:35Z,4862.67,GBP,SYNTH-BANK-REF-000564,Synthetic settlement for SYNTH-BATCH-GBP-2026-01-13-0000
SYNTH-BANK-000565,SYNTH-BATCH-GBP-2026-01-13-0001,2026-01-12T16:22:52Z,1462.74,GBP,SYNTH-BANK-REF-000565,Synthetic settlement for SYNTH-BATCH-GBP-2026-01-13-0001
SYNTH-BANK-000566,SYNTH-BATCH-GBP-2026-01-13-0002,2026-01-12T22:40:38Z,4523.65,GBP,SYNTH-BANK-REF-000566,Synthetic settlement for SYNTH-BATCH-GBP-2026-01-13-0002
SYNTH-BANK-000567,SYNTH-BATCH-GBP-2026-01-13-0003,2026-01-12T18:05:30Z,3131.16,GBP,SYNTH-BANK-REF-000567,Synthetic settlement for SYNTH-BATCH-GBP-2026-01-13-0003
SYNTH-BANK-000568,SYNTH-BATCH-GBP-2026-01-13-0004,2026-01-13T00:06:24Z,5232.87,GBP,SYNTH-BANK-REF-000568,Synthetic settlement for SYNTH-BATCH-GBP-2026-01-13-0004
SYNTH-BANK-000569,SYNTH-BATCH-GBP-2026-01-13-0005,2026-01-12T19:23:46Z,3132.29,GBP,SYNTH-BANK-REF-000569,Synthetic settlement for SYNTH-BATCH-GBP-2026-01-13-0005
SYNTH-BANK-000570,SYNTH-BATCH-GBP-2026-01-13-0006,2026-01-12T15:51:21Z,5122.88,GBP,SYNTH-BANK-REF-000570,Synthetic settlement for SYNTH-BATCH-GBP-2026-01-13-0006
SYNTH-BANK-000571,SYNTH-BATCH-GBP-2026-01-13-0007,2026-01-12T21:22:14Z,2365.88,GBP,SYNTH-BANK-REF-000571,Synthetic settlement for SYNTH-BATCH-GBP-2026-01-13-0007
SYNTH-BANK-000572,SYNTH-BATCH-GBP-2026-01-13-0008,2026-01-12T16:39:29Z,4758.76,GBP,SYNTH-BANK-REF-000572,Synthetic settlement for SYNTH-BATCH-GBP-2026-01-13-0008
SYNTH-BANK-000573,SYNTH-BATCH-GBP-2026-01-13-0009,2026-01-12T22:58:37Z,3748.01,GBP,SYNTH-BANK-REF-000573,Synthetic settlement for SYNTH-BATCH-GBP-2026-01-13-0009
SYNTH-BANK-000574,SYNTH-BATCH-GBP-2026-01-13-0010,2026-01-12T18:47:08Z,3218.38,GBP,SYNTH-BANK-REF-000574,Synthetic settlement for SYNTH-BATCH-GBP-2026-01-13-0010
SYNTH-BANK-000575,SYNTH-BATCH-GBP-2026-01-13-0011,2026-01-12T14:30:28Z,1597.42,GBP,SYNTH-BANK-REF-000575,Synthetic settlement for SYNTH-BATCH-GBP-2026-01-13-0011
SYNTH-BANK-000576,SYNTH-BATCH-GBP-2026-01-13-0012,2026-01-12T20:36:48Z,4833.56,GBP,SYNTH-BANK-REF-000576,Synthetic settlement for SYNTH-BATCH-GBP-2026-01-13-0012
SYNTH-BANK-000577,SYNTH-BATCH-GBP-2026-01-14-0000,2026-01-13T16:43:34Z,1980.48,GBP,SYNTH-BANK-REF-000577,Synthetic settlement for SYNTH-BATCH-GBP-2026-01-14-0000
SYNTH-BANK-000578,SYNTH-BATCH-GBP-2026-01-14-0001,2026-01-13T22:19:23Z,2880.34,GBP,SYNTH-BANK-REF-000578,Synthetic settlement for SYNTH-BATCH-GBP-2026-01-14-0001
SYNTH-BANK-000579,SYNTH-BATCH-GBP-2026-01-14-0002,2026-01-13T18:50:10Z,3619.25,GBP,SYNTH-BANK-REF-000579,Synthetic settlement for SYNTH-BATCH-GBP-2026-01-14-0002
SYNTH-BANK-000580,SYNTH-BATCH-GBP-2026-01-14-0003,2026-01-13T23:57:21Z,2784.28,GBP,SYNTH-BANK-REF-000580,Synthetic settlement for SYNTH-BATCH-GBP-2026-01-14-0003
SYNTH-BANK-000581,SYNTH-BATCH-GBP-2026-01-14-0004,2026-01-13T19:32:46Z,3213.10,GBP,SYNTH-BANK-REF-000581,Synthetic settlement for SYNTH-BATCH-GBP-2026-01-14-0004
SYNTH-BANK-000582,SYNTH-BATCH-GBP-2026-01-14-0005,2026-01-13T16:02:55Z,3967.76,GBP,SYNTH-BANK-REF-000582,Synthetic settlement for SYNTH-BATCH-GBP-2026-01-14-0005
SYNTH-BANK-000583,SYNTH-BATCH-GBP-2026-01-14-0006,2026-01-13T21:39:02Z,2945.37,GBP,SYNTH-BANK-REF-000583,Synthetic settlement for SYNTH-BATCH-GBP-2026-01-14-0006
SYNTH-BANK-000584,SYNTH-BATCH-GBP-2026-01-14-0007,2026-01-13T17:44:31Z,3753.33,GBP,SYNTH-BANK-REF-000584,Synthetic settlement for SYNTH-BATCH-GBP-2026-01-14-0007
SYNTH-BANK-000585,SYNTH-BATCH-GBP-2026-01-14-0008,2026-01-13T22:42:05Z,3432.06,GBP,SYNTH-BANK-REF-000585,Synthetic settlement for SYNTH-BATCH-GBP-2026-01-14-0008
SYNTH-BANK-000586,SYNTH-BATCH-GBP-2026-01-14-0009,2026-01-13T18:25:03Z,2332.10,GBP,SYNTH-BANK-REF-000586,Synthetic settlement for SYNTH-BATCH-GBP-2026-01-14-0009
SYNTH-BANK-000587,SYNTH-BATCH-GBP-2026-01-14-0010,2026-01-14T00:09:50Z,3667.98,GBP,SYNTH-BANK-REF-000587,Synthetic settlement for SYNTH-BATCH-GBP-2026-01-14-0010
SYNTH-BANK-000588,SYNTH-BATCH-GBP-2026-01-14-0011,2026-01-13T20:17:35Z,4922.56,GBP,SYNTH-BANK-REF-000588,Synthetic settlement for SYNTH-BATCH-GBP-2026-01-14-0011
SYNTH-BANK-000589,SYNTH-BATCH-GBP-2026-01-14-0012,2026-01-13T12:16:44Z,2537.41,GBP,SYNTH-BANK-REF-000589,Synthetic settlement for SYNTH-BATCH-GBP-2026-01-14-0012
SYNTH-BANK-000590,SYNTH-BATCH-GBP-2026-01-15-0000,2026-01-14T23:05:57Z,2759.67,GBP,SYNTH-BANK-REF-000590,Synthetic settlement for SYNTH-BATCH-GBP-2026-01-15-0000
SYNTH-BANK-000591,SYNTH-BATCH-GBP-2026-01-15-0001,2026-01-14T18:37:38Z,3229.56,GBP,SYNTH-BANK-REF-000591,Synthetic settlement for SYNTH-BATCH-GBP-2026-01-15-0001
SYNTH-BANK-000592,SYNTH-BATCH-GBP-2026-01-15-0002,2026-01-14T10:26:54Z,1301.15,GBP,SYNTH-BANK-REF-000592,Synthetic settlement for SYNTH-BATCH-GBP-2026-01-15-0002
SYNTH-BANK-000593,SYNTH-BATCH-GBP-2026-01-15-0003,2026-01-14T20:01:26Z,3504.01,GBP,SYNTH-BANK-REF-000593,Synthetic settlement for SYNTH-BATCH-GBP-2026-01-15-0003
SYNTH-BANK-000594,SYNTH-BATCH-GBP-2026-01-15-0004,2026-01-14T12:06:49Z,1461.49,GBP,SYNTH-BANK-REF-000594,Synthetic settlement for SYNTH-BATCH-GBP-2026-01-15-0004
SYNTH-BANK-000595,SYNTH-BATCH-GBP-2026-01-15-0005,2026-01-14T21:51:30Z,2913.73,GBP,SYNTH-BANK-REF-000595,Synthetic settlement for SYNTH-BATCH-GBP-2026-01-15-0005
SYNTH-BANK-000596,SYNTH-BATCH-GBP-2026-01-15-0006,2026-01-14T12:57:25Z,3203.35,GBP,SYNTH-BANK-REF-000596,Synthetic settlement for SYNTH-BATCH-GBP-2026-01-15-0006
SYNTH-BANK-000597,SYNTH-BATCH-GBP-2026-01-15-0007,2026-01-14T23:29:35Z,3529.30,GBP,SYNTH-BANK-REF-000597,Synthetic settlement for SYNTH-BATCH-GBP-2026-01-15-0007
SYNTH-BANK-000598,SYNTH-BATCH-GBP-2026-01-15-0008,2026-01-14T14:52:34Z,2626.37,GBP,SYNTH-BANK-REF-000598,Synthetic settlement for SYNTH-BATCH-GBP-2026-01-15-0008
SYNTH-BANK-000599,SYNTH-BATCH-GBP-2026-01-15-0009,2026-01-14T20:22:22Z,1980.55,GBP,SYNTH-BANK-REF-000599,Synthetic settlement for SYNTH-BATCH-GBP-2026-01-15-0009
SYNTH-BANK-000600,SYNTH-BATCH-GBP-2026-01-15-0010,2026-01-14T17:02:44Z,1781.58,GBP,SYNTH-BANK-REF-000600,Synthetic settlement for SYNTH-BATCH-GBP-2026-01-15-0010
SYNTH-BANK-000601,SYNTH-BATCH-GBP-2026-01-15-0011,2026-01-14T22:30:22Z,2654.11,GBP,SYNTH-BANK-REF-000601,Synthetic settlement for SYNTH-BATCH-GBP-2026-01-15-0011
SYNTH-BANK-000602,SYNTH-BATCH-GBP-2026-01-15-0012,2026-01-14T18:24:39Z,3593.41,GBP,SYNTH-BANK-REF-000602,Synthetic settlement for SYNTH-BATCH-GBP-2026-01-15-0012
SYNTH-BANK-000603,SYNTH-BATCH-GBP-2026-01-16-0000,2026-01-15T15:07:50Z,1283.24,GBP,SYNTH-BANK-REF-000603,Synthetic settlement for SYNTH-BATCH-GBP-2026-01-16-0000
SYNTH-BANK-000604,SYNTH-BATCH-GBP-2026-01-16-0001,2026-01-15T20:20:32Z,448.00,GBP,SYNTH-BANK-REF-000604,Synthetic settlement for SYNTH-BATCH-GBP-2026-01-16-0001
SYNTH-BANK-000605,SYNTH-BATCH-GBP-2026-01-16-0002,2026-01-15T16:15:35Z,3486.39,GBP,SYNTH-BANK-REF-000605,Synthetic settlement for SYNTH-BATCH-GBP-2026-01-16-0002
SYNTH-BANK-000606,SYNTH-BATCH-GBP-2026-01-16-0003,2026-01-15T21:59:06Z,3395.53,GBP,SYNTH-BANK-REF-000606,Synthetic settlement for SYNTH-BATCH-GBP-2026-01-16-0003
SYNTH-BANK-000607,SYNTH-BATCH-GBP-2026-01-16-0004,2026-01-15T18:03:59Z,1562.92,GBP,SYNTH-BANK-REF-000607,Synthetic settlement for SYNTH-BATCH-GBP-2026-01-16-0004
SYNTH-BANK-000608,SYNTH-BATCH-GBP-2026-01-16-0005,2026-01-15T23:53:45Z,1747.89,GBP,SYNTH-BANK-REF-000608,Synthetic settlement for SYNTH-BATCH-GBP-2026-01-16-0005
SYNTH-BANK-000609,SYNTH-BATCH-GBP-2026-01-16-0006,2026-01-15T19:39:10Z,1275.48,GBP,SYNTH-BANK-REF-000609,Synthetic settlement for SYNTH-BATCH-GBP-2026-01-16-0006
SYNTH-BANK-000610,SYNTH-BATCH-GBP-2026-01-16-0007,2026-01-15T15:41:20Z,3069.75,GBP,SYNTH-BANK-REF-000610,Synthetic settlement for SYNTH-BATCH-GBP-2026-01-16-0007
SYNTH-BANK-000611,SYNTH-BATCH-GBP-2026-01-16-0008,2026-01-15T20:46:22Z,3200.85,GBP,SYNTH-BANK-REF-000611,Synthetic settlement for SYNTH-BATCH-GBP-2026-01-16-0008
SYNTH-BANK-000612,SYNTH-BATCH-GBP-2026-01-16-0009,2026-01-15T17:16:42Z,3466.68,GBP,SYNTH-BANK-REF-000612,Synthetic settlement for SYNTH-BATCH-GBP-2026-01-16-0009
SYNTH-BANK-000613,SYNTH-BATCH-GBP-2026-01-16-0010,2026-01-15T22:48:33Z,4191.59,GBP,SYNTH-BANK-REF-000613,Synthetic settlement for SYNTH-BATCH-GBP-2026-01-16-0010
SYNTH-BANK-000614,SYNTH-BATCH-GBP-2026-01-16-0011,2026-01-15T18:06:22Z,3722.01,GBP,SYNTH-BANK-REF-000614,Synthetic settlement for SYNTH-BATCH-GBP-2026-01-16-0011
SYNTH-BANK-000615,SYNTH-BATCH-GBP-2026-01-16-0012,2026-01-16T00:02:44Z,2164.37,GBP,SYNTH-BANK-REF-000615,Synthetic settlement for SYNTH-BATCH-GBP-2026-01-16-0012
SYNTH-BANK-000616,SYNTH-BATCH-GBP-2026-01-17-0000,2026-01-16T20:49:06Z,1025.25,GBP,SYNTH-BANK-REF-000616,Synthetic settlement for SYNTH-BATCH-GBP-2026-01-17-0000
SYNTH-BANK-000617,SYNTH-BATCH-GBP-2026-01-17-0001,2026-01-16T06:11:32Z,2970.04,GBP,SYNTH-BANK-REF-000617,Synthetic settlement for SYNTH-BATCH-GBP-2026-01-17-0001
SYNTH-BANK-000618,SYNTH-BATCH-GBP-2026-01-17-0002,2026-01-16T21:59:08Z,2720.28,GBP,SYNTH-BANK-REF-000618,Synthetic settlement for SYNTH-BATCH-GBP-2026-01-17-0002
SYNTH-BANK-000619,SYNTH-BATCH-GBP-2026-01-17-0003,2026-01-16T17:44:26Z,4338.53,GBP,SYNTH-BANK-REF-000619,Synthetic settlement for SYNTH-BATCH-GBP-2026-01-17-0003
SYNTH-BANK-000620,SYNTH-BATCH-GBP-2026-01-17-0004,2026-01-16T23:41:05Z,1984.64,GBP,SYNTH-BANK-REF-000620,Synthetic settlement for SYNTH-BATCH-GBP-2026-01-17-0004
SYNTH-BANK-000621,SYNTH-BATCH-GBP-2026-01-17-0005,2026-01-16T19:17:00Z,3988.92,GBP,SYNTH-BANK-REF-000621,Synthetic settlement for SYNTH-BATCH-GBP-2026-01-17-0005
SYNTH-BANK-000622,SYNTH-BATCH-GBP-2026-01-17-0006,2026-01-16T15:35:07Z,1943.95,GBP,SYNTH-BANK-REF-000622,Synthetic settlement for SYNTH-BATCH-GBP-2026-01-17-0006
SYNTH-BANK-000623,SYNTH-BATCH-GBP-2026-01-17-0007,2026-01-16T21:05:33Z,3582.40,GBP,SYNTH-BANK-REF-000623,Synthetic settlement for SYNTH-BATCH-GBP-2026-01-17-0007
SYNTH-BANK-000624,SYNTH-BATCH-GBP-2026-01-17-0008,2026-01-16T17:04:22Z,2961.96,GBP,SYNTH-BANK-REF-000624,Synthetic settlement for SYNTH-BATCH-GBP-2026-01-17-0008
SYNTH-BANK-000625,SYNTH-BATCH-GBP-2026-01-17-0009,2026-01-16T22:26:12Z,1408.33,GBP,SYNTH-BANK-REF-000625,Synthetic settlement for SYNTH-BATCH-GBP-2026-01-17-0009
SYNTH-BANK-000626,SYNTH-BATCH-GBP-2026-01-17-0010,2026-01-16T19:08:01Z,3082.86,GBP,SYNTH-BANK-REF-000626,Synthetic settlement for SYNTH-BATCH-GBP-2026-01-17-0010
SYNTH-BANK-000627,SYNTH-BATCH-GBP-2026-01-17-0011,2026-01-16T14:52:10Z,2801.37,GBP,SYNTH-BANK-REF-000627,Synthetic settlement for SYNTH-BATCH-GBP-2026-01-17-0011
SYNTH-BANK-000628,SYNTH-BATCH-GBP-2026-01-17-0012,2026-01-16T20:33:32Z,3794.41,GBP,SYNTH-BANK-REF-000628,Synthetic settlement for SYNTH-BATCH-GBP-2026-01-17-0012
SYNTH-BANK-000629,SYNTH-BATCH-GBP-2026-01-18-0000,2026-01-17T17:17:04Z,1991.00,GBP,SYNTH-BANK-REF-000629,Synthetic settlement for SYNTH-BATCH-GBP-2026-01-18-0000
SYNTH-BANK-000630,SYNTH-BATCH-GBP-2026-01-18-0001,2026-01-17T22:14:40Z,2560.77,GBP,SYNTH-BANK-REF-000630,Synthetic settlement for SYNTH-BATCH-GBP-2026-01-18-0001
SYNTH-BANK-000631,SYNTH-BATCH-GBP-2026-01-18-0002,2026-01-17T18:35:07Z,1259.63,GBP,SYNTH-BANK-REF-000631,Synthetic settlement for SYNTH-BATCH-GBP-2026-01-18-0002
SYNTH-BANK-000632,SYNTH-BATCH-GBP-2026-01-18-0003,2026-01-18T00:08:28Z,4194.13,GBP,SYNTH-BANK-REF-000632,Synthetic settlement for SYNTH-BATCH-GBP-2026-01-18-0003
SYNTH-BANK-000633,SYNTH-BATCH-GBP-2026-01-18-0004,2026-01-17T20:25:32Z,3350.76,GBP,SYNTH-BANK-REF-000633,Synthetic settlement for SYNTH-BATCH-GBP-2026-01-18-0004
SYNTH-BANK-000634,SYNTH-BATCH-GBP-2026-01-18-0005,2026-01-17T15:35:37Z,3507.70,GBP,SYNTH-BANK-REF-000634,Synthetic settlement for SYNTH-BATCH-GBP-2026-01-18-0005
SYNTH-BANK-000635,SYNTH-BATCH-GBP-2026-01-18-0006,2026-01-17T21:04:10Z,1749.55,GBP,SYNTH-BANK-REF-000635,Synthetic settlement for SYNTH-BATCH-GBP-2026-01-18-0006
SYNTH-BANK-000636,SYNTH-BATCH-GBP-2026-01-18-0007,2026-01-17T17:01:10Z,2267.41,GBP,SYNTH-BANK-REF-000636,Synthetic settlement for SYNTH-BATCH-GBP-2026-01-18-0007
SYNTH-BANK-000637,SYNTH-BATCH-GBP-2026-01-18-0008,2026-01-17T23:33:44Z,228.22,GBP,SYNTH-BANK-REF-000637,Synthetic settlement for SYNTH-BATCH-GBP-2026-01-18-0008
SYNTH-BANK-000638,SYNTH-BATCH-GBP-2026-01-18-0009,2026-01-17T18:49:57Z,2207.46,GBP,SYNTH-BANK-REF-000638,Synthetic settlement for SYNTH-BATCH-GBP-2026-01-18-0009
SYNTH-BANK-000639,SYNTH-BATCH-GBP-2026-01-18-0010,2026-01-17T10:48:12Z,3578.34,GBP,SYNTH-BANK-REF-000639,Synthetic settlement for SYNTH-BATCH-GBP-2026-01-18-0010
SYNTH-BANK-000640,SYNTH-BATCH-GBP-2026-01-18-0011,2026-01-17T20:45:52Z,3685.39,GBP,SYNTH-BANK-REF-000640,Synthetic settlement for SYNTH-BATCH-GBP-2026-01-18-0011
SYNTH-BANK-000641,SYNTH-BATCH-GBP-2026-01-18-0012,2026-01-17T11:56:10Z,2406.79,GBP,SYNTH-BANK-REF-000641,Synthetic settlement for SYNTH-BATCH-GBP-2026-01-18-0012
SYNTH-BANK-000642,SYNTH-BATCH-GBP-2026-01-19-0000,2026-01-18T22:25:12Z,4491.64,GBP,SYNTH-BANK-REF-000642,Synthetic settlement for SYNTH-BATCH-GBP-2026-01-19-0000
SYNTH-BANK-000643,SYNTH-BATCH-GBP-2026-01-19-0001,2026-01-18T14:16:54Z,2215.32,GBP,SYNTH-BANK-REF-000643,Synthetic settlement for SYNTH-BATCH-GBP-2026-01-19-0001
SYNTH-BANK-000644,SYNTH-BATCH-GBP-2026-01-19-0002,2026-01-18T20:26:03Z,3348.78,GBP,SYNTH-BANK-REF-000644,Synthetic settlement for SYNTH-BATCH-GBP-2026-01-19-0002
SYNTH-BANK-000645,SYNTH-BATCH-GBP-2026-01-19-0003,2026-01-18T16:20:53Z,3811.62,GBP,SYNTH-BANK-REF-000645,Synthetic settlement for SYNTH-BATCH-GBP-2026-01-19-0003
SYNTH-BANK-000646,SYNTH-BATCH-GBP-2026-01-19-0004,2026-01-18T11:37:40Z,3927.37,GBP,SYNTH-BANK-REF-000646,Synthetic settlement for SYNTH-BATCH-GBP-2026-01-19-0004
SYNTH-BANK-000647,SYNTH-BATCH-GBP-2026-01-19-0005,2026-01-18T17:33:32Z,3687.57,GBP,SYNTH-BANK-REF-000647,Synthetic settlement for SYNTH-BATCH-GBP-2026-01-19-0005
SYNTH-BANK-000648,SYNTH-BATCH-GBP-2026-01-19-0006,2026-01-18T23:31:14Z,4073.13,GBP,SYNTH-BANK-REF-000648,Synthetic settlement for SYNTH-BATCH-GBP-2026-01-19-0006
SYNTH-BANK-000649,SYNTH-BATCH-GBP-2026-01-19-0007,2026-01-18T19:06:14Z,4317.22,GBP,SYNTH-BANK-REF-000649,Synthetic settlement for SYNTH-BATCH-GBP-2026-01-19-0007
SYNTH-BANK-000650,SYNTH-BATCH-GBP-2026-01-19-0008,2026-01-18T15:25:50Z,4591.86,GBP,SYNTH-BANK-REF-000650,Synthetic settlement for SYNTH-BATCH-GBP-2026-01-19-0008
SYNTH-BANK-000651,SYNTH-BATCH-GBP-2026-01-19-0009,2026-01-18T20:56:45Z,2919.57,GBP,SYNTH-BANK-REF-000651,Synthetic settlement for SYNTH-BATCH-GBP-2026-01-19-0009
SYNTH-BANK-000652,SYNTH-BATCH-GBP-2026-01-19-0010,2026-01-18T16:26:51Z,3852.89,GBP,SYNTH-BANK-REF-000652,Synthetic settlement for SYNTH-BATCH-GBP-2026-01-19-0010
SYNTH-BANK-000653,SYNTH-BATCH-GBP-2026-01-19-0011,2026-01-18T22:44:39Z,2189.10,GBP,SYNTH-BANK-REF-000653,Synthetic settlement for SYNTH-BATCH-GBP-2026-01-19-0011
SYNTH-BANK-000654,SYNTH-BATCH-GBP-2026-01-19-0012,2026-01-18T18:30:46Z,1714.51,GBP,SYNTH-BANK-REF-000654,Synthetic settlement for SYNTH-BATCH-GBP-2026-01-19-0012
SYNTH-BANK-000655,SYNTH-BATCH-GBP-2026-01-20-0000,2026-01-19T14:24:39Z,1977.38,GBP,SYNTH-BANK-REF-000655,Synthetic settlement for SYNTH-BATCH-GBP-2026-01-20-0000
SYNTH-BANK-000656,SYNTH-BATCH-GBP-2026-01-20-0001,2026-01-19T20:37:15Z,2947.89,GBP,SYNTH-BANK-REF-000656,Synthetic settlement for SYNTH-BATCH-GBP-2026-01-20-0001
SYNTH-BANK-000657,SYNTH-BATCH-GBP-2026-01-20-0002,2026-01-19T15:51:56Z,5501.23,GBP,SYNTH-BANK-REF-000657,Synthetic settlement for SYNTH-BATCH-GBP-2026-01-20-0002
SYNTH-BANK-000658,SYNTH-BATCH-GBP-2026-01-20-0003,2026-01-19T21:39:49Z,3528.29,GBP,SYNTH-BANK-REF-000658,Synthetic settlement for SYNTH-BATCH-GBP-2026-01-20-0003
SYNTH-BANK-000659,SYNTH-BATCH-GBP-2026-01-20-0004,2026-01-19T17:53:01Z,3067.80,GBP,SYNTH-BANK-REF-000659,Synthetic settlement for SYNTH-BATCH-GBP-2026-01-20-0004
SYNTH-BANK-000660,SYNTH-BATCH-GBP-2026-01-20-0005,2026-01-19T23:26:54Z,1401.78,GBP,SYNTH-BANK-REF-000660,Synthetic settlement for SYNTH-BATCH-GBP-2026-01-20-0005
SYNTH-BANK-000661,SYNTH-BATCH-GBP-2026-01-20-0006,2026-01-19T19:47:24Z,1829.96,GBP,SYNTH-BANK-REF-000661,Synthetic settlement for SYNTH-BATCH-GBP-2026-01-20-0006
SYNTH-BANK-000662,SYNTH-BATCH-GBP-2026-01-20-0007,2026-01-19T14:57:00Z,3401.52,GBP,SYNTH-BANK-REF-000662,Synthetic settlement for SYNTH-BATCH-GBP-2026-01-20-0007
SYNTH-BANK-000663,SYNTH-BATCH-GBP-2026-01-20-0008,2026-01-19T20:34:17Z,2316.50,GBP,SYNTH-BANK-REF-000663,Synthetic settlement for SYNTH-BATCH-GBP-2026-01-20-0008
SYNTH-BANK-000664,SYNTH-BATCH-GBP-2026-01-20-0009,2026-01-19T16:37:09Z,2313.45,GBP,SYNTH-BANK-REF-000664,Synthetic settlement for SYNTH-BATCH-GBP-2026-01-20-0009
SYNTH-BANK-000665,SYNTH-BATCH-GBP-2026-01-20-0010,2026-01-19T22:54:23Z,5121.57,GBP,SYNTH-BANK-REF-000665,Synthetic settlement for SYNTH-BATCH-GBP-2026-01-20-0010
SYNTH-BANK-000666,SYNTH-BATCH-GBP-2026-01-20-0011,2026-01-19T18:10:19Z,3420.47,GBP,SYNTH-BANK-REF-000666,Synthetic settlement for SYNTH-BATCH-GBP-2026-01-20-0011
SYNTH-BANK-000667,SYNTH-BATCH-GBP-2026-01-20-0012,2026-01-19T23:58:59Z,2754.24,GBP,SYNTH-BANK-REF-000667,Synthetic settlement for SYNTH-BATCH-GBP-2026-01-20-0012
SYNTH-BANK-000668,SYNTH-BATCH-GBP-2026-01-21-0000,2026-01-20T20:21:55Z,3318.36,GBP,SYNTH-BANK-REF-000668,Synthetic settlement for SYNTH-BATCH-GBP-2026-01-21-0000
SYNTH-BANK-000669,SYNTH-BATCH-GBP-2026-01-21-0001,2026-01-20T16:32:29Z,3513.24,GBP,SYNTH-BANK-REF-000669,Synthetic settlement for SYNTH-BATCH-GBP-2026-01-21-0001
SYNTH-BANK-000670,SYNTH-BATCH-GBP-2026-01-21-0002,2026-01-20T22:02:47Z,3979.06,GBP,SYNTH-BANK-REF-000670,Synthetic settlement for SYNTH-BATCH-GBP-2026-01-21-0002
SYNTH-BANK-000671,SYNTH-BATCH-GBP-2026-01-21-0003,2026-01-20T18:24:47Z,3032.14,GBP,SYNTH-BANK-REF-000671,Synthetic settlement for SYNTH-BATCH-GBP-2026-01-21-0003
SYNTH-BANK-000672,SYNTH-BATCH-GBP-2026-01-21-0004,2026-01-20T23:28:12Z,4233.46,GBP,SYNTH-BANK-REF-000672,Synthetic settlement for SYNTH-BATCH-GBP-2026-01-21-0004
SYNTH-BANK-000673,SYNTH-BATCH-GBP-2026-01-21-0005,2026-01-20T19:14:58Z,1981.97,GBP,SYNTH-BANK-REF-000673,Synthetic settlement for SYNTH-BATCH-GBP-2026-01-21-0005
SYNTH-BANK-000674,SYNTH-BATCH-GBP-2026-01-21-0006,2026-01-20T15:20:01Z,1950.73,GBP,SYNTH-BANK-REF-000674,Synthetic settlement for SYNTH-BATCH-GBP-2026-01-21-0006
SYNTH-BANK-000675,SYNTH-BATCH-GBP-2026-01-21-0007,2026-01-20T21:22:53Z,1519.84,GBP,SYNTH-BANK-REF-000675,Synthetic settlement for SYNTH-BATCH-GBP-2026-01-21-0007
SYNTH-BANK-000676,SYNTH-BATCH-GBP-2026-01-21-0008,2026-01-20T16:38:55Z,2653.28,GBP,SYNTH-BANK-REF-000676,Synthetic settlement for SYNTH-BATCH-GBP-2026-01-21-0008
SYNTH-BANK-000677,SYNTH-BATCH-GBP-2026-01-21-0009,2026-01-20T23:14:20Z,1779.14,GBP,SYNTH-BANK-REF-000677,Synthetic settlement for SYNTH-BATCH-GBP-2026-01-21-0009
SYNTH-BANK-000678,SYNTH-BATCH-GBP-2026-01-21-0010,2026-01-20T18:53:01Z,4813.56,GBP,SYNTH-BANK-REF-000678,Synthetic settlement for SYNTH-BATCH-GBP-2026-01-21-0010
SYNTH-BANK-000679,SYNTH-BATCH-GBP-2026-01-21-0011,2026-01-20T23:57:30Z,2569.28,GBP,SYNTH-BANK-REF-000679,Synthetic settlement for SYNTH-BATCH-GBP-2026-01-21-0011
SYNTH-BANK-000680,SYNTH-BATCH-GBP-2026-01-21-0012,2026-01-20T06:38:00Z,268.53,GBP,SYNTH-BANK-REF-000680,Synthetic settlement for SYNTH-BATCH-GBP-2026-01-21-0012
SYNTH-BANK-000681,SYNTH-BATCH-GBP-2026-01-22-0000,2026-01-21T16:58:12Z,2509.75,GBP,SYNTH-BANK-REF-000681,Synthetic settlement for SYNTH-BATCH-GBP-2026-01-22-0000
SYNTH-BANK-000682,SYNTH-BATCH-GBP-2026-01-22-0001,2026-01-21T23:01:11Z,3172.20,GBP,SYNTH-BANK-REF-000682,Synthetic settlement for SYNTH-BATCH-GBP-2026-01-22-0001
SYNTH-BANK-000683,SYNTH-BATCH-GBP-2026-01-22-0002,2026-01-21T17:58:16Z,2197.12,GBP,SYNTH-BANK-REF-000683,Synthetic settlement for SYNTH-BATCH-GBP-2026-01-22-0002
SYNTH-BANK-000684,SYNTH-BATCH-GBP-2026-01-22-0003,2026-01-21T23:54:54Z,2198.84,GBP,SYNTH-BANK-REF-000684,Synthetic settlement for SYNTH-BATCH-GBP-2026-01-22-0003
SYNTH-BANK-000685,SYNTH-BATCH-GBP-2026-01-22-0004,2026-01-21T20:05:28Z,3336.51,GBP,SYNTH-BANK-REF-000685,Synthetic settlement for SYNTH-BATCH-GBP-2026-01-22-0004
SYNTH-BANK-000686,SYNTH-BATCH-GBP-2026-01-22-0005,2026-01-21T11:14:51Z,2782.13,GBP,SYNTH-BANK-REF-000686,Synthetic settlement for SYNTH-BATCH-GBP-2026-01-22-0005
SYNTH-BANK-000687,SYNTH-BATCH-GBP-2026-01-22-0006,2026-01-21T21:21:12Z,2923.32,GBP,SYNTH-BANK-REF-000687,Synthetic settlement for SYNTH-BATCH-GBP-2026-01-22-0006
SYNTH-BANK-000688,SYNTH-BATCH-GBP-2026-01-22-0007,2026-01-21T12:46:59Z,1972.93,GBP,SYNTH-BANK-REF-000688,Synthetic settlement for SYNTH-BATCH-GBP-2026-01-22-0007
SYNTH-BANK-000689,SYNTH-BATCH-GBP-2026-01-22-0008,2026-01-21T22:43:33Z,3031.54,GBP,SYNTH-BANK-REF-000689,Synthetic settlement for SYNTH-BATCH-GBP-2026-01-22-0008
SYNTH-BANK-000690,SYNTH-BATCH-GBP-2026-01-22-0009,2026-01-21T14:21:08Z,2055.27,GBP,SYNTH-BANK-REF-000690,Synthetic settlement for SYNTH-BATCH-GBP-2026-01-22-0009
SYNTH-BANK-000691,SYNTH-BATCH-GBP-2026-01-22-0010,2026-01-21T20:32:06Z,1053.64,GBP,SYNTH-BANK-REF-000691,Synthetic settlement for SYNTH-BATCH-GBP-2026-01-22-0010
SYNTH-BANK-000692,SYNTH-BATCH-GBP-2026-01-22-0011,2026-01-21T16:12:35Z,2288.07,GBP,SYNTH-BANK-REF-000692,Synthetic settlement for SYNTH-BATCH-GBP-2026-01-22-0011
SYNTH-BANK-000693,SYNTH-BATCH-GBP-2026-01-22-0012,2026-01-21T22:21:46Z,2673.96,GBP,SYNTH-BANK-REF-000693,Synthetic settlement for SYNTH-BATCH-GBP-2026-01-22-0012
SYNTH-BANK-000694,SYNTH-BATCH-GBP-2026-01-23-0000,2026-01-22T22:32:47Z,5361.37,GBP,SYNTH-BANK-REF-000694,Synthetic settlement for SYNTH-BATCH-GBP-2026-01-23-0000
SYNTH-BANK-000695,SYNTH-BATCH-GBP-2026-01-23-0001,2026-01-22T14:54:09Z,3302.14,GBP,SYNTH-BANK-REF-000695,Synthetic settlement for SYNTH-BATCH-GBP-2026-01-23-0001
SYNTH-BANK-000696,SYNTH-BATCH-GBP-2026-01-23-0002,2026-01-22T20:24:34Z,3740.73,GBP,SYNTH-BANK-REF-000696,Synthetic settlement for SYNTH-BATCH-GBP-2026-01-23-0002
SYNTH-BANK-000697,SYNTH-BATCH-GBP-2026-01-23-0003,2026-01-22T15:57:48Z,1092.28,GBP,SYNTH-BANK-REF-000697,Synthetic settlement for SYNTH-BATCH-GBP-2026-01-23-0003
SYNTH-BANK-000698,SYNTH-BATCH-GBP-2026-01-23-0004,2026-01-22T22:05:44Z,2373.19,GBP,SYNTH-BANK-REF-000698,Synthetic settlement for SYNTH-BATCH-GBP-2026-01-23-0004
SYNTH-BANK-000699,SYNTH-BATCH-GBP-2026-01-23-0005,2026-01-22T17:51:08Z,3676.43,GBP,SYNTH-BANK-REF-000699,Synthetic settlement for SYNTH-BATCH-GBP-2026-01-23-0005
SYNTH-BANK-000700,SYNTH-BATCH-GBP-2026-01-23-0006,2026-01-22T23:48:17Z,4512.45,GBP,SYNTH-BANK-REF-000700,Synthetic settlement for SYNTH-BATCH-GBP-2026-01-23-0006
SYNTH-BANK-000701,SYNTH-BATCH-GBP-2026-01-23-0007,2026-01-22T19:28:53Z,781.48,GBP,SYNTH-BANK-REF-000701,Synthetic settlement for SYNTH-BATCH-GBP-2026-01-23-0007
SYNTH-BANK-000702,SYNTH-BATCH-GBP-2026-01-23-0008,2026-01-22T14:53:16Z,2940.57,GBP,SYNTH-BANK-REF-000702,Synthetic settlement for SYNTH-BATCH-GBP-2026-01-23-0008
SYNTH-BANK-000703,SYNTH-BATCH-GBP-2026-01-23-0009,2026-01-22T20:32:04Z,1281.44,GBP,SYNTH-BANK-REF-000703,Synthetic settlement for SYNTH-BATCH-GBP-2026-01-23-0009
SYNTH-BANK-000704,SYNTH-BATCH-GBP-2026-01-23-0010,2026-01-22T16:19:55Z,2942.06,GBP,SYNTH-BANK-REF-000704,Synthetic settlement for SYNTH-BATCH-GBP-2026-01-23-0010
SYNTH-BANK-000705,SYNTH-BATCH-GBP-2026-01-23-0011,2026-01-22T22:11:13Z,1563.48,GBP,SYNTH-BANK-REF-000705,Synthetic settlement for SYNTH-BATCH-GBP-2026-01-23-0011
SYNTH-BANK-000706,SYNTH-BATCH-GBP-2026-01-23-0012,2026-01-22T18:36:56Z,3544.09,GBP,SYNTH-BANK-REF-000706,Synthetic settlement for SYNTH-BATCH-GBP-2026-01-23-0012
SYNTH-BANK-000707,SYNTH-BATCH-GBP-2026-01-24-0000,2026-01-23T15:13:04Z,1807.57,GBP,SYNTH-BANK-REF-000707,Synthetic settlement for SYNTH-BATCH-GBP-2026-01-24-0000
SYNTH-BANK-000708,SYNTH-BATCH-GBP-2026-01-24-0001,2026-01-23T20:39:11Z,4669.74,GBP,SYNTH-BANK-REF-000708,Synthetic settlement for SYNTH-BATCH-GBP-2026-01-24-0001
SYNTH-BANK-000709,SYNTH-BATCH-GBP-2026-01-24-0002,2026-01-23T16:08:15Z,1860.48,GBP,SYNTH-BANK-REF-000709,Synthetic settlement for SYNTH-BATCH-GBP-2026-01-24-0002
SYNTH-BANK-000710,SYNTH-BATCH-GBP-2026-01-24-0003,2026-01-23T21:50:38Z,1329.97,GBP,SYNTH-BANK-REF-000710,Synthetic settlement for SYNTH-BATCH-GBP-2026-01-24-0003
SYNTH-BANK-000711,SYNTH-BATCH-GBP-2026-01-24-0004,2026-01-23T17:42:56Z,1196.06,GBP,SYNTH-BANK-REF-000711,Synthetic settlement for SYNTH-BATCH-GBP-2026-01-24-0004
SYNTH-BANK-000712,SYNTH-BATCH-GBP-2026-01-24-0005,2026-01-23T23:16:38Z,5274.09,GBP,SYNTH-BANK-REF-000712,Synthetic settlement for SYNTH-BATCH-GBP-2026-01-24-0005
SYNTH-BANK-000713,SYNTH-BATCH-GBP-2026-01-24-0006,2026-01-23T19:26:36Z,2898.41,GBP,SYNTH-BANK-REF-000713,Synthetic settlement for SYNTH-BATCH-GBP-2026-01-24-0006
SYNTH-BANK-000714,SYNTH-BATCH-GBP-2026-01-24-0007,2026-01-23T15:46:08Z,2235.44,GBP,SYNTH-BANK-REF-000714,Synthetic settlement for SYNTH-BATCH-GBP-2026-01-24-0007
SYNTH-BANK-000715,SYNTH-BATCH-GBP-2026-01-24-0008,2026-01-23T20:55:56Z,3476.24,GBP,SYNTH-BANK-REF-000715,Synthetic settlement for SYNTH-BATCH-GBP-2026-01-24-0008
SYNTH-BANK-000716,SYNTH-BATCH-GBP-2026-01-24-0009,2026-01-23T12:27:20Z,874.48,GBP,SYNTH-BANK-REF-000716,Synthetic settlement for SYNTH-BATCH-GBP-2026-01-24-0009
SYNTH-BANK-000717,SYNTH-BATCH-GBP-2026-01-24-0010,2026-01-23T22:41:52Z,4331.47,GBP,SYNTH-BANK-REF-000717,Synthetic settlement for SYNTH-BATCH-GBP-2026-01-24-0010
SYNTH-BANK-000718,SYNTH-BATCH-GBP-2026-01-24-0011,2026-01-23T18:35:45Z,3804.35,GBP,SYNTH-BANK-REF-000718,Synthetic settlement for SYNTH-BATCH-GBP-2026-01-24-0011
SYNTH-BANK-000719,SYNTH-BATCH-GBP-2026-01-24-0012,2026-01-23T10:09:29Z,2500.75,GBP,SYNTH-BANK-REF-000719,Synthetic settlement for SYNTH-BATCH-GBP-2026-01-24-0012
SYNTH-BANK-000720,SYNTH-BATCH-GBP-2026-01-25-0000,2026-01-24T20:20:57Z,315.36,GBP,SYNTH-BANK-REF-000720,Synthetic settlement for SYNTH-BATCH-GBP-2026-01-25-0000
SYNTH-BANK-000721,SYNTH-BATCH-GBP-2026-01-25-0001,2026-01-24T16:16:34Z,6384.99,GBP,SYNTH-BANK-REF-000721,Synthetic settlement for SYNTH-BATCH-GBP-2026-01-25-0001
SYNTH-BANK-000722,SYNTH-BATCH-GBP-2026-01-25-0002,2026-01-24T22:41:07Z,2846.40,GBP,SYNTH-BANK-REF-000722,Synthetic settlement for SYNTH-BATCH-GBP-2026-01-25-0002
SYNTH-BANK-000723,SYNTH-BATCH-GBP-2026-01-25-0003,2026-01-24T18:35:45Z,3610.16,GBP,SYNTH-BANK-REF-000723,Synthetic settlement for SYNTH-BATCH-GBP-2026-01-25-0003
SYNTH-BANK-000724,SYNTH-BATCH-GBP-2026-01-25-0004,2026-01-25T00:05:26Z,3072.22,GBP,SYNTH-BANK-REF-000724,Synthetic settlement for SYNTH-BATCH-GBP-2026-01-25-0004
SYNTH-BANK-000725,SYNTH-BATCH-GBP-2026-01-25-0005,2026-01-24T20:03:45Z,4287.66,GBP,SYNTH-BANK-REF-000725,Synthetic settlement for SYNTH-BATCH-GBP-2026-01-25-0005
SYNTH-BANK-000726,SYNTH-BATCH-GBP-2026-01-25-0006,2026-01-24T11:42:06Z,2421.12,GBP,SYNTH-BANK-REF-000726,Synthetic settlement for SYNTH-BATCH-GBP-2026-01-25-0006
SYNTH-BANK-000727,SYNTH-BATCH-GBP-2026-01-25-0007,2026-01-24T20:52:54Z,2046.80,GBP,SYNTH-BANK-REF-000727,Synthetic settlement for SYNTH-BATCH-GBP-2026-01-25-0007
SYNTH-BANK-000728,SYNTH-BATCH-GBP-2026-01-25-0008,2026-01-24T12:32:11Z,3086.89,GBP,SYNTH-BANK-REF-000728,Synthetic settlement for SYNTH-BATCH-GBP-2026-01-25-0008
SYNTH-BANK-000729,SYNTH-BATCH-GBP-2026-01-25-0009,2026-01-24T22:52:34Z,2988.74,GBP,SYNTH-BANK-REF-000729,Synthetic settlement for SYNTH-BATCH-GBP-2026-01-25-0009
SYNTH-BANK-000730,SYNTH-BATCH-GBP-2026-01-25-0010,2026-01-24T14:56:44Z,3194.10,GBP,SYNTH-BANK-REF-000730,Synthetic settlement for SYNTH-BATCH-GBP-2026-01-25-0010
SYNTH-BANK-000731,SYNTH-BATCH-GBP-2026-01-25-0011,2026-01-24T20:00:54Z,2179.74,GBP,SYNTH-BANK-REF-000731,Synthetic settlement for SYNTH-BATCH-GBP-2026-01-25-0011
SYNTH-BANK-000732,SYNTH-BATCH-GBP-2026-01-25-0012,2026-01-24T15:52:52Z,816.02,GBP,SYNTH-BANK-REF-000732,Synthetic settlement for SYNTH-BATCH-GBP-2026-01-25-0012
SYNTH-BANK-000733,SYNTH-BATCH-GBP-2026-01-26-0000,2026-01-25T12:38:01Z,2988.17,GBP,SYNTH-BANK-REF-000733,Synthetic settlement for SYNTH-BATCH-GBP-2026-01-26-0000
SYNTH-BANK-000734,SYNTH-BATCH-GBP-2026-01-26-0001,2026-01-25T23:03:20Z,3024.06,GBP,SYNTH-BANK-REF-000734,Synthetic settlement for SYNTH-BATCH-GBP-2026-01-26-0001
SYNTH-BANK-000735,SYNTH-BATCH-GBP-2026-01-26-0002,2026-01-25T14:34:55Z,2917.20,GBP,SYNTH-BANK-REF-000735,Synthetic settlement for SYNTH-BATCH-GBP-2026-01-26-0002
SYNTH-BANK-000736,SYNTH-BATCH-GBP-2026-01-26-0003,2026-01-25T20:17:46Z,4622.00,GBP,SYNTH-BANK-REF-000736,Synthetic settlement for SYNTH-BATCH-GBP-2026-01-26-0003
SYNTH-BANK-000737,SYNTH-BATCH-GBP-2026-01-26-0004,2026-01-25T15:47:00Z,4194.60,GBP,SYNTH-BANK-REF-000737,Synthetic settlement for SYNTH-BATCH-GBP-2026-01-26-0004
SYNTH-BANK-000738,SYNTH-BATCH-GBP-2026-01-26-0005,2026-01-25T21:50:41Z,2019.80,GBP,SYNTH-BANK-REF-000738,Synthetic settlement for SYNTH-BATCH-GBP-2026-01-26-0005
SYNTH-BANK-000739,SYNTH-BATCH-GBP-2026-01-26-0006,2026-01-25T17:04:18Z,1793.84,GBP,SYNTH-BANK-REF-000739,Synthetic settlement for SYNTH-BATCH-GBP-2026-01-26-0006
SYNTH-BANK-000740,SYNTH-BATCH-GBP-2026-01-26-0007,2026-01-25T23:38:05Z,4267.39,GBP,SYNTH-BANK-REF-000740,Synthetic settlement for SYNTH-BATCH-GBP-2026-01-26-0007
SYNTH-BANK-000741,SYNTH-BATCH-GBP-2026-01-26-0008,2026-01-25T19:20:18Z,2130.20,GBP,SYNTH-BANK-REF-000741,Synthetic settlement for SYNTH-BATCH-GBP-2026-01-26-0008
SYNTH-BANK-000742,SYNTH-BATCH-GBP-2026-01-26-0009,2026-01-25T14:36:00Z,3601.09,GBP,SYNTH-BANK-REF-000742,Synthetic settlement for SYNTH-BATCH-GBP-2026-01-26-0009
SYNTH-BANK-000743,SYNTH-BATCH-GBP-2026-01-26-0010,2026-01-25T20:16:46Z,844.70,GBP,SYNTH-BANK-REF-000743,Synthetic settlement for SYNTH-BATCH-GBP-2026-01-26-0010
SYNTH-BANK-000744,SYNTH-BATCH-GBP-2026-01-26-0011,2026-01-25T16:31:06Z,4834.49,GBP,SYNTH-BANK-REF-000744,Synthetic settlement for SYNTH-BATCH-GBP-2026-01-26-0011
SYNTH-BANK-000745,SYNTH-BATCH-GBP-2026-01-26-0012,2026-01-25T22:07:36Z,3371.85,GBP,SYNTH-BANK-REF-000745,Synthetic settlement for SYNTH-BATCH-GBP-2026-01-26-0012
SYNTH-BANK-000746,SYNTH-BATCH-GBP-2026-01-27-0000,2026-01-26T18:21:32Z,2737.47,GBP,SYNTH-BANK-REF-000746,Synthetic settlement for SYNTH-BATCH-GBP-2026-01-27-0000
SYNTH-BANK-000747,SYNTH-BATCH-GBP-2026-01-27-0001,2026-01-26T14:22:36Z,4684.24,GBP,SYNTH-BANK-REF-000747,Synthetic settlement for SYNTH-BATCH-GBP-2026-01-27-0001
SYNTH-BANK-000748,SYNTH-BATCH-GBP-2026-01-27-0002,2026-01-26T19:51:08Z,2253.95,GBP,SYNTH-BANK-REF-000748,Synthetic settlement for SYNTH-BATCH-GBP-2026-01-27-0002
SYNTH-BANK-000749,SYNTH-BATCH-GBP-2026-01-27-0003,2026-01-26T15:46:15Z,2587.86,GBP,SYNTH-BANK-REF-000749,Synthetic settlement for SYNTH-BATCH-GBP-2026-01-27-0003
SYNTH-BANK-000750,SYNTH-BATCH-GBP-2026-01-27-0004,2026-01-26T21:48:37Z,2575.58,GBP,SYNTH-BANK-REF-000750,Synthetic settlement for SYNTH-BATCH-GBP-2026-01-27-0004
SYNTH-BANK-000751,SYNTH-BATCH-GBP-2026-01-27-0005,2026-01-26T17:16:54Z,4545.43,GBP,SYNTH-BANK-REF-000751,Synthetic settlement for SYNTH-BATCH-GBP-2026-01-27-0005
SYNTH-BANK-000752,SYNTH-BATCH-GBP-2026-01-27-0006,2026-01-26T23:13:14Z,3471.66,GBP,SYNTH-BANK-REF-000752,Synthetic settlement for SYNTH-BATCH-GBP-2026-01-27-0006
SYNTH-BANK-000753,SYNTH-BATCH-GBP-2026-01-27-0007,2026-01-26T19:39:39Z,2572.60,GBP,SYNTH-BANK-REF-000753,Synthetic settlement for SYNTH-BATCH-GBP-2026-01-27-0007
SYNTH-BANK-000754,SYNTH-BATCH-GBP-2026-01-27-0008,2026-01-26T15:17:31Z,3748.73,GBP,SYNTH-BANK-REF-000754,Synthetic settlement for SYNTH-BATCH-GBP-2026-01-27-0008
SYNTH-BANK-000755,SYNTH-BATCH-GBP-2026-01-27-0009,2026-01-26T21:08:17Z,3742.28,GBP,SYNTH-BANK-REF-000755,Synthetic settlement for SYNTH-BATCH-GBP-2026-01-27-0009
SYNTH-BANK-000756,SYNTH-BATCH-GBP-2026-01-27-0010,2026-01-26T17:07:06Z,3227.63,GBP,SYNTH-BANK-REF-000756,Synthetic settlement for SYNTH-BATCH-GBP-2026-01-27-0010
SYNTH-BANK-000757,SYNTH-BATCH-GBP-2026-01-27-0011,2026-01-26T22:52:36Z,3392.48,GBP,SYNTH-BANK-REF-000757,Synthetic settlement for SYNTH-BATCH-GBP-2026-01-27-0011
SYNTH-BANK-000758,SYNTH-BATCH-GBP-2026-01-27-0012,2026-01-26T18:29:41Z,1181.49,GBP,SYNTH-BANK-REF-000758,Synthetic settlement for SYNTH-BATCH-GBP-2026-01-27-0012
SYNTH-BANK-000759,SYNTH-BATCH-GBP-2026-01-28-0000,2026-01-27T14:21:14Z,3398.43,GBP,SYNTH-BANK-REF-000759,Synthetic settlement for SYNTH-BATCH-GBP-2026-01-28-0000
SYNTH-BANK-000760,SYNTH-BATCH-GBP-2026-01-28-0001,2026-01-27T20:05:38Z,1779.68,GBP,SYNTH-BANK-REF-000760,Synthetic settlement for SYNTH-BATCH-GBP-2026-01-28-0001
SYNTH-BANK-000761,SYNTH-BATCH-GBP-2026-01-28-0002,2026-01-27T16:11:31Z,585.20,GBP,SYNTH-BANK-REF-000761,Synthetic settlement for SYNTH-BATCH-GBP-2026-01-28-0002
SYNTH-BANK-000762,SYNTH-BATCH-GBP-2026-01-28-0003,2026-01-27T21:56:00Z,5052.15,GBP,SYNTH-BANK-REF-000762,Synthetic settlement for SYNTH-BATCH-GBP-2026-01-28-0003
SYNTH-BANK-000763,SYNTH-BATCH-GBP-2026-01-28-0004,2026-01-27T17:49:17Z,3325.75,GBP,SYNTH-BANK-REF-000763,Synthetic settlement for SYNTH-BATCH-GBP-2026-01-28-0004
SYNTH-BANK-000764,SYNTH-BATCH-GBP-2026-01-28-0005,2026-01-27T23:56:29Z,2524.20,GBP,SYNTH-BANK-REF-000764,Synthetic settlement for SYNTH-BATCH-GBP-2026-01-28-0005
SYNTH-BANK-000765,SYNTH-BATCH-GBP-2026-01-28-0006,2026-01-27T19:19:49Z,2975.99,GBP,SYNTH-BANK-REF-000765,Synthetic settlement for SYNTH-BATCH-GBP-2026-01-28-0006
SYNTH-BANK-000766,SYNTH-BATCH-GBP-2026-01-28-0007,2026-01-27T15:12:53Z,2478.94,GBP,SYNTH-BANK-REF-000766,Synthetic settlement for SYNTH-BATCH-GBP-2026-01-28-0007
SYNTH-BANK-000767,SYNTH-BATCH-GBP-2026-01-28-0008,2026-01-27T21:31:03Z,2986.05,GBP,SYNTH-BANK-REF-000767,Synthetic settlement for SYNTH-BATCH-GBP-2026-01-28-0008
SYNTH-BANK-000768,SYNTH-BATCH-GBP-2026-01-28-0009,2026-01-27T16:52:19Z,2620.24,GBP,SYNTH-BANK-REF-000768,Synthetic settlement for SYNTH-BATCH-GBP-2026-01-28-0009
SYNTH-BANK-000769,SYNTH-BATCH-GBP-2026-01-28-0010,2026-01-27T22:10:07Z,1531.69,GBP,SYNTH-BANK-REF-000769,Synthetic settlement for SYNTH-BATCH-GBP-2026-01-28-0010
SYNTH-BANK-000770,SYNTH-BATCH-GBP-2026-01-28-0011,2026-01-27T18:24:40Z,775.25,GBP,SYNTH-BANK-REF-000770,Synthetic settlement for SYNTH-BATCH-GBP-2026-01-28-0011
SYNTH-BANK-000771,SYNTH-BATCH-GBP-2026-01-28-0012,2026-01-27T23:57:02Z,2711.83,GBP,SYNTH-BANK-REF-000771,Synthetic settlement for SYNTH-BATCH-GBP-2026-01-28-0012
SYNTH-BANK-000772,SYNTH-BATCH-GBP-2026-01-29-0000,2026-01-28T20:40:45Z,4766.74,GBP,SYNTH-BANK-REF-000772,Synthetic settlement for SYNTH-BATCH-GBP-2026-01-29-0000
SYNTH-BANK-000773,SYNTH-BATCH-GBP-2026-01-29-0001,2026-01-28T02:44:15Z,2031.99,GBP,SYNTH-BANK-REF-000773,Synthetic settlement for SYNTH-BATCH-GBP-2026-01-29-0001
SYNTH-BANK-000774,SYNTH-BATCH-GBP-2026-01-29-0002,2026-01-28T22:23:06Z,5550.34,GBP,SYNTH-BANK-REF-000774,Synthetic settlement for SYNTH-BATCH-GBP-2026-01-29-0002
SYNTH-BANK-000775,SYNTH-BATCH-GBP-2026-01-29-0003,2026-01-28T13:54:46Z,921.97,GBP,SYNTH-BANK-REF-000775,Synthetic settlement for SYNTH-BATCH-GBP-2026-01-29-0003
SYNTH-BANK-000776,SYNTH-BATCH-GBP-2026-01-29-0004,2026-01-29T00:07:27Z,3528.66,GBP,SYNTH-BANK-REF-000776,Synthetic settlement for SYNTH-BATCH-GBP-2026-01-29-0004
SYNTH-BANK-000777,SYNTH-BATCH-GBP-2026-01-29-0005,2026-01-28T15:16:44Z,2430.28,GBP,SYNTH-BANK-REF-000777,Synthetic settlement for SYNTH-BATCH-GBP-2026-01-29-0005
SYNTH-BANK-000778,SYNTH-BATCH-GBP-2026-01-29-0006,2026-01-28T21:31:30Z,4949.16,GBP,SYNTH-BANK-REF-000778,Synthetic settlement for SYNTH-BATCH-GBP-2026-01-29-0006
SYNTH-BANK-000779,SYNTH-BATCH-GBP-2026-01-29-0007,2026-01-28T17:17:44Z,2547.91,GBP,SYNTH-BANK-REF-000779,Synthetic settlement for SYNTH-BATCH-GBP-2026-01-29-0007
SYNTH-BANK-000780,SYNTH-BATCH-GBP-2026-01-29-0008,2026-01-28T23:14:58Z,5891.23,GBP,SYNTH-BANK-REF-000780,Synthetic settlement for SYNTH-BATCH-GBP-2026-01-29-0008
SYNTH-BANK-000781,SYNTH-BATCH-GBP-2026-01-29-0009,2026-01-28T18:19:55Z,497.61,GBP,SYNTH-BANK-REF-000781,Synthetic settlement for SYNTH-BATCH-GBP-2026-01-29-0009
SYNTH-BANK-000782,SYNTH-BATCH-GBP-2026-01-29-0010,2026-01-28T14:49:05Z,3787.15,GBP,SYNTH-BANK-REF-000782,Synthetic settlement for SYNTH-BATCH-GBP-2026-01-29-0010
SYNTH-BANK-000783,SYNTH-BATCH-GBP-2026-01-29-0011,2026-01-28T19:57:11Z,3435.62,GBP,SYNTH-BANK-REF-000783,Synthetic settlement for SYNTH-BATCH-GBP-2026-01-29-0011
SYNTH-BANK-000784,SYNTH-BATCH-GBP-2026-01-29-0012,2026-01-28T15:43:59Z,3102.27,GBP,SYNTH-BANK-REF-000784,Synthetic settlement for SYNTH-BATCH-GBP-2026-01-29-0012
SYNTH-BANK-000785,SYNTH-BATCH-GBP-2026-01-30-0000,2026-01-29T22:25:48Z,4245.68,GBP,SYNTH-BANK-REF-000785,Synthetic settlement for SYNTH-BATCH-GBP-2026-01-30-0000
SYNTH-BANK-000786,SYNTH-BATCH-GBP-2026-01-30-0001,2026-01-29T18:42:08Z,1801.73,GBP,SYNTH-BANK-REF-000786,Synthetic settlement for SYNTH-BATCH-GBP-2026-01-30-0001
SYNTH-BANK-000787,SYNTH-BATCH-GBP-2026-01-30-0002,2026-01-29T23:54:29Z,4010.01,GBP,SYNTH-BANK-REF-000787,Synthetic settlement for SYNTH-BATCH-GBP-2026-01-30-0002
SYNTH-BANK-000788,SYNTH-BATCH-GBP-2026-01-30-0003,2026-01-29T20:18:41Z,4155.77,GBP,SYNTH-BANK-REF-000788,Synthetic settlement for SYNTH-BATCH-GBP-2026-01-30-0003
SYNTH-BANK-000789,SYNTH-BATCH-GBP-2026-01-30-0004,2026-01-29T16:18:02Z,4194.89,GBP,SYNTH-BANK-REF-000789,Synthetic settlement for SYNTH-BATCH-GBP-2026-01-30-0004
SYNTH-BANK-000790,SYNTH-BATCH-GBP-2026-01-30-0005,2026-01-29T21:43:16Z,3021.87,GBP,SYNTH-BANK-REF-000790,Synthetic settlement for SYNTH-BATCH-GBP-2026-01-30-0005
SYNTH-BANK-000791,SYNTH-BATCH-GBP-2026-01-30-0006,2026-01-29T17:46:40Z,5890.60,GBP,SYNTH-BANK-REF-000791,Synthetic settlement for SYNTH-BATCH-GBP-2026-01-30-0006
SYNTH-BANK-000792,SYNTH-BATCH-GBP-2026-01-30-0007,2026-01-29T23:12:06Z,3326.32,GBP,SYNTH-BANK-REF-000792,Synthetic settlement for SYNTH-BATCH-GBP-2026-01-30-0007
SYNTH-BANK-000793,SYNTH-BATCH-GBP-2026-01-30-0008,2026-01-29T19:23:53Z,3692.06,GBP,SYNTH-BANK-REF-000793,Synthetic settlement for SYNTH-BATCH-GBP-2026-01-30-0008
SYNTH-BANK-000794,SYNTH-BATCH-GBP-2026-01-30-0009,2026-01-29T14:44:24Z,3507.24,GBP,SYNTH-BANK-REF-000794,Synthetic settlement for SYNTH-BATCH-GBP-2026-01-30-0009
SYNTH-BANK-000795,SYNTH-BATCH-GBP-2026-01-30-0010,2026-01-29T20:39:50Z,1405.23,GBP,SYNTH-BANK-REF-000795,Synthetic settlement for SYNTH-BATCH-GBP-2026-01-30-0010
SYNTH-BANK-000796,SYNTH-BATCH-GBP-2026-01-30-0011,2026-01-29T16:31:48Z,4449.87,GBP,SYNTH-BANK-REF-000796,Synthetic settlement for SYNTH-BATCH-GBP-2026-01-30-0011
SYNTH-BANK-000797,SYNTH-BATCH-GBP-2026-01-30-0012,2026-01-29T22:24:04Z,4574.98,GBP,SYNTH-BANK-REF-000797,Synthetic settlement for SYNTH-BATCH-GBP-2026-01-30-0012
SYNTH-BANK-000798,SYNTH-BATCH-GBP-2026-01-31-0000,2026-01-30T18:52:08Z,2767.57,GBP,SYNTH-BANK-REF-000798,Synthetic settlement for SYNTH-BATCH-GBP-2026-01-31-0000
SYNTH-BANK-000799,SYNTH-BATCH-GBP-2026-01-31-0001,2026-01-30T14:51:03Z,2022.01,GBP,SYNTH-BANK-REF-000799,Synthetic settlement for SYNTH-BATCH-GBP-2026-01-31-0001
SYNTH-BANK-000800,SYNTH-BATCH-GBP-2026-01-31-0002,2026-01-30T19:52:41Z,702.44,GBP,SYNTH-BANK-REF-000800,Synthetic settlement for SYNTH-BATCH-GBP-2026-01-31-0002
SYNTH-BANK-000801,SYNTH-BATCH-GBP-2026-01-31-0003,2026-01-30T15:50:21Z,2361.67,GBP,SYNTH-BANK-REF-000801,Synthetic settlement for SYNTH-BATCH-GBP-2026-01-31-0003
SYNTH-BANK-000802,SYNTH-BATCH-GBP-2026-01-31-0004,2026-01-30T21:49:47Z,4164.38,GBP,SYNTH-BANK-REF-000802,Synthetic settlement for SYNTH-BATCH-GBP-2026-01-31-0004
SYNTH-BANK-000803,SYNTH-BATCH-GBP-2026-01-31-0005,2026-01-30T17:45:06Z,1076.67,GBP,SYNTH-BANK-REF-000803,Synthetic settlement for SYNTH-BATCH-GBP-2026-01-31-0005
SYNTH-BANK-000804,SYNTH-BATCH-GBP-2026-01-31-0006,2026-01-30T23:29:04Z,3695.61,GBP,SYNTH-BANK-REF-000804,Synthetic settlement for SYNTH-BATCH-GBP-2026-01-31-0006
SYNTH-BANK-000805,SYNTH-BATCH-GBP-2026-01-31-0007,2026-01-30T18:59:41Z,2452.26,GBP,SYNTH-BANK-REF-000805,Synthetic settlement for SYNTH-BATCH-GBP-2026-01-31-0007
SYNTH-BANK-000806,SYNTH-BATCH-GBP-2026-01-31-0008,2026-01-30T15:17:36Z,4873.25,GBP,SYNTH-BANK-REF-000806,Synthetic settlement for SYNTH-BATCH-GBP-2026-01-31-0008
SYNTH-BANK-000807,SYNTH-BATCH-GBP-2026-01-31-0009,2026-01-30T21:17:45Z,640.57,GBP,SYNTH-BANK-REF-000807,Synthetic settlement for SYNTH-BATCH-GBP-2026-01-31-0009
SYNTH-BANK-000808,SYNTH-BATCH-GBP-2026-01-31-0010,2026-01-30T16:28:53Z,2883.54,GBP,SYNTH-BANK-REF-000808,Synthetic settlement for SYNTH-BATCH-GBP-2026-01-31-0010
SYNTH-BANK-000809,SYNTH-BATCH-GBP-2026-01-31-0011,2026-01-30T21:58:39Z,2446.72,GBP,SYNTH-BANK-REF-000809,Synthetic settlement for SYNTH-BATCH-GBP-2026-01-31-0011
SYNTH-BANK-000810,SYNTH-BATCH-GBP-2026-01-31-0012,2026-01-30T18:41:40Z,1663.49,GBP,SYNTH-BANK-REF-000810,Synthetic settlement for SYNTH-BATCH-GBP-2026-01-31-0012
SYNTH-BANK-000811,SYNTH-BATCH-GBP-2026-02-01-0000,2026-01-31T15:03:18Z,2018.14,GBP,SYNTH-BANK-REF-000811,Synthetic settlement for SYNTH-BATCH-GBP-2026-02-01-0000
SYNTH-BANK-000812,SYNTH-BATCH-GBP-2026-02-01-0001,2026-01-31T20:39:30Z,1622.97,GBP,SYNTH-BANK-REF-000812,Synthetic settlement for SYNTH-BATCH-GBP-2026-02-01-0001
SYNTH-BANK-000813,SYNTH-BATCH-GBP-2026-02-01-0002,2026-01-31T16:31:21Z,2498.70,GBP,SYNTH-BANK-REF-000813,Synthetic settlement for SYNTH-BATCH-GBP-2026-02-01-0002
SYNTH-BANK-000814,SYNTH-BATCH-GBP-2026-02-01-0003,2026-01-31T22:30:36Z,2287.44,GBP,SYNTH-BANK-REF-000814,Synthetic settlement for SYNTH-BATCH-GBP-2026-02-01-0003
SYNTH-BANK-000815,SYNTH-BATCH-GBP-2026-02-01-0004,2026-01-31T17:39:38Z,2984.92,GBP,SYNTH-BANK-REF-000815,Synthetic settlement for SYNTH-BATCH-GBP-2026-02-01-0004
SYNTH-BANK-000816,SYNTH-BATCH-GBP-2026-02-01-0005,2026-02-01T00:01:12Z,3934.93,GBP,SYNTH-BANK-REF-000816,Synthetic settlement for SYNTH-BATCH-GBP-2026-02-01-0005
SYNTH-BANK-000817,SYNTH-BATCH-GBP-2026-02-01-0006,2026-01-31T19:56:12Z,4167.98,GBP,SYNTH-BANK-REF-000817,Synthetic settlement for SYNTH-BATCH-GBP-2026-02-01-0006
SYNTH-BANK-000818,SYNTH-BATCH-GBP-2026-02-01-0007,2026-01-31T11:09:16Z,1403.51,GBP,SYNTH-BANK-REF-000818,Synthetic settlement for SYNTH-BATCH-GBP-2026-02-01-0007
SYNTH-BANK-000819,SYNTH-BATCH-GBP-2026-02-01-0008,2026-01-31T21:18:39Z,3559.45,GBP,SYNTH-BANK-REF-000819,Synthetic settlement for SYNTH-BATCH-GBP-2026-02-01-0008
SYNTH-BANK-000820,SYNTH-BATCH-GBP-2026-02-01-0009,2026-01-31T12:19:19Z,4065.56,GBP,SYNTH-BANK-REF-000820,Synthetic settlement for SYNTH-BATCH-GBP-2026-02-01-0009
SYNTH-BANK-000821,SYNTH-BATCH-GBP-2026-02-01-0010,2026-01-31T22:43:01Z,4366.86,GBP,SYNTH-BANK-REF-000821,Synthetic settlement for SYNTH-BATCH-GBP-2026-02-01-0010
SYNTH-BANK-000822,SYNTH-BATCH-GBP-2026-02-01-0011,2026-01-31T14:43:07Z,3811.95,GBP,SYNTH-BANK-REF-000822,Synthetic settlement for SYNTH-BATCH-GBP-2026-02-01-0011
SYNTH-BANK-000823,SYNTH-BATCH-GBP-2026-02-01-0012,2026-01-31T20:35:38Z,3328.05,GBP,SYNTH-BANK-REF-000823,Synthetic settlement for SYNTH-BATCH-GBP-2026-02-01-0012
SYNTH-BANK-000824,SYNTH-BATCH-GBP-2026-02-02-0000,2026-02-01T20:34:20Z,1910.39,GBP,SYNTH-BANK-REF-000824,Synthetic settlement for SYNTH-BATCH-GBP-2026-02-02-0000
SYNTH-BANK-000825,SYNTH-BATCH-GBP-2026-02-02-0001,2026-02-01T12:13:15Z,802.57,GBP,SYNTH-BANK-REF-000825,Synthetic settlement for SYNTH-BATCH-GBP-2026-02-02-0001
SYNTH-BANK-000826,SYNTH-BATCH-GBP-2026-02-02-0002,2026-02-01T22:24:34Z,4556.69,GBP,SYNTH-BANK-REF-000826,Synthetic settlement for SYNTH-BATCH-GBP-2026-02-02-0002
SYNTH-BANK-000827,SYNTH-BATCH-GBP-2026-02-02-0003,2026-02-01T13:52:18Z,3875.98,GBP,SYNTH-BANK-REF-000827,Synthetic settlement for SYNTH-BATCH-GBP-2026-02-02-0003
SYNTH-BANK-000828,SYNTH-BATCH-GBP-2026-02-02-0004,2026-02-01T19:39:03Z,2194.17,GBP,SYNTH-BANK-REF-000828,Synthetic settlement for SYNTH-BATCH-GBP-2026-02-02-0004
SYNTH-BANK-000829,SYNTH-BATCH-GBP-2026-02-02-0005,2026-02-01T15:48:00Z,2553.59,GBP,SYNTH-BANK-REF-000829,Synthetic settlement for SYNTH-BATCH-GBP-2026-02-02-0005
SYNTH-BANK-000830,SYNTH-BATCH-GBP-2026-02-02-0006,2026-02-01T21:28:06Z,4245.19,GBP,SYNTH-BANK-REF-000830,Synthetic settlement for SYNTH-BATCH-GBP-2026-02-02-0006
SYNTH-BANK-000831,SYNTH-BATCH-GBP-2026-02-02-0007,2026-02-01T17:22:57Z,1963.14,GBP,SYNTH-BANK-REF-000831,Synthetic settlement for SYNTH-BATCH-GBP-2026-02-02-0007
SYNTH-BANK-000832,SYNTH-BATCH-GBP-2026-02-02-0008,2026-02-01T22:44:15Z,2913.29,GBP,SYNTH-BANK-REF-000832,Synthetic settlement for SYNTH-BATCH-GBP-2026-02-02-0008
SYNTH-BANK-000833,SYNTH-BATCH-GBP-2026-02-02-0009,2026-02-01T19:15:40Z,1534.45,GBP,SYNTH-BANK-REF-000833,Synthetic settlement for SYNTH-BATCH-GBP-2026-02-02-0009
SYNTH-BANK-000834,SYNTH-BATCH-GBP-2026-02-02-0010,2026-02-01T15:01:29Z,6682.79,GBP,SYNTH-BANK-REF-000834,Synthetic settlement for SYNTH-BATCH-GBP-2026-02-02-0010
SYNTH-BANK-000835,SYNTH-BATCH-GBP-2026-02-02-0011,2026-02-01T20:32:13Z,4698.25,GBP,SYNTH-BANK-REF-000835,Synthetic settlement for SYNTH-BATCH-GBP-2026-02-02-0011
SYNTH-BANK-000836,SYNTH-BATCH-GBP-2026-02-02-0012,2026-02-01T16:33:44Z,3289.77,GBP,SYNTH-BANK-REF-000836,Synthetic settlement for SYNTH-BATCH-GBP-2026-02-02-0012
SYNTH-BANK-000837,SYNTH-BATCH-LATE-000345,2026-01-11T15:42:23Z,2037.29,USD,SYNTH-BANK-REF-000837,Synthetic settlement for SYNTH-BATCH-LATE-000345
SYNTH-BANK-000838,SYNTH-BATCH-LATE-000400,2026-02-04T16:51:00Z,82.21,EUR,SYNTH-BANK-REF-000838,Synthetic settlement for SYNTH-BATCH-LATE-000400
SYNTH-BANK-000839,SYNTH-BATCH-LATE-001131,2026-01-22T16:13:20Z,2421.68,GBP,SYNTH-BANK-REF-000839,Synthetic settlement for SYNTH-BATCH-LATE-001131
SYNTH-BANK-000840,SYNTH-BATCH-LATE-001275,2026-01-11T21:11:54Z,1488.41,USD,SYNTH-BANK-REF-000840,Synthetic settlement for SYNTH-BATCH-LATE-001275
SYNTH-BANK-000841,SYNTH-BATCH-LATE-001438,2026-01-19T19:28:27Z,1665.16,USD,SYNTH-BANK-REF-000841,Synthetic settlement for SYNTH-BATCH-LATE-001438
SYNTH-BANK-000842,SYNTH-BATCH-LATE-001615,2026-01-10T01:14:57Z,1381.74,USD,SYNTH-BANK-REF-000842,Synthetic settlement for SYNTH-BATCH-LATE-001615
SYNTH-BANK-000843,SYNTH-BATCH-LATE-001645,2026-01-09T19:20:50Z,1769.88,USD,SYNTH-BANK-REF-000843,Synthetic settlement for SYNTH-BATCH-LATE-001645
SYNTH-BANK-000844,SYNTH-BATCH-LATE-001991,2026-01-14T11:54:01Z,985.91,GBP,SYNTH-BANK-REF-000844,Synthetic settlement for SYNTH-BATCH-LATE-001991
SYNTH-BANK-000845,SYNTH-BATCH-LATE-002182,2026-01-19T00:44:43Z,2258.60,USD,SYNTH-BANK-REF-000845,Synthetic settlement for SYNTH-BATCH-LATE-002182
SYNTH-BANK-000846,SYNTH-BATCH-LATE-002186,2026-01-23T09:23:21Z,2100.67,USD,SYNTH-BANK-REF-000846,Synthetic settlement for SYNTH-BATCH-LATE-002186
SYNTH-BANK-000847,SYNTH-BATCH-LATE-002659,2026-01-31T17:30:02Z,437.39,USD,SYNTH-BANK-REF-000847,Synthetic settlement for SYNTH-BATCH-LATE-002659
SYNTH-BANK-000848,SYNTH-BATCH-LATE-002796,2026-01-13T07:01:12Z,2426.70,USD,SYNTH-BANK-REF-000848,Synthetic settlement for SYNTH-BATCH-LATE-002796
SYNTH-BANK-000849,SYNTH-BATCH-LATE-002842,2026-01-28T12:24:56Z,1798.86,USD,SYNTH-BANK-REF-000849,Synthetic settlement for SYNTH-BATCH-LATE-002842
SYNTH-BANK-000850,SYNTH-BATCH-LATE-003143,2026-01-19T02:31:13Z,1021.24,USD,SYNTH-BANK-REF-000850,Synthetic settlement for SYNTH-BATCH-LATE-003143
SYNTH-BANK-000851,SYNTH-BATCH-LATE-003736,2026-01-23T11:14:12Z,891.68,USD,SYNTH-BANK-REF-000851,Synthetic settlement for SYNTH-BATCH-LATE-003736
SYNTH-BANK-000852,SYNTH-BATCH-LATE-003861,2026-01-24T21:30:25Z,1973.51,GBP,SYNTH-BANK-REF-000852,Synthetic settlement for SYNTH-BATCH-LATE-003861
SYNTH-BANK-000853,SYNTH-BATCH-LATE-004135,2026-01-19T00:46:06Z,1181.65,USD,SYNTH-BANK-REF-000853,Synthetic settlement for SYNTH-BATCH-LATE-004135
SYNTH-BANK-000854,SYNTH-BATCH-LATE-004483,2026-01-26T22:10:54Z,376.09,USD,SYNTH-BANK-REF-000854,Synthetic settlement for SYNTH-BATCH-LATE-004483
SYNTH-BANK-000855,SYNTH-BATCH-LATE-004596,2026-01-15T06:21:53Z,411.44,USD,SYNTH-BANK-REF-000855,Synthetic settlement for SYNTH-BATCH-LATE-004596
SYNTH-BANK-000856,SYNTH-BATCH-LATE-004843,2026-01-14T21:59:23Z,1732.81,USD,SYNTH-BANK-REF-000856,Synthetic settlement for SYNTH-BATCH-LATE-004843
SYNTH-BANK-000857,SYNTH-BATCH-LATE-004863,2026-02-03T17:31:29Z,1165.29,USD,SYNTH-BANK-REF-000857,Synthetic settlement for SYNTH-BATCH-LATE-004863
SYNTH-BANK-000858,SYNTH-BATCH-LATE-005151,2026-01-12T03:15:26Z,1965.44,GBP,SYNTH-BANK-REF-000858,Synthetic settlement for SYNTH-BATCH-LATE-005151
SYNTH-BANK-000859,SYNTH-BATCH-LATE-005366,2026-01-10T20:38:19Z,141.14,USD,SYNTH-BANK-REF-000859,Synthetic settlement for SYNTH-BATCH-LATE-005366
SYNTH-BANK-000860,SYNTH-BATCH-LATE-005643,2026-01-08T05:52:37Z,1505.96,USD,SYNTH-BANK-REF-000860,Synthetic settlement for SYNTH-BATCH-LATE-005643
SYNTH-BANK-000861,SYNTH-BATCH-LATE-005848,2026-01-27T00:28:31Z,1456.79,USD,SYNTH-BANK-REF-000861,Synthetic settlement for SYNTH-BATCH-LATE-005848
SYNTH-BANK-000862,SYNTH-BATCH-LATE-006091,2026-01-22T06:45:21Z,367.82,GBP,SYNTH-BANK-REF-000862,Synthetic settlement for SYNTH-BATCH-LATE-006091
SYNTH-BANK-000863,SYNTH-BATCH-LATE-006451,2026-01-10T07:24:34Z,1210.08,GBP,SYNTH-BANK-REF-000863,Synthetic settlement for SYNTH-BATCH-LATE-006451
SYNTH-BANK-000864,SYNTH-BATCH-LATE-006483,2026-01-11T05:03:27Z,278.72,USD,SYNTH-BANK-REF-000864,Synthetic settlement for SYNTH-BATCH-LATE-006483
SYNTH-BANK-000865,SYNTH-BATCH-LATE-007095,2026-02-03T08:08:38Z,218.11,USD,SYNTH-BANK-REF-000865,Synthetic settlement for SYNTH-BATCH-LATE-007095
SYNTH-BANK-000866,SYNTH-BATCH-LATE-007165,2026-01-11T18:02:20Z,1851.35,USD,SYNTH-BANK-REF-000866,Synthetic settlement for SYNTH-BATCH-LATE-007165
SYNTH-BANK-000867,SYNTH-BATCH-LATE-007457,2026-01-24T12:28:10Z,401.02,USD,SYNTH-BANK-REF-000867,Synthetic settlement for SYNTH-BATCH-LATE-007457
SYNTH-BANK-000868,SYNTH-BATCH-LATE-007529,2026-02-03T02:06:26Z,2298.35,USD,SYNTH-BANK-REF-000868,Synthetic settlement for SYNTH-BATCH-LATE-007529
SYNTH-BANK-000869,SYNTH-BATCH-LATE-007797,2026-01-23T15:30:04Z,567.29,USD,SYNTH-BANK-REF-000869,Synthetic settlement for SYNTH-BATCH-LATE-007797
SYNTH-BANK-000870,SYNTH-BATCH-LATE-008197,2026-01-20T08:05:54Z,1496.44,USD,SYNTH-BANK-REF-000870,Synthetic settlement for SYNTH-BATCH-LATE-008197
SYNTH-BANK-000871,SYNTH-BATCH-LATE-008202,2026-01-25T18:52:05Z,2268.98,USD,SYNTH-BANK-REF-000871,Synthetic settlement for SYNTH-BATCH-LATE-008202
SYNTH-BANK-000872,SYNTH-BATCH-LATE-008895,2026-02-05T07:06:28Z,93.03,USD,SYNTH-BANK-REF-000872,Synthetic settlement for SYNTH-BATCH-LATE-008895
SYNTH-BANK-000873,SYNTH-BATCH-LATE-009157,2026-01-19T07:29:07Z,1799.30,USD,SYNTH-BANK-REF-000873,Synthetic settlement for SYNTH-BATCH-LATE-009157
SYNTH-BANK-000874,SYNTH-BATCH-LATE-009314,2026-01-21T17:01:09Z,1065.56,USD,SYNTH-BANK-REF-000874,Synthetic settlement for SYNTH-BATCH-LATE-009314
SYNTH-BANK-000875,SYNTH-BATCH-LATE-009316,2026-01-23T21:08:24Z,861.05,USD,SYNTH-BANK-REF-000875,Synthetic settlement for SYNTH-BATCH-LATE-009316
SYNTH-BANK-000876,SYNTH-BATCH-LATE-009381,2026-01-26T20:42:33Z,1770.84,GBP,SYNTH-BANK-REF-000876,Synthetic settlement for SYNTH-BATCH-LATE-009381
SYNTH-BANK-000877,SYNTH-BATCH-PROC-ONLY-000001,2026-01-02T01:00:00Z,400.88,USD,SYNTH-BANK-REF-000877,Synthetic settlement for SYNTH-BATCH-PROC-ONLY-000001
SYNTH-BANK-000878,SYNTH-BATCH-PROC-ONLY-000002,2026-01-02T02:00:00Z,429.93,USD,SYNTH-BANK-REF-000878,Synthetic settlement for SYNTH-BATCH-PROC-ONLY-000002
SYNTH-BANK-000879,SYNTH-BATCH-PROC-ONLY-000003,2026-01-02T03:00:00Z,377.13,USD,SYNTH-BANK-REF-000879,Synthetic settlement for SYNTH-BATCH-PROC-ONLY-000003
SYNTH-BANK-000880,SYNTH-BATCH-PROC-ONLY-000004,2026-01-02T04:00:00Z,75.06,USD,SYNTH-BANK-REF-000880,Synthetic settlement for SYNTH-BATCH-PROC-ONLY-000004
SYNTH-BANK-000881,SYNTH-BATCH-PROC-ONLY-000005,2026-01-02T05:00:00Z,836.06,USD,SYNTH-BANK-REF-000881,Synthetic settlement for SYNTH-BATCH-PROC-ONLY-000005
SYNTH-BANK-000882,SYNTH-BATCH-PROC-ONLY-000006,2026-01-02T06:00:00Z,703.60,USD,SYNTH-BANK-REF-000882,Synthetic settlement for SYNTH-BATCH-PROC-ONLY-000006
SYNTH-BANK-000883,SYNTH-BATCH-PROC-ONLY-000007,2026-01-02T07:00:00Z,699.58,USD,SYNTH-BANK-REF-000883,Synthetic settlement for SYNTH-BATCH-PROC-ONLY-000007
SYNTH-BANK-000884,SYNTH-BATCH-PROC-ONLY-000008,2026-01-02T08:00:00Z,274.00,USD,SYNTH-BANK-REF-000884,Synthetic settlement for SYNTH-BATCH-PROC-ONLY-000008
SYNTH-BANK-000885,SYNTH-BATCH-PROC-ONLY-000009,2026-01-02T09:00:00Z,359.00,USD,SYNTH-BANK-REF-000885,Synthetic settlement for SYNTH-BATCH-PROC-ONLY-000009
SYNTH-BANK-000886,SYNTH-BATCH-PROC-ONLY-000010,2026-01-02T10:00:00Z,617.99,USD,SYNTH-BANK-REF-000886,Synthetic settlement for SYNTH-BATCH-PROC-ONLY-000010
SYNTH-BANK-000887,SYNTH-BATCH-PROC-ONLY-000011,2026-01-02T11:00:00Z,591.02,USD,SYNTH-BANK-REF-000887,Synthetic settlement for SYNTH-BATCH-PROC-ONLY-000011
SYNTH-BANK-000888,SYNTH-BATCH-PROC-ONLY-000012,2026-01-02T12:00:00Z,635.71,USD,SYNTH-BANK-REF-000888,Synthetic settlement for SYNTH-BATCH-PROC-ONLY-000012
SYNTH-BANK-000889,SYNTH-BATCH-PROC-ONLY-000013,2026-01-02T13:00:00Z,629.74,USD,SYNTH-BANK-REF-000889,Synthetic settlement for SYNTH-BATCH-PROC-ONLY-000013
SYNTH-BANK-000890,SYNTH-BATCH-PROC-ONLY-000014,2026-01-02T14:00:00Z,7.56,USD,SYNTH-BANK-REF-000890,Synthetic settlement for SYNTH-BATCH-PROC-ONLY-000014
SYNTH-BANK-000891,SYNTH-BATCH-PROC-ONLY-000015,2026-01-02T15:00:00Z,540.72,USD,SYNTH-BANK-REF-000891,Synthetic settlement for SYNTH-BATCH-PROC-ONLY-000015
SYNTH-BANK-000892,SYNTH-BATCH-PROC-ONLY-000016,2026-01-02T16:00:00Z,816.59,USD,SYNTH-BANK-REF-000892,Synthetic settlement for SYNTH-BATCH-PROC-ONLY-000016
SYNTH-BANK-000893,SYNTH-BATCH-PROC-ONLY-000017,2026-01-02T17:00:00Z,490.82,USD,SYNTH-BANK-REF-000893,Synthetic settlement for SYNTH-BATCH-PROC-ONLY-000017
SYNTH-BANK-000894,SYNTH-BATCH-PROC-ONLY-000018,2026-01-02T18:00:00Z,152.71,USD,SYNTH-BANK-REF-000894,Synthetic settlement for SYNTH-BATCH-PROC-ONLY-000018
SYNTH-BANK-000895,SYNTH-BATCH-PROC-ONLY-000019,2026-01-02T19:00:00Z,571.68,USD,SYNTH-BANK-REF-000895,Synthetic settlement for SYNTH-BATCH-PROC-ONLY-000019
SYNTH-BANK-000896,SYNTH-BATCH-PROC-ONLY-000020,2026-01-02T20:00:00Z,616.83,USD,SYNTH-BANK-REF-000896,Synthetic settlement for SYNTH-BATCH-PROC-ONLY-000020
SYNTH-BANK-000897,SYNTH-BATCH-REFUND-000050,2026-01-21T14:33:46Z,-44.54,EUR,SYNTH-BANK-REF-000897,Synthetic settlement for SYNTH-BATCH-REFUND-000050
SYNTH-BANK-000898,SYNTH-BATCH-REFUND-000214,2026-01-30T15:21:10Z,-1909.84,USD,SYNTH-BANK-REF-000898,Synthetic settlement for SYNTH-BATCH-REFUND-000214
SYNTH-BANK-000899,SYNTH-BATCH-REFUND-000221,2026-01-06T06:23:14Z,-776.20,GBP,SYNTH-BANK-REF-000899,Synthetic settlement for SYNTH-BATCH-REFUND-000221
SYNTH-BANK-000900,SYNTH-BATCH-REFUND-000304,2026-01-27T21:20:49Z,-3.77,USD,SYNTH-BANK-REF-000900,Synthetic settlement for SYNTH-BATCH-REFUND-000304
SYNTH-BANK-000901,SYNTH-BATCH-REFUND-000403,2026-02-02T22:58:26Z,-908.71,USD,SYNTH-BANK-REF-000901,Synthetic settlement for SYNTH-BATCH-REFUND-000403
SYNTH-BANK-000902,SYNTH-BATCH-REFUND-000460,2026-01-28T04:04:48Z,-1421.68,EUR,SYNTH-BANK-REF-000902,Synthetic settlement for SYNTH-BATCH-REFUND-000460
SYNTH-BANK-000903,SYNTH-BATCH-REFUND-000521,2026-01-27T18:11:32Z,-907.05,GBP,SYNTH-BANK-REF-000903,Synthetic settlement for SYNTH-BATCH-REFUND-000521
SYNTH-BANK-000904,SYNTH-BATCH-REFUND-000539,2026-01-14T10:14:34Z,-2388.07,USD,SYNTH-BANK-REF-000904,Synthetic settlement for SYNTH-BATCH-REFUND-000539
SYNTH-BANK-000905,SYNTH-BATCH-REFUND-000613,2026-01-26T04:53:40Z,-172.27,USD,SYNTH-BANK-REF-000905,Synthetic settlement for SYNTH-BATCH-REFUND-000613
SYNTH-BANK-000906,SYNTH-BATCH-REFUND-000736,2026-01-25T11:06:42Z,-1059.27,USD,SYNTH-BANK-REF-000906,Synthetic settlement for SYNTH-BATCH-REFUND-000736
SYNTH-BANK-000907,SYNTH-BATCH-REFUND-000910,2026-01-13T10:19:53Z,-862.82,EUR,SYNTH-BANK-REF-000907,Synthetic settlement for SYNTH-BATCH-REFUND-000910
SYNTH-BANK-000908,SYNTH-BATCH-REFUND-000938,2026-01-10T23:51:45Z,-1881.46,USD,SYNTH-BANK-REF-000908,Synthetic settlement for SYNTH-BATCH-REFUND-000938
SYNTH-BANK-000909,SYNTH-BATCH-REFUND-000974,2026-01-15T07:06:05Z,-988.69,USD,SYNTH-BANK-REF-000909,Synthetic settlement for SYNTH-BATCH-REFUND-000974
SYNTH-BANK-000910,SYNTH-BATCH-REFUND-001003,2026-01-13T22:42:23Z,-688.11,USD,SYNTH-BANK-REF-000910,Synthetic settlement for SYNTH-BATCH-REFUND-001003
SYNTH-BANK-000911,SYNTH-BATCH-REFUND-001033,2026-01-12T16:23:36Z,-337.34,USD,SYNTH-BANK-REF-000911,Synthetic settlement for SYNTH-BATCH-REFUND-001033
SYNTH-BANK-000912,SYNTH-BATCH-REFUND-001042,2026-01-21T12:32:17Z,-2449.35,USD,SYNTH-BANK-REF-000912,Synthetic settlement for SYNTH-BATCH-REFUND-001042
SYNTH-BANK-000913,SYNTH-BATCH-REFUND-001097,2026-01-14T13:32:35Z,-483.92,USD,SYNTH-BANK-REF-000913,Synthetic settlement for SYNTH-BATCH-REFUND-001097
SYNTH-BANK-000914,SYNTH-BATCH-REFUND-001098,2026-01-15T15:43:37Z,-205.49,USD,SYNTH-BANK-REF-000914,Synthetic settlement for SYNTH-BATCH-REFUND-001098
SYNTH-BANK-000915,SYNTH-BATCH-REFUND-001101,2026-01-18T22:04:40Z,-1257.23,GBP,SYNTH-BANK-REF-000915,Synthetic settlement for SYNTH-BATCH-REFUND-001101
SYNTH-BANK-000916,SYNTH-BATCH-REFUND-001108,2026-01-25T13:22:44Z,-2427.76,USD,SYNTH-BANK-REF-000916,Synthetic settlement for SYNTH-BATCH-REFUND-001108
SYNTH-BANK-000917,SYNTH-BATCH-REFUND-001111,2026-01-28T19:55:38Z,-600.04,GBP,SYNTH-BANK-REF-000917,Synthetic settlement for SYNTH-BATCH-REFUND-001111
SYNTH-BANK-000918,SYNTH-BATCH-REFUND-001145,2026-01-31T23:17:06Z,-9.79,USD,SYNTH-BANK-REF-000918,Synthetic settlement for SYNTH-BATCH-REFUND-001145
SYNTH-BANK-000919,SYNTH-BATCH-REFUND-001154,2026-01-09T19:00:07Z,-611.97,USD,SYNTH-BANK-REF-000919,Synthetic settlement for SYNTH-BATCH-REFUND-001154
SYNTH-BANK-000920,SYNTH-BATCH-REFUND-001167,2026-01-22T23:23:54Z,-2228.82,USD,SYNTH-BANK-REF-000920,Synthetic settlement for SYNTH-BATCH-REFUND-001167
SYNTH-BANK-000921,SYNTH-BATCH-REFUND-001259,2026-01-21T09:50:47Z,-947.44,USD,SYNTH-BANK-REF-000921,Synthetic settlement for SYNTH-BATCH-REFUND-001259
SYNTH-BANK-000922,SYNTH-BATCH-REFUND-001262,2026-01-24T16:23:25Z,-76.85,USD,SYNTH-BANK-REF-000922,Synthetic settlement for SYNTH-BATCH-REFUND-001262
SYNTH-BANK-000923,SYNTH-BATCH-REFUND-001381,2026-01-19T14:06:54Z,-1758.80,GBP,SYNTH-BANK-REF-000923,Synthetic settlement for SYNTH-BATCH-REFUND-001381
SYNTH-BANK-000924,SYNTH-BATCH-REFUND-001429,2026-01-05T23:24:27Z,-284.04,USD,SYNTH-BANK-REF-000924,Synthetic settlement for SYNTH-BATCH-REFUND-001429
SYNTH-BANK-000925,SYNTH-BATCH-REFUND-001435,2026-01-11T12:40:33Z,-430.13,USD,SYNTH-BANK-REF-000925,Synthetic settlement for SYNTH-BATCH-REFUND-001435
SYNTH-BANK-000926,SYNTH-BATCH-REFUND-001498,2026-01-12T07:32:41Z,-11.05,USD,SYNTH-BANK-REF-000926,Synthetic settlement for SYNTH-BATCH-REFUND-001498
SYNTH-BANK-000927,SYNTH-BATCH-REFUND-001587,2026-01-08T11:41:36Z,-956.21,USD,SYNTH-BANK-REF-000927,Synthetic settlement for SYNTH-BATCH-REFUND-001587
SYNTH-BANK-000928,SYNTH-BATCH-REFUND-001622,2026-01-12T16:14:56Z,-1236.60,USD,SYNTH-BANK-REF-000928,Synthetic settlement for SYNTH-BATCH-REFUND-001622
SYNTH-BANK-000929,SYNTH-BATCH-REFUND-001635,2026-01-25T20:52:20Z,-159.27,USD,SYNTH-BANK-REF-000929,Synthetic settlement for SYNTH-BATCH-REFUND-001635
SYNTH-BANK-000930,SYNTH-BATCH-REFUND-001638,2026-01-28T03:41:43Z,-728.83,USD,SYNTH-BANK-REF-000930,Synthetic settlement for SYNTH-BATCH-REFUND-001638
SYNTH-BANK-000931,SYNTH-BATCH-REFUND-001649,2026-01-08T03:50:52Z,-637.70,USD,SYNTH-BANK-REF-000931,Synthetic settlement for SYNTH-BATCH-REFUND-001649
SYNTH-BANK-000932,SYNTH-BATCH-REFUND-001654,2026-01-13T14:53:08Z,-631.14,USD,SYNTH-BANK-REF-000932,Synthetic settlement for SYNTH-BATCH-REFUND-001654
SYNTH-BANK-000933,SYNTH-BATCH-REFUND-001661,2026-01-20T06:30:54Z,-732.89,GBP,SYNTH-BANK-REF-000933,Synthetic settlement for SYNTH-BATCH-REFUND-001661
SYNTH-BANK-000934,SYNTH-BATCH-REFUND-001828,2026-02-01T14:00:15Z,-883.05,USD,SYNTH-BANK-REF-000934,Synthetic settlement for SYNTH-BATCH-REFUND-001828
SYNTH-BANK-000935,SYNTH-BATCH-REFUND-001889,2026-01-31T03:46:27Z,-424.74,USD,SYNTH-BANK-REF-000935,Synthetic settlement for SYNTH-BATCH-REFUND-001889
SYNTH-BANK-000936,SYNTH-BATCH-REFUND-001950,2026-01-30T17:27:42Z,-573.15,EUR,SYNTH-BANK-REF-000936,Synthetic settlement for SYNTH-BATCH-REFUND-001950
SYNTH-BANK-000937,SYNTH-BATCH-REFUND-001966,2026-01-15T04:51:07Z,-1318.01,USD,SYNTH-BANK-REF-000937,Synthetic settlement for SYNTH-BATCH-REFUND-001966
SYNTH-BANK-000938,SYNTH-BATCH-REFUND-002000,2026-01-18T07:59:01Z,-412.87,EUR,SYNTH-BANK-REF-000938,Synthetic settlement for SYNTH-BATCH-REFUND-002000
SYNTH-BANK-000939,SYNTH-BATCH-REFUND-002156,2026-01-19T15:27:30Z,-1945.58,USD,SYNTH-BANK-REF-000939,Synthetic settlement for SYNTH-BATCH-REFUND-002156
SYNTH-BANK-000940,SYNTH-BATCH-REFUND-002171,2026-01-03T00:30:09Z,-770.60,GBP,SYNTH-BANK-REF-000940,Synthetic settlement for SYNTH-BATCH-REFUND-002171
SYNTH-BANK-000941,SYNTH-BATCH-REFUND-002207,2026-01-08T06:55:05Z,-63.44,USD,SYNTH-BANK-REF-000941,Synthetic settlement for SYNTH-BATCH-REFUND-002207
SYNTH-BANK-000942,SYNTH-BATCH-REFUND-002265,2026-01-04T15:13:14Z,-228.40,USD,SYNTH-BANK-REF-000942,Synthetic settlement for SYNTH-BATCH-REFUND-002265
SYNTH-BANK-000943,SYNTH-BATCH-REFUND-002291,2026-01-30T23:44:29Z,-788.70,GBP,SYNTH-BANK-REF-000943,Synthetic settlement for SYNTH-BATCH-REFUND-002291
SYNTH-BANK-000944,SYNTH-BATCH-REFUND-002364,2026-01-10T16:57:46Z,-1439.50,USD,SYNTH-BANK-REF-000944,Synthetic settlement for SYNTH-BATCH-REFUND-002364
SYNTH-BANK-000945,SYNTH-BATCH-REFUND-002371,2026-01-17T08:04:35Z,-1124.88,GBP,SYNTH-BANK-REF-000945,Synthetic settlement for SYNTH-BATCH-REFUND-002371
SYNTH-BANK-000946,SYNTH-BATCH-REFUND-002443,2026-01-27T22:40:54Z,-599.24,USD,SYNTH-BANK-REF-000946,Synthetic settlement for SYNTH-BATCH-REFUND-002443
SYNTH-BANK-000947,SYNTH-BATCH-REFUND-002536,2026-01-27T11:28:19Z,-153.55,USD,SYNTH-BANK-REF-000947,Synthetic settlement for SYNTH-BATCH-REFUND-002536
SYNTH-BANK-000948,SYNTH-BATCH-REFUND-002548,2026-01-08T13:06:45Z,-383.01,USD,SYNTH-BANK-REF-000948,Synthetic settlement for SYNTH-BATCH-REFUND-002548
SYNTH-BANK-000949,SYNTH-BATCH-REFUND-002586,2026-01-15T01:27:03Z,-179.56,USD,SYNTH-BANK-REF-000949,Synthetic settlement for SYNTH-BATCH-REFUND-002586
SYNTH-BANK-000950,SYNTH-BATCH-REFUND-002600,2026-01-29T07:59:44Z,-197.55,EUR,SYNTH-BANK-REF-000950,Synthetic settlement for SYNTH-BATCH-REFUND-002600
SYNTH-BANK-000951,SYNTH-BATCH-REFUND-002619,2026-01-17T01:26:15Z,-2349.43,USD,SYNTH-BANK-REF-000951,Synthetic settlement for SYNTH-BATCH-REFUND-002619
SYNTH-BANK-000952,SYNTH-BATCH-REFUND-002630,2026-01-28T01:41:58Z,-600.10,EUR,SYNTH-BANK-REF-000952,Synthetic settlement for SYNTH-BATCH-REFUND-002630
SYNTH-BANK-000953,SYNTH-BATCH-REFUND-002793,2026-01-05T23:57:02Z,-359.79,USD,SYNTH-BANK-REF-000953,Synthetic settlement for SYNTH-BATCH-REFUND-002793
SYNTH-BANK-000954,SYNTH-BATCH-REFUND-002870,2026-01-20T01:30:48Z,-141.51,EUR,SYNTH-BANK-REF-000954,Synthetic settlement for SYNTH-BATCH-REFUND-002870
SYNTH-BANK-000955,SYNTH-BATCH-REFUND-002872,2026-01-22T06:14:30Z,-2006.24,USD,SYNTH-BANK-REF-000955,Synthetic settlement for SYNTH-BATCH-REFUND-002872
SYNTH-BANK-000956,SYNTH-BATCH-REFUND-002950,2026-01-07T09:56:40Z,-328.58,EUR,SYNTH-BANK-REF-000956,Synthetic settlement for SYNTH-BATCH-REFUND-002950
SYNTH-BANK-000957,SYNTH-BATCH-REFUND-002973,2026-01-30T11:57:41Z,-1591.94,USD,SYNTH-BANK-REF-000957,Synthetic settlement for SYNTH-BATCH-REFUND-002973
SYNTH-BANK-000958,SYNTH-BATCH-REFUND-003005,2026-01-31T10:15:40Z,-494.70,USD,SYNTH-BANK-REF-000958,Synthetic settlement for SYNTH-BATCH-REFUND-003005
SYNTH-BANK-000959,SYNTH-BATCH-REFUND-003022,2026-01-17T00:09:48Z,-339.79,USD,SYNTH-BANK-REF-000959,Synthetic settlement for SYNTH-BATCH-REFUND-003022
SYNTH-BANK-000960,SYNTH-BATCH-REFUND-003054,2026-01-18T22:04:13Z,-1212.28,USD,SYNTH-BANK-REF-000960,Synthetic settlement for SYNTH-BATCH-REFUND-003054
SYNTH-BANK-000961,SYNTH-BATCH-REFUND-003064,2026-01-28T20:36:05Z,-202.88,USD,SYNTH-BANK-REF-000961,Synthetic settlement for SYNTH-BATCH-REFUND-003064
SYNTH-BANK-000962,SYNTH-BATCH-REFUND-003078,2026-01-11T02:50:44Z,-1292.67,USD,SYNTH-BANK-REF-000962,Synthetic settlement for SYNTH-BATCH-REFUND-003078
SYNTH-BANK-000963,SYNTH-BATCH-REFUND-003107,2026-01-09T18:44:31Z,-2095.36,USD,SYNTH-BANK-REF-000963,Synthetic settlement for SYNTH-BATCH-REFUND-003107
SYNTH-BANK-000964,SYNTH-BATCH-REFUND-003153,2026-01-24T23:49:58Z,-1202.87,USD,SYNTH-BANK-REF-000964,Synthetic settlement for SYNTH-BATCH-REFUND-003153
SYNTH-BANK-000965,SYNTH-BATCH-REFUND-003232,2026-01-10T05:41:14Z,-176.47,USD,SYNTH-BANK-REF-000965,Synthetic settlement for SYNTH-BATCH-REFUND-003232
SYNTH-BANK-000966,SYNTH-BATCH-REFUND-003297,2026-01-13T04:34:26Z,-224.21,USD,SYNTH-BANK-REF-000966,Synthetic settlement for SYNTH-BATCH-REFUND-003297
SYNTH-BANK-000967,SYNTH-BATCH-REFUND-003314,2026-01-30T18:21:08Z,-163.69,USD,SYNTH-BANK-REF-000967,Synthetic settlement for SYNTH-BATCH-REFUND-003314
SYNTH-BANK-000968,SYNTH-BATCH-REFUND-003430,2026-01-22T09:08:46Z,-114.78,EUR,SYNTH-BANK-REF-000968,Synthetic settlement for SYNTH-BATCH-REFUND-003430
SYNTH-BANK-000969,SYNTH-BATCH-REFUND-003522,2026-01-21T19:33:27Z,-791.54,USD,SYNTH-BANK-REF-000969,Synthetic settlement for SYNTH-BATCH-REFUND-003522
SYNTH-BANK-000970,SYNTH-BATCH-REFUND-003538,2026-01-06T06:56:54Z,-135.82,USD,SYNTH-BANK-REF-000970,Synthetic settlement for SYNTH-BATCH-REFUND-003538
SYNTH-BANK-000971,SYNTH-BATCH-REFUND-003634,2026-01-09T02:38:46Z,-977.84,USD,SYNTH-BANK-REF-000971,Synthetic settlement for SYNTH-BATCH-REFUND-003634
SYNTH-BANK-000972,SYNTH-BATCH-REFUND-003662,2026-01-06T15:24:21Z,-462.66,USD,SYNTH-BANK-REF-000972,Synthetic settlement for SYNTH-BATCH-REFUND-003662
SYNTH-BANK-000973,SYNTH-BATCH-REFUND-003813,2026-02-02T11:59:49Z,-100.57,USD,SYNTH-BANK-REF-000973,Synthetic settlement for SYNTH-BATCH-REFUND-003813
SYNTH-BANK-000974,SYNTH-BATCH-REFUND-003839,2026-01-28T21:19:55Z,-458.73,USD,SYNTH-BANK-REF-000974,Synthetic settlement for SYNTH-BATCH-REFUND-003839
SYNTH-BANK-000975,SYNTH-BATCH-REFUND-003850,2026-01-08T20:57:50Z,-1992.38,EUR,SYNTH-BANK-REF-000975,Synthetic settlement for SYNTH-BATCH-REFUND-003850
SYNTH-BANK-000976,SYNTH-BATCH-REFUND-003852,2026-01-10T01:34:30Z,-1725.95,USD,SYNTH-BANK-REF-000976,Synthetic settlement for SYNTH-BATCH-REFUND-003852
SYNTH-BANK-000977,SYNTH-BATCH-REFUND-003876,2026-01-03T06:35:26Z,-1031.00,USD,SYNTH-BANK-REF-000977,Synthetic settlement for SYNTH-BATCH-REFUND-003876
SYNTH-BANK-000978,SYNTH-BATCH-REFUND-004088,2026-01-29T17:02:48Z,-1348.78,USD,SYNTH-BANK-REF-000978,Synthetic settlement for SYNTH-BATCH-REFUND-004088
SYNTH-BANK-000979,SYNTH-BATCH-REFUND-004093,2026-01-03T03:28:00Z,-1341.58,USD,SYNTH-BANK-REF-000979,Synthetic settlement for SYNTH-BATCH-REFUND-004093
SYNTH-BANK-000980,SYNTH-BATCH-REFUND-004195,2026-01-12T11:50:29Z,-777.06,USD,SYNTH-BANK-REF-000980,Synthetic settlement for SYNTH-BATCH-REFUND-004195
SYNTH-BANK-000981,SYNTH-BATCH-REFUND-004258,2026-01-13T06:30:38Z,-92.16,USD,SYNTH-BANK-REF-000981,Synthetic settlement for SYNTH-BATCH-REFUND-004258
SYNTH-BANK-000982,SYNTH-BATCH-REFUND-004280,2026-01-04T07:41:43Z,-204.37,EUR,SYNTH-BANK-REF-000982,Synthetic settlement for SYNTH-BATCH-REFUND-004280
SYNTH-BANK-000983,SYNTH-BATCH-REFUND-004349,2026-01-11T15:27:45Z,-857.42,USD,SYNTH-BANK-REF-000983,Synthetic settlement for SYNTH-BATCH-REFUND-004349
SYNTH-BANK-000984,SYNTH-BATCH-REFUND-004382,2026-01-13T15:54:24Z,-550.92,USD,SYNTH-BANK-REF-000984,Synthetic settlement for SYNTH-BATCH-REFUND-004382
SYNTH-BANK-000985,SYNTH-BATCH-REFUND-004411,2026-01-11T07:27:17Z,-336.51,GBP,SYNTH-BANK-REF-000985,Synthetic settlement for SYNTH-BATCH-REFUND-004411
SYNTH-BANK-000986,SYNTH-BATCH-REFUND-004446,2026-01-15T12:21:05Z,-1116.05,USD,SYNTH-BANK-REF-000986,Synthetic settlement for SYNTH-BATCH-REFUND-004446
SYNTH-BANK-000987,SYNTH-BATCH-REFUND-004471,2026-01-09T19:46:09Z,-1361.25,GBP,SYNTH-BANK-REF-000987,Synthetic settlement for SYNTH-BATCH-REFUND-004471
SYNTH-BANK-000988,SYNTH-BATCH-REFUND-004480,2026-01-18T15:09:07Z,-2354.67,EUR,SYNTH-BANK-REF-000988,Synthetic settlement for SYNTH-BATCH-REFUND-004480
SYNTH-BANK-000989,SYNTH-BATCH-REFUND-004517,2026-01-24T00:50:25Z,-4.33,USD,SYNTH-BANK-REF-000989,Synthetic settlement for SYNTH-BATCH-REFUND-004517
SYNTH-BANK-000990,SYNTH-BATCH-REFUND-004600,2026-01-14T15:04:35Z,-561.89,EUR,SYNTH-BANK-REF-000990,Synthetic settlement for SYNTH-BATCH-REFUND-004600
SYNTH-BANK-000991,SYNTH-BATCH-REFUND-004649,2026-02-01T03:25:47Z,-784.99,USD,SYNTH-BANK-REF-000991,Synthetic settlement for SYNTH-BATCH-REFUND-004649
SYNTH-BANK-000992,SYNTH-BATCH-REFUND-004680,2026-02-01T23:04:47Z,-1046.89,EUR,SYNTH-BANK-REF-000992,Synthetic settlement for SYNTH-BATCH-REFUND-004680
SYNTH-BANK-000993,SYNTH-BATCH-REFUND-004721,2026-01-11T17:27:20Z,-164.78,GBP,SYNTH-BANK-REF-000993,Synthetic settlement for SYNTH-BATCH-REFUND-004721
SYNTH-BANK-000994,SYNTH-BATCH-REFUND-004878,2026-01-13T03:12:17Z,-358.43,USD,SYNTH-BANK-REF-000994,Synthetic settlement for SYNTH-BATCH-REFUND-004878
SYNTH-BANK-000995,SYNTH-BATCH-REFUND-004961,2026-01-03T17:38:03Z,-661.44,GBP,SYNTH-BANK-REF-000995,Synthetic settlement for SYNTH-BATCH-REFUND-004961
SYNTH-BANK-000996,SYNTH-BATCH-REFUND-005013,2026-01-24T11:49:25Z,-1915.97,USD,SYNTH-BANK-REF-000996,Synthetic settlement for SYNTH-BATCH-REFUND-005013
SYNTH-BANK-000997,SYNTH-BATCH-REFUND-005033,2026-01-13T07:56:43Z,-492.44,USD,SYNTH-BANK-REF-000997,Synthetic settlement for SYNTH-BATCH-REFUND-005033
SYNTH-BANK-000998,SYNTH-BATCH-REFUND-005169,2026-01-25T18:34:17Z,-1013.70,USD,SYNTH-BANK-REF-000998,Synthetic settlement for SYNTH-BATCH-REFUND-005169
SYNTH-BANK-000999,SYNTH-BATCH-REFUND-005202,2026-01-27T19:16:32Z,-1022.59,USD,SYNTH-BANK-REF-000999,Synthetic settlement for SYNTH-BATCH-REFUND-005202
SYNTH-BANK-001000,SYNTH-BATCH-REFUND-005253,2026-01-16T11:19:05Z,-2105.77,USD,SYNTH-BANK-REF-001000,Synthetic settlement for SYNTH-BATCH-REFUND-005253
SYNTH-BANK-001001,SYNTH-BATCH-REFUND-005256,2026-01-19T17:47:16Z,-1122.65,USD,SYNTH-BANK-REF-001001,Synthetic settlement for SYNTH-BATCH-REFUND-005256
SYNTH-BANK-001002,SYNTH-BATCH-REFUND-005257,2026-01-20T20:02:31Z,-625.70,USD,SYNTH-BANK-REF-001002,Synthetic settlement for SYNTH-BATCH-REFUND-005257
SYNTH-BANK-001003,SYNTH-BATCH-REFUND-005386,2026-01-25T15:51:12Z,-445.27,USD,SYNTH-BANK-REF-001003,Synthetic settlement for SYNTH-BATCH-REFUND-005386
SYNTH-BANK-001004,SYNTH-BATCH-REFUND-005415,2026-01-23T07:52:53Z,-1185.97,USD,SYNTH-BANK-REF-001004,Synthetic settlement for SYNTH-BATCH-REFUND-005415
SYNTH-BANK-001005,SYNTH-BATCH-REFUND-005564,2026-01-17T23:22:01Z,-872.92,USD,SYNTH-BANK-REF-001005,Synthetic settlement for SYNTH-BATCH-REFUND-005564
SYNTH-BANK-001006,SYNTH-BATCH-REFUND-005932,2026-01-13T17:00:41Z,-474.19,USD,SYNTH-BANK-REF-001006,Synthetic settlement for SYNTH-BATCH-REFUND-005932
SYNTH-BANK-001007,SYNTH-BATCH-REFUND-005937,2026-01-18T04:44:19Z,-1167.69,USD,SYNTH-BANK-REF-001007,Synthetic settlement for SYNTH-BATCH-REFUND-005937
SYNTH-BANK-001008,SYNTH-BATCH-REFUND-006013,2026-02-01T03:44:01Z,-684.00,USD,SYNTH-BANK-REF-001008,Synthetic settlement for SYNTH-BATCH-REFUND-006013
SYNTH-BANK-001009,SYNTH-BATCH-REFUND-006031,2026-01-19T18:56:14Z,-1246.11,GBP,SYNTH-BANK-REF-001009,Synthetic settlement for SYNTH-BATCH-REFUND-006031
SYNTH-BANK-001010,SYNTH-BATCH-REFUND-006089,2026-01-15T02:10:59Z,-118.64,USD,SYNTH-BANK-REF-001010,Synthetic settlement for SYNTH-BATCH-REFUND-006089
SYNTH-BANK-001011,SYNTH-BATCH-REFUND-006093,2026-01-19T11:47:50Z,-1609.34,USD,SYNTH-BANK-REF-001011,Synthetic settlement for SYNTH-BATCH-REFUND-006093
SYNTH-BANK-001012,SYNTH-BATCH-REFUND-006118,2026-01-13T17:56:48Z,-393.54,USD,SYNTH-BANK-REF-001012,Synthetic settlement for SYNTH-BATCH-REFUND-006118
SYNTH-BANK-001013,SYNTH-BATCH-REFUND-006143,2026-01-07T01:46:48Z,-743.84,USD,SYNTH-BANK-REF-001013,Synthetic settlement for SYNTH-BATCH-REFUND-006143
SYNTH-BANK-001014,SYNTH-BATCH-REFUND-006146,2026-01-10T07:46:27Z,-992.30,USD,SYNTH-BANK-REF-001014,Synthetic settlement for SYNTH-BATCH-REFUND-006146
SYNTH-BANK-001015,SYNTH-BATCH-REFUND-006190,2026-01-23T08:21:36Z,-296.50,EUR,SYNTH-BANK-REF-001015,Synthetic settlement for SYNTH-BATCH-REFUND-006190
SYNTH-BANK-001016,SYNTH-BATCH-REFUND-006216,2026-01-18T17:49:59Z,-181.05,USD,SYNTH-BANK-REF-001016,Synthetic settlement for SYNTH-BATCH-REFUND-006216
SYNTH-BANK-001017,SYNTH-BATCH-REFUND-006242,2026-01-13T03:02:52Z,-112.36,USD,SYNTH-BANK-REF-001017,Synthetic settlement for SYNTH-BATCH-REFUND-006242
SYNTH-BANK-001018,SYNTH-BATCH-REFUND-006249,2026-01-20T18:19:25Z,-512.86,USD,SYNTH-BANK-REF-001018,Synthetic settlement for SYNTH-BATCH-REFUND-006249
SYNTH-BANK-001019,SYNTH-BATCH-REFUND-006282,2026-01-22T18:52:46Z,-234.76,USD,SYNTH-BANK-REF-001019,Synthetic settlement for SYNTH-BATCH-REFUND-006282
SYNTH-BANK-001020,SYNTH-BATCH-REFUND-006303,2026-01-12T17:03:51Z,-263.76,USD,SYNTH-BANK-REF-001020,Synthetic settlement for SYNTH-BATCH-REFUND-006303
SYNTH-BANK-001021,SYNTH-BATCH-REFUND-006315,2026-01-24T19:39:25Z,-70.49,USD,SYNTH-BANK-REF-001021,Synthetic settlement for SYNTH-BATCH-REFUND-006315
SYNTH-BANK-001022,SYNTH-BATCH-REFUND-006342,2026-01-20T07:17:36Z,-698.92,USD,SYNTH-BANK-REF-001022,Synthetic settlement for SYNTH-BATCH-REFUND-006342
SYNTH-BANK-001023,SYNTH-BATCH-REFUND-006345,2026-01-23T13:33:44Z,-51.52,USD,SYNTH-BANK-REF-001023,Synthetic settlement for SYNTH-BATCH-REFUND-006345
SYNTH-BANK-001024,SYNTH-BATCH-REFUND-006349,2026-01-27T22:32:50Z,-1987.73,USD,SYNTH-BANK-REF-001024,Synthetic settlement for SYNTH-BATCH-REFUND-006349
SYNTH-BANK-001025,SYNTH-BATCH-REFUND-006366,2026-01-13T11:26:26Z,-1230.54,USD,SYNTH-BANK-REF-001025,Synthetic settlement for SYNTH-BATCH-REFUND-006366
SYNTH-BANK-001026,SYNTH-BATCH-REFUND-006384,2026-01-31T03:52:42Z,-2318.89,USD,SYNTH-BANK-REF-001026,Synthetic settlement for SYNTH-BATCH-REFUND-006384
SYNTH-BANK-001027,SYNTH-BATCH-REFUND-006433,2026-01-18T15:36:24Z,-323.17,USD,SYNTH-BANK-REF-001027,Synthetic settlement for SYNTH-BATCH-REFUND-006433
SYNTH-BANK-001028,SYNTH-BATCH-REFUND-006532,2026-01-24T16:58:42Z,-2038.52,USD,SYNTH-BANK-REF-001028,Synthetic settlement for SYNTH-BATCH-REFUND-006532
SYNTH-BANK-001029,SYNTH-BATCH-REFUND-006609,2026-01-08T18:08:48Z,-1560.04,USD,SYNTH-BANK-REF-001029,Synthetic settlement for SYNTH-BATCH-REFUND-006609
SYNTH-BANK-001030,SYNTH-BATCH-REFUND-006639,2026-01-07T12:53:06Z,-1218.69,USD,SYNTH-BANK-REF-001030,Synthetic settlement for SYNTH-BATCH-REFUND-006639
SYNTH-BANK-001031,SYNTH-BATCH-REFUND-006664,2026-02-01T18:58:42Z,-305.48,USD,SYNTH-BANK-REF-001031,Synthetic settlement for SYNTH-BATCH-REFUND-006664
SYNTH-BANK-001032,SYNTH-BATCH-REFUND-006712,2026-01-18T05:16:46Z,-403.59,USD,SYNTH-BANK-REF-001032,Synthetic settlement for SYNTH-BATCH-REFUND-006712
SYNTH-BANK-001033,SYNTH-BATCH-REFUND-006767,2026-01-11T06:29:42Z,-1535.75,USD,SYNTH-BANK-REF-001033,Synthetic settlement for SYNTH-BATCH-REFUND-006767
SYNTH-BANK-001034,SYNTH-BATCH-REFUND-006770,2026-01-14T12:24:20Z,-366.36,EUR,SYNTH-BANK-REF-001034,Synthetic settlement for SYNTH-BATCH-REFUND-006770
SYNTH-BANK-001035,SYNTH-BATCH-REFUND-006772,2026-01-16T17:17:05Z,-760.99,USD,SYNTH-BANK-REF-001035,Synthetic settlement for SYNTH-BATCH-REFUND-006772
SYNTH-BANK-001036,SYNTH-BATCH-REFUND-006884,2026-01-04T23:04:09Z,-1138.91,USD,SYNTH-BANK-REF-001036,Synthetic settlement for SYNTH-BATCH-REFUND-006884
SYNTH-BANK-001037,SYNTH-BATCH-REFUND-006989,2026-01-16T14:35:38Z,-890.19,USD,SYNTH-BANK-REF-001037,Synthetic settlement for SYNTH-BATCH-REFUND-006989
SYNTH-BANK-001038,SYNTH-BATCH-REFUND-007039,2026-01-04T04:46:54Z,-879.17,USD,SYNTH-BANK-REF-001038,Synthetic settlement for SYNTH-BATCH-REFUND-007039
SYNTH-BANK-001039,SYNTH-BATCH-REFUND-007097,2026-01-31T12:05:25Z,-258.92,USD,SYNTH-BANK-REF-001039,Synthetic settlement for SYNTH-BATCH-REFUND-007097
SYNTH-BANK-001040,SYNTH-BATCH-REFUND-007138,2026-01-10T05:54:05Z,-604.34,USD,SYNTH-BANK-REF-001040,Synthetic settlement for SYNTH-BATCH-REFUND-007138
SYNTH-BANK-001041,SYNTH-BATCH-REFUND-007207,2026-01-17T14:11:55Z,-2196.21,USD,SYNTH-BANK-REF-001041,Synthetic settlement for SYNTH-BATCH-REFUND-007207
SYNTH-BANK-001042,SYNTH-BATCH-REFUND-007228,2026-01-07T12:13:23Z,-1630.69,USD,SYNTH-BANK-REF-001042,Synthetic settlement for SYNTH-BATCH-REFUND-007228
SYNTH-BANK-001043,SYNTH-BATCH-REFUND-007315,2026-02-01T11:30:05Z,-2424.96,USD,SYNTH-BANK-REF-001043,Synthetic settlement for SYNTH-BATCH-REFUND-007315
SYNTH-BANK-001044,SYNTH-BATCH-REFUND-007343,2026-01-29T00:43:20Z,-192.52,USD,SYNTH-BANK-REF-001044,Synthetic settlement for SYNTH-BATCH-REFUND-007343
SYNTH-BANK-001045,SYNTH-BATCH-REFUND-007363,2026-01-18T21:06:00Z,-914.46,USD,SYNTH-BANK-REF-001045,Synthetic settlement for SYNTH-BATCH-REFUND-007363
SYNTH-BANK-001046,SYNTH-BATCH-REFUND-007370,2026-01-25T12:05:38Z,-233.02,EUR,SYNTH-BANK-REF-001046,Synthetic settlement for SYNTH-BATCH-REFUND-007370
SYNTH-BANK-001047,SYNTH-BATCH-REFUND-007402,2026-01-26T10:31:13Z,-461.26,USD,SYNTH-BANK-REF-001047,Synthetic settlement for SYNTH-BATCH-REFUND-007402
SYNTH-BANK-001048,SYNTH-BATCH-REFUND-007434,2026-01-27T09:26:08Z,-715.94,USD,SYNTH-BANK-REF-001048,Synthetic settlement for SYNTH-BATCH-REFUND-007434
SYNTH-BANK-001049,SYNTH-BATCH-REFUND-007468,2026-01-30T12:03:18Z,-2066.46,USD,SYNTH-BANK-REF-001049,Synthetic settlement for SYNTH-BATCH-REFUND-007468
SYNTH-BANK-001050,SYNTH-BATCH-REFUND-007485,2026-01-16T01:47:45Z,-121.70,USD,SYNTH-BANK-REF-001050,Synthetic settlement for SYNTH-BATCH-REFUND-007485
SYNTH-BANK-001051,SYNTH-BATCH-REFUND-007511,2026-01-11T10:45:57Z,-640.80,GBP,SYNTH-BANK-REF-001051,Synthetic settlement for SYNTH-BATCH-REFUND-007511
SYNTH-BANK-001052,SYNTH-BATCH-REFUND-007681,2026-01-26T00:59:57Z,-1310.58,GBP,SYNTH-BANK-REF-001052,Synthetic settlement for SYNTH-BATCH-REFUND-007681
SYNTH-BANK-001053,SYNTH-BATCH-REFUND-007730,2026-01-13T12:49:35Z,-2225.23,EUR,SYNTH-BANK-REF-001053,Synthetic settlement for SYNTH-BATCH-REFUND-007730
SYNTH-BANK-001054,SYNTH-BATCH-REFUND-007752,2026-01-04T12:47:31Z,-1123.70,USD,SYNTH-BANK-REF-001054,Synthetic settlement for SYNTH-BATCH-REFUND-007752
SYNTH-BANK-001055,SYNTH-BATCH-REFUND-007935,2026-02-01T07:24:13Z,-1127.07,USD,SYNTH-BANK-REF-001055,Synthetic settlement for SYNTH-BATCH-REFUND-007935
SYNTH-BANK-001056,SYNTH-BATCH-REFUND-007984,2026-01-19T18:57:23Z,-445.13,USD,SYNTH-BANK-REF-001056,Synthetic settlement for SYNTH-BATCH-REFUND-007984
SYNTH-BANK-001057,SYNTH-BATCH-REFUND-008006,2026-01-10T19:01:04Z,-2438.17,USD,SYNTH-BANK-REF-001057,Synthetic settlement for SYNTH-BATCH-REFUND-008006
SYNTH-BANK-001058,SYNTH-BATCH-REFUND-008036,2026-01-09T13:29:57Z,-919.25,USD,SYNTH-BANK-REF-001058,Synthetic settlement for SYNTH-BATCH-REFUND-008036
SYNTH-BANK-001059,SYNTH-BATCH-REFUND-008056,2026-01-29T09:32:07Z,-459.02,USD,SYNTH-BANK-REF-001059,Synthetic settlement for SYNTH-BATCH-REFUND-008056
SYNTH-BANK-001060,SYNTH-BATCH-REFUND-008066,2026-01-08T06:58:57Z,-32.22,USD,SYNTH-BANK-REF-001060,Synthetic settlement for SYNTH-BATCH-REFUND-008066
SYNTH-BANK-001061,SYNTH-BATCH-REFUND-008127,2026-01-07T21:31:58Z,-1219.60,USD,SYNTH-BANK-REF-001061,Synthetic settlement for SYNTH-BATCH-REFUND-008127
SYNTH-BANK-001062,SYNTH-BATCH-REFUND-008130,2026-01-10T04:41:44Z,-2281.49,EUR,SYNTH-BANK-REF-001062,Synthetic settlement for SYNTH-BATCH-REFUND-008130
SYNTH-BANK-001063,SYNTH-BATCH-REFUND-008150,2026-01-30T00:37:31Z,-341.69,EUR,SYNTH-BANK-REF-001063,Synthetic settlement for SYNTH-BATCH-REFUND-008150
SYNTH-BANK-001064,SYNTH-BATCH-REFUND-008257,2026-01-13T19:14:53Z,-1254.69,USD,SYNTH-BANK-REF-001064,Synthetic settlement for SYNTH-BATCH-REFUND-008257
SYNTH-BANK-001065,SYNTH-BATCH-REFUND-008326,2026-01-20T03:41:23Z,-186.11,USD,SYNTH-BANK-REF-001065,Synthetic settlement for SYNTH-BATCH-REFUND-008326
SYNTH-BANK-001066,SYNTH-BATCH-REFUND-008353,2026-01-16T14:40:44Z,-273.24,USD,SYNTH-BANK-REF-001066,Synthetic settlement for SYNTH-BATCH-REFUND-008353
SYNTH-BANK-001067,SYNTH-BATCH-REFUND-008362,2026-01-25T10:18:59Z,-709.63,USD,SYNTH-BANK-REF-001067,Synthetic settlement for SYNTH-BATCH-REFUND-008362
SYNTH-BANK-001068,SYNTH-BATCH-REFUND-008450,2026-01-20T11:50:56Z,-625.51,EUR,SYNTH-BANK-REF-001068,Synthetic settlement for SYNTH-BATCH-REFUND-008450
SYNTH-BANK-001069,SYNTH-BATCH-REFUND-008457,2026-01-27T03:33:51Z,-319.85,USD,SYNTH-BANK-REF-001069,Synthetic settlement for SYNTH-BATCH-REFUND-008457
SYNTH-BANK-001070,SYNTH-BATCH-REFUND-008514,2026-01-22T08:52:39Z,-696.45,USD,SYNTH-BANK-REF-001070,Synthetic settlement for SYNTH-BATCH-REFUND-008514
SYNTH-BANK-001071,SYNTH-BATCH-REFUND-008522,2026-01-30T02:18:04Z,-454.32,USD,SYNTH-BANK-REF-001071,Synthetic settlement for SYNTH-BATCH-REFUND-008522
SYNTH-BANK-001072,SYNTH-BATCH-REFUND-008548,2026-01-25T11:31:22Z,-509.70,USD,SYNTH-BANK-REF-001072,Synthetic settlement for SYNTH-BATCH-REFUND-008548
SYNTH-BANK-001073,SYNTH-BATCH-REFUND-008608,2026-01-23T23:33:35Z,-458.66,USD,SYNTH-BANK-REF-001073,Synthetic settlement for SYNTH-BATCH-REFUND-008608
SYNTH-BANK-001074,SYNTH-BATCH-REFUND-008646,2026-01-30T10:52:28Z,-1253.47,USD,SYNTH-BANK-REF-001074,Synthetic settlement for SYNTH-BATCH-REFUND-008646
SYNTH-BANK-001075,SYNTH-BATCH-REFUND-008659,2026-01-12T16:00:26Z,-2109.71,USD,SYNTH-BANK-REF-001075,Synthetic settlement for SYNTH-BATCH-REFUND-008659
SYNTH-BANK-001076,SYNTH-BATCH-REFUND-008738,2026-01-29T21:23:15Z,-36.01,USD,SYNTH-BANK-REF-001076,Synthetic settlement for SYNTH-BATCH-REFUND-008738
SYNTH-BANK-001077,SYNTH-BATCH-REFUND-008767,2026-01-27T13:06:10Z,-150.94,USD,SYNTH-BANK-REF-001077,Synthetic settlement for SYNTH-BATCH-REFUND-008767
SYNTH-BANK-001078,SYNTH-BATCH-REFUND-008864,2026-01-31T10:50:33Z,-1240.08,USD,SYNTH-BANK-REF-001078,Synthetic settlement for SYNTH-BATCH-REFUND-008864
SYNTH-BANK-001079,SYNTH-BATCH-REFUND-008900,2026-01-05T17:33:13Z,-1683.78,EUR,SYNTH-BANK-REF-001079,Synthetic settlement for SYNTH-BATCH-REFUND-008900
SYNTH-BANK-001080,SYNTH-BATCH-REFUND-009102,2026-01-21T06:12:55Z,-955.87,USD,SYNTH-BANK-REF-001080,Synthetic settlement for SYNTH-BATCH-REFUND-009102
SYNTH-BANK-001081,SYNTH-BATCH-REFUND-009117,2026-01-05T15:00:51Z,-348.32,USD,SYNTH-BANK-REF-001081,Synthetic settlement for SYNTH-BATCH-REFUND-009117
SYNTH-BANK-001082,SYNTH-BATCH-REFUND-009153,2026-01-10T22:18:20Z,-750.63,USD,SYNTH-BANK-REF-001082,Synthetic settlement for SYNTH-BATCH-REFUND-009153
SYNTH-BANK-001083,SYNTH-BATCH-REFUND-009183,2026-01-09T16:18:06Z,-48.43,USD,SYNTH-BANK-REF-001083,Synthetic settlement for SYNTH-BATCH-REFUND-009183
SYNTH-BANK-001084,SYNTH-BATCH-REFUND-009215,2026-01-10T14:45:27Z,-869.85,USD,SYNTH-BANK-REF-001084,Synthetic settlement for SYNTH-BATCH-REFUND-009215
SYNTH-BANK-001085,SYNTH-BATCH-REFUND-009219,2026-01-14T23:35:02Z,-441.36,USD,SYNTH-BANK-REF-001085,Synthetic settlement for SYNTH-BATCH-REFUND-009219
SYNTH-BANK-001086,SYNTH-BATCH-REFUND-009342,2026-01-13T06:12:47Z,-207.62,USD,SYNTH-BANK-REF-001086,Synthetic settlement for SYNTH-BATCH-REFUND-009342
SYNTH-BANK-001087,SYNTH-BATCH-REFUND-009382,2026-01-22T22:04:45Z,-477.79,USD,SYNTH-BANK-REF-001087,Synthetic settlement for SYNTH-BATCH-REFUND-009382
SYNTH-BANK-001088,SYNTH-BATCH-REFUND-009428,2026-01-06T03:13:13Z,-671.63,USD,SYNTH-BANK-REF-001088,Synthetic settlement for SYNTH-BATCH-REFUND-009428
SYNTH-BANK-001089,SYNTH-BATCH-REFUND-009498,2026-01-14T12:58:07Z,-55.22,USD,SYNTH-BANK-REF-001089,Synthetic settlement for SYNTH-BATCH-REFUND-009498
SYNTH-BANK-001090,SYNTH-BATCH-REFUND-009529,2026-01-14T09:49:31Z,-580.89,USD,SYNTH-BANK-REF-001090,Synthetic settlement for SYNTH-BATCH-REFUND-009529
SYNTH-BANK-001091,SYNTH-BATCH-REFUND-009634,2026-01-26T00:58:39Z,-131.81,USD,SYNTH-BANK-REF-001091,Synthetic settlement for SYNTH-BATCH-REFUND-009634
SYNTH-BANK-001092,SYNTH-BATCH-REFUND-009729,2026-01-28T17:20:44Z,-1201.75,USD,SYNTH-BANK-REF-001092,Synthetic settlement for SYNTH-BATCH-REFUND-009729
SYNTH-BANK-001093,SYNTH-BATCH-REFUND-009852,2026-01-27T00:25:32Z,-457.12,USD,SYNTH-BANK-REF-001093,Synthetic settlement for SYNTH-BATCH-REFUND-009852
SYNTH-BANK-001094,SYNTH-BATCH-REFUND-009868,2026-01-12T11:39:33Z,-1110.46,USD,SYNTH-BANK-REF-001094,Synthetic settlement for SYNTH-BATCH-REFUND-009868
SYNTH-BANK-001095,SYNTH-BATCH-REFUND-009900,2026-01-13T09:32:51Z,-2336.93,EUR,SYNTH-BANK-REF-001095,Synthetic settlement for SYNTH-BATCH-REFUND-009900
SYNTH-BANK-001096,SYNTH-BATCH-REFUND-009913,2026-01-26T14:11:37Z,-222.31,USD,SYNTH-BANK-REF-001096,Synthetic settlement for SYNTH-BATCH-REFUND-009913
SYNTH-BANK-001097,SYNTH-BATCH-USD-2026-01-03-0000,2026-01-02T22:39:57Z,28660.90,USD,SYNTH-BANK-REF-001097,Synthetic settlement for SYNTH-BATCH-USD-2026-01-03-0000
SYNTH-BANK-001098,SYNTH-BATCH-USD-2026-01-03-0001,2026-01-02T23:29:19Z,29599.21,USD,SYNTH-BANK-REF-001098,Synthetic settlement for SYNTH-BATCH-USD-2026-01-03-0001
SYNTH-BANK-001099,SYNTH-BATCH-USD-2026-01-03-0002,2026-01-02T22:40:39Z,25249.71,USD,SYNTH-BANK-REF-001099,Synthetic settlement for SYNTH-BATCH-USD-2026-01-03-0002
SYNTH-BANK-001100,SYNTH-BATCH-USD-2026-01-03-0003,2026-01-02T22:28:58Z,27006.51,USD,SYNTH-BANK-REF-001100,Synthetic settlement for SYNTH-BATCH-USD-2026-01-03-0003
SYNTH-BANK-001101,SYNTH-BATCH-USD-2026-01-03-0004,2026-01-02T23:58:14Z,16028.19,USD,SYNTH-BANK-REF-001101,Synthetic settlement for SYNTH-BATCH-USD-2026-01-03-0004
SYNTH-BANK-001102,SYNTH-BATCH-USD-2026-01-03-0005,2026-01-02T23:15:46Z,21059.55,USD,SYNTH-BANK-REF-001102,Synthetic settlement for SYNTH-BATCH-USD-2026-01-03-0005
SYNTH-BANK-001103,SYNTH-BATCH-USD-2026-01-03-0006,2026-01-02T23:53:37Z,23738.43,USD,SYNTH-BANK-REF-001103,Synthetic settlement for SYNTH-BATCH-USD-2026-01-03-0006
SYNTH-BANK-001104,SYNTH-BATCH-USD-2026-01-03-0007,2026-01-02T21:58:57Z,19678.18,USD,SYNTH-BANK-REF-001104,Synthetic settlement for SYNTH-BATCH-USD-2026-01-03-0007
SYNTH-BANK-001105,SYNTH-BATCH-USD-2026-01-03-0008,2026-01-03T00:04:39Z,23811.02,USD,SYNTH-BANK-REF-001105,Synthetic settlement for SYNTH-BATCH-USD-2026-01-03-0008
SYNTH-BANK-001106,SYNTH-BATCH-USD-2026-01-03-0009,2026-01-02T23:43:48Z,20499.91,USD,SYNTH-BANK-REF-001106,Synthetic settlement for SYNTH-BATCH-USD-2026-01-03-0009
SYNTH-BANK-001107,SYNTH-BATCH-USD-2026-01-03-0010,2026-01-02T23:24:18Z,29448.90,USD,SYNTH-BANK-REF-001107,Synthetic settlement for SYNTH-BATCH-USD-2026-01-03-0010
SYNTH-BANK-001108,SYNTH-BATCH-USD-2026-01-03-0011,2026-01-02T23:35:15Z,20298.19,USD,SYNTH-BANK-REF-001108,Synthetic settlement for SYNTH-BATCH-USD-2026-01-03-0011
SYNTH-BANK-001109,SYNTH-BATCH-USD-2026-01-03-0012,2026-01-02T23:44:06Z,23725.77,USD,SYNTH-BANK-REF-001109,Synthetic settlement for SYNTH-BATCH-USD-2026-01-03-0012
SYNTH-BANK-001110,SYNTH-BATCH-USD-2026-01-04-0000,2026-01-03T23:34:13Z,22144.06,USD,SYNTH-BANK-REF-001110,Synthetic settlement for SYNTH-BATCH-USD-2026-01-04-0000
SYNTH-BANK-001111,SYNTH-BATCH-USD-2026-01-04-0001,2026-01-03T23:48:47Z,17420.99,USD,SYNTH-BANK-REF-001111,Synthetic settlement for SYNTH-BATCH-USD-2026-01-04-0001
SYNTH-BANK-001112,SYNTH-BATCH-USD-2026-01-04-0002,2026-01-03T22:47:59Z,23427.44,USD,SYNTH-BANK-REF-001112,Synthetic settlement for SYNTH-BATCH-USD-2026-01-04-0002
SYNTH-BANK-001113,SYNTH-BATCH-USD-2026-01-04-0003,2026-01-03T23:50:35Z,26172.74,USD,SYNTH-BANK-REF-001113,Synthetic settlement for SYNTH-BATCH-USD-2026-01-04-0003
SYNTH-BANK-001114,SYNTH-BATCH-USD-2026-01-04-0004,2026-01-03T23:16:28Z,24743.86,USD,SYNTH-BANK-REF-001114,Synthetic settlement for SYNTH-BATCH-USD-2026-01-04-0004
SYNTH-BANK-001115,SYNTH-BATCH-USD-2026-01-04-0005,2026-01-03T23:51:14Z,25691.38,USD,SYNTH-BANK-REF-001115,Synthetic settlement for SYNTH-BATCH-USD-2026-01-04-0005
SYNTH-BANK-001116,SYNTH-BATCH-USD-2026-01-04-0006,2026-01-03T22:18:33Z,22611.25,USD,SYNTH-BANK-REF-001116,Synthetic settlement for SYNTH-BATCH-USD-2026-01-04-0006
SYNTH-BANK-001117,SYNTH-BATCH-USD-2026-01-04-0007,2026-01-04T00:01:57Z,23632.96,USD,SYNTH-BANK-REF-001117,Synthetic settlement for SYNTH-BATCH-USD-2026-01-04-0007
SYNTH-BANK-001118,SYNTH-BATCH-USD-2026-01-04-0008,2026-01-03T23:58:31Z,28968.69,USD,SYNTH-BANK-REF-001118,Synthetic settlement for SYNTH-BATCH-USD-2026-01-04-0008
SYNTH-BANK-001119,SYNTH-BATCH-USD-2026-01-04-0009,2026-01-03T23:54:01Z,19976.89,USD,SYNTH-BANK-REF-001119,Synthetic settlement for SYNTH-BATCH-USD-2026-01-04-0009
SYNTH-BANK-001120,SYNTH-BATCH-USD-2026-01-04-0010,2026-01-03T22:33:09Z,28227.75,USD,SYNTH-BANK-REF-001120,Synthetic settlement for SYNTH-BATCH-USD-2026-01-04-0010
SYNTH-BANK-001121,SYNTH-BATCH-USD-2026-01-04-0011,2026-01-03T23:16:59Z,21322.02,USD,SYNTH-BANK-REF-001121,Synthetic settlement for SYNTH-BATCH-USD-2026-01-04-0011
SYNTH-BANK-001122,SYNTH-BATCH-USD-2026-01-04-0012,2026-01-03T23:38:01Z,23053.59,USD,SYNTH-BANK-REF-001122,Synthetic settlement for SYNTH-BATCH-USD-2026-01-04-0012
SYNTH-BANK-001123,SYNTH-BATCH-USD-2026-01-05-0000,2026-01-04T23:28:42Z,28532.67,USD,SYNTH-BANK-REF-001123,Synthetic settlement for SYNTH-BATCH-USD-2026-01-05-0000
SYNTH-BANK-001124,SYNTH-BATCH-USD-2026-01-05-0001,2026-01-04T23:34:27Z,21850.37,USD,SYNTH-BANK-REF-001124,Synthetic settlement for SYNTH-BATCH-USD-2026-01-05-0001
SYNTH-BANK-001125,SYNTH-BATCH-USD-2026-01-05-0002,2026-01-05T00:05:46Z,23602.41,USD,SYNTH-BANK-REF-001125,Synthetic settlement for SYNTH-BATCH-USD-2026-01-05-0002
SYNTH-BANK-001126,SYNTH-BATCH-USD-2026-01-05-0003,2026-01-05T00:07:02Z,19754.92,USD,SYNTH-BANK-REF-001126,Synthetic settlement for SYNTH-BATCH-USD-2026-01-05-0003
SYNTH-BANK-001127,SYNTH-BATCH-USD-2026-01-05-0004,2026-01-04T22:44:11Z,24724.47,USD,SYNTH-BANK-REF-001127,Synthetic settlement for SYNTH-BATCH-USD-2026-01-05-0004
SYNTH-BANK-001128,SYNTH-BATCH-USD-2026-01-05-0005,2026-01-04T22:43:21Z,23291.34,USD,SYNTH-BANK-REF-001128,Synthetic settlement for SYNTH-BATCH-USD-2026-01-05-0005
SYNTH-BANK-001129,SYNTH-BATCH-USD-2026-01-05-0006,2026-01-05T00:03:56Z,27191.52,USD,SYNTH-BANK-REF-001129,Synthetic settlement for SYNTH-BATCH-USD-2026-01-05-0006
SYNTH-BANK-001130,SYNTH-BATCH-USD-2026-01-05-0007,2026-01-04T23:25:39Z,19549.08,USD,SYNTH-BANK-REF-001130,Synthetic settlement for SYNTH-BATCH-USD-2026-01-05-0007
SYNTH-BANK-001131,SYNTH-BATCH-USD-2026-01-05-0008,2026-01-04T23:13:58Z,28156.57,USD,SYNTH-BANK-REF-001131,Synthetic settlement for SYNTH-BATCH-USD-2026-01-05-0008
SYNTH-BANK-001132,SYNTH-BATCH-USD-2026-01-05-0009,2026-01-04T23:56:12Z,27520.82,USD,SYNTH-BANK-REF-001132,Synthetic settlement for SYNTH-BATCH-USD-2026-01-05-0009
SYNTH-BANK-001133,SYNTH-BATCH-USD-2026-01-05-0010,2026-01-04T23:06:57Z,27821.33,USD,SYNTH-BANK-REF-001133,Synthetic settlement for SYNTH-BATCH-USD-2026-01-05-0010
SYNTH-BANK-001134,SYNTH-BATCH-USD-2026-01-05-0011,2026-01-04T22:56:48Z,25862.91,USD,SYNTH-BANK-REF-001134,Synthetic settlement for SYNTH-BATCH-USD-2026-01-05-0011
SYNTH-BANK-001135,SYNTH-BATCH-USD-2026-01-05-0012,2026-01-04T22:43:49Z,20776.78,USD,SYNTH-BANK-REF-001135,Synthetic settlement for SYNTH-BATCH-USD-2026-01-05-0012
SYNTH-BANK-001136,SYNTH-BATCH-USD-2026-01-06-0000,2026-01-05T23:26:41Z,21769.10,USD,SYNTH-BANK-REF-001136,Synthetic settlement for SYNTH-BATCH-USD-2026-01-06-0000
SYNTH-BANK-001137,SYNTH-BATCH-USD-2026-01-06-0001,2026-01-05T23:34:31Z,24027.46,USD,SYNTH-BANK-REF-001137,Synthetic settlement for SYNTH-BATCH-USD-2026-01-06-0001
SYNTH-BANK-001138,SYNTH-BATCH-USD-2026-01-06-0002,2026-01-05T23:21:57Z,25517.83,USD,SYNTH-BANK-REF-001138,Synthetic settlement for SYNTH-BATCH-USD-2026-01-06-0002
SYNTH-BANK-001139,SYNTH-BATCH-USD-2026-01-06-0003,2026-01-05T22:58:31Z,21079.25,USD,SYNTH-BANK-REF-001139,Synthetic settlement for SYNTH-BATCH-USD-2026-01-06-0003
SYNTH-BANK-001140,SYNTH-BATCH-USD-2026-01-06-0004,2026-01-05T22:28:27Z,27761.28,USD,SYNTH-BANK-REF-001140,Synthetic settlement for SYNTH-BATCH-USD-2026-01-06-0004
SYNTH-BANK-001141,SYNTH-BATCH-USD-2026-01-06-0005,2026-01-06T00:07:12Z,21875.85,USD,SYNTH-BANK-REF-001141,Synthetic settlement for SYNTH-BATCH-USD-2026-01-06-0005
SYNTH-BANK-001142,SYNTH-BATCH-USD-2026-01-06-0006,2026-01-05T22:54:29Z,29263.54,USD,SYNTH-BANK-REF-001142,Synthetic settlement for SYNTH-BATCH-USD-2026-01-06-0006
SYNTH-BANK-001143,SYNTH-BATCH-USD-2026-01-06-0007,2026-01-05T23:50:21Z,23774.73,USD,SYNTH-BANK-REF-001143,Synthetic settlement for SYNTH-BATCH-USD-2026-01-06-0007
SYNTH-BANK-001144,SYNTH-BATCH-USD-2026-01-06-0008,2026-01-05T22:12:51Z,21964.17,USD,SYNTH-BANK-REF-001144,Synthetic settlement for SYNTH-BATCH-USD-2026-01-06-0008
SYNTH-BANK-001145,SYNTH-BATCH-USD-2026-01-06-0009,2026-01-05T23:48:57Z,24038.40,USD,SYNTH-BANK-REF-001145,Synthetic settlement for SYNTH-BATCH-USD-2026-01-06-0009
SYNTH-BANK-001146,SYNTH-BATCH-USD-2026-01-06-0010,2026-01-05T23:01:21Z,29705.46,USD,SYNTH-BANK-REF-001146,Synthetic settlement for SYNTH-BATCH-USD-2026-01-06-0010
SYNTH-BANK-001147,SYNTH-BATCH-USD-2026-01-06-0011,2026-01-05T23:08:23Z,21708.60,USD,SYNTH-BANK-REF-001147,Synthetic settlement for SYNTH-BATCH-USD-2026-01-06-0011
SYNTH-BANK-001148,SYNTH-BATCH-USD-2026-01-06-0012,2026-01-06T00:07:35Z,17762.38,USD,SYNTH-BANK-REF-001148,Synthetic settlement for SYNTH-BATCH-USD-2026-01-06-0012
SYNTH-BANK-001149,SYNTH-BATCH-USD-2026-01-07-0000,2026-01-06T23:33:41Z,27767.22,USD,SYNTH-BANK-REF-001149,Synthetic settlement for SYNTH-BATCH-USD-2026-01-07-0000
SYNTH-BANK-001150,SYNTH-BATCH-USD-2026-01-07-0001,2026-01-06T23:39:10Z,22611.56,USD,SYNTH-BANK-REF-001150,Synthetic settlement for SYNTH-BATCH-USD-2026-01-07-0001
SYNTH-BANK-001151,SYNTH-BATCH-USD-2026-01-07-0002,2026-01-06T22:48:38Z,27011.93,USD,SYNTH-BANK-REF-001151,Synthetic settlement for SYNTH-BATCH-USD-2026-01-07-0002
SYNTH-BANK-001152,SYNTH-BATCH-USD-2026-01-07-0003,2026-01-06T22:25:09Z,18942.02,USD,SYNTH-BANK-REF-001152,Synthetic settlement for SYNTH-BATCH-USD-2026-01-07-0003
SYNTH-BANK-001153,SYNTH-BATCH-USD-2026-01-07-0004,2026-01-06T23:51:55Z,27496.19,USD,SYNTH-BANK-REF-001153,Synthetic settlement for SYNTH-BATCH-USD-2026-01-07-0004
SYNTH-BANK-001154,SYNTH-BATCH-USD-2026-01-07-0005,2026-01-07T00:06:32Z,25564.54,USD,SYNTH-BANK-REF-001154,Synthetic settlement for SYNTH-BATCH-USD-2026-01-07-0005
SYNTH-BANK-001155,SYNTH-BATCH-USD-2026-01-07-0006,2026-01-06T23:52:22Z,24747.36,USD,SYNTH-BANK-REF-001155,Synthetic settlement for SYNTH-BATCH-USD-2026-01-07-0006
SYNTH-BANK-001156,SYNTH-BATCH-USD-2026-01-07-0007,2026-01-07T00:09:40Z,27362.91,USD,SYNTH-BANK-REF-001156,Synthetic settlement for SYNTH-BATCH-USD-2026-01-07-0007
SYNTH-BANK-001157,SYNTH-BATCH-USD-2026-01-07-0008,2026-01-06T23:53:29Z,27694.38,USD,SYNTH-BANK-REF-001157,Synthetic settlement for SYNTH-BATCH-USD-2026-01-07-0008
SYNTH-BANK-001158,SYNTH-BATCH-USD-2026-01-07-0009,2026-01-06T23:33:45Z,24030.89,USD,SYNTH-BANK-REF-001158,Synthetic settlement for SYNTH-BATCH-USD-2026-01-07-0009
SYNTH-BANK-001159,SYNTH-BATCH-USD-2026-01-07-0010,2026-01-06T23:14:25Z,25728.01,USD,SYNTH-BANK-REF-001159,Synthetic settlement for SYNTH-BATCH-USD-2026-01-07-0010
SYNTH-BANK-001160,SYNTH-BATCH-USD-2026-01-07-0011,2026-01-07T00:04:07Z,23595.92,USD,SYNTH-BANK-REF-001160,Synthetic settlement for SYNTH-BATCH-USD-2026-01-07-0011
SYNTH-BANK-001161,SYNTH-BATCH-USD-2026-01-07-0012,2026-01-06T23:12:53Z,23687.67,USD,SYNTH-BANK-REF-001161,Synthetic settlement for SYNTH-BATCH-USD-2026-01-07-0012
SYNTH-BANK-001162,SYNTH-BATCH-USD-2026-01-08-0000,2026-01-07T23:41:24Z,21311.23,USD,SYNTH-BANK-REF-001162,Synthetic settlement for SYNTH-BATCH-USD-2026-01-08-0000
SYNTH-BANK-001163,SYNTH-BATCH-USD-2026-01-08-0001,2026-01-07T22:56:42Z,26786.25,USD,SYNTH-BANK-REF-001163,Synthetic settlement for SYNTH-BATCH-USD-2026-01-08-0001
SYNTH-BANK-001164,SYNTH-BATCH-USD-2026-01-08-0002,2026-01-07T23:23:09Z,21166.35,USD,SYNTH-BANK-REF-001164,Synthetic settlement for SYNTH-BATCH-USD-2026-01-08-0002
SYNTH-BANK-001165,SYNTH-BATCH-USD-2026-01-08-0003,2026-01-07T23:01:37Z,19363.51,USD,SYNTH-BANK-REF-001165,Synthetic settlement for SYNTH-BATCH-USD-2026-01-08-0003
SYNTH-BANK-001166,SYNTH-BATCH-USD-2026-01-08-0004,2026-01-07T22:56:32Z,27997.92,USD,SYNTH-BANK-REF-001166,Synthetic settlement for SYNTH-BATCH-USD-2026-01-08-0004
SYNTH-BANK-001167,SYNTH-BATCH-USD-2026-01-08-0005,2026-01-07T23:31:27Z,26674.97,USD,SYNTH-BANK-REF-001167,Synthetic settlement for SYNTH-BATCH-USD-2026-01-08-0005
SYNTH-BANK-001168,SYNTH-BATCH-USD-2026-01-08-0006,2026-01-07T22:05:02Z,19857.37,USD,SYNTH-BANK-REF-001168,Synthetic settlement for SYNTH-BATCH-USD-2026-01-08-0006
SYNTH-BANK-001169,SYNTH-BATCH-USD-2026-01-08-0007,2026-01-08T00:04:02Z,19860.69,USD,SYNTH-BANK-REF-001169,Synthetic settlement for SYNTH-BATCH-USD-2026-01-08-0007
SYNTH-BANK-001170,SYNTH-BATCH-USD-2026-01-08-0008,2026-01-07T23:22:46Z,25029.51,USD,SYNTH-BANK-REF-001170,Synthetic settlement for SYNTH-BATCH-USD-2026-01-08-0008
SYNTH-BANK-001171,SYNTH-BATCH-USD-2026-01-08-0009,2026-01-08T00:04:46Z,18180.40,USD,SYNTH-BANK-REF-001171,Synthetic settlement for SYNTH-BATCH-USD-2026-01-08-0009
SYNTH-BANK-001172,SYNTH-BATCH-USD-2026-01-08-0010,2026-01-07T22:44:08Z,24997.23,USD,SYNTH-BANK-REF-001172,Synthetic settlement for SYNTH-BATCH-USD-2026-01-08-0010
SYNTH-BANK-001173,SYNTH-BATCH-USD-2026-01-08-0011,2026-01-07T23:51:39Z,25749.45,USD,SYNTH-BANK-REF-001173,Synthetic settlement for SYNTH-BATCH-USD-2026-01-08-0011
SYNTH-BANK-001174,SYNTH-BATCH-USD-2026-01-08-0012,2026-01-07T23:33:50Z,27997.60,USD,SYNTH-BANK-REF-001174,Synthetic settlement for SYNTH-BATCH-USD-2026-01-08-0012
SYNTH-BANK-001175,SYNTH-BATCH-USD-2026-01-09-0000,2026-01-08T23:32:10Z,22189.94,USD,SYNTH-BANK-REF-001175,Synthetic settlement for SYNTH-BATCH-USD-2026-01-09-0000
SYNTH-BANK-001176,SYNTH-BATCH-USD-2026-01-09-0001,2026-01-08T23:11:01Z,32479.50,USD,SYNTH-BANK-REF-001176,Synthetic settlement for SYNTH-BATCH-USD-2026-01-09-0001
SYNTH-BANK-001177,SYNTH-BATCH-USD-2026-01-09-0002,2026-01-08T23:56:06Z,23741.80,USD,SYNTH-BANK-REF-001177,Synthetic settlement for SYNTH-BATCH-USD-2026-01-09-0002
SYNTH-BANK-001178,SYNTH-BATCH-USD-2026-01-09-0003,2026-01-08T23:29:19Z,29739.93,USD,SYNTH-BANK-REF-001178,Synthetic settlement for SYNTH-BATCH-USD-2026-01-09-0003
SYNTH-BANK-001179,SYNTH-BATCH-USD-2026-01-09-0004,2026-01-09T00:00:06Z,25609.51,USD,SYNTH-BANK-REF-001179,Synthetic settlement for SYNTH-BATCH-USD-2026-01-09-0004
SYNTH-BANK-001180,SYNTH-BATCH-USD-2026-01-09-0005,2026-01-08T22:31:39Z,18627.99,USD,SYNTH-BANK-REF-001180,Synthetic settlement for SYNTH-BATCH-USD-2026-01-09-0005
SYNTH-BANK-001181,SYNTH-BATCH-USD-2026-01-09-0006,2026-01-08T23:10:38Z,23316.28,USD,SYNTH-BANK-REF-001181,Synthetic settlement for SYNTH-BATCH-USD-2026-01-09-0006
SYNTH-BANK-001182,SYNTH-BATCH-USD-2026-01-09-0007,2026-01-08T23:55:50Z,19776.61,USD,SYNTH-BANK-REF-001182,Synthetic settlement for SYNTH-BATCH-USD-2026-01-09-0007
SYNTH-BANK-001183,SYNTH-BATCH-USD-2026-01-09-0008,2026-01-08T23:22:55Z,27569.65,USD,SYNTH-BANK-REF-001183,Synthetic settlement for SYNTH-BATCH-USD-2026-01-09-0008
SYNTH-BANK-001184,SYNTH-BATCH-USD-2026-01-09-0009,2026-01-09T00:00:41Z,27696.08,USD,SYNTH-BANK-REF-001184,Synthetic settlement for SYNTH-BATCH-USD-2026-01-09-0009
SYNTH-BANK-001185,SYNTH-BATCH-USD-2026-01-09-0010,2026-01-08T23:45:34Z,23141.44,USD,SYNTH-BANK-REF-001185,Synthetic settlement for SYNTH-BATCH-USD-2026-01-09-0010
SYNTH-BANK-001186,SYNTH-BATCH-USD-2026-01-09-0011,2026-01-08T23:18:54Z,23080.18,USD,SYNTH-BANK-REF-001186,Synthetic settlement for SYNTH-BATCH-USD-2026-01-09-0011
SYNTH-BANK-001187,SYNTH-BATCH-USD-2026-01-09-0012,2026-01-08T22:33:10Z,22292.04,USD,SYNTH-BANK-REF-001187,Synthetic settlement for SYNTH-BATCH-USD-2026-01-09-0012
SYNTH-BANK-001188,SYNTH-BATCH-USD-2026-01-10-0000,2026-01-09T22:59:31Z,24397.66,USD,SYNTH-BANK-REF-001188,Synthetic settlement for SYNTH-BATCH-USD-2026-01-10-0000
SYNTH-BANK-001189,SYNTH-BATCH-USD-2026-01-10-0001,2026-01-10T00:01:45Z,23843.01,USD,SYNTH-BANK-REF-001189,Synthetic settlement for SYNTH-BATCH-USD-2026-01-10-0001
SYNTH-BANK-001190,SYNTH-BATCH-USD-2026-01-10-0002,2026-01-09T23:16:36Z,18172.91,USD,SYNTH-BANK-REF-001190,Synthetic settlement for SYNTH-BATCH-USD-2026-01-10-0002
SYNTH-BANK-001191,SYNTH-BATCH-USD-2026-01-10-0003,2026-01-09T23:21:26Z,24952.23,USD,SYNTH-BANK-REF-001191,Synthetic settlement for SYNTH-BATCH-USD-2026-01-10-0003
SYNTH-BANK-001192,SYNTH-BATCH-USD-2026-01-10-0004,2026-01-09T22:37:01Z,18785.99,USD,SYNTH-BANK-REF-001192,Synthetic settlement for SYNTH-BATCH-USD-2026-01-10-0004
SYNTH-BANK-001193,SYNTH-BATCH-USD-2026-01-10-0005,2026-01-09T23:16:07Z,25597.27,USD,SYNTH-BANK-REF-001193,Synthetic settlement for SYNTH-BATCH-USD-2026-01-10-0005
SYNTH-BANK-001194,SYNTH-BATCH-USD-2026-01-10-0006,2026-01-09T23:12:44Z,25677.80,USD,SYNTH-BANK-REF-001194,Synthetic settlement for SYNTH-BATCH-USD-2026-01-10-0006
SYNTH-BANK-001195,SYNTH-BATCH-USD-2026-01-10-0007,2026-01-09T23:19:38Z,24743.65,USD,SYNTH-BANK-REF-001195,Synthetic settlement for SYNTH-BATCH-USD-2026-01-10-0007
SYNTH-BANK-001196,SYNTH-BATCH-USD-2026-01-10-0008,2026-01-09T21:30:01Z,21332.38,USD,SYNTH-BANK-REF-001196,Synthetic settlement for SYNTH-BATCH-USD-2026-01-10-0008
SYNTH-BANK-001197,SYNTH-BATCH-USD-2026-01-10-0009,2026-01-09T21:17:53Z,25397.75,USD,SYNTH-BANK-REF-001197,Synthetic settlement for SYNTH-BATCH-USD-2026-01-10-0009
SYNTH-BANK-001198,SYNTH-BATCH-USD-2026-01-10-0010,2026-01-09T23:09:09Z,21751.82,USD,SYNTH-BANK-REF-001198,Synthetic settlement for SYNTH-BATCH-USD-2026-01-10-0010
SYNTH-BANK-001199,SYNTH-BATCH-USD-2026-01-10-0011,2026-01-09T23:01:32Z,23647.30,USD,SYNTH-BANK-REF-001199,Synthetic settlement for SYNTH-BATCH-USD-2026-01-10-0011
SYNTH-BANK-001200,SYNTH-BATCH-USD-2026-01-10-0012,2026-01-09T23:49:44Z,19726.11,USD,SYNTH-BANK-REF-001200,Synthetic settlement for SYNTH-BATCH-USD-2026-01-10-0012
SYNTH-BANK-001201,SYNTH-BATCH-USD-2026-01-11-0000,2026-01-10T23:51:33Z,17462.64,USD,SYNTH-BANK-REF-001201,Synthetic settlement for SYNTH-BATCH-USD-2026-01-11-0000
SYNTH-BANK-001202,SYNTH-BATCH-USD-2026-01-11-0001,2026-01-10T23:07:00Z,26269.02,USD,SYNTH-BANK-REF-001202,Synthetic settlement for SYNTH-BATCH-USD-2026-01-11-0001
SYNTH-BANK-001203,SYNTH-BATCH-USD-2026-01-11-0002,2026-01-10T23:03:45Z,19871.34,USD,SYNTH-BANK-REF-001203,Synthetic settlement for SYNTH-BATCH-USD-2026-01-11-0002
SYNTH-BANK-001204,SYNTH-BATCH-USD-2026-01-11-0003,2026-01-10T23:03:02Z,23944.89,USD,SYNTH-BANK-REF-001204,Synthetic settlement for SYNTH-BATCH-USD-2026-01-11-0003
SYNTH-BANK-001205,SYNTH-BATCH-USD-2026-01-11-0004,2026-01-10T23:36:26Z,24489.88,USD,SYNTH-BANK-REF-001205,Synthetic settlement for SYNTH-BATCH-USD-2026-01-11-0004
SYNTH-BANK-001206,SYNTH-BATCH-USD-2026-01-11-0005,2026-01-10T23:58:28Z,26219.49,USD,SYNTH-BANK-REF-001206,Synthetic settlement for SYNTH-BATCH-USD-2026-01-11-0005
SYNTH-BANK-001207,SYNTH-BATCH-USD-2026-01-11-0006,2026-01-10T23:24:54Z,22799.70,USD,SYNTH-BANK-REF-001207,Synthetic settlement for SYNTH-BATCH-USD-2026-01-11-0006
SYNTH-BANK-001208,SYNTH-BATCH-USD-2026-01-11-0007,2026-01-10T22:14:54Z,27856.10,USD,SYNTH-BANK-REF-001208,Synthetic settlement for SYNTH-BATCH-USD-2026-01-11-0007
SYNTH-BANK-001209,SYNTH-BATCH-USD-2026-01-11-0008,2026-01-10T22:44:04Z,22924.58,USD,SYNTH-BANK-REF-001209,Synthetic settlement for SYNTH-BATCH-USD-2026-01-11-0008
SYNTH-BANK-001210,SYNTH-BATCH-USD-2026-01-11-0009,2026-01-10T23:35:29Z,35033.00,USD,SYNTH-BANK-REF-001210,Synthetic settlement for SYNTH-BATCH-USD-2026-01-11-0009
SYNTH-BANK-001211,SYNTH-BATCH-USD-2026-01-11-0010,2026-01-10T22:59:25Z,23408.15,USD,SYNTH-BANK-REF-001211,Synthetic settlement for SYNTH-BATCH-USD-2026-01-11-0010
SYNTH-BANK-001212,SYNTH-BATCH-USD-2026-01-11-0011,2026-01-10T23:20:40Z,31201.20,USD,SYNTH-BANK-REF-001212,Synthetic settlement for SYNTH-BATCH-USD-2026-01-11-0011
SYNTH-BANK-001213,SYNTH-BATCH-USD-2026-01-11-0012,2026-01-10T23:38:40Z,18234.72,USD,SYNTH-BANK-REF-001213,Synthetic settlement for SYNTH-BATCH-USD-2026-01-11-0012
SYNTH-BANK-001214,SYNTH-BATCH-USD-2026-01-12-0000,2026-01-11T23:19:31Z,21048.34,USD,SYNTH-BANK-REF-001214,Synthetic settlement for SYNTH-BATCH-USD-2026-01-12-0000
SYNTH-BANK-001215,SYNTH-BATCH-USD-2026-01-12-0001,2026-01-11T23:15:34Z,18256.49,USD,SYNTH-BANK-REF-001215,Synthetic settlement for SYNTH-BATCH-USD-2026-01-12-0001
SYNTH-BANK-001216,SYNTH-BATCH-USD-2026-01-12-0002,2026-01-11T23:57:57Z,26774.31,USD,SYNTH-BANK-REF-001216,Synthetic settlement for SYNTH-BATCH-USD-2026-01-12-0002
SYNTH-BANK-001217,SYNTH-BATCH-USD-2026-01-12-0003,2026-01-11T23:00:53Z,18434.14,USD,SYNTH-BANK-REF-001217,Synthetic settlement for SYNTH-BATCH-USD-2026-01-12-0003
SYNTH-BANK-001218,SYNTH-BATCH-USD-2026-01-12-0004,2026-01-11T22:44:54Z,23839.44,USD,SYNTH-BANK-REF-001218,Synthetic settlement for SYNTH-BATCH-USD-2026-01-12-0004
SYNTH-BANK-001219,SYNTH-BATCH-USD-2026-01-12-0005,2026-01-11T22:44:07Z,27369.56,USD,SYNTH-BANK-REF-001219,Synthetic settlement for SYNTH-BATCH-USD-2026-01-12-0005
SYNTH-BANK-001220,SYNTH-BATCH-USD-2026-01-12-0006,2026-01-11T21:38:27Z,26016.41,USD,SYNTH-BANK-REF-001220,Synthetic settlement for SYNTH-BATCH-USD-2026-01-12-0006
SYNTH-BANK-001221,SYNTH-BATCH-USD-2026-01-12-0007,2026-01-11T22:47:40Z,21142.62,USD,SYNTH-BANK-REF-001221,Synthetic settlement for SYNTH-BATCH-USD-2026-01-12-0007
SYNTH-BANK-001222,SYNTH-BATCH-USD-2026-01-12-0008,2026-01-11T23:17:49Z,25490.34,USD,SYNTH-BANK-REF-001222,Synthetic settlement for SYNTH-BATCH-USD-2026-01-12-0008
SYNTH-BANK-001223,SYNTH-BATCH-USD-2026-01-12-0009,2026-01-11T23:34:56Z,22579.23,USD,SYNTH-BANK-REF-001223,Synthetic settlement for SYNTH-BATCH-USD-2026-01-12-0009
SYNTH-BANK-001224,SYNTH-BATCH-USD-2026-01-12-0010,2026-01-12T00:01:33Z,24922.35,USD,SYNTH-BANK-REF-001224,Synthetic settlement for SYNTH-BATCH-USD-2026-01-12-0010
SYNTH-BANK-001225,SYNTH-BATCH-USD-2026-01-12-0011,2026-01-11T23:27:10Z,27431.63,USD,SYNTH-BANK-REF-001225,Synthetic settlement for SYNTH-BATCH-USD-2026-01-12-0011
SYNTH-BANK-001226,SYNTH-BATCH-USD-2026-01-12-0012,2026-01-11T23:15:16Z,22568.68,USD,SYNTH-BANK-REF-001226,Synthetic settlement for SYNTH-BATCH-USD-2026-01-12-0012
SYNTH-BANK-001227,SYNTH-BATCH-USD-2026-01-13-0000,2026-01-12T23:06:37Z,24488.02,USD,SYNTH-BANK-REF-001227,Synthetic settlement for SYNTH-BATCH-USD-2026-01-13-0000
SYNTH-BANK-001228,SYNTH-BATCH-USD-2026-01-13-0001,2026-01-12T22:52:23Z,23048.26,USD,SYNTH-BANK-REF-001228,Synthetic settlement for SYNTH-BATCH-USD-2026-01-13-0001
SYNTH-BANK-001229,SYNTH-BATCH-USD-2026-01-13-0002,2026-01-12T23:21:25Z,22338.56,USD,SYNTH-BANK-REF-001229,Synthetic settlement for SYNTH-BATCH-USD-2026-01-13-0002
SYNTH-BANK-001230,SYNTH-BATCH-USD-2026-01-13-0003,2026-01-12T23:51:59Z,27950.37,USD,SYNTH-BANK-REF-001230,Synthetic settlement for SYNTH-BATCH-USD-2026-01-13-0003
SYNTH-BANK-001231,SYNTH-BATCH-USD-2026-01-13-0004,2026-01-13T00:08:31Z,21701.43,USD,SYNTH-BANK-REF-001231,Synthetic settlement for SYNTH-BATCH-USD-2026-01-13-0004
SYNTH-BANK-001232,SYNTH-BATCH-USD-2026-01-13-0005,2026-01-12T22:18:41Z,20750.81,USD,SYNTH-BANK-REF-001232,Synthetic settlement for SYNTH-BATCH-USD-2026-01-13-0005
SYNTH-BANK-001233,SYNTH-BATCH-USD-2026-01-13-0006,2026-01-13T00:07:08Z,26039.34,USD,SYNTH-BANK-REF-001233,Synthetic settlement for SYNTH-BATCH-USD-2026-01-13-0006
SYNTH-BANK-001234,SYNTH-BATCH-USD-2026-01-13-0007,2026-01-12T23:59:00Z,21598.14,USD,SYNTH-BANK-REF-001234,Synthetic settlement for SYNTH-BATCH-USD-2026-01-13-0007
SYNTH-BANK-001235,SYNTH-BATCH-USD-2026-01-13-0008,2026-01-12T23:49:35Z,26253.41,USD,SYNTH-BANK-REF-001235,Synthetic settlement for SYNTH-BATCH-USD-2026-01-13-0008
SYNTH-BANK-001236,SYNTH-BATCH-USD-2026-01-13-0009,2026-01-12T23:54:55Z,20045.68,USD,SYNTH-BANK-REF-001236,Synthetic settlement for SYNTH-BATCH-USD-2026-01-13-0009
SYNTH-BANK-001237,SYNTH-BATCH-USD-2026-01-13-0010,2026-01-12T23:36:44Z,27215.45,USD,SYNTH-BANK-REF-001237,Synthetic settlement for SYNTH-BATCH-USD-2026-01-13-0010
SYNTH-BANK-001238,SYNTH-BATCH-USD-2026-01-13-0011,2026-01-12T22:46:11Z,17147.92,USD,SYNTH-BANK-REF-001238,Synthetic settlement for SYNTH-BATCH-USD-2026-01-13-0011
SYNTH-BANK-001239,SYNTH-BATCH-USD-2026-01-13-0012,2026-01-12T22:56:58Z,23492.24,USD,SYNTH-BANK-REF-001239,Synthetic settlement for SYNTH-BATCH-USD-2026-01-13-0012
SYNTH-BANK-001240,SYNTH-BATCH-USD-2026-01-14-0000,2026-01-13T23:27:38Z,26973.16,USD,SYNTH-BANK-REF-001240,Synthetic settlement for SYNTH-BATCH-USD-2026-01-14-0000
SYNTH-BANK-001241,SYNTH-BATCH-USD-2026-01-14-0001,2026-01-13T23:35:47Z,20851.81,USD,SYNTH-BANK-REF-001241,Synthetic settlement for SYNTH-BATCH-USD-2026-01-14-0001
SYNTH-BANK-001242,SYNTH-BATCH-USD-2026-01-14-0002,2026-01-13T23:26:03Z,24676.47,USD,SYNTH-BANK-REF-001242,Synthetic settlement for SYNTH-BATCH-USD-2026-01-14-0002
SYNTH-BANK-001243,SYNTH-BATCH-USD-2026-01-14-0003,2026-01-13T22:46:11Z,21948.86,USD,SYNTH-BANK-REF-001243,Synthetic settlement for SYNTH-BATCH-USD-2026-01-14-0003
SYNTH-BANK-001244,SYNTH-BATCH-USD-2026-01-14-0004,2026-01-13T22:57:03Z,27646.64,USD,SYNTH-BANK-REF-001244,Synthetic settlement for SYNTH-BATCH-USD-2026-01-14-0004
SYNTH-BANK-001245,SYNTH-BATCH-USD-2026-01-14-0005,2026-01-13T23:22:42Z,25587.85,USD,SYNTH-BANK-REF-001245,Synthetic settlement for SYNTH-BATCH-USD-2026-01-14-0005
SYNTH-BANK-001246,SYNTH-BATCH-USD-2026-01-14-0006,2026-01-13T23:24:33Z,22515.48,USD,SYNTH-BANK-REF-001246,Synthetic settlement for SYNTH-BATCH-USD-2026-01-14-0006
SYNTH-BANK-001247,SYNTH-BATCH-USD-2026-01-14-0007,2026-01-13T23:42:44Z,25572.20,USD,SYNTH-BANK-REF-001247,Synthetic settlement for SYNTH-BATCH-USD-2026-01-14-0007
SYNTH-BANK-001248,SYNTH-BATCH-USD-2026-01-14-0008,2026-01-13T21:55:10Z,29978.44,USD,SYNTH-BANK-REF-001248,Synthetic settlement for SYNTH-BATCH-USD-2026-01-14-0008
SYNTH-BANK-001249,SYNTH-BATCH-USD-2026-01-14-0009,2026-01-13T23:44:41Z,20185.57,USD,SYNTH-BANK-REF-001249,Synthetic settlement for SYNTH-BATCH-USD-2026-01-14-0009
SYNTH-BANK-001250,SYNTH-BATCH-USD-2026-01-14-0010,2026-01-13T23:48:25Z,26790.71,USD,SYNTH-BANK-REF-001250,Synthetic settlement for SYNTH-BATCH-USD-2026-01-14-0010
SYNTH-BANK-001251,SYNTH-BATCH-USD-2026-01-14-0011,2026-01-13T23:45:02Z,18560.50,USD,SYNTH-BANK-REF-001251,Synthetic settlement for SYNTH-BATCH-USD-2026-01-14-0011
SYNTH-BANK-001252,SYNTH-BATCH-USD-2026-01-14-0012,2026-01-13T23:24:09Z,25357.31,USD,SYNTH-BANK-REF-001252,Synthetic settlement for SYNTH-BATCH-USD-2026-01-14-0012
SYNTH-BANK-001253,SYNTH-BATCH-USD-2026-01-15-0000,2026-01-14T23:32:28Z,22568.34,USD,SYNTH-BANK-REF-001253,Synthetic settlement for SYNTH-BATCH-USD-2026-01-15-0000
SYNTH-BANK-001254,SYNTH-BATCH-USD-2026-01-15-0001,2026-01-14T23:04:59Z,22982.89,USD,SYNTH-BANK-REF-001254,Synthetic settlement for SYNTH-BATCH-USD-2026-01-15-0001
SYNTH-BANK-001255,SYNTH-BATCH-USD-2026-01-15-0002,2026-01-14T23:32:42Z,22921.67,USD,SYNTH-BANK-REF-001255,Synthetic settlement for SYNTH-BATCH-USD-2026-01-15-0002
SYNTH-BANK-001256,SYNTH-BATCH-USD-2026-01-15-0003,2026-01-14T23:16:04Z,14962.29,USD,SYNTH-BANK-REF-001256,Synthetic settlement for SYNTH-BATCH-USD-2026-01-15-0003
SYNTH-BANK-001257,SYNTH-BATCH-USD-2026-01-15-0004,2026-01-14T23:19:12Z,19935.48,USD,SYNTH-BANK-REF-001257,Synthetic settlement for SYNTH-BATCH-USD-2026-01-15-0004
SYNTH-BANK-001258,SYNTH-BATCH-USD-2026-01-15-0005,2026-01-15T00:01:46Z,20858.13,USD,SYNTH-BANK-REF-001258,Synthetic settlement for SYNTH-BATCH-USD-2026-01-15-0005
SYNTH-BANK-001259,SYNTH-BATCH-USD-2026-01-15-0006,2026-01-14T23:20:58Z,23709.38,USD,SYNTH-BANK-REF-001259,Synthetic settlement for SYNTH-BATCH-USD-2026-01-15-0006
SYNTH-BANK-001260,SYNTH-BATCH-USD-2026-01-15-0007,2026-01-14T22:12:38Z,18069.66,USD,SYNTH-BANK-REF-001260,Synthetic settlement for SYNTH-BATCH-USD-2026-01-15-0007
SYNTH-BANK-001261,SYNTH-BATCH-USD-2026-01-15-0008,2026-01-14T23:37:10Z,27908.14,USD,SYNTH-BANK-REF-001261,Synthetic settlement for SYNTH-BATCH-USD-2026-01-15-0008
SYNTH-BANK-001262,SYNTH-BATCH-USD-2026-01-15-0009,2026-01-14T23:10:30Z,25373.64,USD,SYNTH-BANK-REF-001262,Synthetic settlement for SYNTH-BATCH-USD-2026-01-15-0009
SYNTH-BANK-001263,SYNTH-BATCH-USD-2026-01-15-0010,2026-01-14T23:59:33Z,20457.07,USD,SYNTH-BANK-REF-001263,Synthetic settlement for SYNTH-BATCH-USD-2026-01-15-0010
SYNTH-BANK-001264,SYNTH-BATCH-USD-2026-01-15-0011,2026-01-15T00:09:34Z,21168.10,USD,SYNTH-BANK-REF-001264,Synthetic settlement for SYNTH-BATCH-USD-2026-01-15-0011
SYNTH-BANK-001265,SYNTH-BATCH-USD-2026-01-15-0012,2026-01-14T23:17:53Z,25636.59,USD,SYNTH-BANK-REF-001265,Synthetic settlement for SYNTH-BATCH-USD-2026-01-15-0012
SYNTH-BANK-001266,SYNTH-BATCH-USD-2026-01-16-0000,2026-01-15T23:46:48Z,20028.81,USD,SYNTH-BANK-REF-001266,Synthetic settlement for SYNTH-BATCH-USD-2026-01-16-0000
SYNTH-BANK-001267,SYNTH-BATCH-USD-2026-01-16-0001,2026-01-15T23:02:48Z,24917.43,USD,SYNTH-BANK-REF-001267,Synthetic settlement for SYNTH-BATCH-USD-2026-01-16-0001
SYNTH-BANK-001268,SYNTH-BATCH-USD-2026-01-16-0002,2026-01-15T23:43:56Z,27380.84,USD,SYNTH-BANK-REF-001268,Synthetic settlement for SYNTH-BATCH-USD-2026-01-16-0002
SYNTH-BANK-001269,SYNTH-BATCH-USD-2026-01-16-0003,2026-01-15T23:44:19Z,21538.87,USD,SYNTH-BANK-REF-001269,Synthetic settlement for SYNTH-BATCH-USD-2026-01-16-0003
SYNTH-BANK-001270,SYNTH-BATCH-USD-2026-01-16-0004,2026-01-15T23:37:56Z,21644.21,USD,SYNTH-BANK-REF-001270,Synthetic settlement for SYNTH-BATCH-USD-2026-01-16-0004
SYNTH-BANK-001271,SYNTH-BATCH-USD-2026-01-16-0005,2026-01-15T23:49:16Z,19606.93,USD,SYNTH-BANK-REF-001271,Synthetic settlement for SYNTH-BATCH-USD-2026-01-16-0005
SYNTH-BANK-001272,SYNTH-BATCH-USD-2026-01-16-0006,2026-01-16T00:03:37Z,29386.35,USD,SYNTH-BANK-REF-001272,Synthetic settlement for SYNTH-BATCH-USD-2026-01-16-0006
SYNTH-BANK-001273,SYNTH-BATCH-USD-2026-01-16-0007,2026-01-16T00:03:43Z,21712.80,USD,SYNTH-BANK-REF-001273,Synthetic settlement for SYNTH-BATCH-USD-2026-01-16-0007
SYNTH-BANK-001274,SYNTH-BATCH-USD-2026-01-16-0008,2026-01-15T23:38:50Z,19534.08,USD,SYNTH-BANK-REF-001274,Synthetic settlement for SYNTH-BATCH-USD-2026-01-16-0008
SYNTH-BANK-001275,SYNTH-BATCH-USD-2026-01-16-0009,2026-01-15T23:16:40Z,22187.76,USD,SYNTH-BANK-REF-001275,Synthetic settlement for SYNTH-BATCH-USD-2026-01-16-0009
SYNTH-BANK-001276,SYNTH-BATCH-USD-2026-01-16-0010,2026-01-15T23:40:27Z,27303.38,USD,SYNTH-BANK-REF-001276,Synthetic settlement for SYNTH-BATCH-USD-2026-01-16-0010
SYNTH-BANK-001277,SYNTH-BATCH-USD-2026-01-16-0011,2026-01-15T23:08:40Z,26957.18,USD,SYNTH-BANK-REF-001277,Synthetic settlement for SYNTH-BATCH-USD-2026-01-16-0011
SYNTH-BANK-001278,SYNTH-BATCH-USD-2026-01-16-0012,2026-01-15T22:34:04Z,19181.71,USD,SYNTH-BANK-REF-001278,Synthetic settlement for SYNTH-BATCH-USD-2026-01-16-0012
SYNTH-BANK-001279,SYNTH-BATCH-USD-2026-01-17-0000,2026-01-16T23:16:05Z,25791.05,USD,SYNTH-BANK-REF-001279,Synthetic settlement for SYNTH-BATCH-USD-2026-01-17-0000
SYNTH-BANK-001280,SYNTH-BATCH-USD-2026-01-17-0001,2026-01-16T23:11:43Z,21115.93,USD,SYNTH-BANK-REF-001280,Synthetic settlement for SYNTH-BATCH-USD-2026-01-17-0001
SYNTH-BANK-001281,SYNTH-BATCH-USD-2026-01-17-0002,2026-01-17T00:04:04Z,32500.35,USD,SYNTH-BANK-REF-001281,Synthetic settlement for SYNTH-BATCH-USD-2026-01-17-0002
SYNTH-BANK-001282,SYNTH-BATCH-USD-2026-01-17-0003,2026-01-16T22:59:16Z,24573.01,USD,SYNTH-BANK-REF-001282,Synthetic settlement for SYNTH-BATCH-USD-2026-01-17-0003
SYNTH-BANK-001283,SYNTH-BATCH-USD-2026-01-17-0004,2026-01-16T22:55:28Z,24496.05,USD,SYNTH-BANK-REF-001283,Synthetic settlement for SYNTH-BATCH-USD-2026-01-17-0004
SYNTH-BANK-001284,SYNTH-BATCH-USD-2026-01-17-0005,2026-01-16T22:17:24Z,15895.57,USD,SYNTH-BANK-REF-001284,Synthetic settlement for SYNTH-BATCH-USD-2026-01-17-0005
SYNTH-BANK-001285,SYNTH-BATCH-USD-2026-01-17-0006,2026-01-17T00:05:53Z,28912.82,USD,SYNTH-BANK-REF-001285,Synthetic settlement for SYNTH-BATCH-USD-2026-01-17-0006
SYNTH-BANK-001286,SYNTH-BATCH-USD-2026-01-17-0007,2026-01-16T23:56:19Z,19341.94,USD,SYNTH-BANK-REF-001286,Synthetic settlement for SYNTH-BATCH-USD-2026-01-17-0007
SYNTH-BANK-001287,SYNTH-BATCH-USD-2026-01-17-0008,2026-01-16T23:58:08Z,25629.94,USD,SYNTH-BANK-REF-001287,Synthetic settlement for SYNTH-BATCH-USD-2026-01-17-0008
SYNTH-BANK-001288,SYNTH-BATCH-USD-2026-01-17-0009,2026-01-17T00:02:48Z,22875.36,USD,SYNTH-BANK-REF-001288,Synthetic settlement for SYNTH-BATCH-USD-2026-01-17-0009
SYNTH-BANK-001289,SYNTH-BATCH-USD-2026-01-17-0010,2026-01-16T23:53:55Z,22764.74,USD,SYNTH-BANK-REF-001289,Synthetic settlement for SYNTH-BATCH-USD-2026-01-17-0010
SYNTH-BANK-001290,SYNTH-BATCH-USD-2026-01-17-0011,2026-01-16T23:36:45Z,22975.91,USD,SYNTH-BANK-REF-001290,Synthetic settlement for SYNTH-BATCH-USD-2026-01-17-0011
SYNTH-BANK-001291,SYNTH-BATCH-USD-2026-01-17-0012,2026-01-16T22:54:31Z,24023.10,USD,SYNTH-BANK-REF-001291,Synthetic settlement for SYNTH-BATCH-USD-2026-01-17-0012
SYNTH-BANK-001292,SYNTH-BATCH-USD-2026-01-18-0000,2026-01-17T23:16:44Z,30077.91,USD,SYNTH-BANK-REF-001292,Synthetic settlement for SYNTH-BATCH-USD-2026-01-18-0000
SYNTH-BANK-001293,SYNTH-BATCH-USD-2026-01-18-0001,2026-01-17T23:35:01Z,24692.64,USD,SYNTH-BANK-REF-001293,Synthetic settlement for SYNTH-BATCH-USD-2026-01-18-0001
SYNTH-BANK-001294,SYNTH-BATCH-USD-2026-01-18-0002,2026-01-18T00:01:10Z,20873.24,USD,SYNTH-BANK-REF-001294,Synthetic settlement for SYNTH-BATCH-USD-2026-01-18-0002
SYNTH-BANK-001295,SYNTH-BATCH-USD-2026-01-18-0003,2026-01-17T22:52:33Z,24790.97,USD,SYNTH-BANK-REF-001295,Synthetic settlement for SYNTH-BATCH-USD-2026-01-18-0003
SYNTH-BANK-001296,SYNTH-BATCH-USD-2026-01-18-0004,2026-01-17T22:55:48Z,22611.50,USD,SYNTH-BANK-REF-001296,Synthetic settlement for SYNTH-BATCH-USD-2026-01-18-0004
SYNTH-BANK-001297,SYNTH-BATCH-USD-2026-01-18-0005,2026-01-18T00:08:24Z,26151.06,USD,SYNTH-BANK-REF-001297,Synthetic settlement for SYNTH-BATCH-USD-2026-01-18-0005
SYNTH-BANK-001298,SYNTH-BATCH-USD-2026-01-18-0006,2026-01-17T23:56:31Z,25977.95,USD,SYNTH-BANK-REF-001298,Synthetic settlement for SYNTH-BATCH-USD-2026-01-18-0006
SYNTH-BANK-001299,SYNTH-BATCH-USD-2026-01-18-0007,2026-01-17T23:17:42Z,25946.05,USD,SYNTH-BANK-REF-001299,Synthetic settlement for SYNTH-BATCH-USD-2026-01-18-0007
SYNTH-BANK-001300,SYNTH-BATCH-USD-2026-01-18-0008,2026-01-17T21:51:57Z,25239.97,USD,SYNTH-BANK-REF-001300,Synthetic settlement for SYNTH-BATCH-USD-2026-01-18-0008
SYNTH-BANK-001301,SYNTH-BATCH-USD-2026-01-18-0009,2026-01-17T23:47:46Z,24549.67,USD,SYNTH-BANK-REF-001301,Synthetic settlement for SYNTH-BATCH-USD-2026-01-18-0009
SYNTH-BANK-001302,SYNTH-BATCH-USD-2026-01-18-0010,2026-01-17T23:35:35Z,21820.30,USD,SYNTH-BANK-REF-001302,Synthetic settlement for SYNTH-BATCH-USD-2026-01-18-0010
SYNTH-BANK-001303,SYNTH-BATCH-USD-2026-01-18-0011,2026-01-17T23:27:58Z,25999.91,USD,SYNTH-BANK-REF-001303,Synthetic settlement for SYNTH-BATCH-USD-2026-01-18-0011
SYNTH-BANK-001304,SYNTH-BATCH-USD-2026-01-18-0012,2026-01-17T23:34:25Z,13577.87,USD,SYNTH-BANK-REF-001304,Synthetic settlement for SYNTH-BATCH-USD-2026-01-18-0012
SYNTH-BANK-001305,SYNTH-BATCH-USD-2026-01-19-0000,2026-01-18T23:43:42Z,20021.79,USD,SYNTH-BANK-REF-001305,Synthetic settlement for SYNTH-BATCH-USD-2026-01-19-0000
SYNTH-BANK-001306,SYNTH-BATCH-USD-2026-01-19-0001,2026-01-18T23:24:14Z,18235.81,USD,SYNTH-BANK-REF-001306,Synthetic settlement for SYNTH-BATCH-USD-2026-01-19-0001
SYNTH-BANK-001307,SYNTH-BATCH-USD-2026-01-19-0002,2026-01-18T22:48:26Z,25538.24,USD,SYNTH-BANK-REF-001307,Synthetic settlement for SYNTH-BATCH-USD-2026-01-19-0002
SYNTH-BANK-001308,SYNTH-BATCH-USD-2026-01-19-0003,2026-01-18T23:22:10Z,27042.09,USD,SYNTH-BANK-REF-001308,Synthetic settlement for SYNTH-BATCH-USD-2026-01-19-0003
SYNTH-BANK-001309,SYNTH-BATCH-USD-2026-01-19-0004,2026-01-18T23:09:48Z,23215.63,USD,SYNTH-BANK-REF-001309,Synthetic settlement for SYNTH-BATCH-USD-2026-01-19-0004
SYNTH-BANK-001310,SYNTH-BATCH-USD-2026-01-19-0005,2026-01-18T23:48:04Z,28351.36,USD,SYNTH-BANK-REF-001310,Synthetic settlement for SYNTH-BATCH-USD-2026-01-19-0005
SYNTH-BANK-001311,SYNTH-BATCH-USD-2026-01-19-0006,2026-01-18T23:42:08Z,19097.14,USD,SYNTH-BANK-REF-001311,Synthetic settlement for SYNTH-BATCH-USD-2026-01-19-0006
SYNTH-BANK-001312,SYNTH-BATCH-USD-2026-01-19-0007,2026-01-19T00:07:56Z,26623.18,USD,SYNTH-BANK-REF-001312,Synthetic settlement for SYNTH-BATCH-USD-2026-01-19-0007
SYNTH-BANK-001313,SYNTH-BATCH-USD-2026-01-19-0008,2026-01-18T23:20:09Z,25205.79,USD,SYNTH-BANK-REF-001313,Synthetic settlement for SYNTH-BATCH-USD-2026-01-19-0008
SYNTH-BANK-001314,SYNTH-BATCH-USD-2026-01-19-0009,2026-01-18T23:55:10Z,23914.87,USD,SYNTH-BANK-REF-001314,Synthetic settlement for SYNTH-BATCH-USD-2026-01-19-0009
SYNTH-BANK-001315,SYNTH-BATCH-USD-2026-01-19-0010,2026-01-18T23:51:29Z,17362.06,USD,SYNTH-BANK-REF-001315,Synthetic settlement for SYNTH-BATCH-USD-2026-01-19-0010
SYNTH-BANK-001316,SYNTH-BATCH-USD-2026-01-19-0011,2026-01-18T23:29:13Z,23471.45,USD,SYNTH-BANK-REF-001316,Synthetic settlement for SYNTH-BATCH-USD-2026-01-19-0011
SYNTH-BANK-001317,SYNTH-BATCH-USD-2026-01-19-0012,2026-01-18T23:32:58Z,20416.32,USD,SYNTH-BANK-REF-001317,Synthetic settlement for SYNTH-BATCH-USD-2026-01-19-0012
SYNTH-BANK-001318,SYNTH-BATCH-USD-2026-01-20-0000,2026-01-19T23:31:49Z,23314.59,USD,SYNTH-BANK-REF-001318,Synthetic settlement for SYNTH-BATCH-USD-2026-01-20-0000
SYNTH-BANK-001319,SYNTH-BATCH-USD-2026-01-20-0001,2026-01-19T23:35:09Z,28383.24,USD,SYNTH-BANK-REF-001319,Synthetic settlement for SYNTH-BATCH-USD-2026-01-20-0001
SYNTH-BANK-001320,SYNTH-BATCH-USD-2026-01-20-0002,2026-01-20T00:07:34Z,21741.12,USD,SYNTH-BANK-REF-001320,Synthetic settlement for SYNTH-BATCH-USD-2026-01-20-0002
SYNTH-BANK-001321,SYNTH-BATCH-USD-2026-01-20-0003,2026-01-19T23:30:38Z,20622.26,USD,SYNTH-BANK-REF-001321,Synthetic settlement for SYNTH-BATCH-USD-2026-01-20-0003
SYNTH-BANK-001322,SYNTH-BATCH-USD-2026-01-20-0004,2026-01-19T23:54:27Z,25475.36,USD,SYNTH-BANK-REF-001322,Synthetic settlement for SYNTH-BATCH-USD-2026-01-20-0004
SYNTH-BANK-001323,SYNTH-BATCH-USD-2026-01-20-0005,2026-01-19T22:36:06Z,27901.95,USD,SYNTH-BANK-REF-001323,Synthetic settlement for SYNTH-BATCH-USD-2026-01-20-0005
SYNTH-BANK-001324,SYNTH-BATCH-USD-2026-01-20-0006,2026-01-20T00:03:22Z,22537.28,USD,SYNTH-BANK-REF-001324,Synthetic settlement for SYNTH-BATCH-USD-2026-01-20-0006
SYNTH-BANK-001325,SYNTH-BATCH-USD-2026-01-20-0007,2026-01-19T22:33:44Z,24280.35,USD,SYNTH-BANK-REF-001325,Synthetic settlement for SYNTH-BATCH-USD-2026-01-20-0007
SYNTH-BANK-001326,SYNTH-BATCH-USD-2026-01-20-0008,2026-01-19T23:23:37Z,21808.89,USD,SYNTH-BANK-REF-001326,Synthetic settlement for SYNTH-BATCH-USD-2026-01-20-0008
SYNTH-BANK-001327,SYNTH-BATCH-USD-2026-01-20-0009,2026-01-19T23:43:29Z,26504.29,USD,SYNTH-BANK-REF-001327,Synthetic settlement for SYNTH-BATCH-USD-2026-01-20-0009
SYNTH-BANK-001328,SYNTH-BATCH-USD-2026-01-20-0010,2026-01-19T23:54:53Z,24143.70,USD,SYNTH-BANK-REF-001328,Synthetic settlement for SYNTH-BATCH-USD-2026-01-20-0010
SYNTH-BANK-001329,SYNTH-BATCH-USD-2026-01-20-0011,2026-01-19T23:41:07Z,21366.22,USD,SYNTH-BANK-REF-001329,Synthetic settlement for SYNTH-BATCH-USD-2026-01-20-0011
SYNTH-BANK-001330,SYNTH-BATCH-USD-2026-01-20-0012,2026-01-19T22:46:50Z,18340.53,USD,SYNTH-BANK-REF-001330,Synthetic settlement for SYNTH-BATCH-USD-2026-01-20-0012
SYNTH-BANK-001331,SYNTH-BATCH-USD-2026-01-21-0000,2026-01-20T23:27:34Z,17667.32,USD,SYNTH-BANK-REF-001331,Synthetic settlement for SYNTH-BATCH-USD-2026-01-21-0000
SYNTH-BANK-001332,SYNTH-BATCH-USD-2026-01-21-0001,2026-01-21T00:01:02Z,32841.71,USD,SYNTH-BANK-REF-001332,Synthetic settlement for SYNTH-BATCH-USD-2026-01-21-0001
SYNTH-BANK-001333,SYNTH-BATCH-USD-2026-01-21-0002,2026-01-20T23:42:56Z,20547.50,USD,SYNTH-BANK-REF-001333,Synthetic settlement for SYNTH-BATCH-USD-2026-01-21-0002
SYNTH-BANK-001334,SYNTH-BATCH-USD-2026-01-21-0003,2026-01-20T23:49:27Z,27192.36,USD,SYNTH-BANK-REF-001334,Synthetic settlement for SYNTH-BATCH-USD-2026-01-21-0003
SYNTH-BANK-001335,SYNTH-BATCH-USD-2026-01-21-0004,2026-01-20T22:57:03Z,26292.97,USD,SYNTH-BANK-REF-001335,Synthetic settlement for SYNTH-BATCH-USD-2026-01-21-0004
SYNTH-BANK-001336,SYNTH-BATCH-USD-2026-01-21-0005,2026-01-20T22:34:33Z,26251.56,USD,SYNTH-BANK-REF-001336,Synthetic settlement for SYNTH-BATCH-USD-2026-01-21-0005
SYNTH-BANK-001337,SYNTH-BATCH-USD-2026-01-21-0006,2026-01-20T23:52:46Z,20849.37,USD,SYNTH-BANK-REF-001337,Synthetic settlement for SYNTH-BATCH-USD-2026-01-21-0006
SYNTH-BANK-001338,SYNTH-BATCH-USD-2026-01-21-0007,2026-01-20T23:57:30Z,21866.36,USD,SYNTH-BANK-REF-001338,Synthetic settlement for SYNTH-BATCH-USD-2026-01-21-0007
SYNTH-BANK-001339,SYNTH-BATCH-USD-2026-01-21-0008,2026-01-21T00:09:01Z,18898.17,USD,SYNTH-BANK-REF-001339,Synthetic settlement for SYNTH-BATCH-USD-2026-01-21-0008
SYNTH-BANK-001340,SYNTH-BATCH-USD-2026-01-21-0009,2026-01-20T23:34:43Z,24861.44,USD,SYNTH-BANK-REF-001340,Synthetic settlement for SYNTH-BATCH-USD-2026-01-21-0009
SYNTH-BANK-001341,SYNTH-BATCH-USD-2026-01-21-0010,2026-01-20T23:36:54Z,20350.61,USD,SYNTH-BANK-REF-001341,Synthetic settlement for SYNTH-BATCH-USD-2026-01-21-0010
SYNTH-BANK-001342,SYNTH-BATCH-USD-2026-01-21-0011,2026-01-20T23:10:10Z,29391.96,USD,SYNTH-BANK-REF-001342,Synthetic settlement for SYNTH-BATCH-USD-2026-01-21-0011
SYNTH-BANK-001343,SYNTH-BATCH-USD-2026-01-21-0012,2026-01-20T23:43:46Z,17662.54,USD,SYNTH-BANK-REF-001343,Synthetic settlement for SYNTH-BATCH-USD-2026-01-21-0012
SYNTH-BANK-001344,SYNTH-BATCH-USD-2026-01-22-0000,2026-01-21T23:18:31Z,22716.02,USD,SYNTH-BANK-REF-001344,Synthetic settlement for SYNTH-BATCH-USD-2026-01-22-0000
SYNTH-BANK-001345,SYNTH-BATCH-USD-2026-01-22-0001,2026-01-21T23:33:54Z,31746.78,USD,SYNTH-BANK-REF-001345,Synthetic settlement for SYNTH-BATCH-USD-2026-01-22-0001
SYNTH-BANK-001346,SYNTH-BATCH-USD-2026-01-22-0002,2026-01-21T23:09:12Z,20576.67,USD,SYNTH-BANK-REF-001346,Synthetic settlement for SYNTH-BATCH-USD-2026-01-22-0002
SYNTH-BANK-001347,SYNTH-BATCH-USD-2026-01-22-0003,2026-01-21T22:40:52Z,23752.60,USD,SYNTH-BANK-REF-001347,Synthetic settlement for SYNTH-BATCH-USD-2026-01-22-0003
SYNTH-BANK-001348,SYNTH-BATCH-USD-2026-01-22-0004,2026-01-21T23:39:09Z,23707.74,USD,SYNTH-BANK-REF-001348,Synthetic settlement for SYNTH-BATCH-USD-2026-01-22-0004
SYNTH-BANK-001349,SYNTH-BATCH-USD-2026-01-22-0005,2026-01-21T22:19:21Z,24993.27,USD,SYNTH-BANK-REF-001349,Synthetic settlement for SYNTH-BATCH-USD-2026-01-22-0005
SYNTH-BANK-001350,SYNTH-BATCH-USD-2026-01-22-0006,2026-01-22T00:07:00Z,27124.58,USD,SYNTH-BANK-REF-001350,Synthetic settlement for SYNTH-BATCH-USD-2026-01-22-0006
SYNTH-BANK-001351,SYNTH-BATCH-USD-2026-01-22-0007,2026-01-21T23:57:07Z,24666.58,USD,SYNTH-BANK-REF-001351,Synthetic settlement for SYNTH-BATCH-USD-2026-01-22-0007
SYNTH-BANK-001352,SYNTH-BATCH-USD-2026-01-22-0008,2026-01-21T22:01:54Z,22704.62,USD,SYNTH-BANK-REF-001352,Synthetic settlement for SYNTH-BATCH-USD-2026-01-22-0008
SYNTH-BANK-001353,SYNTH-BATCH-USD-2026-01-22-0009,2026-01-21T23:52:13Z,28642.15,USD,SYNTH-BANK-REF-001353,Synthetic settlement for SYNTH-BATCH-USD-2026-01-22-0009
SYNTH-BANK-001354,SYNTH-BATCH-USD-2026-01-22-0010,2026-01-21T22:47:05Z,24804.55,USD,SYNTH-BANK-REF-001354,Synthetic settlement for SYNTH-BATCH-USD-2026-01-22-0010
SYNTH-BANK-001355,SYNTH-BATCH-USD-2026-01-22-0011,2026-01-21T23:54:50Z,27878.06,USD,SYNTH-BANK-REF-001355,Synthetic settlement for SYNTH-BATCH-USD-2026-01-22-0011
SYNTH-BANK-001356,SYNTH-BATCH-USD-2026-01-22-0012,2026-01-21T23:07:26Z,22823.35,USD,SYNTH-BANK-REF-001356,Synthetic settlement for SYNTH-BATCH-USD-2026-01-22-0012
SYNTH-BANK-001357,SYNTH-BATCH-USD-2026-01-23-0000,2026-01-22T23:58:12Z,25255.30,USD,SYNTH-BANK-REF-001357,Synthetic settlement for SYNTH-BATCH-USD-2026-01-23-0000
SYNTH-BANK-001358,SYNTH-BATCH-USD-2026-01-23-0001,2026-01-22T23:40:47Z,27707.28,USD,SYNTH-BANK-REF-001358,Synthetic settlement for SYNTH-BATCH-USD-2026-01-23-0001
SYNTH-BANK-001359,SYNTH-BATCH-USD-2026-01-23-0002,2026-01-22T22:31:55Z,22524.51,USD,SYNTH-BANK-REF-001359,Synthetic settlement for SYNTH-BATCH-USD-2026-01-23-0002
SYNTH-BANK-001360,SYNTH-BATCH-USD-2026-01-23-0003,2026-01-22T23:52:05Z,25741.18,USD,SYNTH-BANK-REF-001360,Synthetic settlement for SYNTH-BATCH-USD-2026-01-23-0003
SYNTH-BANK-001361,SYNTH-BATCH-USD-2026-01-23-0004,2026-01-22T22:51:34Z,25041.95,USD,SYNTH-BANK-REF-001361,Synthetic settlement for SYNTH-BATCH-USD-2026-01-23-0004
SYNTH-BANK-001362,SYNTH-BATCH-USD-2026-01-23-0005,2026-01-22T23:53:08Z,26964.23,USD,SYNTH-BANK-REF-001362,Synthetic settlement for SYNTH-BATCH-USD-2026-01-23-0005
SYNTH-BANK-001363,SYNTH-BATCH-USD-2026-01-23-0006,2026-01-22T22:14:52Z,22542.98,USD,SYNTH-BANK-REF-001363,Synthetic settlement for SYNTH-BATCH-USD-2026-01-23-0006
SYNTH-BANK-001364,SYNTH-BATCH-USD-2026-01-23-0007,2026-01-22T23:57:18Z,23489.43,USD,SYNTH-BANK-REF-001364,Synthetic settlement for SYNTH-BATCH-USD-2026-01-23-0007
SYNTH-BANK-001365,SYNTH-BATCH-USD-2026-01-23-0008,2026-01-22T23:39:34Z,20108.16,USD,SYNTH-BANK-REF-001365,Synthetic settlement for SYNTH-BATCH-USD-2026-01-23-0008
SYNTH-BANK-001366,SYNTH-BATCH-USD-2026-01-23-0009,2026-01-22T23:45:13Z,22143.83,USD,SYNTH-BANK-REF-001366,Synthetic settlement for SYNTH-BATCH-USD-2026-01-23-0009
SYNTH-BANK-001367,SYNTH-BATCH-USD-2026-01-23-0010,2026-01-22T22:53:29Z,19258.27,USD,SYNTH-BANK-REF-001367,Synthetic settlement for SYNTH-BATCH-USD-2026-01-23-0010
SYNTH-BANK-001368,SYNTH-BATCH-USD-2026-01-23-0011,2026-01-22T23:48:52Z,20748.00,USD,SYNTH-BANK-REF-001368,Synthetic settlement for SYNTH-BATCH-USD-2026-01-23-0011
SYNTH-BANK-001369,SYNTH-BATCH-USD-2026-01-23-0012,2026-01-22T23:12:31Z,19739.30,USD,SYNTH-BANK-REF-001369,Synthetic settlement for SYNTH-BATCH-USD-2026-01-23-0012
SYNTH-BANK-001370,SYNTH-BATCH-USD-2026-01-24-0000,2026-01-23T23:28:38Z,29243.34,USD,SYNTH-BANK-REF-001370,Synthetic settlement for SYNTH-BATCH-USD-2026-01-24-0000
SYNTH-BANK-001371,SYNTH-BATCH-USD-2026-01-24-0001,2026-01-23T23:33:57Z,21706.55,USD,SYNTH-BANK-REF-001371,Synthetic settlement for SYNTH-BATCH-USD-2026-01-24-0001
SYNTH-BANK-001372,SYNTH-BATCH-USD-2026-01-24-0002,2026-01-23T23:56:10Z,28190.55,USD,SYNTH-BANK-REF-001372,Synthetic settlement for SYNTH-BATCH-USD-2026-01-24-0002
SYNTH-BANK-001373,SYNTH-BATCH-USD-2026-01-24-0003,2026-01-23T23:45:44Z,20089.54,USD,SYNTH-BANK-REF-001373,Synthetic settlement for SYNTH-BATCH-USD-2026-01-24-0003
SYNTH-BANK-001374,SYNTH-BATCH-USD-2026-01-24-0004,2026-01-23T23:59:58Z,27783.39,USD,SYNTH-BANK-REF-001374,Synthetic settlement for SYNTH-BATCH-USD-2026-01-24-0004
SYNTH-BANK-001375,SYNTH-BATCH-USD-2026-01-24-0005,2026-01-23T22:59:42Z,26757.02,USD,SYNTH-BANK-REF-001375,Synthetic settlement for SYNTH-BATCH-USD-2026-01-24-0005
SYNTH-BANK-001376,SYNTH-BATCH-USD-2026-01-24-0006,2026-01-23T22:08:15Z,23445.37,USD,SYNTH-BANK-REF-001376,Synthetic settlement for SYNTH-BATCH-USD-2026-01-24-0006
SYNTH-BANK-001377,SYNTH-BATCH-USD-2026-01-24-0007,2026-01-23T23:48:38Z,25082.79,USD,SYNTH-BANK-REF-001377,Synthetic settlement for SYNTH-BATCH-USD-2026-01-24-0007
SYNTH-BANK-001378,SYNTH-BATCH-USD-2026-01-24-0008,2026-01-23T23:57:20Z,21156.68,USD,SYNTH-BANK-REF-001378,Synthetic settlement for SYNTH-BATCH-USD-2026-01-24-0008
SYNTH-BANK-001379,SYNTH-BATCH-USD-2026-01-24-0009,2026-01-23T23:19:53Z,20720.07,USD,SYNTH-BANK-REF-001379,Synthetic settlement for SYNTH-BATCH-USD-2026-01-24-0009
SYNTH-BANK-001380,SYNTH-BATCH-USD-2026-01-24-0010,2026-01-24T00:02:30Z,21369.89,USD,SYNTH-BANK-REF-001380,Synthetic settlement for SYNTH-BATCH-USD-2026-01-24-0010
SYNTH-BANK-001381,SYNTH-BATCH-USD-2026-01-24-0011,2026-01-23T23:29:52Z,30366.08,USD,SYNTH-BANK-REF-001381,Synthetic settlement for SYNTH-BATCH-USD-2026-01-24-0011
SYNTH-BANK-001382,SYNTH-BATCH-USD-2026-01-24-0012,2026-01-23T22:37:55Z,17508.65,USD,SYNTH-BANK-REF-001382,Synthetic settlement for SYNTH-BATCH-USD-2026-01-24-0012
SYNTH-BANK-001383,SYNTH-BATCH-USD-2026-01-25-0000,2026-01-24T23:51:58Z,30180.47,USD,SYNTH-BANK-REF-001383,Synthetic settlement for SYNTH-BATCH-USD-2026-01-25-0000
SYNTH-BANK-001384,SYNTH-BATCH-USD-2026-01-25-0001,2026-01-24T23:55:23Z,25722.59,USD,SYNTH-BANK-REF-001384,Synthetic settlement for SYNTH-BATCH-USD-2026-01-25-0001
SYNTH-BANK-001385,SYNTH-BATCH-USD-2026-01-25-0002,2026-01-24T23:21:16Z,28310.74,USD,SYNTH-BANK-REF-001385,Synthetic settlement for SYNTH-BATCH-USD-2026-01-25-0002
SYNTH-BANK-001386,SYNTH-BATCH-USD-2026-01-25-0003,2026-01-24T23:55:05Z,25538.50,USD,SYNTH-BANK-REF-001386,Synthetic settlement for SYNTH-BATCH-USD-2026-01-25-0003
SYNTH-BANK-001387,SYNTH-BATCH-USD-2026-01-25-0004,2026-01-24T22:19:45Z,27428.32,USD,SYNTH-BANK-REF-001387,Synthetic settlement for SYNTH-BATCH-USD-2026-01-25-0004
SYNTH-BANK-001388,SYNTH-BATCH-USD-2026-01-25-0005,2026-01-24T23:32:09Z,25367.45,USD,SYNTH-BANK-REF-001388,Synthetic settlement for SYNTH-BATCH-USD-2026-01-25-0005
SYNTH-BANK-001389,SYNTH-BATCH-USD-2026-01-25-0006,2026-01-25T00:04:20Z,24962.36,USD,SYNTH-BANK-REF-001389,Synthetic settlement for SYNTH-BATCH-USD-2026-01-25-0006
SYNTH-BANK-001390,SYNTH-BATCH-USD-2026-01-25-0007,2026-01-24T23:51:51Z,22585.90,USD,SYNTH-BANK-REF-001390,Synthetic settlement for SYNTH-BATCH-USD-2026-01-25-0007
SYNTH-BANK-001391,SYNTH-BATCH-USD-2026-01-25-0008,2026-01-24T23:59:13Z,18475.54,USD,SYNTH-BANK-REF-001391,Synthetic settlement for SYNTH-BATCH-USD-2026-01-25-0008
SYNTH-BANK-001392,SYNTH-BATCH-USD-2026-01-25-0009,2026-01-25T00:07:01Z,18406.65,USD,SYNTH-BANK-REF-001392,Synthetic settlement for SYNTH-BATCH-USD-2026-01-25-0009
SYNTH-BANK-001393,SYNTH-BATCH-USD-2026-01-25-0010,2026-01-24T23:32:31Z,25701.87,USD,SYNTH-BANK-REF-001393,Synthetic settlement for SYNTH-BATCH-USD-2026-01-25-0010
SYNTH-BANK-001394,SYNTH-BATCH-USD-2026-01-25-0011,2026-01-24T22:28:59Z,23704.92,USD,SYNTH-BANK-REF-001394,Synthetic settlement for SYNTH-BATCH-USD-2026-01-25-0011
SYNTH-BANK-001395,SYNTH-BATCH-USD-2026-01-25-0012,2026-01-24T23:35:14Z,22430.33,USD,SYNTH-BANK-REF-001395,Synthetic settlement for SYNTH-BATCH-USD-2026-01-25-0012
SYNTH-BANK-001396,SYNTH-BATCH-USD-2026-01-26-0000,2026-01-25T23:24:31Z,30921.58,USD,SYNTH-BANK-REF-001396,Synthetic settlement for SYNTH-BATCH-USD-2026-01-26-0000
SYNTH-BANK-001397,SYNTH-BATCH-USD-2026-01-26-0001,2026-01-25T23:20:48Z,21814.40,USD,SYNTH-BANK-REF-001397,Synthetic settlement for SYNTH-BATCH-USD-2026-01-26-0001
SYNTH-BANK-001398,SYNTH-BATCH-USD-2026-01-26-0002,2026-01-25T23:15:43Z,24924.47,USD,SYNTH-BANK-REF-001398,Synthetic settlement for SYNTH-BATCH-USD-2026-01-26-0002
SYNTH-BANK-001399,SYNTH-BATCH-USD-2026-01-26-0003,2026-01-25T22:14:34Z,21300.99,USD,SYNTH-BANK-REF-001399,Synthetic settlement for SYNTH-BATCH-USD-2026-01-26-0003
SYNTH-BANK-001400,SYNTH-BATCH-USD-2026-01-26-0004,2026-01-25T23:56:44Z,27605.46,USD,SYNTH-BANK-REF-001400,Synthetic settlement for SYNTH-BATCH-USD-2026-01-26-0004
SYNTH-BANK-001401,SYNTH-BATCH-USD-2026-01-26-0005,2026-01-25T23:47:36Z,22212.54,USD,SYNTH-BANK-REF-001401,Synthetic settlement for SYNTH-BATCH-USD-2026-01-26-0005
SYNTH-BANK-001402,SYNTH-BATCH-USD-2026-01-26-0006,2026-01-25T23:50:30Z,32489.45,USD,SYNTH-BANK-REF-001402,Synthetic settlement for SYNTH-BATCH-USD-2026-01-26-0006
SYNTH-BANK-001403,SYNTH-BATCH-USD-2026-01-26-0007,2026-01-25T23:47:20Z,23822.73,USD,SYNTH-BANK-REF-001403,Synthetic settlement for SYNTH-BATCH-USD-2026-01-26-0007
SYNTH-BANK-001404,SYNTH-BATCH-USD-2026-01-26-0008,2026-01-25T23:38:19Z,30975.90,USD,SYNTH-BANK-REF-001404,Synthetic settlement for SYNTH-BATCH-USD-2026-01-26-0008
SYNTH-BANK-001405,SYNTH-BATCH-USD-2026-01-26-0009,2026-01-25T23:24:03Z,19405.56,USD,SYNTH-BANK-REF-001405,Synthetic settlement for SYNTH-BATCH-USD-2026-01-26-0009
SYNTH-BANK-001406,SYNTH-BATCH-USD-2026-01-26-0010,2026-01-25T22:51:13Z,28539.53,USD,SYNTH-BANK-REF-001406,Synthetic settlement for SYNTH-BATCH-USD-2026-01-26-0010
SYNTH-BANK-001407,SYNTH-BATCH-USD-2026-01-26-0011,2026-01-25T23:40:39Z,22647.37,USD,SYNTH-BANK-REF-001407,Synthetic settlement for SYNTH-BATCH-USD-2026-01-26-0011
SYNTH-BANK-001408,SYNTH-BATCH-USD-2026-01-26-0012,2026-01-26T00:02:25Z,19189.12,USD,SYNTH-BANK-REF-001408,Synthetic settlement for SYNTH-BATCH-USD-2026-01-26-0012
SYNTH-BANK-001409,SYNTH-BATCH-USD-2026-01-27-0000,2026-01-27T00:02:31Z,17204.37,USD,SYNTH-BANK-REF-001409,Synthetic settlement for SYNTH-BATCH-USD-2026-01-27-0000
SYNTH-BANK-001410,SYNTH-BATCH-USD-2026-01-27-0001,2026-01-26T23:00:48Z,19904.94,USD,SYNTH-BANK-REF-001410,Synthetic settlement for SYNTH-BATCH-USD-2026-01-27-0001
SYNTH-BANK-001411,SYNTH-BATCH-USD-2026-01-27-0002,2026-01-26T22:04:08Z,27084.91,USD,SYNTH-BANK-REF-001411,Synthetic settlement for SYNTH-BATCH-USD-2026-01-27-0002
SYNTH-BANK-001412,SYNTH-BATCH-USD-2026-01-27-0003,2026-01-26T23:45:12Z,17801.53,USD,SYNTH-BANK-REF-001412,Synthetic settlement for SYNTH-BATCH-USD-2026-01-27-0003
SYNTH-BANK-001413,SYNTH-BATCH-USD-2026-01-27-0004,2026-01-26T23:18:39Z,27905.15,USD,SYNTH-BANK-REF-001413,Synthetic settlement for SYNTH-BATCH-USD-2026-01-27-0004
SYNTH-BANK-001414,SYNTH-BATCH-USD-2026-01-27-0005,2026-01-27T00:02:57Z,24541.83,USD,SYNTH-BANK-REF-001414,Synthetic settlement for SYNTH-BATCH-USD-2026-01-27-0005
SYNTH-BANK-001415,SYNTH-BATCH-USD-2026-01-27-0006,2026-01-27T00:06:47Z,24223.21,USD,SYNTH-BANK-REF-001415,Synthetic settlement for SYNTH-BATCH-USD-2026-01-27-0006
SYNTH-BANK-001416,SYNTH-BATCH-USD-2026-01-27-0007,2026-01-27T00:06:45Z,23882.68,USD,SYNTH-BANK-REF-001416,Synthetic settlement for SYNTH-BATCH-USD-2026-01-27-0007
SYNTH-BANK-001417,SYNTH-BATCH-USD-2026-01-27-0008,2026-01-26T22:42:50Z,24751.42,USD,SYNTH-BANK-REF-001417,Synthetic settlement for SYNTH-BATCH-USD-2026-01-27-0008
SYNTH-BANK-001418,SYNTH-BATCH-USD-2026-01-27-0009,2026-01-26T23:32:54Z,21450.74,USD,SYNTH-BANK-REF-001418,Synthetic settlement for SYNTH-BATCH-USD-2026-01-27-0009
SYNTH-BANK-001419,SYNTH-BATCH-USD-2026-01-27-0010,2026-01-27T00:07:20Z,23895.58,USD,SYNTH-BANK-REF-001419,Synthetic settlement for SYNTH-BATCH-USD-2026-01-27-0010
SYNTH-BANK-001420,SYNTH-BATCH-USD-2026-01-27-0011,2026-01-26T23:11:21Z,24307.42,USD,SYNTH-BANK-REF-001420,Synthetic settlement for SYNTH-BATCH-USD-2026-01-27-0011
SYNTH-BANK-001421,SYNTH-BATCH-USD-2026-01-27-0012,2026-01-26T23:19:37Z,18757.63,USD,SYNTH-BANK-REF-001421,Synthetic settlement for SYNTH-BATCH-USD-2026-01-27-0012
SYNTH-BANK-001422,SYNTH-BATCH-USD-2026-01-28-0000,2026-01-27T23:43:03Z,25341.03,USD,SYNTH-BANK-REF-001422,Synthetic settlement for SYNTH-BATCH-USD-2026-01-28-0000
SYNTH-BANK-001423,SYNTH-BATCH-USD-2026-01-28-0001,2026-01-27T23:31:26Z,24762.65,USD,SYNTH-BANK-REF-001423,Synthetic settlement for SYNTH-BATCH-USD-2026-01-28-0001
SYNTH-BANK-001424,SYNTH-BATCH-USD-2026-01-28-0002,2026-01-28T00:03:58Z,24819.98,USD,SYNTH-BANK-REF-001424,Synthetic settlement for SYNTH-BATCH-USD-2026-01-28-0002
SYNTH-BANK-001425,SYNTH-BATCH-USD-2026-01-28-0003,2026-01-27T23:55:42Z,18407.72,USD,SYNTH-BANK-REF-001425,Synthetic settlement for SYNTH-BATCH-USD-2026-01-28-0003
SYNTH-BANK-001426,SYNTH-BATCH-USD-2026-01-28-0004,2026-01-27T23:58:38Z,22833.39,USD,SYNTH-BANK-REF-001426,Synthetic settlement for SYNTH-BATCH-USD-2026-01-28-0004
SYNTH-BANK-001427,SYNTH-BATCH-USD-2026-01-28-0005,2026-01-27T22:23:38Z,24145.17,USD,SYNTH-BANK-REF-001427,Synthetic settlement for SYNTH-BATCH-USD-2026-01-28-0005
SYNTH-BANK-001428,SYNTH-BATCH-USD-2026-01-28-0006,2026-01-27T23:05:45Z,23489.50,USD,SYNTH-BANK-REF-001428,Synthetic settlement for SYNTH-BATCH-USD-2026-01-28-0006
SYNTH-BANK-001429,SYNTH-BATCH-USD-2026-01-28-0007,2026-01-28T00:01:17Z,21789.48,USD,SYNTH-BANK-REF-001429,Synthetic settlement for SYNTH-BATCH-USD-2026-01-28-0007
SYNTH-BANK-001430,SYNTH-BATCH-USD-2026-01-28-0008,2026-01-27T23:11:04Z,27281.19,USD,SYNTH-BANK-REF-001430,Synthetic settlement for SYNTH-BATCH-USD-2026-01-28-0008
SYNTH-BANK-001431,SYNTH-BATCH-USD-2026-01-28-0009,2026-01-27T23:00:23Z,23525.55,USD,SYNTH-BANK-REF-001431,Synthetic settlement for SYNTH-BATCH-USD-2026-01-28-0009
SYNTH-BANK-001432,SYNTH-BATCH-USD-2026-01-28-0010,2026-01-27T23:22:54Z,26378.69,USD,SYNTH-BANK-REF-001432,Synthetic settlement for SYNTH-BATCH-USD-2026-01-28-0010
SYNTH-BANK-001433,SYNTH-BATCH-USD-2026-01-28-0011,2026-01-27T23:29:27Z,23215.45,USD,SYNTH-BANK-REF-001433,Synthetic settlement for SYNTH-BATCH-USD-2026-01-28-0011
SYNTH-BANK-001434,SYNTH-BATCH-USD-2026-01-28-0012,2026-01-27T22:26:12Z,19391.96,USD,SYNTH-BANK-REF-001434,Synthetic settlement for SYNTH-BATCH-USD-2026-01-28-0012
SYNTH-BANK-001435,SYNTH-BATCH-USD-2026-01-29-0000,2026-01-28T22:41:23Z,21451.70,USD,SYNTH-BANK-REF-001435,Synthetic settlement for SYNTH-BATCH-USD-2026-01-29-0000
SYNTH-BANK-001436,SYNTH-BATCH-USD-2026-01-29-0001,2026-01-29T00:02:15Z,21641.85,USD,SYNTH-BANK-REF-001436,Synthetic settlement for SYNTH-BATCH-USD-2026-01-29-0001
SYNTH-BANK-001437,SYNTH-BATCH-USD-2026-01-29-0002,2026-01-28T23:22:14Z,22492.80,USD,SYNTH-BANK-REF-001437,Synthetic settlement for SYNTH-BATCH-USD-2026-01-29-0002
SYNTH-BANK-001438,SYNTH-BATCH-USD-2026-01-29-0003,2026-01-28T23:25:51Z,26173.57,USD,SYNTH-BANK-REF-001438,Synthetic settlement for SYNTH-BATCH-USD-2026-01-29-0003
SYNTH-BANK-001439,SYNTH-BATCH-USD-2026-01-29-0004,2026-01-28T22:02:57Z,20721.62,USD,SYNTH-BANK-REF-001439,Synthetic settlement for SYNTH-BATCH-USD-2026-01-29-0004
SYNTH-BANK-001440,SYNTH-BATCH-USD-2026-01-29-0005,2026-01-28T23:25:41Z,29680.08,USD,SYNTH-BANK-REF-001440,Synthetic settlement for SYNTH-BATCH-USD-2026-01-29-0005
SYNTH-BANK-001441,SYNTH-BATCH-USD-2026-01-29-0006,2026-01-29T00:02:46Z,19696.78,USD,SYNTH-BANK-REF-001441,Synthetic settlement for SYNTH-BATCH-USD-2026-01-29-0006
SYNTH-BANK-001442,SYNTH-BATCH-USD-2026-01-29-0007,2026-01-28T23:45:25Z,24104.11,USD,SYNTH-BANK-REF-001442,Synthetic settlement for SYNTH-BATCH-USD-2026-01-29-0007
SYNTH-BANK-001443,SYNTH-BATCH-USD-2026-01-29-0008,2026-01-28T23:37:14Z,25879.75,USD,SYNTH-BANK-REF-001443,Synthetic settlement for SYNTH-BATCH-USD-2026-01-29-0008
SYNTH-BANK-001444,SYNTH-BATCH-USD-2026-01-29-0009,2026-01-28T23:54:32Z,26579.83,USD,SYNTH-BANK-REF-001444,Synthetic settlement for SYNTH-BATCH-USD-2026-01-29-0009
SYNTH-BANK-001445,SYNTH-BATCH-USD-2026-01-29-0010,2026-01-28T23:26:11Z,26160.67,USD,SYNTH-BANK-REF-001445,Synthetic settlement for SYNTH-BATCH-USD-2026-01-29-0010
SYNTH-BANK-001446,SYNTH-BATCH-USD-2026-01-29-0011,2026-01-28T23:22:24Z,22154.76,USD,SYNTH-BANK-REF-001446,Synthetic settlement for SYNTH-BATCH-USD-2026-01-29-0011
SYNTH-BANK-001447,SYNTH-BATCH-USD-2026-01-29-0012,2026-01-28T23:27:03Z,24308.30,USD,SYNTH-BANK-REF-001447,Synthetic settlement for SYNTH-BATCH-USD-2026-01-29-0012
SYNTH-BANK-001448,SYNTH-BATCH-USD-2026-01-30-0000,2026-01-29T23:22:06Z,27007.39,USD,SYNTH-BANK-REF-001448,Synthetic settlement for SYNTH-BATCH-USD-2026-01-30-0000
SYNTH-BANK-001449,SYNTH-BATCH-USD-2026-01-30-0001,2026-01-29T23:54:42Z,24250.74,USD,SYNTH-BANK-REF-001449,Synthetic settlement for SYNTH-BATCH-USD-2026-01-30-0001
SYNTH-BANK-001450,SYNTH-BATCH-USD-2026-01-30-0002,2026-01-29T22:55:04Z,23416.04,USD,SYNTH-BANK-REF-001450,Synthetic settlement for SYNTH-BATCH-USD-2026-01-30-0002
SYNTH-BANK-001451,SYNTH-BATCH-USD-2026-01-30-0003,2026-01-29T22:15:47Z,20470.15,USD,SYNTH-BANK-REF-001451,Synthetic settlement for SYNTH-BATCH-USD-2026-01-30-0003
SYNTH-BANK-001452,SYNTH-BATCH-USD-2026-01-30-0004,2026-01-29T23:22:55Z,21802.69,USD,SYNTH-BANK-REF-001452,Synthetic settlement for SYNTH-BATCH-USD-2026-01-30-0004
SYNTH-BANK-001453,SYNTH-BATCH-USD-2026-01-30-0005,2026-01-30T00:04:31Z,29051.38,USD,SYNTH-BANK-REF-001453,Synthetic settlement for SYNTH-BATCH-USD-2026-01-30-0005
SYNTH-BANK-001454,SYNTH-BATCH-USD-2026-01-30-0006,2026-01-29T23:31:06Z,18855.42,USD,SYNTH-BANK-REF-001454,Synthetic settlement for SYNTH-BATCH-USD-2026-01-30-0006
SYNTH-BANK-001455,SYNTH-BATCH-USD-2026-01-30-0007,2026-01-30T00:09:27Z,22722.00,USD,SYNTH-BANK-REF-001455,Synthetic settlement for SYNTH-BATCH-USD-2026-01-30-0007
SYNTH-BANK-001456,SYNTH-BATCH-USD-2026-01-30-0008,2026-01-29T21:23:34Z,22620.21,USD,SYNTH-BANK-REF-001456,Synthetic settlement for SYNTH-BATCH-USD-2026-01-30-0008
SYNTH-BANK-001457,SYNTH-BATCH-USD-2026-01-30-0009,2026-01-29T23:36:29Z,25054.11,USD,SYNTH-BANK-REF-001457,Synthetic settlement for SYNTH-BATCH-USD-2026-01-30-0009
SYNTH-BANK-001458,SYNTH-BATCH-USD-2026-01-30-0010,2026-01-29T23:15:12Z,23130.42,USD,SYNTH-BANK-REF-001458,Synthetic settlement for SYNTH-BATCH-USD-2026-01-30-0010
SYNTH-BANK-001459,SYNTH-BATCH-USD-2026-01-30-0011,2026-01-29T23:55:48Z,27153.48,USD,SYNTH-BANK-REF-001459,Synthetic settlement for SYNTH-BATCH-USD-2026-01-30-0011
SYNTH-BANK-001460,SYNTH-BATCH-USD-2026-01-30-0012,2026-01-30T00:08:46Z,21499.41,USD,SYNTH-BANK-REF-001460,Synthetic settlement for SYNTH-BATCH-USD-2026-01-30-0012
SYNTH-BANK-001461,SYNTH-BATCH-USD-2026-01-31-0000,2026-01-30T23:34:36Z,27994.38,USD,SYNTH-BANK-REF-001461,Synthetic settlement for SYNTH-BATCH-USD-2026-01-31-0000
SYNTH-BANK-001462,SYNTH-BATCH-USD-2026-01-31-0001,2026-01-30T23:27:06Z,20308.42,USD,SYNTH-BANK-REF-001462,Synthetic settlement for SYNTH-BATCH-USD-2026-01-31-0001
SYNTH-BANK-001463,SYNTH-BATCH-USD-2026-01-31-0002,2026-01-30T23:14:28Z,21504.40,USD,SYNTH-BANK-REF-001463,Synthetic settlement for SYNTH-BATCH-USD-2026-01-31-0002
SYNTH-BANK-001464,SYNTH-BATCH-USD-2026-01-31-0003,2026-01-30T23:49:38Z,25106.33,USD,SYNTH-BANK-REF-001464,Synthetic settlement for SYNTH-BATCH-USD-2026-01-31-0003
SYNTH-BANK-001465,SYNTH-BATCH-USD-2026-01-31-0004,2026-01-31T00:07:53Z,26611.05,USD,SYNTH-BANK-REF-001465,Synthetic settlement for SYNTH-BATCH-USD-2026-01-31-0004
SYNTH-BANK-001466,SYNTH-BATCH-USD-2026-01-31-0005,2026-01-30T23:56:51Z,23083.00,USD,SYNTH-BANK-REF-001466,Synthetic settlement for SYNTH-BATCH-USD-2026-01-31-0005
SYNTH-BANK-001467,SYNTH-BATCH-USD-2026-01-31-0006,2026-01-30T22:23:00Z,25763.61,USD,SYNTH-BANK-REF-001467,Synthetic settlement for SYNTH-BATCH-USD-2026-01-31-0006
SYNTH-BANK-001468,SYNTH-BATCH-USD-2026-01-31-0007,2026-01-30T21:35:34Z,22558.81,USD,SYNTH-BANK-REF-001468,Synthetic settlement for SYNTH-BATCH-USD-2026-01-31-0007
SYNTH-BANK-001469,SYNTH-BATCH-USD-2026-01-31-0008,2026-01-30T22:22:13Z,28401.61,USD,SYNTH-BANK-REF-001469,Synthetic settlement for SYNTH-BATCH-USD-2026-01-31-0008
SYNTH-BANK-001470,SYNTH-BATCH-USD-2026-01-31-0009,2026-01-30T23:26:55Z,23934.49,USD,SYNTH-BANK-REF-001470,Synthetic settlement for SYNTH-BATCH-USD-2026-01-31-0009
SYNTH-BANK-001471,SYNTH-BATCH-USD-2026-01-31-0010,2026-01-30T23:54:11Z,24717.50,USD,SYNTH-BANK-REF-001471,Synthetic settlement for SYNTH-BATCH-USD-2026-01-31-0010
SYNTH-BANK-001472,SYNTH-BATCH-USD-2026-01-31-0011,2026-01-30T23:59:15Z,22694.88,USD,SYNTH-BANK-REF-001472,Synthetic settlement for SYNTH-BATCH-USD-2026-01-31-0011
SYNTH-BANK-001473,SYNTH-BATCH-USD-2026-01-31-0012,2026-01-30T23:09:09Z,22642.08,USD,SYNTH-BANK-REF-001473,Synthetic settlement for SYNTH-BATCH-USD-2026-01-31-0012
SYNTH-BANK-001474,SYNTH-BATCH-USD-2026-02-01-0000,2026-01-31T23:22:04Z,19189.92,USD,SYNTH-BANK-REF-001474,Synthetic settlement for SYNTH-BATCH-USD-2026-02-01-0000
SYNTH-BANK-001475,SYNTH-BATCH-USD-2026-02-01-0001,2026-01-31T23:42:11Z,20258.58,USD,SYNTH-BANK-REF-001475,Synthetic settlement for SYNTH-BATCH-USD-2026-02-01-0001
SYNTH-BANK-001476,SYNTH-BATCH-USD-2026-02-01-0002,2026-01-31T23:48:29Z,20733.70,USD,SYNTH-BANK-REF-001476,Synthetic settlement for SYNTH-BATCH-USD-2026-02-01-0002
SYNTH-BANK-001477,SYNTH-BATCH-USD-2026-02-01-0003,2026-01-31T23:41:21Z,22276.92,USD,SYNTH-BANK-REF-001477,Synthetic settlement for SYNTH-BATCH-USD-2026-02-01-0003
SYNTH-BANK-001478,SYNTH-BATCH-USD-2026-02-01-0004,2026-01-31T23:18:09Z,24534.72,USD,SYNTH-BANK-REF-001478,Synthetic settlement for SYNTH-BATCH-USD-2026-02-01-0004
SYNTH-BANK-001479,SYNTH-BATCH-USD-2026-02-01-0005,2026-01-31T22:29:25Z,25967.42,USD,SYNTH-BANK-REF-001479,Synthetic settlement for SYNTH-BATCH-USD-2026-02-01-0005
SYNTH-BANK-001480,SYNTH-BATCH-USD-2026-02-01-0006,2026-01-31T22:32:11Z,27928.12,USD,SYNTH-BANK-REF-001480,Synthetic settlement for SYNTH-BATCH-USD-2026-02-01-0006
SYNTH-BANK-001481,SYNTH-BATCH-USD-2026-02-01-0007,2026-01-31T23:44:18Z,19913.94,USD,SYNTH-BANK-REF-001481,Synthetic settlement for SYNTH-BATCH-USD-2026-02-01-0007
SYNTH-BANK-001482,SYNTH-BATCH-USD-2026-02-01-0008,2026-01-31T23:02:55Z,14753.99,USD,SYNTH-BANK-REF-001482,Synthetic settlement for SYNTH-BATCH-USD-2026-02-01-0008
SYNTH-BANK-001483,SYNTH-BATCH-USD-2026-02-01-0009,2026-01-31T23:09:48Z,27165.98,USD,SYNTH-BANK-REF-001483,Synthetic settlement for SYNTH-BATCH-USD-2026-02-01-0009
SYNTH-BANK-001484,SYNTH-BATCH-USD-2026-02-01-0010,2026-01-31T23:49:53Z,26662.29,USD,SYNTH-BANK-REF-001484,Synthetic settlement for SYNTH-BATCH-USD-2026-02-01-0010
SYNTH-BANK-001485,SYNTH-BATCH-USD-2026-02-01-0011,2026-01-31T23:24:10Z,22586.08,USD,SYNTH-BANK-REF-001485,Synthetic settlement for SYNTH-BATCH-USD-2026-02-01-0011
SYNTH-BANK-001486,SYNTH-BATCH-USD-2026-02-01-0012,2026-01-31T22:45:53Z,19290.75,USD,SYNTH-BANK-REF-001486,Synthetic settlement for SYNTH-BATCH-USD-2026-02-01-0012
SYNTH-BANK-001487,SYNTH-BATCH-USD-2026-02-02-0000,2026-02-01T23:08:26Z,26929.89,USD,SYNTH-BANK-REF-001487,Synthetic settlement for SYNTH-BATCH-USD-2026-02-02-0000
SYNTH-BANK-001488,SYNTH-BATCH-USD-2026-02-02-0001,2026-02-01T23:35:12Z,22431.03,USD,SYNTH-BANK-REF-001488,Synthetic settlement for SYNTH-BATCH-USD-2026-02-02-0001
SYNTH-BANK-001489,SYNTH-BATCH-USD-2026-02-02-0002,2026-02-01T23:05:09Z,25982.77,USD,SYNTH-BANK-REF-001489,Synthetic settlement for SYNTH-BATCH-USD-2026-02-02-0002
SYNTH-BANK-001490,SYNTH-BATCH-USD-2026-02-02-0003,2026-02-01T23:55:57Z,26093.27,USD,SYNTH-BANK-REF-001490,Synthetic settlement for SYNTH-BATCH-USD-2026-02-02-0003
SYNTH-BANK-001491,SYNTH-BATCH-USD-2026-02-02-0004,2026-02-01T22:11:28Z,26730.18,USD,SYNTH-BANK-REF-001491,Synthetic settlement for SYNTH-BATCH-USD-2026-02-02-0004
SYNTH-BANK-001492,SYNTH-BATCH-USD-2026-02-02-0005,2026-02-01T23:32:39Z,23127.20,USD,SYNTH-BANK-REF-001492,Synthetic settlement for SYNTH-BATCH-USD-2026-02-02-0005
SYNTH-BANK-001493,SYNTH-BATCH-USD-2026-02-02-0006,2026-02-01T23:48:13Z,21844.99,USD,SYNTH-BANK-REF-001493,Synthetic settlement for SYNTH-BATCH-USD-2026-02-02-0006
SYNTH-BANK-001494,SYNTH-BATCH-USD-2026-02-02-0007,2026-02-01T22:35:42Z,22493.40,USD,SYNTH-BANK-REF-001494,Synthetic settlement for SYNTH-BATCH-USD-2026-02-02-0007
SYNTH-BANK-001495,SYNTH-BATCH-USD-2026-02-02-0008,2026-02-01T23:21:20Z,23240.01,USD,SYNTH-BANK-REF-001495,Synthetic settlement for SYNTH-BATCH-USD-2026-02-02-0008
SYNTH-BANK-001496,SYNTH-BATCH-USD-2026-02-02-0009,2026-02-01T23:37:54Z,19266.23,USD,SYNTH-BANK-REF-001496,Synthetic settlement for SYNTH-BATCH-USD-2026-02-02-0009
SYNTH-BANK-001497,SYNTH-BATCH-USD-2026-02-02-0010,2026-02-01T23:34:01Z,22876.11,USD,SYNTH-BANK-REF-001497,Synthetic settlement for SYNTH-BATCH-USD-2026-02-02-0010
SYNTH-BANK-001498,SYNTH-BATCH-USD-2026-02-02-0011,2026-02-01T23:25:11Z,23842.04,USD,SYNTH-BANK-REF-001498,Synthetic settlement for SYNTH-BATCH-USD-2026-02-02-0011
SYNTH-BANK-001499,SYNTH-BATCH-USD-2026-02-02-0012,2026-02-01T23:50:10Z,18564.72,USD,SYNTH-BANK-REF-001499,Synthetic settlement for SYNTH-BATCH-USD-2026-02-02-0012
