settlement_id,processor_id,merchant_id,currency,gross_amount,fee_amount,net_amount,transaction_count,settlement_date,status
SETTLE_000001,STRIPE,MERCH_0075,USD,23.00,0.59,22.41,1,2026-01-10,SETTLED
SETTLE_000002,STRIPE,MERCH_0079,EUR,382.00,7.51,374.49,1,2026-01-08,SETTLED
SETTLE_000004,STRIPE,MERCH_0067,CAD,23.49,0.98,22.51,1,2026-02-28,SETTLED
SETTLE_000005,PAYPAL,MERCH_0046,EUR,32.80,1.44,31.36,1,2026-02-18,SETTLED
SETTLE_000006,PAYPAL,MERCH_0066,USD,54.50,2.39,52.11,1,2026-02-01,SETTLED
SETTLE_000007,STRIPE,MERCH_0076,INR,2499.00,52.98,2446.02,1,2026-01-07,SETTLED
SETTLE_000008,CHECKOUT_COM,MERCH_0025,USD,2969.99,68.51,2901.48,1,2026-03-10,SETTLED
SETTLE_000009,STRIPE,MERCH_0014,USD,15.80,0.49,15.31,1,2026-03-28,SETTLED
SETTLE_000010,ADYEN,MERCH_0028,USD,38.25,4.31,33.94,1,2026-02-18,SETTLED
SETTLE_000011,ADYEN,MERCH_0072,USD,61.80,1.42,60.38,1,2026-01-16,SETTLED
SETTLE_000012,STRIPE,MERCH_0029,GBP,332.99,6.53,326.46,1,2026-03-13,SETTLED
SETTLE_000013,PAYPAL,MERCH_0003,GBP,41.49,4.00,37.49,1,2026-02-08,SETTLED
SETTLE_000014,STRIPE,MERCH_0092,EUR,277.50,1.59,275.91,1,2026-01-13,SETTLED
SETTLE_000015,STRIPE,MERCH_0082,USD,1855.75,28.09,1827.66,1,2026-04-01,SETTLED
SETTLE_000016,CHECKOUT_COM,MERCH_0036,CAD,25.80,0.84,24.96,1,2026-03-26,SETTLED
SETTLE_000017,PAYPAL,MERCH_0066,GBP,556.99,16.45,540.54,1,2026-03-16,SETTLED
SETTLE_000018,STRIPE,MERCH_0092,INR,15000.00,0.00,15000.00,1,2026-02-17,SETTLED
SETTLE_000019,STRIPE,MERCH_0026,INR,999.00,22.98,976.02,1,2026-03-27,SETTLED
SETTLE_000020,STRIPE,MERCH_0033,EUR,60.49,0.50,59.99,1,2026-01-10,SETTLED
SETTLE_000021,ADYEN,MERCH_0055,GBP,78.25,1.27,76.98,1,2026-02-16,SETTLED
SETTLE_000022,STRIPE,MERCH_0030,USD,1857.99,15.11,1842.88,1,2026-03-05,SETTLED
SETTLE_000023,CHECKOUT_COM,MERCH_0010,GBP,57.75,1.19,56.56,1,2026-01-06,SETTLED
SETTLE_000024,STRIPE,MERCH_0097,INR,1499.00,0.00,1499.00,1,2026-03-31,SETTLED
SETTLE_000025,STRIPE,MERCH_0061,EUR,41.25,5.41,35.84,1,2026-03-17,SETTLED
SETTLE_000026,STRIPE,MERCH_0044,CAD,508.25,15.04,493.21,1,2026-02-01,SETTLED
SETTLE_000027,STRIPE,MERCH_0018,EUR,690.95,3.65,687.30,1,2026-03-28,SETTLED
SETTLE_000028,ADYEN,MERCH_0054,EUR,17.95,0.21,17.74,1,2026-03-09,SETTLED
SETTLE_000029,PAYPAL,MERCH_0073,EUR,1487.25,47.98,1439.27,1,2026-04-01,SETTLED
SETTLE_000030,CHECKOUT_COM,MERCH_0014,USD,28.95,0.87,28.08,1,2026-02-26,SETTLED
SETTLE_000031,STRIPE,MERCH_0050,INR,15000.00,303.00,14697.00,1,2026-01-22,SETTLED
SETTLE_000032,ADYEN,MERCH_0022,GBP,29.25,0.54,28.71,1,2026-03-26,SETTLED
SETTLE_000033,STRIPE,MERCH_0027,CAD,567.95,16.77,551.18,1,2026-03-27,SETTLED
SETTLE_000034,STRIPE,MERCH_0036,EUR,66.80,0.53,66.27,1,2026-01-03,SETTLED
SETTLE_000036,STRIPE,MERCH_0079,INR,9999.00,202.98,9796.02,1,2026-02-11,SETTLED
SETTLE_000037,STRIPE,MERCH_0051,GBP,2853.95,54.43,2799.52,1,2026-01-25,SETTLED
SETTLE_000038,ADYEN,MERCH_0010,USD,339.25,4.17,335.08,1,2026-02-20,SETTLED
SETTLE_000039,ADYEN,MERCH_0082,USD,2275.25,27.40,2247.85,1,2026-02-08,SETTLED
SETTLE_000040,CHECKOUT_COM,MERCH_0086,USD,46.49,1.27,45.22,1,2026-02-18,SETTLED
SETTLE_000041,STRIPE,MERCH_0022,EUR,65.50,1.49,64.01,1,2026-03-02,SETTLED
SETTLE_000042,STRIPE,MERCH_0057,CAD,2831.00,82.40,2748.60,1,2026-01-19,SETTLED
SETTLE_000043,STRIPE,MERCH_0050,USD,63.00,1.19,61.81,1,2026-02-14,SETTLED
SETTLE_000044,STRIPE,MERCH_0012,USD,39.00,1.43,37.57,1,2026-02-12,SETTLED
SETTLE_000045,ADYEN,MERCH_0022,GBP,511.49,7.77,503.72,1,2026-01-06,SETTLED
SETTLE_000046,STRIPE,MERCH_0055,CAD,37.49,1.39,36.10,1,2026-01-24,SETTLED
SETTLE_000047,STRIPE,MERCH_0028,USD,458.95,3.92,455.03,1,2026-01-23,SETTLED
SETTLE_000048,CHECKOUT_COM,MERCH_0064,GBP,27.50,0.65,26.85,1,2026-03-12,SETTLED
SETTLE_000049,PAYPAL,MERCH_0023,INR,499.00,7.99,491.01,1,2026-03-26,SETTLED
SETTLE_000050,PAYPAL,MERCH_0066,USD,30.00,1.54,28.46,1,2026-02-20,SETTLED
SETTLE_000051,ADYEN,MERCH_0011,EUR,34.80,0.60,34.20,1,2026-01-15,SETTLED
SETTLE_000052,STRIPE,MERCH_0095,INR,15000.00,0.00,15000.00,1,2026-01-15,SETTLED
SETTLE_000053,ADYEN,MERCH_0097,USD,21.99,0.36,21.63,1,2026-01-24,SETTLED
SETTLE_000054,PAYPAL,MERCH_0042,GBP,102.00,3.26,98.74,1,2026-02-14,SETTLED
SETTLE_000055,STRIPE,MERCH_0023,CAD,517.75,15.31,502.44,1,2026-02-24,SETTLED
SETTLE_000056,STRIPE,MERCH_0055,INR,1499.00,32.98,1466.02,1,2026-03-02,SETTLED
SETTLE_000057,ADYEN,MERCH_0011,EUR,513.50,1.95,511.55,1,2026-02-09,SETTLED
SETTLE_000058,STRIPE,MERCH_0003,USD,237.95,7.15,230.80,1,2026-02-12,SETTLED
SETTLE_000059,CHECKOUT_COM,MERCH_0059,GBP,32.80,0.74,32.06,1,2026-02-07,SETTLED
SETTLE_000060,ADYEN,MERCH_0002,EUR,506.80,7.21,499.59,1,2026-03-14,SETTLED
SETTLE_000061,ADYEN,MERCH_0083,GBP,1160.00,17.50,1142.50,1,2026-01-09,SETTLED
SETTLE_000062,CHECKOUT_COM,MERCH_0099,EUR,475.99,8.27,467.72,1,2026-02-20,SETTLED
SETTLE_000063,PAYPAL,MERCH_0047,INR,1499.00,19.99,1479.01,1,2026-03-11,SETTLED
SETTLE_000064,STRIPE,MERCH_0078,GBP,26.00,0.69,25.31,1,2026-03-07,SETTLED
SETTLE_000065,ADYEN,MERCH_0055,GBP,593.95,9.01,584.94,1,2026-03-23,SETTLED
SETTLE_000066,PAYPAL,MERCH_0097,GBP,356.99,10.65,346.34,1,2026-01-12,SETTLED
SETTLE_000067,STRIPE,MERCH_0022,EUR,508.49,9.91,498.58,1,2026-01-02,SETTLED
SETTLE_000068,STRIPE,MERCH_0023,EUR,595.75,3.18,592.57,1,2026-01-20,SETTLED
SETTLE_000069,STRIPE,MERCH_0008,CAD,2325.95,67.75,2258.20,1,2026-03-21,SETTLED
SETTLE_000070,STRIPE,MERCH_0038,EUR,18.95,0.61,18.34,1,2026-02-08,SETTLED
SETTLE_000071,STRIPE,MERCH_0086,USD,15.49,0.48,15.01,1,2026-03-19,SETTLED
SETTLE_000072,ADYEN,MERCH_0044,USD,450.99,5.51,445.48,1,2026-03-09,SETTLED
SETTLE_000073,CHECKOUT_COM,MERCH_0043,USD,223.25,7.83,215.42,1,2026-01-02,SETTLED
SETTLE_000074,ADYEN,MERCH_0058,GBP,56.75,0.95,55.80,1,2026-02-21,SETTLED
SETTLE_000075,ADYEN,MERCH_0030,EUR,75.49,0.41,75.08,1,2026-02-18,SETTLED
SETTLE_000076,STRIPE,MERCH_0078,EUR,26.00,0.33,25.67,1,2026-03-12,SETTLED
SETTLE_000077,PAYPAL,MERCH_0058,INR,999.00,13.99,985.01,1,2026-02-18,SETTLED
SETTLE_000078,STRIPE,MERCH_0042,INR,1599.00,0.00,1599.00,1,2026-03-17,SETTLED
SETTLE_000079,STRIPE,MERCH_0012,INR,14970.00,302.40,14667.60,1,2026-03-27,SETTLED
SETTLE_000080,STRIPE,MERCH_0030,EUR,26.95,0.76,26.19,1,2026-01-27,SETTLED
SETTLE_000082,PAYPAL,MERCH_0087,INR,499.00,7.99,491.01,1,2026-02-21,SETTLED
SETTLE_000083,PAYPAL,MERCH_0064,EUR,19.95,1.03,18.92,1,2026-01-16,SETTLED
SETTLE_000084,PAYPAL,MERCH_0091,GBP,466.75,13.84,452.91,1,2026-02-17,SETTLED
SETTLE_000086,ADYEN,MERCH_0071,GBP,2254.80,33.92,2220.88,1,2026-02-04,SETTLED
SETTLE_000087,STRIPE,MERCH_0090,EUR,21.50,0.66,20.84,1,2026-02-09,SETTLED
SETTLE_000088,STRIPE,MERCH_0057,EUR,40.75,0.40,40.35,1,2026-01-30,SETTLED
SETTLE_000089,STRIPE,MERCH_0049,GBP,75.00,1.62,73.38,1,2026-03-09,SETTLED
SETTLE_000090,STRIPE,MERCH_0020,USD,77.49,1.41,76.08,1,2026-01-26,SETTLED
SETTLE_000091,CHECKOUT_COM,MERCH_0086,USD,71.25,1.84,69.41,1,2026-03-18,SETTLED
SETTLE_000092,STRIPE,MERCH_0063,USD,27.80,1.11,26.69,1,2026-01-24,SETTLED
SETTLE_000093,PAYPAL,MERCH_0090,USD,23.50,1.31,22.19,1,2026-01-31,SETTLED
SETTLE_000094,CHECKOUT_COM,MERCH_0090,GBP,30.80,0.70,30.10,1,2026-02-09,SETTLED
SETTLE_000095,ADYEN,MERCH_0001,USD,41.49,0.60,40.89,1,2026-02-14,SETTLED
SETTLE_000096,STRIPE,MERCH_0039,GBP,3346.25,63.78,3282.47,1,2026-02-24,SETTLED
SETTLE_000097,ADYEN,MERCH_0018,USD,603.99,7.35,596.64,1,2026-02-18,SETTLED
SETTLE_000098,STRIPE,MERCH_0025,CAD,302.50,9.07,293.43,1,2026-01-31,SETTLED
SETTLE_000099,ADYEN,MERCH_0071,EUR,166.50,0.73,165.77,1,2026-01-27,SETTLED
SETTLE_000100,PAYPAL,MERCH_0010,GBP,604.75,17.84,586.91,1,2026-03-04,SETTLED
SETTLE_000102,STRIPE,MERCH_0009,USD,1770.99,14.42,1756.57,1,2026-03-05,SETTLED
SETTLE_000103,ADYEN,MERCH_0013,EUR,207.49,0.88,206.61,1,2026-01-23,SETTLED
SETTLE_000104,PAYPAL,MERCH_0068,USD,182.95,6.87,176.08,1,2026-03-11,SETTLED
SETTLE_000105,PAYPAL,MERCH_0095,EUR,211.25,7.15,204.10,1,2026-02-24,SETTLED
SETTLE_000106,STRIPE,MERCH_0019,INR,15000.00,0.00,15000.00,1,2026-02-26,SETTLED
SETTLE_000107,CHECKOUT_COM,MERCH_0024,USD,69.95,1.81,68.14,1,2026-02-05,SETTLED
SETTLE_000108,ADYEN,MERCH_0012,USD,174.49,2.19,172.30,1,2026-02-10,SETTLED
SETTLE_000109,STRIPE,MERCH_0037,USD,220.25,6.69,213.56,1,2026-02-19,SETTLED
SETTLE_000110,STRIPE,MERCH_0002,USD,434.25,12.89,421.36,1,2026-03-31,SETTLED
SETTLE_000111,CHECKOUT_COM,MERCH_0058,CAD,61.75,1.70,60.05,1,2026-03-08,SETTLED
SETTLE_000112,ADYEN,MERCH_0064,EUR,46.49,0.76,45.73,1,2026-01-18,SETTLED
SETTLE_000113,STRIPE,MERCH_0062,CAD,484.00,14.34,469.66,1,2026-01-28,SETTLED
SETTLE_000114,PAYPAL,MERCH_0008,EUR,60.80,2.34,58.46,1,2026-01-02,SETTLED
SETTLE_000115,CHECKOUT_COM,MERCH_0002,EUR,80.75,1.55,79.20,1,2026-02-13,SETTLED
SETTLE_000116,CHECKOUT_COM,MERCH_0099,EUR,61.25,1.22,60.03,1,2026-01-24,SETTLED
SETTLE_000117,STRIPE,MERCH_0085,EUR,86.99,0.63,86.36,1,2026-01-18,SETTLED
SETTLE_000118,ADYEN,MERCH_0037,EUR,113.25,0.55,112.70,1,2026-01-15,SETTLED
SETTLE_000119,CHECKOUT_COM,MERCH_0054,EUR,66.50,1.31,65.19,1,2026-02-24,SETTLED
SETTLE_000120,STRIPE,MERCH_0014,EUR,323.99,1.82,322.17,1,2026-01-14,SETTLED
SETTLE_000121,ADYEN,MERCH_0056,USD,69.80,1.59,68.21,1,2026-01-30,SETTLED
SETTLE_000122,STRIPE,MERCH_0036,INR,15000.00,0.00,15000.00,1,2026-03-27,SETTLED
SETTLE_000123,PAYPAL,MERCH_0025,GBP,31.50,1.21,30.29,1,2026-03-04,SETTLED
SETTLE_000124,STRIPE,MERCH_0003,INR,394.25,6.16,388.09,1,2026-01-11,SETTLED
SETTLE_000125,PAYPAL,MERCH_0008,GBP,49.00,1.72,47.28,1,2026-02-12,SETTLED
SETTLE_000126,STRIPE,MERCH_0007,USD,410.00,12.19,397.81,2,2026-01-06,SETTLED
SETTLE_000127,ADYEN,MERCH_0033,USD,16.95,0.30,16.65,1,2026-02-06,SETTLED
SETTLE_000128,PAYPAL,MERCH_0095,USD,50.99,2.27,48.72,1,2026-03-15,SETTLED
SETTLE_000129,STRIPE,MERCH_0081,USD,72.75,1.34,71.41,1,2026-01-14,SETTLED
SETTLE_000130,STRIPE,MERCH_0093,CAD,39.50,1.45,38.05,1,2026-03-17,SETTLED
SETTLE_000131,STRIPE,MERCH_0047,EUR,68.25,1.55,66.70,1,2026-03-04,SETTLED
SETTLE_000132,STRIPE,MERCH_0006,CAD,626.25,18.46,607.79,1,2026-01-08,SETTLED
SETTLE_000133,PAYPAL,MERCH_0072,EUR,15.95,0.90,15.05,1,2026-02-10,SETTLED
SETTLE_000134,ADYEN,MERCH_0065,USD,49.75,1.16,48.59,1,2026-01-27,SETTLED
SETTLE_000135,PAYPAL,MERCH_0031,GBP,1788.50,52.17,1736.33,1,2026-01-06,SETTLED
SETTLE_000136,PAYPAL,MERCH_0069,GBP,458.99,13.61,445.38,1,2026-01-02,SETTLED
SETTLE_000137,STRIPE,MERCH_0053,USD,305.00,4.83,300.17,2,2026-02-02,SETTLED
SETTLE_000138,ADYEN,MERCH_0100,EUR,3249.95,15.52,3234.43,1,2026-01-12,SETTLED
SETTLE_000139,ADYEN,MERCH_0027,EUR,525.50,1.99,523.51,1,2026-03-04,SETTLED
SETTLE_000140,STRIPE,MERCH_0059,GBP,295.75,5.82,289.93,1,2026-03-22,SETTLED
SETTLE_000141,STRIPE,MERCH_0088,USD,46.50,0.62,45.88,1,2026-01-20,SETTLED
SETTLE_000142,STRIPE,MERCH_0094,EUR,29.25,0.81,28.44,1,2026-03-01,SETTLED
SETTLE_000143,STRIPE,MERCH_0099,EUR,90.00,0.65,89.35,1,2026-01-28,SETTLED
SETTLE_000144,PAYPAL,MERCH_0018,USD,395.80,14.30,381.50,1,2026-03-17,SETTLED
SETTLE_000145,CHECKOUT_COM,MERCH_0089,GBP,20.49,5.52,14.97,1,2026-03-04,SETTLED
SETTLE_000146,STRIPE,MERCH_0001,INR,2499.00,52.98,2446.02,1,2026-01-04,SETTLED
SETTLE_000147,STRIPE,MERCH_0088,GBP,51.49,1.18,50.31,1,2026-02-19,SETTLED
SETTLE_000148,STRIPE,MERCH_0011,EUR,423.50,2.32,421.18,1,2026-03-02,SETTLED
SETTLE_000149,STRIPE,MERCH_0080,EUR,3331.95,63.56,3268.39,1,2026-02-05,SETTLED
SETTLE_000150,STRIPE,MERCH_0100,EUR,570.25,3.05,567.20,1,2026-02-02,SETTLED
SETTLE_000151,STRIPE,MERCH_0019,EUR,442.50,2.41,440.09,1,2026-02-02,SETTLED
SETTLE_000152,ADYEN,MERCH_0018,GBP,585.80,8.89,576.91,1,2026-02-08,SETTLED
SETTLE_000153,PAYPAL,MERCH_0075,USD,321.75,11.72,310.03,1,2026-02-22,SETTLED
SETTLE_000154,STRIPE,MERCH_0061,EUR,2129.00,40.70,2088.30,1,2026-04-01,SETTLED
SETTLE_000155,ADYEN,MERCH_0019,GBP,43.75,0.76,42.99,1,2026-03-31,SETTLED
SETTLE_000156,ADYEN,MERCH_0094,GBP,28.99,0.53,28.46,1,2026-03-10,SETTLED
SETTLE_000157,STRIPE,MERCH_0004,EUR,36.49,0.38,36.11,1,2026-02-06,SETTLED
SETTLE_000159,PAYPAL,MERCH_0015,GBP,258.00,7.78,250.22,1,2026-01-08,SETTLED
SETTLE_000161,PAYPAL,MERCH_0017,EUR,38.00,1.61,36.39,1,2026-02-10,SETTLED
SETTLE_000162,ADYEN,MERCH_0041,EUR,62.50,0.37,62.13,1,2026-03-23,SETTLED
SETTLE_000163,ADYEN,MERCH_0010,USD,35.00,0.52,34.48,1,2026-03-01,SETTLED
SETTLE_000164,PAYPAL,MERCH_0025,GBP,25.00,1.02,23.98,1,2026-01-21,SETTLED
SETTLE_000165,ADYEN,MERCH_0007,USD,1807.00,38.07,1768.93,1,2026-01-11,SETTLED
SETTLE_000166,PAYPAL,MERCH_0093,INR,1999.00,25.99,1973.01,1,2026-01-14,SETTLED
SETTLE_000167,ADYEN,MERCH_0004,EUR,119.80,0.57,119.23,1,2026-03-20,SETTLED
SETTLE_000168,STRIPE,MERCH_0092,CAD,245.50,7.42,238.08,1,2026-03-29,SETTLED
SETTLE_000169,ADYEN,MERCH_0058,USD,522.99,11.10,511.89,1,2026-02-04,SETTLED
SETTLE_000171,CHECKOUT_COM,MERCH_0012,USD,102.99,2.57,100.42,1,2026-01-11,SETTLED
SETTLE_000172,CHECKOUT_COM,MERCH_0010,USD,1949.95,45.05,1904.90,1,2026-03-12,SETTLED
SETTLE_000173,ADYEN,MERCH_0006,USD,213.25,4.60,208.65,1,2026-03-26,SETTLED
SETTLE_000174,CHECKOUT_COM,MERCH_0088,USD,3446.95,79.48,3367.47,1,2026-02-20,SETTLED
SETTLE_000175,ADYEN,MERCH_0020,EUR,155.50,0.69,154.81,1,2026-01-30,SETTLED
SETTLE_000176,CHECKOUT_COM,MERCH_0060,GBP,38.80,0.85,37.95,1,2026-03-05,SETTLED
SETTLE_000177,ADYEN,MERCH_0043,USD,75.80,1.01,74.79,1,2026-02-02,SETTLED
SETTLE_000178,STRIPE,MERCH_0061,CAD,470.99,13.96,457.03,1,2026-03-05,SETTLED
SETTLE_000179,STRIPE,MERCH_0007,EUR,37.25,1.38,35.87,1,2026-03-27,SETTLED
SETTLE_000180,ADYEN,MERCH_0092,GBP,396.75,6.05,390.70,1,2026-03-27,SETTLED
SETTLE_000181,ADYEN,MERCH_0022,GBP,245.80,3.79,242.01,1,2026-02-05,SETTLED
SETTLE_000182,STRIPE,MERCH_0072,USD,55.50,0.69,54.81,1,2026-01-21,SETTLED
SETTLE_000183,CHECKOUT_COM,MERCH_0015,CAD,1165.00,28.18,1136.82,1,2026-01-27,SETTLED
SETTLE_000184,CHECKOUT_COM,MERCH_0028,GBP,302.50,5.60,296.90,1,2026-02-12,SETTLED
SETTLE_000185,ADYEN,MERCH_0047,USD,547.49,11.62,535.87,1,2026-01-31,SETTLED
SETTLE_000186,STRIPE,MERCH_0067,GBP,262.80,5.19,257.61,1,2026-01-13,SETTLED
SETTLE_000187,ADYEN,MERCH_0037,USD,1076.49,22.73,1053.76,1,2026-03-04,SETTLED
SETTLE_000189,ADYEN,MERCH_0029,EUR,75.49,0.41,75.08,1,2026-02-24,SETTLED
SETTLE_000190,STRIPE,MERCH_0001,INR,1499.00,32.98,1466.02,1,2026-03-19,SETTLED
SETTLE_000191,STRIPE,MERCH_0054,USD,612.50,18.06,594.44,1,2026-01-03,SETTLED
SETTLE_000192,CHECKOUT_COM,MERCH_0074,GBP,95.25,1.86,93.39,1,2026-01-25,SETTLED
SETTLE_000193,ADYEN,MERCH_0094,USD,182.50,2.29,180.21,1,2026-02-10,SETTLED
SETTLE_000194,PAYPAL,MERCH_0074,GBP,243.95,7.37,236.58,1,2026-03-25,SETTLED
SETTLE_000195,STRIPE,MERCH_0002,USD,106.49,3.39,103.10,1,2026-01-17,SETTLED
SETTLE_000196,STRIPE,MERCH_0031,CAD,468.75,13.89,454.86,1,2026-01-31,SETTLED
SETTLE_000197,STRIPE,MERCH_0082,EUR,206.49,4.17,202.32,1,2026-03-27,SETTLED
SETTLE_000198,ADYEN,MERCH_0010,EUR,77.75,1.20,76.55,1,2026-03-25,SETTLED
SETTLE_000199,ADYEN,MERCH_0027,USD,280.80,3.47,277.33,1,2026-02-07,SETTLED
SETTLE_000200,PAYPAL,MERCH_0045,EUR,47.00,1.89,45.11,1,2026-03-02,SETTLED
SETTLE_000201,STRIPE,MERCH_0028,CAD,43.00,1.55,41.45,1,2026-01-13,SETTLED
SETTLE_000202,ADYEN,MERCH_0062,EUR,588.95,8.36,580.59,1,2026-01-11,SETTLED
SETTLE_000203,STRIPE,MERCH_0026,EUR,41.95,1.05,40.90,1,2026-02-09,SETTLED
SETTLE_000204,ADYEN,MERCH_0041,EUR,60.25,0.36,59.89,1,2026-03-02,SETTLED
SETTLE_000205,PAYPAL,MERCH_0005,USD,60.25,2.59,57.66,1,2026-01-26,SETTLED
SETTLE_000206,STRIPE,MERCH_0024,USD,461.75,3.94,457.81,1,2026-01-26,SETTLED
SETTLE_000207,ADYEN,MERCH_0089,USD,410.75,5.03,405.72,1,2026-03-12,SETTLED
SETTLE_000208,STRIPE,MERCH_0028,EUR,157.95,3.25,154.70,1,2026-01-23,SETTLED
SETTLE_000209,STRIPE,MERCH_0007,USD,208.95,3.38,205.57,1,2026-02-19,SETTLED
SETTLE_000210,STRIPE,MERCH_0074,USD,1815.00,52.93,1762.07,1,2026-01-30,SETTLED
SETTLE_000211,STRIPE,MERCH_0006,USD,506.49,14.99,491.50,1,2026-03-05,SETTLED
SETTLE_000212,ADYEN,MERCH_0011,USD,453.80,5.55,448.25,1,2026-03-18,SETTLED
SETTLE_000213,STRIPE,MERCH_0080,INR,299.00,8.98,290.02,1,2026-01-05,SETTLED
SETTLE_000214,ADYEN,MERCH_0012,EUR,866.00,12.23,853.77,1,2026-03-13,SETTLED
SETTLE_000215,PAYPAL,MERCH_0034,EUR,36.25,1.55,34.70,1,2026-03-10,SETTLED
SETTLE_000216,ADYEN,MERCH_0019,GBP,615.80,9.34,606.46,1,2026-03-29,SETTLED
SETTLE_000217,STRIPE,MERCH_0042,USD,150.95,1.46,149.49,1,2026-01-24,SETTLED
SETTLE_000218,STRIPE,MERCH_0010,CAD,560.00,16.54,543.46,1,2026-01-08,SETTLED
SETTLE_000220,ADYEN,MERCH_0014,EUR,3192.25,44.80,3147.45,1,2026-01-23,SETTLED
SETTLE_000221,PAYPAL,MERCH_0036,INR,9999.00,121.99,9877.01,1,2026-01-18,SETTLED
SETTLE_000224,STRIPE,MERCH_0057,EUR,763.00,14.75,748.25,1,2026-02-07,SETTLED
SETTLE_000225,CHECKOUT_COM,MERCH_0068,CAD,21.25,0.73,20.52,1,2026-02-19,SETTLED
SETTLE_000226,STRIPE,MERCH_0005,INR,4999.00,102.98,4896.02,1,2026-01-28,SETTLED
SETTLE_000227,STRIPE,MERCH_0094,CAD,436.50,12.96,423.54,1,2026-02-19,SETTLED
SETTLE_000228,PAYPAL,MERCH_0013,EUR,325.80,10.82,314.98,1,2026-02-20,SETTLED
SETTLE_000230,PAYPAL,MERCH_0077,USD,334.00,12.15,321.85,1,2026-02-17,SETTLED
SETTLE_000231,STRIPE,MERCH_0097,EUR,57.49,1.34,56.15,1,2026-03-18,SETTLED
SETTLE_000232,ADYEN,MERCH_0085,EUR,60.80,0.96,59.84,1,2026-01-26,SETTLED
SETTLE_000233,PAYPAL,MERCH_0035,GBP,67.00,2.24,64.76,1,2026-03-14,SETTLED
SETTLE_000234,ADYEN,MERCH_0004,GBP,26.99,0.50,26.49,2,2026-02-27,SETTLED
SETTLE_000235,PAYPAL,MERCH_0068,INR,1999.00,25.99,1973.01,1,2026-01-28,SETTLED
SETTLE_000236,ADYEN,MERCH_0006,USD,546.49,6.66,539.83,1,2026-02-21,SETTLED
SETTLE_000237,STRIPE,MERCH_0002,EUR,616.80,3.28,613.52,1,2026-03-09,SETTLED
SETTLE_000238,ADYEN,MERCH_0037,USD,303.00,6.48,296.52,1,2026-03-20,SETTLED
SETTLE_000239,ADYEN,MERCH_0040,EUR,32.00,0.56,31.44,1,2026-02-13,SETTLED
SETTLE_000240,STRIPE,MERCH_0012,CAD,163.25,5.03,158.22,1,2026-01-16,SETTLED
SETTLE_000241,ADYEN,MERCH_0087,EUR,1888.49,6.76,1881.73,1,2026-02-12,SETTLED
SETTLE_000242,STRIPE,MERCH_0075,CAD,40.95,1.49,39.46,1,2026-03-09,SETTLED
SETTLE_000243,STRIPE,MERCH_0049,EUR,596.80,3.18,593.62,1,2026-01-11,SETTLED
SETTLE_000244,CHECKOUT_COM,MERCH_0060,USD,759.00,17.66,741.34,1,2026-02-11,SETTLED
SETTLE_000245,STRIPE,MERCH_0075,EUR,65.95,0.53,65.42,1,2026-02-07,SETTLED
SETTLE_000247,STRIPE,MERCH_0089,USD,604.49,9.32,595.17,1,2026-03-27,SETTLED
SETTLE_000248,STRIPE,MERCH_0072,EUR,1499.00,32.98,1466.02,1,2026-01-15,SETTLED
SETTLE_000249,PAYPAL,MERCH_0009,EUR,409.49,13.49,396.00,1,2026-01-17,SETTLED
SETTLE_000250,ADYEN,MERCH_0008,EUR,1613.80,5.80,1608.00,1,2026-01-31,SETTLED
SETTLE_000251,STRIPE,MERCH_0056,USD,120.50,3.79,116.71,1,2026-03-05,SETTLED
SETTLE_000252,STRIPE,MERCH_0038,EUR,50.80,6.22,44.58,1,2026-03-08,SETTLED
SETTLE_000253,CHECKOUT_COM,MERCH_0019,USD,92.49,2.33,90.16,1,2026-01-29,SETTLED
SETTLE_000254,CHECKOUT_COM,MERCH_0046,USD,35.95,1.03,34.92,1,2026-02-16,SETTLED
SETTLE_000255,CHECKOUT_COM,MERCH_0091,CAD,34.49,1.05,33.44,1,2026-02-09,SETTLED
SETTLE_000256,PAYPAL,MERCH_0092,INR,2499.00,39.49,2459.51,1,2026-01-29,SETTLED
SETTLE_000257,PAYPAL,MERCH_0074,INR,799.00,11.59,787.41,1,2026-03-18,SETTLED
SETTLE_000258,STRIPE,MERCH_0009,GBP,28.75,0.75,28.00,1,2026-01-05,SETTLED
SETTLE_000259,ADYEN,MERCH_0014,EUR,904.25,8.31,895.94,1,2026-03-14,SETTLED
SETTLE_000260,STRIPE,MERCH_0078,GBP,72.99,1.59,71.40,1,2026-04-02,SETTLED
SETTLE_000261,PAYPAL,MERCH_0033,INR,1029.00,14.35,1014.65,1,2026-02-13,SETTLED
SETTLE_000262,PAYPAL,MERCH_0075,INR,999.00,13.99,985.01,1,2026-03-04,SETTLED
SETTLE_000263,STRIPE,MERCH_0073,USD,78.99,8.88,70.11,1,2026-03-27,SETTLED
SETTLE_000264,STRIPE,MERCH_0046,EUR,466.49,2.53,463.96,1,2026-03-26,SETTLED
SETTLE_000265,STRIPE,MERCH_0013,INR,9999.00,202.98,9796.02,1,2026-02-19,SETTLED
SETTLE_000266,STRIPE,MERCH_0050,GBP,45.95,1.07,44.88,1,2026-01-08,SETTLED
SETTLE_000267,STRIPE,MERCH_0080,EUR,1728.80,33.10,1695.70,1,2026-02-24,SETTLED
SETTLE_000268,STRIPE,MERCH_0026,USD,57.50,1.11,56.39,1,2026-03-29,SETTLED
SETTLE_000269,STRIPE,MERCH_0073,USD,2355.99,35.59,2320.40,1,2026-03-11,SETTLED
SETTLE_000270,STRIPE,MERCH_0017,USD,79.49,1.44,78.05,1,2026-03-13,SETTLED
SETTLE_000271,STRIPE,MERCH_0030,USD,469.75,13.92,455.83,1,2026-01-07,SETTLED
SETTLE_000272,ADYEN,MERCH_0007,EUR,518.50,1.96,516.54,1,2026-03-17,SETTLED
SETTLE_000273,ADYEN,MERCH_0046,GBP,26.00,0.49,25.51,1,2026-02-04,SETTLED
SETTLE_000274,STRIPE,MERCH_0002,USD,71.49,1.32,70.17,1,2026-03-22,SETTLED
SETTLE_000275,STRIPE,MERCH_0084,EUR,206.25,1.23,205.02,1,2026-01-30,SETTLED
SETTLE_000276,STRIPE,MERCH_0091,INR,1499.00,30.98,1468.02,1,2026-03-30,SETTLED
SETTLE_000277,STRIPE,MERCH_0041,EUR,67.00,1.52,65.48,1,2026-02-20,SETTLED
SETTLE_000278,ADYEN,MERCH_0018,USD,33.75,0.83,32.92,1,2026-01-24,SETTLED
SETTLE_000279,STRIPE,MERCH_0003,USD,64.95,1.22,63.73,1,2026-03-24,SETTLED
SETTLE_000280,ADYEN,MERCH_0050,EUR,310.25,1.24,309.01,1,2026-01-04,SETTLED
SETTLE_000281,CHECKOUT_COM,MERCH_0085,GBP,3114.99,56.22,3058.77,1,2026-01-05,SETTLED
SETTLE_000282,ADYEN,MERCH_0044,GBP,647.00,17.30,629.70,1,2026-03-27,SETTLED
SETTLE_000284,STRIPE,MERCH_0036,INR,1999.00,42.98,1956.02,1,2026-01-10,SETTLED
SETTLE_000285,PAYPAL,MERCH_0035,GBP,56.00,1.92,54.08,1,2026-03-19,SETTLED
SETTLE_000286,STRIPE,MERCH_0057,USD,700.99,10.76,690.23,1,2026-02-16,SETTLED
SETTLE_000287,CHECKOUT_COM,MERCH_0071,USD,50.50,1.36,49.14,1,2026-01-08,SETTLED
SETTLE_000288,PAYPAL,MERCH_0023,EUR,19.00,1.00,18.00,1,2026-03-27,SETTLED
SETTLE_000289,STRIPE,MERCH_0071,INR,299.00,0.00,299.00,1,2026-01-08,SETTLED
SETTLE_000290,STRIPE,MERCH_0077,EUR,196.49,3.98,192.51,1,2026-02-05,SETTLED
SETTLE_000291,PAYPAL,MERCH_0088,GBP,1237.25,36.18,1201.07,1,2026-01-09,SETTLED
SETTLE_000292,ADYEN,MERCH_0084,USD,20.00,8.54,11.46,1,2026-02-17,SETTLED
SETTLE_000293,CHECKOUT_COM,MERCH_0041,CAD,2202.99,53.09,2149.90,1,2026-03-12,SETTLED
SETTLE_000294,CHECKOUT_COM,MERCH_0010,CAD,205.25,5.15,200.10,1,2026-02-26,SETTLED
SETTLE_000295,PAYPAL,MERCH_0041,USD,1997.95,70.22,1927.73,1,2026-01-21,SETTLED
SETTLE_000296,STRIPE,MERCH_0041,INR,2499.00,52.98,2446.02,1,2026-03-10,SETTLED
SETTLE_000297,STRIPE,MERCH_0047,INR,2499.00,52.98,2446.02,1,2026-03-02,SETTLED
SETTLE_000298,ADYEN,MERCH_0078,USD,25.99,0.67,25.32,1,2026-03-20,SETTLED
SETTLE_000299,STRIPE,MERCH_0099,GBP,30.80,0.79,30.01,1,2026-03-30,SETTLED
SETTLE_000300,STRIPE,MERCH_0096,USD,36.25,0.79,35.46,1,2026-01-14,SETTLED
SETTLE_000301,CHECKOUT_COM,MERCH_0046,GBP,202.75,3.80,198.95,1,2026-02-10,SETTLED
SETTLE_000302,ADYEN,MERCH_0010,GBP,527.80,8.02,519.78,1,2026-02-14,SETTLED
SETTLE_000303,PAYPAL,MERCH_0020,USD,545.99,19.55,526.44,1,2026-02-28,SETTLED
SETTLE_000304,STRIPE,MERCH_0076,EUR,58.75,1.37,57.38,1,2026-03-18,SETTLED
SETTLE_000305,ADYEN,MERCH_0037,USD,822.50,9.97,812.53,1,2026-02-08,SETTLED
SETTLE_000306,PAYPAL,MERCH_0036,EUR,51.99,2.05,49.94,1,2026-03-28,SETTLED
SETTLE_000307,STRIPE,MERCH_0029,INR,999.00,0.00,999.00,1,2026-01-30,SETTLED
SETTLE_000308,STRIPE,MERCH_0004,USD,3.75,0.31,3.44,1,2026-03-30,SETTLED
SETTLE_000309,CHECKOUT_COM,MERCH_0067,USD,1142.95,26.49,1116.46,1,2026-03-24,SETTLED
SETTLE_000310,STRIPE,MERCH_0036,USD,415.75,3.58,412.17,1,2026-02-05,SETTLED
SETTLE_000311,STRIPE,MERCH_0095,USD,808.99,6.72,802.27,1,2026-03-08,SETTLED
SETTLE_000312,PAYPAL,MERCH_0072,GBP,63.00,2.13,60.87,1,2026-03-04,SETTLED
SETTLE_000313,PAYPAL,MERCH_0037,GBP,1628.49,47.53,1580.96,1,2026-01-21,SETTLED
SETTLE_000314,ADYEN,MERCH_0091,GBP,321.95,4.93,317.02,1,2026-01-06,SETTLED
SETTLE_000315,CHECKOUT_COM,MERCH_0030,EUR,482.80,8.39,474.41,1,2026-03-08,SETTLED
SETTLE_000316,ADYEN,MERCH_0029,USD,1983.25,41.77,1941.48,1,2026-03-28,SETTLED
SETTLE_000317,STRIPE,MERCH_0060,EUR,212.99,4.30,208.69,1,2026-03-07,SETTLED
SETTLE_000318,CHECKOUT_COM,MERCH_0004,CAD,2326.75,56.06,2270.69,1,2026-01-28,SETTLED
SETTLE_000319,CHECKOUT_COM,MERCH_0053,USD,21.25,0.69,20.56,1,2026-03-21,SETTLED
SETTLE_000320,ADYEN,MERCH_0006,GBP,251.75,3.88,247.87,1,2026-02-14,SETTLED
SETTLE_000321,STRIPE,MERCH_0078,USD,57.25,1.96,55.29,1,2026-01-04,SETTLED
SETTLE_000322,ADYEN,MERCH_0007,EUR,2845.75,39.95,2805.80,1,2026-01-22,SETTLED
SETTLE_000323,STRIPE,MERCH_0048,CAD,798.75,23.46,775.29,1,2026-02-11,SETTLED
SETTLE_000324,ADYEN,MERCH_0063,USD,46.95,1.11,45.84,1,2026-01-17,SETTLED
SETTLE_000325,STRIPE,MERCH_0052,INR,499.00,0.00,499.00,1,2026-03-22,SETTLED
SETTLE_000326,STRIPE,MERCH_0096,EUR,481.49,2.61,478.88,1,2026-03-02,SETTLED
SETTLE_000327,STRIPE,MERCH_0066,INR,999.00,0.00,999.00,1,2026-01-31,SETTLED
SETTLE_000328,CHECKOUT_COM,MERCH_0012,GBP,627.95,11.45,616.50,1,2026-02-10,SETTLED
SETTLE_000329,STRIPE,MERCH_0048,EUR,93.80,2.03,91.77,1,2026-03-12,SETTLED
SETTLE_000330,STRIPE,MERCH_0083,EUR,36.49,0.38,36.11,1,2026-02-03,SETTLED
SETTLE_000331,CHECKOUT_COM,MERCH_0019,EUR,78.75,1.52,77.23,1,2026-03-03,SETTLED
SETTLE_000332,ADYEN,MERCH_0042,GBP,41.00,0.71,40.29,1,2026-03-01,SETTLED
SETTLE_000333,CHECKOUT_COM,MERCH_0041,USD,164.80,3.99,160.81,1,2026-02-02,SETTLED
SETTLE_000334,CHECKOUT_COM,MERCH_0097,CAD,71.49,1.94,69.55,2,2026-01-18,SETTLED
SETTLE_000335,ADYEN,MERCH_0018,EUR,70.00,0.39,69.61,1,2026-02-11,SETTLED
SETTLE_000336,PAYPAL,MERCH_0079,GBP,41.50,1.50,40.00,1,2026-02-26,SETTLED
SETTLE_000337,ADYEN,MERCH_0061,USD,75.50,1.01,74.49,1,2026-01-22,SETTLED
SETTLE_000338,STRIPE,MERCH_0009,CAD,631.75,18.62,613.13,1,2026-02-01,SETTLED
SETTLE_000339,CHECKOUT_COM,MERCH_0009,GBP,16.75,0.45,16.30,1,2026-03-05,SETTLED
SETTLE_000340,PAYPAL,MERCH_0072,INR,499.00,7.99,491.01,1,2026-03-05,SETTLED
SETTLE_000341,STRIPE,MERCH_0034,EUR,50.25,0.45,49.80,1,2026-01-12,SETTLED
SETTLE_000342,STRIPE,MERCH_0022,INR,499.00,12.98,486.02,1,2026-03-19,SETTLED
SETTLE_000343,STRIPE,MERCH_0001,USD,531.50,8.22,523.28,1,2026-01-09,SETTLED
SETTLE_000344,CHECKOUT_COM,MERCH_0098,GBP,64.25,1.31,62.94,1,2026-01-25,SETTLED
SETTLE_000345,PAYPAL,MERCH_0068,EUR,3246.75,104.29,3142.46,1,2026-03-29,SETTLED
SETTLE_000346,STRIPE,MERCH_0063,EUR,263.25,5.25,258.00,1,2026-03-09,SETTLED
SETTLE_000347,STRIPE,MERCH_0028,CAD,16.25,0.77,15.48,1,2026-03-28,SETTLED
SETTLE_000348,STRIPE,MERCH_0076,EUR,2710.99,51.76,2659.23,1,2026-02-03,SETTLED
SETTLE_000349,STRIPE,MERCH_0051,INR,15000.00,0.00,15000.00,1,2026-03-10,SETTLED
SETTLE_000350,PAYPAL,MERCH_0063,GBP,18.49,0.84,17.65,1,2026-02-17,SETTLED
SETTLE_000351,CHECKOUT_COM,MERCH_0054,USD,50.00,1.35,48.65,1,2026-01-07,SETTLED
SETTLE_000352,STRIPE,MERCH_0087,GBP,493.99,9.59,484.40,1,2026-03-30,SETTLED
SETTLE_000353,STRIPE,MERCH_0098,INR,799.00,0.00,799.00,1,2026-01-16,SETTLED
SETTLE_000354,ADYEN,MERCH_0040,EUR,51.49,0.83,50.66,1,2026-02-25,SETTLED
SETTLE_000355,PAYPAL,MERCH_0024,GBP,91.00,2.94,88.06,1,2026-02-28,SETTLED
SETTLE_000356,STRIPE,MERCH_0040,EUR,51.95,0.46,51.49,1,2026-03-15,SETTLED
SETTLE_000357,STRIPE,MERCH_0029,CAD,1713.50,49.99,1663.51,1,2026-01-28,SETTLED
SETTLE_000358,PAYPAL,MERCH_0075,GBP,255.80,7.72,248.08,1,2026-02-05,SETTLED
SETTLE_000359,PAYPAL,MERCH_0090,GBP,79.95,2.62,77.33,1,2026-02-05,SETTLED
SETTLE_000360,STRIPE,MERCH_0034,INR,499.00,0.00,499.00,1,2026-02-16,SETTLED
SETTLE_000361,ADYEN,MERCH_0060,EUR,145.25,2.14,143.11,1,2026-02-02,SETTLED
SETTLE_000362,PAYPAL,MERCH_0061,GBP,60.49,2.05,58.44,1,2026-02-04,SETTLED
SETTLE_000363,PAYPAL,MERCH_0057,USD,565.25,20.22,545.03,1,2026-02-28,SETTLED
SETTLE_000364,STRIPE,MERCH_0087,USD,600.75,9.26,591.49,1,2026-01-31,SETTLED
SETTLE_000365,STRIPE,MERCH_0004,GBP,2797.95,53.36,2744.59,1,2026-02-21,SETTLED
SETTLE_000366,STRIPE,MERCH_0007,EUR,250.99,1.45,249.54,1,2026-02-01,SETTLED
SETTLE_000367,STRIPE,MERCH_0039,GBP,2439.75,46.56,2393.19,1,2026-01-10,SETTLED
SETTLE_000368,ADYEN,MERCH_0001,EUR,484.49,6.89,477.60,1,2026-01-17,SETTLED
SETTLE_000369,STRIPE,MERCH_0098,EUR,217.99,1.29,216.70,1,2026-02-08,SETTLED
SETTLE_000370,CHECKOUT_COM,MERCH_0069,EUR,137.00,2.51,134.49,1,2026-02-05,SETTLED
SETTLE_000371,ADYEN,MERCH_0079,EUR,222.49,0.93,221.56,1,2026-03-16,SETTLED
SETTLE_000372,PAYPAL,MERCH_0012,GBP,372.50,11.10,361.40,1,2026-02-08,SETTLED
SETTLE_000373,ADYEN,MERCH_0054,EUR,165.49,0.73,164.76,1,2026-01-18,SETTLED
SETTLE_000374,PAYPAL,MERCH_0021,EUR,92.25,3.71,88.54,1,2026-01-14,SETTLED
SETTLE_000375,PAYPAL,MERCH_0055,GBP,542.49,16.03,526.46,1,2026-03-15,SETTLED
SETTLE_000376,ADYEN,MERCH_0023,EUR,28.49,0.25,28.24,1,2026-02-22,SETTLED
SETTLE_000377,ADYEN,MERCH_0056,USD,77.00,1.74,75.26,1,2026-02-16,SETTLED
SETTLE_000378,ADYEN,MERCH_0055,USD,264.00,5.66,258.34,1,2026-03-08,SETTLED
SETTLE_000379,STRIPE,MERCH_0039,EUR,625.99,12.14,613.85,1,2026-03-01,SETTLED
SETTLE_000380,CHECKOUT_COM,MERCH_0017,EUR,2065.25,35.29,2029.96,1,2026-03-04,SETTLED
SETTLE_000381,ADYEN,MERCH_0006,EUR,27.00,0.49,26.51,1,2026-02-03,SETTLED
SETTLE_000382,STRIPE,MERCH_0055,GBP,212.95,4.25,208.70,1,2026-01-04,SETTLED
SETTLE_000383,PAYPAL,MERCH_0089,USD,70.80,2.96,67.84,1,2026-02-07,SETTLED
SETTLE_000384,STRIPE,MERCH_0006,GBP,67.95,1.49,66.46,1,2026-02-10,SETTLED
SETTLE_000385,PAYPAL,MERCH_0035,GBP,43.99,1.58,42.41,1,2026-03-01,SETTLED
SETTLE_000386,CHECKOUT_COM,MERCH_0094,USD,417.25,9.80,407.45,1,2026-03-23,SETTLED
SETTLE_000387,CHECKOUT_COM,MERCH_0044,USD,591.50,13.80,577.70,1,2026-02-04,SETTLED
SETTLE_000388,PAYPAL,MERCH_0052,USD,434.49,15.65,418.84,1,2026-03-07,SETTLED
SETTLE_000389,PAYPAL,MERCH_0038,INR,299.00,5.59,293.41,1,2026-02-15,SETTLED
SETTLE_000390,ADYEN,MERCH_0054,USD,2188.80,46.08,2142.72,1,2026-03-16,SETTLED
SETTLE_000391,STRIPE,MERCH_0051,EUR,35.95,0.93,35.02,1,2026-01-22,SETTLED
SETTLE_000392,PAYPAL,MERCH_0046,EUR,61.95,2.37,59.58,1,2026-02-11,SETTLED
SETTLE_000393,CHECKOUT_COM,MERCH_0029,USD,541.95,12.66,529.29,1,2026-02-19,SETTLED
SETTLE_000394,CHECKOUT_COM,MERCH_0069,USD,181.50,4.37,177.13,1,2026-03-17,SETTLED
SETTLE_000395,STRIPE,MERCH_0025,INR,9999.00,202.98,9796.02,1,2026-03-03,SETTLED
SETTLE_000396,PAYPAL,MERCH_0079,USD,460.80,16.57,444.23,1,2026-01-18,SETTLED
SETTLE_000397,ADYEN,MERCH_0025,EUR,40.75,0.68,40.07,1,2026-02-15,SETTLED
SETTLE_000398,STRIPE,MERCH_0074,INR,999.00,22.98,976.02,1,2026-02-15,SETTLED
SETTLE_000399,STRIPE,MERCH_0021,USD,497.00,4.23,492.77,1,2026-02-16,SETTLED
SETTLE_000400,PAYPAL,MERCH_0034,EUR,142.00,4.93,137.07,1,2026-01-14,SETTLED
SETTLE_000401,PAYPAL,MERCH_0092,GBP,208.80,6.36,202.44,1,2026-03-04,SETTLED
SETTLE_000402,ADYEN,MERCH_0047,INR,2627.50,31.63,2595.87,1,2026-03-07,SETTLED
SETTLE_000403,STRIPE,MERCH_0097,INR,1499.00,0.00,1499.00,1,2026-03-16,SETTLED
SETTLE_000404,STRIPE,MERCH_0077,EUR,107.50,0.74,106.76,1,2026-03-17,SETTLED
SETTLE_000405,PAYPAL,MERCH_0092,GBP,531.95,15.73,516.22,1,2026-02-26,SETTLED
SETTLE_000406,STRIPE,MERCH_0050,INR,999.00,22.98,976.02,1,2026-03-05,SETTLED
SETTLE_000407,CHECKOUT_COM,MERCH_0047,CAD,255.25,6.35,248.90,1,2026-03-15,SETTLED
SETTLE_000408,CHECKOUT_COM,MERCH_0063,CAD,63.80,1.75,62.05,1,2026-03-27,SETTLED
SETTLE_000409,STRIPE,MERCH_0027,INR,15000.00,0.00,15000.00,1,2026-01-16,SETTLED
SETTLE_000410,PAYPAL,MERCH_0095,INR,2499.00,31.99,2467.01,1,2026-02-06,SETTLED
SETTLE_000411,CHECKOUT_COM,MERCH_0071,GBP,880.49,16.00,864.49,1,2026-03-25,SETTLED
SETTLE_000412,PAYPAL,MERCH_0095,GBP,73.75,2.44,71.31,1,2026-03-10,SETTLED
SETTLE_000413,STRIPE,MERCH_0012,USD,143.50,1.40,142.10,1,2026-03-14,SETTLED
SETTLE_000414,STRIPE,MERCH_0013,USD,155.99,2.59,153.40,2,2026-03-28,SETTLED
SETTLE_000415,STRIPE,MERCH_0013,CAD,36.80,1.37,35.43,1,2026-02-28,SETTLED
SETTLE_000416,STRIPE,MERCH_0076,INR,9999.00,0.00,9999.00,1,2026-01-02,SETTLED
SETTLE_000417,ADYEN,MERCH_0066,USD,1670.95,35.21,1635.74,1,2026-03-05,SETTLED
SETTLE_000418,STRIPE,MERCH_0040,GBP,80.80,1.74,79.06,1,2026-01-13,SETTLED
SETTLE_000419,CHECKOUT_COM,MERCH_0087,USD,632.99,14.76,618.23,1,2026-01-11,SETTLED
SETTLE_000420,ADYEN,MERCH_0040,USD,53.80,0.75,53.05,1,2026-01-31,SETTLED
SETTLE_000421,STRIPE,MERCH_0025,GBP,241.50,4.79,236.71,1,2026-03-19,SETTLED
SETTLE_000422,ADYEN,MERCH_0030,USD,57.99,1.34,56.65,1,2026-02-17,SETTLED
SETTLE_000423,ADYEN,MERCH_0055,GBP,494.00,7.51,486.49,1,2026-02-09,SETTLED
SETTLE_000424,PAYPAL,MERCH_0003,INR,1499.00,19.99,1479.01,1,2026-01-22,SETTLED
SETTLE_000425,STRIPE,MERCH_0042,CAD,531.75,15.72,516.03,1,2026-02-25,SETTLED
SETTLE_000426,PAYPAL,MERCH_0042,USD,839.80,29.80,810.00,1,2026-03-13,SETTLED
SETTLE_000427,STRIPE,MERCH_0078,USD,70.99,1.31,69.68,1,2026-02-07,SETTLED
SETTLE_000428,ADYEN,MERCH_0018,GBP,3066.50,46.10,3020.40,1,2026-02-02,SETTLED
SETTLE_000429,CHECKOUT_COM,MERCH_0032,GBP,379.95,6.99,372.96,1,2026-02-26,SETTLED
SETTLE_000430,STRIPE,MERCH_0099,CAD,44.50,1.59,42.91,1,2026-03-15,SETTLED
SETTLE_000431,STRIPE,MERCH_0078,EUR,579.25,11.26,567.99,1,2026-01-15,SETTLED
SETTLE_000432,STRIPE,MERCH_0003,USD,584.99,9.02,575.97,1,2026-02-13,SETTLED
SETTLE_000433,STRIPE,MERCH_0012,EUR,270.50,5.39,265.11,1,2026-03-19,SETTLED
SETTLE_000435,STRIPE,MERCH_0052,CAD,43.25,1.55,41.70,1,2026-01-30,SETTLED
SETTLE_000436,PAYPAL,MERCH_0084,USD,3013.99,105.68,2908.31,1,2026-03-18,SETTLED
SETTLE_000437,CHECKOUT_COM,MERCH_0024,GBP,634.00,11.56,622.44,1,2026-01-04,SETTLED
SETTLE_000438,ADYEN,MERCH_0026,GBP,42.95,0.74,42.21,1,2026-01-18,SETTLED
SETTLE_000439,STRIPE,MERCH_0049,CAD,71.25,2.37,68.88,1,2026-02-14,SETTLED
SETTLE_000440,PAYPAL,MERCH_0023,USD,41.49,1.94,39.55,1,2026-04-01,SETTLED
SETTLE_000441,STRIPE,MERCH_0096,CAD,2727.75,79.40,2648.35,1,2026-02-11,SETTLED
SETTLE_000442,ADYEN,MERCH_0003,GBP,1060.25,16.00,1044.25,1,2026-02-08,SETTLED
SETTLE_000443,PAYPAL,MERCH_0030,GBP,740.25,21.77,718.48,1,2026-03-06,SETTLED
SETTLE_000444,STRIPE,MERCH_0023,EUR,75.50,0.58,74.92,1,2026-01-03,SETTLED
SETTLE_000445,STRIPE,MERCH_0048,GBP,34.25,0.85,33.40,1,2026-03-23,SETTLED
SETTLE_000447,STRIPE,MERCH_0004,EUR,63.25,0.52,62.73,1,2026-01-05,SETTLED
SETTLE_000448,STRIPE,MERCH_0013,INR,2499.00,52.98,2446.02,1,2026-02-05,SETTLED
SETTLE_000449,PAYPAL,MERCH_0018,GBP,175.00,5.37,169.63,1,2026-03-21,SETTLED
SETTLE_000450,PAYPAL,MERCH_0062,USD,80.75,3.31,77.44,1,2026-03-16,SETTLED
SETTLE_000451,PAYPAL,MERCH_0013,EUR,47.49,6.91,40.58,1,2026-01-29,SETTLED
SETTLE_000452,ADYEN,MERCH_0098,GBP,116.99,1.85,115.14,1,2026-02-03,SETTLED
SETTLE_000453,STRIPE,MERCH_0002,USD,56.75,1.10,55.65,1,2026-03-04,SETTLED
SETTLE_000454,CHECKOUT_COM,MERCH_0081,USD,350.75,8.27,342.48,1,2026-02-10,SETTLED
SETTLE_000455,ADYEN,MERCH_0044,USD,548.80,6.69,542.11,1,2026-01-27,SETTLED
SETTLE_000456,PAYPAL,MERCH_0009,GBP,1168.00,34.17,1133.83,1,2026-02-12,SETTLED
SETTLE_000457,CHECKOUT_COM,MERCH_0017,USD,165.25,4.00,161.25,1,2026-02-01,SETTLED
SETTLE_000458,STRIPE,MERCH_0088,USD,443.75,13.17,430.58,1,2026-03-18,SETTLED
SETTLE_000459,CHECKOUT_COM,MERCH_0047,CAD,57.50,1.60,55.90,1,2026-01-24,SETTLED
SETTLE_000460,ADYEN,MERCH_0026,EUR,68.95,0.39,68.56,1,2026-01-07,SETTLED
SETTLE_000461,CHECKOUT_COM,MERCH_0010,GBP,23.95,0.58,23.37,1,2026-03-12,SETTLED
SETTLE_000462,STRIPE,MERCH_0021,GBP,39.25,0.95,38.30,2,2026-02-09,SETTLED
SETTLE_000463,PAYPAL,MERCH_0052,USD,33.50,1.66,31.84,1,2026-03-13,SETTLED
SETTLE_000464,STRIPE,MERCH_0014,INR,1499.00,32.98,1466.02,1,2026-02-17,SETTLED
SETTLE_000465,STRIPE,MERCH_0010,INR,2499.00,0.00,2499.00,1,2026-03-28,SETTLED
SETTLE_000466,ADYEN,MERCH_0091,USD,171.75,3.73,168.02,1,2026-03-16,SETTLED
SETTLE_000467,STRIPE,MERCH_0064,USD,1798.49,27.23,1771.26,1,2026-02-12,SETTLED
SETTLE_000469,PAYPAL,MERCH_0075,USD,287.25,10.52,276.73,1,2026-01-23,SETTLED
SETTLE_000470,PAYPAL,MERCH_0049,INR,299.00,5.59,293.41,1,2026-02-21,SETTLED
SETTLE_000471,PAYPAL,MERCH_0098,USD,221.25,8.21,213.04,1,2026-02-06,SETTLED
SETTLE_000472,PAYPAL,MERCH_0005,GBP,107.25,3.41,103.84,1,2026-03-22,SETTLED
SETTLE_000473,STRIPE,MERCH_0038,USD,340.80,10.18,330.62,1,2026-03-21,SETTLED
SETTLE_000474,STRIPE,MERCH_0036,USD,350.99,5.51,345.48,1,2026-03-19,SETTLED
SETTLE_000475,ADYEN,MERCH_0083,EUR,257.99,1.05,256.94,1,2026-03-15,SETTLED
SETTLE_000476,STRIPE,MERCH_0079,INR,1599.00,34.98,1564.02,1,2026-03-15,SETTLED
SETTLE_000477,ADYEN,MERCH_0082,EUR,77.75,0.42,77.33,1,2026-03-16,SETTLED
SETTLE_000478,STRIPE,MERCH_0022,EUR,599.75,11.65,588.10,1,2026-01-03,SETTLED
SETTLE_000479,STRIPE,MERCH_0051,USD,495.49,4.21,491.28,1,2026-01-21,SETTLED
SETTLE_000480,ADYEN,MERCH_0051,EUR,381.49,1.49,380.00,1,2026-04-01,SETTLED
SETTLE_000481,STRIPE,MERCH_0006,EUR,43.95,0.42,43.53,1,2026-02-24,SETTLED
SETTLE_000482,STRIPE,MERCH_0057,USD,117.95,3.72,114.23,1,2026-01-16,SETTLED
SETTLE_000483,STRIPE,MERCH_0073,GBP,477.25,9.27,467.98,1,2026-02-11,SETTLED
SETTLE_000484,STRIPE,MERCH_0048,INR,4999.00,102.98,4896.02,1,2026-03-30,SETTLED
SETTLE_000485,STRIPE,MERCH_0069,EUR,188.80,3.84,184.96,1,2026-01-14,SETTLED
SETTLE_000486,PAYPAL,MERCH_0059,USD,36.25,1.76,34.49,1,2026-02-19,SETTLED
SETTLE_000487,PAYPAL,MERCH_0091,INR,499.00,7.99,491.01,1,2026-01-08,SETTLED
SETTLE_000488,STRIPE,MERCH_0056,CAD,53.80,1.86,51.94,1,2026-02-09,SETTLED
SETTLE_000489,PAYPAL,MERCH_0099,USD,3147.99,110.35,3037.64,1,2026-03-09,SETTLED
SETTLE_000490,ADYEN,MERCH_0079,GBP,335.50,5.13,330.37,1,2026-02-22,SETTLED
SETTLE_000491,STRIPE,MERCH_0084,EUR,66.99,1.52,65.47,1,2026-03-14,SETTLED
SETTLE_000492,ADYEN,MERCH_0090,USD,60.50,0.83,59.67,1,2026-01-15,SETTLED
SETTLE_000493,STRIPE,MERCH_0024,CAD,25.75,1.05,24.70,1,2026-02-10,SETTLED
SETTLE_000494,STRIPE,MERCH_0078,USD,15.99,0.49,15.50,1,2026-02-25,SETTLED
SETTLE_000495,ADYEN,MERCH_0004,EUR,1423.49,20.04,1403.45,1,2026-02-26,SETTLED
SETTLE_000496,PAYPAL,MERCH_0045,INR,9999.00,121.99,9877.01,1,2026-03-28,SETTLED
SETTLE_000497,STRIPE,MERCH_0057,USD,400.49,6.26,394.23,1,2026-03-03,SETTLED
SETTLE_000498,PAYPAL,MERCH_0013,EUR,2032.50,65.43,1967.07,1,2026-01-21,SETTLED
SETTLE_000499,ADYEN,MERCH_0086,USD,45.75,0.65,45.10,1,2026-01-08,SETTLED
SETTLE_000500,PAYPAL,MERCH_0008,INR,4999.00,61.99,4937.01,1,2026-03-22,SETTLED
SETTLE_000501,STRIPE,MERCH_0097,CAD,72.95,2.42,70.53,1,2026-03-05,SETTLED
SETTLE_000502,STRIPE,MERCH_0049,USD,76.80,2.53,74.27,1,2026-02-18,SETTLED
SETTLE_000503,STRIPE,MERCH_0090,USD,1908.75,28.88,1879.87,1,2026-02-22,SETTLED
SETTLE_000505,STRIPE,MERCH_0095,GBP,126.99,2.61,124.38,1,2026-02-22,SETTLED
SETTLE_000506,STRIPE,MERCH_0010,CAD,63.00,2.13,60.87,1,2026-02-19,SETTLED
SETTLE_000507,ADYEN,MERCH_0085,EUR,66.75,0.38,66.37,1,2026-01-19,SETTLED
SETTLE_000508,PAYPAL,MERCH_0055,GBP,49.95,1.75,48.20,1,2026-03-12,SETTLED
SETTLE_000509,PAYPAL,MERCH_0025,EUR,485.00,15.91,469.09,1,2026-01-26,SETTLED
SETTLE_000510,STRIPE,MERCH_0010,GBP,56.80,1.28,55.52,1,2026-01-13,SETTLED
SETTLE_000511,STRIPE,MERCH_0037,EUR,40.49,1.02,39.47,1,2026-01-27,SETTLED
SETTLE_000512,CHECKOUT_COM,MERCH_0067,EUR,19.49,0.51,18.98,1,2026-02-16,SETTLED
SETTLE_000513,STRIPE,MERCH_0079,EUR,123.80,0.82,122.98,1,2026-02-13,SETTLED
SETTLE_000514,STRIPE,MERCH_0006,EUR,1678.99,8.59,1670.40,1,2026-01-03,SETTLED
SETTLE_000515,CHECKOUT_COM,MERCH_0049,CAD,39.49,1.17,38.32,1,2026-01-30,SETTLED
SETTLE_000516,ADYEN,MERCH_0032,USD,55.50,1.29,54.21,1,2026-02-22,SETTLED
SETTLE_000517,PAYPAL,MERCH_0067,EUR,410.50,13.53,396.97,1,2026-01-04,SETTLED
SETTLE_000518,STRIPE,MERCH_0049,USD,203.25,3.30,199.95,1,2026-02-25,SETTLED
SETTLE_000519,PAYPAL,MERCH_0003,GBP,64.25,2.16,62.09,1,2026-02-26,SETTLED
SETTLE_000520,STRIPE,MERCH_0082,EUR,449.80,2.45,447.35,1,2026-02-17,SETTLED
SETTLE_000521,STRIPE,MERCH_0021,USD,228.25,6.92,221.33,1,2026-03-15,SETTLED
SETTLE_000522,ADYEN,MERCH_0017,EUR,2537.25,9.03,2528.22,1,2026-01-22,SETTLED
SETTLE_000523,ADYEN,MERCH_0044,EUR,291.50,1.17,290.33,1,2026-03-07,SETTLED
SETTLE_000524,ADYEN,MERCH_0060,GBP,299.99,4.60,295.39,1,2026-03-27,SETTLED
SETTLE_000525,STRIPE,MERCH_0039,CAD,35.75,1.34,34.41,1,2026-01-07,SETTLED
SETTLE_000526,PAYPAL,MERCH_0004,USD,34.50,1.69,32.81,1,2026-02-08,SETTLED
SETTLE_000527,STRIPE,MERCH_0041,EUR,19.80,0.30,19.50,1,2026-01-26,SETTLED
SETTLE_000528,STRIPE,MERCH_0002,USD,2112.99,17.15,2095.84,1,2026-02-03,SETTLED
SETTLE_000529,CHECKOUT_COM,MERCH_0047,USD,37.80,1.07,36.73,1,2026-02-27,SETTLED
SETTLE_000530,CHECKOUT_COM,MERCH_0021,GBP,75.25,1.50,73.75,1,2026-01-13,SETTLED
SETTLE_000531,STRIPE,MERCH_0057,USD,2587.50,39.06,2548.44,1,2026-03-16,SETTLED
SETTLE_000532,CHECKOUT_COM,MERCH_0075,USD,3402.00,78.45,3323.55,1,2026-01-19,SETTLED
SETTLE_000533,ADYEN,MERCH_0023,USD,1105.25,23.33,1081.92,1,2026-03-03,SETTLED
SETTLE_000534,CHECKOUT_COM,MERCH_0011,EUR,508.00,8.82,499.18,1,2026-03-01,SETTLED
SETTLE_000535,ADYEN,MERCH_0067,USD,45.50,0.65,44.85,1,2026-02-18,SETTLED
SETTLE_000536,STRIPE,MERCH_0096,USD,214.99,1.97,213.02,1,2026-03-07,SETTLED
SETTLE_000537,CHECKOUT_COM,MERCH_0049,EUR,49.25,1.02,48.23,1,2026-03-31,SETTLED
SETTLE_000538,ADYEN,MERCH_0053,EUR,581.95,8.26,573.69,1,2026-01-15,SETTLED
SETTLE_000539,STRIPE,MERCH_0066,EUR,37.49,0.39,37.10,1,2026-01-04,SETTLED
SETTLE_000540,STRIPE,MERCH_0010,USD,3180.99,92.55,3088.44,1,2026-03-13,SETTLED
SETTLE_000541,STRIPE,MERCH_0014,EUR,983.75,5.12,978.63,1,2026-01-07,SETTLED
SETTLE_000542,STRIPE,MERCH_0088,USD,39.49,0.84,38.65,1,2026-01-22,SETTLED
SETTLE_000543,STRIPE,MERCH_0037,USD,15.80,0.49,15.31,1,2026-03-27,SETTLED
SETTLE_000544,STRIPE,MERCH_0074,EUR,56.49,1.32,55.17,1,2026-03-11,SETTLED
SETTLE_000545,ADYEN,MERCH_0065,GBP,327.95,5.02,322.93,1,2026-01-23,SETTLED
SETTLE_000546,CHECKOUT_COM,MERCH_0009,EUR,898.99,15.46,883.53,1,2026-01-08,SETTLED
SETTLE_000547,PAYPAL,MERCH_0002,USD,148.99,5.69,143.30,1,2026-02-02,SETTLED
SETTLE_000548,CHECKOUT_COM,MERCH_0096,EUR,401.95,7.01,394.94,1,2026-02-07,SETTLED
SETTLE_000549,CHECKOUT_COM,MERCH_0089,USD,66.80,1.74,65.06,1,2026-02-11,SETTLED
SETTLE_000550,STRIPE,MERCH_0095,USD,471.50,13.97,457.53,1,2026-02-12,SETTLED
SETTLE_000551,STRIPE,MERCH_0023,GBP,65.75,1.45,64.30,2,2026-02-28,SETTLED
SETTLE_000552,CHECKOUT_COM,MERCH_0051,GBP,77.95,1.55,76.40,1,2026-01-31,SETTLED
SETTLE_000553,STRIPE,MERCH_0063,EUR,2603.49,49.72,2553.77,1,2026-02-05,SETTLED
SETTLE_000554,STRIPE,MERCH_0028,USD,677.95,19.96,657.99,1,2026-02-18,SETTLED
SETTLE_000555,ADYEN,MERCH_0077,USD,212.99,4.59,208.40,1,2026-02-22,SETTLED
SETTLE_000556,STRIPE,MERCH_0027,INR,15000.00,303.00,14697.00,1,2026-03-10,SETTLED
SETTLE_000557,STRIPE,MERCH_0042,INR,999.00,20.98,978.02,1,2026-03-31,SETTLED
SETTLE_000558,ADYEN,MERCH_0050,USD,554.49,6.75,547.74,1,2026-03-03,SETTLED
SETTLE_000559,STRIPE,MERCH_0100,INR,1999.00,0.00,1999.00,1,2026-03-20,SETTLED
SETTLE_000560,PAYPAL,MERCH_0042,EUR,360.80,11.94,348.86,1,2026-03-23,SETTLED
SETTLE_000561,PAYPAL,MERCH_0083,EUR,22.49,1.11,21.38,1,2026-04-02,SETTLED
SETTLE_000563,STRIPE,MERCH_0048,EUR,649.80,3.45,646.35,1,2026-03-18,SETTLED
SETTLE_000564,PAYPAL,MERCH_0059,EUR,31.80,1.41,30.39,1,2026-01-21,SETTLED
SETTLE_000565,ADYEN,MERCH_0048,CAD,412.00,1.59,410.41,1,2026-02-01,SETTLED
SETTLE_000566,CHECKOUT_COM,MERCH_0073,CAD,216.00,5.40,210.60,1,2026-01-06,SETTLED
SETTLE_000567,STRIPE,MERCH_0067,INR,1999.00,42.98,1956.02,1,2026-03-12,SETTLED
SETTLE_000568,STRIPE,MERCH_0064,USD,486.25,7.54,478.71,1,2026-02-24,SETTLED
SETTLE_000569,STRIPE,MERCH_0021,INR,999.00,0.00,999.00,1,2026-03-17,SETTLED
SETTLE_000570,STRIPE,MERCH_0083,USD,44.00,0.91,43.09,1,2026-02-17,SETTLED
SETTLE_000571,CHECKOUT_COM,MERCH_0050,CAD,505.95,12.36,493.59,1,2026-01-04,SETTLED
SETTLE_000572,ADYEN,MERCH_0075,EUR,457.49,6.51,450.98,1,2026-01-03,SETTLED
SETTLE_000573,PAYPAL,MERCH_0069,GBP,62.95,2.13,60.82,1,2026-04-01,SETTLED
SETTLE_000574,STRIPE,MERCH_0026,INR,599.00,0.00,599.00,1,2026-03-30,SETTLED
SETTLE_000575,STRIPE,MERCH_0027,USD,291.25,4.62,286.63,1,2026-01-13,SETTLED
SETTLE_000576,STRIPE,MERCH_0083,INR,4999.00,0.00,4999.00,1,2026-02-26,SETTLED
SETTLE_000577,ADYEN,MERCH_0027,EUR,481.99,1.84,480.15,1,2026-03-13,SETTLED
SETTLE_000578,PAYPAL,MERCH_0086,EUR,778.49,25.30,753.19,1,2026-01-09,SETTLED
SETTLE_000579,PAYPAL,MERCH_0039,USD,62.50,2.67,59.83,1,2026-02-08,SETTLED
SETTLE_000580,STRIPE,MERCH_0036,USD,203.95,6.21,197.74,1,2026-03-06,SETTLED
SETTLE_000581,CHECKOUT_COM,MERCH_0082,EUR,26.50,0.63,25.87,2,2026-03-28,SETTLED
SETTLE_000582,STRIPE,MERCH_0003,USD,65.50,0.77,64.73,1,2026-02-17,SETTLED
SETTLE_000583,STRIPE,MERCH_0060,USD,368.00,10.97,357.03,1,2026-01-19,SETTLED
SETTLE_000584,STRIPE,MERCH_0004,CAD,82.75,2.70,80.05,1,2026-03-27,SETTLED
SETTLE_000585,ADYEN,MERCH_0030,CAD,548.49,7.79,540.70,1,2026-01-30,SETTLED
SETTLE_000586,STRIPE,MERCH_0042,GBP,59.25,1.33,57.92,1,2026-02-10,SETTLED
SETTLE_000587,PAYPAL,MERCH_0047,EUR,2014.95,64.87,1950.08,1,2026-01-10,SETTLED
SETTLE_000588,PAYPAL,MERCH_0006,GBP,634.50,18.70,615.80,1,2026-02-20,SETTLED
SETTLE_000589,ADYEN,MERCH_0089,GBP,2879.49,43.29,2836.20,1,2026-01-10,SETTLED
SETTLE_000592,STRIPE,MERCH_0065,EUR,394.49,2.17,392.32,1,2026-02-19,SETTLED
SETTLE_000593,STRIPE,MERCH_0025,USD,38.95,1.43,37.52,2,2026-01-03,SETTLED
SETTLE_000594,PAYPAL,MERCH_0016,INR,299.00,5.59,293.41,1,2026-02-06,SETTLED
SETTLE_000595,PAYPAL,MERCH_0039,USD,123.80,4.81,118.99,1,2026-03-03,SETTLED
SETTLE_000596,CHECKOUT_COM,MERCH_0061,GBP,440.49,8.08,432.41,1,2026-03-16,SETTLED
SETTLE_000597,STRIPE,MERCH_0098,INR,574.00,0.00,574.00,1,2026-02-17,SETTLED
SETTLE_000598,STRIPE,MERCH_0031,USD,72.99,1.34,71.65,1,2026-02-16,SETTLED
SETTLE_000599,PAYPAL,MERCH_0017,INR,4999.00,61.99,4937.01,1,2026-03-27,SETTLED
SETTLE_000600,CHECKOUT_COM,MERCH_0090,GBP,30.00,0.69,29.31,1,2026-02-09,SETTLED
SETTLE_000602,PAYPAL,MERCH_0032,GBP,125.50,3.94,121.56,1,2026-02-08,SETTLED
SETTLE_000603,STRIPE,MERCH_0092,EUR,31.49,0.85,30.64,2,2026-03-21,SETTLED
SETTLE_000604,CHECKOUT_COM,MERCH_0090,CAD,189.99,4.78,185.21,1,2026-01-04,SETTLED
SETTLE_000605,STRIPE,MERCH_0009,INR,3999.00,0.00,3999.00,1,2026-01-10,SETTLED
SETTLE_000606,PAYPAL,MERCH_0004,USD,537.50,19.25,518.25,1,2026-01-10,SETTLED
SETTLE_000607,ADYEN,MERCH_0009,USD,318.49,4.88,313.61,1,2026-02-27,SETTLED
SETTLE_000608,STRIPE,MERCH_0008,USD,353.49,10.55,342.94,1,2026-03-19,SETTLED
SETTLE_000609,STRIPE,MERCH_0032,CAD,570.75,16.85,553.90,1,2026-03-21,SETTLED
SETTLE_000610,CHECKOUT_COM,MERCH_0019,CAD,929.50,22.53,906.97,1,2026-03-26,SETTLED
SETTLE_000611,PAYPAL,MERCH_0081,GBP,1726.99,50.38,1676.61,1,2026-03-24,SETTLED
SETTLE_000612,STRIPE,MERCH_0100,CAD,43.99,1.58,42.41,1,2026-01-05,SETTLED
SETTLE_000614,STRIPE,MERCH_0072,EUR,65.00,0.53,64.47,1,2026-03-11,SETTLED
SETTLE_000615,CHECKOUT_COM,MERCH_0040,EUR,221.25,3.94,217.31,1,2026-02-20,SETTLED
SETTLE_000616,ADYEN,MERCH_0033,USD,56.75,3.81,52.94,1,2026-01-28,SETTLED
SETTLE_000617,STRIPE,MERCH_0067,INR,15000.00,0.00,15000.00,1,2026-01-29,SETTLED
SETTLE_000618,CHECKOUT_COM,MERCH_0025,GBP,74.99,1.50,73.49,1,2026-03-12,SETTLED
SETTLE_000619,STRIPE,MERCH_0024,INR,3999.00,82.98,3916.02,1,2026-02-07,SETTLED
SETTLE_000620,STRIPE,MERCH_0033,INR,2499.00,0.00,2499.00,1,2026-01-09,SETTLED
SETTLE_000621,CHECKOUT_COM,MERCH_0033,GBP,511.95,9.37,502.58,1,2026-02-15,SETTLED
SETTLE_000622,ADYEN,MERCH_0061,USD,30.49,0.47,30.02,1,2026-02-08,SETTLED
SETTLE_000623,CHECKOUT_COM,MERCH_0036,GBP,27.95,0.65,27.30,1,2026-02-24,SETTLED
SETTLE_000624,PAYPAL,MERCH_0002,EUR,45.95,1.86,44.09,1,2026-02-04,SETTLED
SETTLE_000625,CHECKOUT_COM,MERCH_0031,GBP,256.99,4.78,252.21,1,2026-01-04,SETTLED
SETTLE_000626,PAYPAL,MERCH_0021,EUR,208.95,7.08,201.87,1,2026-02-26,SETTLED
SETTLE_000627,STRIPE,MERCH_0059,GBP,15.75,0.50,15.25,1,2026-01-18,SETTLED
SETTLE_000628,STRIPE,MERCH_0028,USD,534.25,4.52,529.73,1,2026-01-12,SETTLED
SETTLE_000629,PAYPAL,MERCH_0070,INR,2499.00,31.99,2467.01,1,2026-01-22,SETTLED
SETTLE_000630,CHECKOUT_COM,MERCH_0065,USD,24.75,0.77,23.98,1,2026-03-24,SETTLED
SETTLE_000631,ADYEN,MERCH_0027,EUR,52.25,0.84,51.41,1,2026-02-01,SETTLED
SETTLE_000632,STRIPE,MERCH_0083,USD,449.25,13.33,435.92,1,2026-02-15,SETTLED
SETTLE_000633,ADYEN,MERCH_0012,EUR,48.75,0.79,47.96,1,2026-01-27,SETTLED
SETTLE_000634,STRIPE,MERCH_0005,USD,35.75,0.79,34.96,1,2026-02-06,SETTLED
SETTLE_000635,CHECKOUT_COM,MERCH_0011,USD,70.50,1.82,68.68,1,2026-01-27,SETTLED
SETTLE_000636,STRIPE,MERCH_0022,INR,10099.00,204.98,9894.02,1,2026-01-08,SETTLED
SETTLE_000637,STRIPE,MERCH_0055,USD,159.75,4.93,154.82,2,2026-01-25,SETTLED
SETTLE_000638,ADYEN,MERCH_0100,EUR,38.50,0.65,37.85,1,2026-02-25,SETTLED
SETTLE_000639,CHECKOUT_COM,MERCH_0066,CAD,36.00,1.08,34.92,1,2026-02-19,SETTLED
SETTLE_000640,STRIPE,MERCH_0074,INR,799.00,18.98,780.02,1,2026-02-16,SETTLED
SETTLE_000641,STRIPE,MERCH_0009,USD,582.95,17.21,565.74,1,2026-01-15,SETTLED
SETTLE_000642,PAYPAL,MERCH_0052,GBP,495.99,14.68,481.31,1,2026-02-16,SETTLED
SETTLE_000643,STRIPE,MERCH_0017,USD,199.99,1.85,198.14,1,2026-01-22,SETTLED
SETTLE_000644,STRIPE,MERCH_0004,CAD,33.00,1.26,31.74,1,2026-02-18,SETTLED
SETTLE_000645,STRIPE,MERCH_0032,INR,1499.00,32.98,1466.02,1,2026-01-03,SETTLED
SETTLE_000646,STRIPE,MERCH_0060,USD,3272.75,49.34,3223.41,1,2026-02-11,SETTLED
SETTLE_000647,PAYPAL,MERCH_0050,EUR,80.95,2.98,77.97,1,2026-01-09,SETTLED
SETTLE_000648,CHECKOUT_COM,MERCH_0043,CAD,27.50,0.88,26.62,1,2026-02-01,SETTLED
SETTLE_000649,PAYPAL,MERCH_0004,GBP,66.99,10.24,56.75,1,2026-01-23,SETTLED
SETTLE_000650,CHECKOUT_COM,MERCH_0037,CAD,2647.49,63.76,2583.73,1,2026-01-07,SETTLED
SETTLE_000651,PAYPAL,MERCH_0020,INR,15000.00,182.00,14818.00,1,2026-02-03,SETTLED
SETTLE_000652,STRIPE,MERCH_0036,USD,32.00,0.73,31.27,1,2026-01-23,SETTLED
SETTLE_000653,STRIPE,MERCH_0033,USD,1738.50,14.16,1724.34,1,2026-01-02,SETTLED
SETTLE_000654,STRIPE,MERCH_0022,USD,431.80,3.70,428.10,1,2026-01-13,SETTLED
SETTLE_000655,ADYEN,MERCH_0072,USD,613.99,7.47,606.52,1,2026-03-29,SETTLED
SETTLE_000656,STRIPE,MERCH_0003,INR,4999.00,0.00,4999.00,1,2026-02-18,SETTLED
SETTLE_000657,STRIPE,MERCH_0033,EUR,405.75,2.23,403.52,1,2026-03-23,SETTLED
SETTLE_000658,PAYPAL,MERCH_0053,USD,46.99,2.13,44.86,1,2026-02-12,SETTLED
SETTLE_000659,ADYEN,MERCH_0056,GBP,112.50,1.79,110.71,1,2026-03-22,SETTLED
SETTLE_000660,STRIPE,MERCH_0063,CAD,321.25,9.62,311.63,1,2026-02-28,SETTLED
SETTLE_000661,ADYEN,MERCH_0077,EUR,100.49,0.50,99.99,1,2026-02-28,SETTLED
SETTLE_000662,STRIPE,MERCH_0012,USD,32.80,1.25,31.55,1,2026-01-07,SETTLED
SETTLE_000663,ADYEN,MERCH_0006,USD,25.99,0.67,25.32,1,2026-03-30,SETTLED
SETTLE_000664,CHECKOUT_COM,MERCH_0076,CAD,372.49,9.16,363.33,1,2026-03-03,SETTLED
SETTLE_000665,CHECKOUT_COM,MERCH_0083,EUR,113.75,2.11,111.64,1,2026-01-11,SETTLED
SETTLE_000666,ADYEN,MERCH_0046,USD,321.25,6.87,314.38,1,2026-02-01,SETTLED
SETTLE_000667,STRIPE,MERCH_0060,EUR,30.00,0.35,29.65,1,2026-03-11,SETTLED
SETTLE_000668,ADYEN,MERCH_0037,USD,526.75,6.42,520.33,1,2026-03-10,SETTLED
SETTLE_000669,STRIPE,MERCH_0027,USD,139.99,2.35,137.64,1,2026-03-07,SETTLED
SETTLE_000670,ADYEN,MERCH_0064,EUR,415.99,3.11,412.88,1,2026-03-07,SETTLED
SETTLE_000671,CHECKOUT_COM,MERCH_0033,EUR,32.99,0.74,32.25,1,2026-01-11,SETTLED
SETTLE_000672,STRIPE,MERCH_0093,USD,432.00,6.73,425.27,1,2026-02-11,SETTLED
SETTLE_000673,STRIPE,MERCH_0062,CAD,79.50,2.61,76.89,1,2026-01-21,SETTLED
SETTLE_000674,PAYPAL,MERCH_0099,USD,548.95,19.65,529.30,1,2026-02-15,SETTLED
SETTLE_000675,ADYEN,MERCH_0081,GBP,3219.80,48.40,3171.40,1,2026-02-17,SETTLED
SETTLE_000676,STRIPE,MERCH_0039,INR,2499.00,52.98,2446.02,1,2026-03-22,SETTLED
SETTLE_000677,STRIPE,MERCH_0058,USD,24.25,1.00,23.25,1,2026-02-09,SETTLED
SETTLE_000678,PAYPAL,MERCH_0003,GBP,133.95,4.18,129.77,1,2026-03-27,SETTLED
SETTLE_000679,STRIPE,MERCH_0100,INR,4999.00,102.98,4896.02,1,2026-03-26,SETTLED
SETTLE_000680,STRIPE,MERCH_0043,USD,48.49,1.71,46.78,1,2026-02-17,SETTLED
SETTLE_000681,STRIPE,MERCH_0055,GBP,51.99,1.19,50.80,1,2026-03-14,SETTLED
SETTLE_000682,STRIPE,MERCH_0020,USD,49.75,1.74,48.01,1,2026-03-26,SETTLED
SETTLE_000683,CHECKOUT_COM,MERCH_0065,CAD,365.49,8.99,356.50,1,2026-02-16,SETTLED
SETTLE_000684,STRIPE,MERCH_0050,INR,9999.00,0.00,9999.00,1,2026-02-24,SETTLED
SETTLE_000685,CHECKOUT_COM,MERCH_0044,GBP,440.75,8.08,432.67,1,2026-02-22,SETTLED
SETTLE_000686,STRIPE,MERCH_0066,GBP,576.75,11.16,565.59,1,2026-01-22,SETTLED
SETTLE_000688,ADYEN,MERCH_0003,USD,88.25,1.16,87.09,1,2026-03-06,SETTLED
SETTLE_000689,STRIPE,MERCH_0077,EUR,647.50,12.55,634.95,1,2026-02-25,SETTLED
SETTLE_000690,ADYEN,MERCH_0082,USD,28.25,0.71,27.54,1,2026-01-26,SETTLED
SETTLE_000691,ADYEN,MERCH_0020,GBP,2141.49,32.22,2109.27,1,2026-02-04,SETTLED
SETTLE_000692,STRIPE,MERCH_0004,GBP,2801.49,53.43,2748.06,1,2026-02-03,SETTLED
SETTLE_000694,CHECKOUT_COM,MERCH_0007,GBP,643.49,11.73,631.76,1,2026-02-01,SETTLED
SETTLE_000695,STRIPE,MERCH_0013,USD,2372.95,35.84,2337.11,1,2026-03-16,SETTLED
SETTLE_000696,STRIPE,MERCH_0009,USD,825.49,24.24,801.25,1,2026-02-28,SETTLED
SETTLE_000697,STRIPE,MERCH_0021,INR,1999.00,42.98,1956.02,1,2026-02-25,SETTLED
SETTLE_000698,STRIPE,MERCH_0061,EUR,602.50,3.21,599.29,1,2026-03-14,SETTLED
SETTLE_000699,STRIPE,MERCH_0064,USD,64.25,1.21,63.04,1,2026-01-25,SETTLED
SETTLE_000700,PAYPAL,MERCH_0052,USD,30.95,1.57,29.38,1,2026-02-11,SETTLED
SETTLE_000701,STRIPE,MERCH_0015,CAD,269.95,8.13,261.82,1,2026-02-28,SETTLED
SETTLE_000702,STRIPE,MERCH_0092,INR,499.00,12.98,486.02,1,2026-01-24,SETTLED
SETTLE_000703,STRIPE,MERCH_0074,CAD,95.49,3.07,92.42,1,2026-03-06,SETTLED
SETTLE_000704,ADYEN,MERCH_0019,EUR,2202.99,30.95,2172.04,1,2026-03-27,SETTLED
SETTLE_000705,ADYEN,MERCH_0082,EUR,96.99,0.49,96.50,1,2026-01-22,SETTLED
SETTLE_000706,STRIPE,MERCH_0056,USD,617.00,9.50,607.50,1,2026-01-17,SETTLED
SETTLE_000707,ADYEN,MERCH_0037,GBP,623.00,9.44,613.56,1,2026-01-19,SETTLED
SETTLE_000708,STRIPE,MERCH_0058,INR,2499.00,0.00,2499.00,1,2026-03-10,SETTLED
SETTLE_000709,CHECKOUT_COM,MERCH_0100,EUR,80.25,1.54,78.71,1,2026-03-05,SETTLED
SETTLE_000710,PAYPAL,MERCH_0089,INR,2499.00,31.99,2467.01,1,2026-01-28,SETTLED
SETTLE_000711,PAYPAL,MERCH_0033,INR,15000.00,182.00,14818.00,1,2026-03-16,SETTLED
SETTLE_000712,PAYPAL,MERCH_0099,USD,39.99,1.89,38.10,1,2026-02-12,SETTLED
SETTLE_000713,STRIPE,MERCH_0090,CAD,446.25,13.24,433.01,1,2026-02-28,SETTLED
SETTLE_000714,ADYEN,MERCH_0042,USD,327.99,4.04,323.95,1,2026-03-26,SETTLED
SETTLE_000715,PAYPAL,MERCH_0003,USD,20.50,1.21,19.29,1,2026-01-12,SETTLED
SETTLE_000716,STRIPE,MERCH_0088,EUR,304.75,1.72,303.03,1,2026-02-14,SETTLED
SETTLE_000717,PAYPAL,MERCH_0016,USD,1033.80,36.57,997.23,1,2026-03-05,SETTLED
SETTLE_000718,PAYPAL,MERCH_0077,GBP,50.75,1.77,48.98,1,2026-03-15,SETTLED
SETTLE_000719,STRIPE,MERCH_0053,USD,1788.75,14.56,1774.19,1,2026-01-12,SETTLED
SETTLE_000720,STRIPE,MERCH_0072,EUR,308.00,6.10,301.90,1,2026-01-04,SETTLED
SETTLE_000721,ADYEN,MERCH_0027,USD,72.80,1.65,71.15,1,2026-01-15,SETTLED
SETTLE_000722,PAYPAL,MERCH_0093,GBP,623.95,18.39,605.56,1,2026-02-06,SETTLED
SETTLE_000723,CHECKOUT_COM,MERCH_0022,GBP,511.50,9.36,502.14,1,2026-01-05,SETTLED
SETTLE_000724,ADYEN,MERCH_0020,GBP,351.75,5.38,346.37,1,2026-01-12,SETTLED
SETTLE_000725,PAYPAL,MERCH_0058,EUR,2391.75,76.93,2314.82,1,2026-03-23,SETTLED
SETTLE_000726,STRIPE,MERCH_0034,USD,465.75,13.81,451.94,1,2026-01-23,SETTLED
SETTLE_000727,CHECKOUT_COM,MERCH_0017,GBP,585.49,10.69,574.80,1,2026-01-24,SETTLED
SETTLE_000728,STRIPE,MERCH_0069,EUR,2733.75,13.87,2719.88,1,2026-03-20,SETTLED
SETTLE_000729,STRIPE,MERCH_0044,USD,32.95,0.51,32.44,1,2026-02-23,SETTLED
SETTLE_000730,PAYPAL,MERCH_0018,GBP,533.49,15.77,517.72,1,2026-03-11,SETTLED
SETTLE_000731,STRIPE,MERCH_0059,INR,299.00,0.00,299.00,1,2026-03-09,SETTLED
SETTLE_000732,PAYPAL,MERCH_0011,GBP,39.49,1.45,38.04,1,2026-01-18,SETTLED
SETTLE_000733,ADYEN,MERCH_0093,USD,597.25,7.27,589.98,1,2026-02-05,SETTLED
SETTLE_000734,STRIPE,MERCH_0011,EUR,24.80,0.32,24.48,1,2026-03-22,SETTLED
SETTLE_000735,CHECKOUT_COM,MERCH_0049,CAD,126.25,3.25,123.00,1,2026-01-06,SETTLED
SETTLE_000736,ADYEN,MERCH_0045,EUR,495.95,7.05,488.90,1,2026-01-10,SETTLED
SETTLE_000737,ADYEN,MERCH_0035,USD,455.99,5.57,450.42,1,2026-01-24,SETTLED
SETTLE_000738,STRIPE,MERCH_0006,USD,41.80,0.88,40.92,1,2026-03-12,SETTLED
SETTLE_000739,STRIPE,MERCH_0080,USD,22.50,0.95,21.55,1,2026-03-19,SETTLED
SETTLE_000740,CHECKOUT_COM,MERCH_0068,GBP,48.00,1.01,46.99,1,2026-03-29,SETTLED
SETTLE_000741,ADYEN,MERCH_0032,EUR,176.75,0.77,175.98,1,2026-01-21,SETTLED
SETTLE_000742,STRIPE,MERCH_0080,GBP,243.95,12.84,231.11,1,2026-03-13,SETTLED
SETTLE_000743,STRIPE,MERCH_0028,INR,3999.00,0.00,3999.00,1,2026-02-01,SETTLED
SETTLE_000744,ADYEN,MERCH_0046,USD,29.00,0.73,28.27,1,2026-03-16,SETTLED
SETTLE_000745,STRIPE,MERCH_0038,USD,396.49,11.80,384.69,1,2026-03-27,SETTLED
SETTLE_000746,STRIPE,MERCH_0068,USD,458.75,13.60,445.15,1,2026-04-01,SETTLED
SETTLE_000747,STRIPE,MERCH_0036,EUR,144.80,0.92,143.88,1,2026-03-13,SETTLED
SETTLE_000748,STRIPE,MERCH_0038,CAD,2105.75,61.37,2044.38,1,2026-01-22,SETTLED
SETTLE_000749,STRIPE,MERCH_0051,EUR,73.49,0.57,72.92,1,2026-03-21,SETTLED
SETTLE_000750,PAYPAL,MERCH_0078,USD,283.49,10.38,273.11,1,2026-01-25,SETTLED
SETTLE_000751,STRIPE,MERCH_0006,USD,3157.49,47.61,3109.88,1,2026-03-26,SETTLED
SETTLE_000752,ADYEN,MERCH_0060,GBP,38.00,0.67,37.33,1,2026-03-26,SETTLED
SETTLE_000753,CHECKOUT_COM,MERCH_0100,GBP,617.50,11.27,606.23,1,2026-01-13,SETTLED
SETTLE_000754,PAYPAL,MERCH_0094,EUR,2352.49,75.67,2276.82,1,2026-03-23,SETTLED
SETTLE_000755,STRIPE,MERCH_0079,USD,24.49,0.62,23.87,1,2026-01-15,SETTLED
SETTLE_000756,CHECKOUT_COM,MERCH_0030,EUR,223.99,3.99,220.00,1,2026-02-22,SETTLED
SETTLE_000757,STRIPE,MERCH_0078,EUR,50.49,0.45,50.04,1,2026-02-20,SETTLED
SETTLE_000758,CHECKOUT_COM,MERCH_0005,CAD,826.25,20.05,806.20,1,2026-01-14,SETTLED
SETTLE_000759,STRIPE,MERCH_0051,USD,31.49,0.72,30.77,1,2026-02-13,SETTLED
SETTLE_000760,STRIPE,MERCH_0008,CAD,26.99,1.08,25.91,1,2026-03-29,SETTLED
SETTLE_000761,ADYEN,MERCH_0088,USD,50.25,0.70,49.55,1,2026-01-09,SETTLED
SETTLE_000762,ADYEN,MERCH_0066,GBP,577.49,8.76,568.73,1,2026-01-20,SETTLED
SETTLE_000763,STRIPE,MERCH_0038,INR,4999.00,102.98,4896.02,1,2026-01-13,SETTLED
SETTLE_000764,PAYPAL,MERCH_0039,INR,2499.00,31.99,2467.01,1,2026-02-17,SETTLED
SETTLE_000765,STRIPE,MERCH_0014,USD,159.50,4.93,154.57,1,2026-02-15,SETTLED
SETTLE_000766,STRIPE,MERCH_0058,GBP,511.25,9.91,501.34,1,2026-02-27,SETTLED
SETTLE_000767,STRIPE,MERCH_0012,EUR,335.99,3.38,332.61,1,2026-01-31,SETTLED
SETTLE_000768,STRIPE,MERCH_0073,CAD,43.49,1.56,41.93,1,2026-01-19,SETTLED
SETTLE_000769,CHECKOUT_COM,MERCH_0053,EUR,30.50,0.70,29.80,1,2026-02-25,SETTLED
SETTLE_000770,CHECKOUT_COM,MERCH_0096,GBP,306.75,5.67,301.08,1,2026-02-01,SETTLED
SETTLE_000771,CHECKOUT_COM,MERCH_0067,GBP,372.00,6.85,365.15,1,2026-03-07,SETTLED
SETTLE_000772,ADYEN,MERCH_0089,GBP,33.99,0.61,33.38,1,2026-03-02,SETTLED
SETTLE_000773,CHECKOUT_COM,MERCH_0056,GBP,433.25,7.95,425.30,1,2026-01-11,SETTLED
SETTLE_000774,PAYPAL,MERCH_0055,INR,999.00,13.99,985.01,1,2026-03-08,SETTLED
SETTLE_000775,STRIPE,MERCH_0033,INR,4999.00,0.00,4999.00,1,2026-03-18,SETTLED
SETTLE_000776,STRIPE,MERCH_0035,USD,310.50,9.30,301.20,1,2026-03-26,SETTLED
SETTLE_000777,STRIPE,MERCH_0051,USD,477.49,7.41,470.08,1,2026-01-08,SETTLED
SETTLE_000778,STRIPE,MERCH_0043,USD,366.25,3.18,363.07,1,2026-01-06,SETTLED
SETTLE_000779,ADYEN,MERCH_0042,GBP,2788.50,41.93,2746.57,1,2026-02-15,SETTLED
SETTLE_000780,PAYPAL,MERCH_0007,GBP,78.95,2.59,76.36,1,2026-01-23,SETTLED
SETTLE_000781,STRIPE,MERCH_0008,EUR,502.25,2.71,499.54,1,2026-03-29,SETTLED
SETTLE_000782,CHECKOUT_COM,MERCH_0072,EUR,846.80,14.58,832.22,1,2026-03-15,SETTLED
SETTLE_000783,PAYPAL,MERCH_0003,INR,499.00,7.99,491.01,1,2026-02-22,SETTLED
SETTLE_000784,STRIPE,MERCH_0017,GBP,66.75,1.47,65.28,1,2026-02-06,SETTLED
SETTLE_000785,STRIPE,MERCH_0027,EUR,81.49,1.80,79.69,1,2026-03-09,SETTLED
SETTLE_000786,CHECKOUT_COM,MERCH_0017,GBP,39.99,0.87,39.12,1,2026-02-19,SETTLED
SETTLE_000787,PAYPAL,MERCH_0093,USD,65.99,2.79,63.20,1,2026-03-27,SETTLED
SETTLE_000788,CHECKOUT_COM,MERCH_0037,USD,185.75,4.47,181.28,1,2026-01-25,SETTLED
SETTLE_000789,CHECKOUT_COM,MERCH_0095,CAD,958.50,23.22,935.28,1,2026-03-08,SETTLED
SETTLE_000790,CHECKOUT_COM,MERCH_0014,CAD,88.25,2.34,85.91,1,2026-01-27,SETTLED
SETTLE_000791,STRIPE,MERCH_0030,EUR,407.50,7.99,399.51,2,2026-01-25,SETTLED
SETTLE_000792,PAYPAL,MERCH_0064,GBP,202.25,6.17,196.08,1,2026-02-24,SETTLED
SETTLE_000793,STRIPE,MERCH_0031,EUR,15.00,0.28,14.72,1,2026-02-21,SETTLED
SETTLE_000794,PAYPAL,MERCH_0029,INR,499.00,7.99,491.01,1,2026-02-03,SETTLED
SETTLE_000795,PAYPAL,MERCH_0070,INR,2499.00,31.99,2467.01,1,2026-01-12,SETTLED
SETTLE_000796,ADYEN,MERCH_0010,USD,3084.25,37.11,3047.14,1,2026-01-15,SETTLED
SETTLE_000797,CHECKOUT_COM,MERCH_0070,GBP,1170.00,21.21,1148.79,1,2026-03-19,SETTLED
SETTLE_000798,STRIPE,MERCH_0093,INR,15000.00,0.00,15000.00,1,2026-03-12,SETTLED
SETTLE_000799,ADYEN,MERCH_0083,EUR,600.80,8.52,592.28,1,2026-01-29,SETTLED
SETTLE_000800,STRIPE,MERCH_0012,GBP,2296.75,43.84,2252.91,1,2026-04-02,SETTLED
SETTLE_000801,ADYEN,MERCH_0004,EUR,911.49,3.34,908.15,1,2026-01-29,SETTLED
SETTLE_000802,PAYPAL,MERCH_0050,EUR,238.25,8.01,230.24,1,2026-01-16,SETTLED
SETTLE_000803,PAYPAL,MERCH_0064,GBP,81.99,2.68,79.31,1,2026-03-20,SETTLED
SETTLE_000804,STRIPE,MERCH_0090,USD,480.99,14.25,466.74,1,2026-03-29,SETTLED
SETTLE_000805,STRIPE,MERCH_0005,EUR,37.50,0.96,36.54,1,2026-03-08,SETTLED
SETTLE_000806,CHECKOUT_COM,MERCH_0024,USD,60.25,1.59,58.66,1,2026-02-09,SETTLED
SETTLE_000807,CHECKOUT_COM,MERCH_0032,GBP,308.95,5.71,303.24,1,2026-03-09,SETTLED
SETTLE_000808,PAYPAL,MERCH_0022,INR,799.00,11.59,787.41,1,2026-01-10,SETTLED
SETTLE_000809,STRIPE,MERCH_0050,GBP,1558.25,29.81,1528.44,1,2026-02-27,SETTLED
SETTLE_000810,CHECKOUT_COM,MERCH_0029,GBP,18.25,0.48,17.77,1,2026-01-12,SETTLED
SETTLE_000811,CHECKOUT_COM,MERCH_0003,EUR,310.95,5.47,305.48,1,2026-02-02,SETTLED
SETTLE_000812,CHECKOUT_COM,MERCH_0015,EUR,57.50,1.16,56.34,1,2026-03-01,SETTLED
SETTLE_000813,STRIPE,MERCH_0027,USD,28.99,0.48,28.51,1,2026-02-01,SETTLED
SETTLE_000814,PAYPAL,MERCH_0094,EUR,568.75,18.59,550.16,1,2026-02-06,SETTLED
SETTLE_000815,STRIPE,MERCH_0058,USD,1279.95,37.42,1242.53,1,2026-01-06,SETTLED
SETTLE_000816,CHECKOUT_COM,MERCH_0100,USD,205.25,4.92,200.33,1,2026-01-19,SETTLED
SETTLE_000817,STRIPE,MERCH_0097,INR,799.00,0.00,799.00,1,2026-01-02,SETTLED
SETTLE_000818,STRIPE,MERCH_0099,GBP,2934.50,55.96,2878.54,1,2026-02-10,SETTLED
SETTLE_000819,ADYEN,MERCH_0042,GBP,367.80,5.62,362.18,1,2026-02-20,SETTLED
SETTLE_000820,PAYPAL,MERCH_0066,INR,4999.00,61.99,4937.01,1,2026-03-15,SETTLED
SETTLE_000821,CHECKOUT_COM,MERCH_0041,CAD,30.50,0.95,29.55,1,2026-01-19,SETTLED
SETTLE_000822,STRIPE,MERCH_0018,USD,54.00,2.56,51.44,1,2026-03-29,SETTLED
SETTLE_000823,ADYEN,MERCH_0017,USD,15.99,0.29,15.70,1,2026-03-20,SETTLED
SETTLE_000824,STRIPE,MERCH_0082,GBP,51.49,1.18,50.31,1,2026-02-25,SETTLED
SETTLE_000825,CHECKOUT_COM,MERCH_0076,EUR,532.75,9.24,523.51,1,2026-01-16,SETTLED
SETTLE_000826,CHECKOUT_COM,MERCH_0017,CAD,1830.50,44.15,1786.35,1,2026-03-25,SETTLED
SETTLE_000827,STRIPE,MERCH_0095,USD,33.50,0.52,32.98,1,2026-01-20,SETTLED
SETTLE_000828,STRIPE,MERCH_0095,USD,582.75,4.91,577.84,1,2026-03-29,SETTLED
SETTLE_000829,CHECKOUT_COM,MERCH_0004,EUR,170.25,3.07,167.18,1,2026-01-18,SETTLED
SETTLE_000830,ADYEN,MERCH_0060,EUR,469.95,6.69,463.26,1,2026-01-27,SETTLED
SETTLE_000831,PAYPAL,MERCH_0080,INR,2499.00,31.99,2467.01,1,2026-02-20,SETTLED
SETTLE_000832,CHECKOUT_COM,MERCH_0071,USD,260.49,6.19,254.30,1,2026-03-13,SETTLED
SETTLE_000833,PAYPAL,MERCH_0092,USD,770.50,27.38,743.12,1,2026-04-02,SETTLED
SETTLE_000834,ADYEN,MERCH_0053,GBP,158.99,2.48,156.51,1,2026-01-12,SETTLED
SETTLE_000835,PAYPAL,MERCH_0031,GBP,331.99,9.93,322.06,1,2026-02-02,SETTLED
SETTLE_000836,STRIPE,MERCH_0041,INR,499.00,0.00,499.00,1,2026-02-01,SETTLED
SETTLE_000837,STRIPE,MERCH_0021,INR,9999.00,202.98,9796.02,1,2026-01-30,SETTLED
SETTLE_000838,PAYPAL,MERCH_0024,USD,37.80,1.81,35.99,1,2026-03-01,SETTLED
SETTLE_000839,CHECKOUT_COM,MERCH_0086,CAD,300.80,7.44,293.36,1,2026-02-16,SETTLED
SETTLE_000840,ADYEN,MERCH_0087,EUR,136.25,2.02,134.23,1,2026-01-15,SETTLED
SETTLE_000841,PAYPAL,MERCH_0067,USD,41.80,1.95,39.85,1,2026-02-20,SETTLED
SETTLE_000842,CHECKOUT_COM,MERCH_0024,GBP,816.25,14.84,801.41,1,2026-03-05,SETTLED
SETTLE_000843,PAYPAL,MERCH_0083,USD,23.99,1.33,22.66,1,2026-03-22,SETTLED
SETTLE_000844,STRIPE,MERCH_0074,EUR,437.50,2.39,435.11,1,2026-01-04,SETTLED
SETTLE_000845,STRIPE,MERCH_0036,USD,3012.75,45.44,2967.31,1,2026-01-21,SETTLED
SETTLE_000846,ADYEN,MERCH_0078,EUR,236.00,0.98,235.02,1,2026-01-16,SETTLED
SETTLE_000847,STRIPE,MERCH_0060,EUR,63.49,1.46,62.03,1,2026-01-07,SETTLED
SETTLE_000848,STRIPE,MERCH_0080,EUR,622.99,3.31,619.68,1,2026-02-14,SETTLED
SETTLE_000849,STRIPE,MERCH_0056,CAD,547.00,16.16,530.84,1,2026-02-04,SETTLED
SETTLE_000850,STRIPE,MERCH_0020,EUR,65.49,1.49,64.00,1,2026-01-19,SETTLED
SETTLE_000851,ADYEN,MERCH_0018,USD,39.25,0.94,38.31,1,2026-03-01,SETTLED
SETTLE_000852,STRIPE,MERCH_0095,CAD,78.99,2.59,76.40,1,2026-03-21,SETTLED
SETTLE_000853,STRIPE,MERCH_0016,CAD,2902.25,84.47,2817.78,1,2026-01-29,SETTLED
SETTLE_000854,STRIPE,MERCH_0028,USD,76.50,0.86,75.64,1,2026-01-27,SETTLED
SETTLE_000855,STRIPE,MERCH_0030,INR,799.00,0.00,799.00,1,2026-02-19,SETTLED
SETTLE_000856,ADYEN,MERCH_0055,GBP,51.75,0.88,50.87,1,2026-01-04,SETTLED
SETTLE_000858,ADYEN,MERCH_0073,GBP,460.95,7.01,453.94,1,2026-02-07,SETTLED
SETTLE_000859,STRIPE,MERCH_0055,INR,499.00,0.00,499.00,1,2026-01-26,SETTLED
SETTLE_000860,CHECKOUT_COM,MERCH_0001,GBP,607.00,11.08,595.92,1,2026-01-06,SETTLED
SETTLE_000861,STRIPE,MERCH_0036,GBP,638.25,12.33,625.92,1,2026-02-18,SETTLED
SETTLE_000862,STRIPE,MERCH_0019,EUR,555.99,10.81,545.18,1,2026-01-05,SETTLED
SETTLE_000863,CHECKOUT_COM,MERCH_0014,USD,21.75,0.70,21.05,1,2026-01-07,SETTLED
SETTLE_000864,ADYEN,MERCH_0063,EUR,40.50,4.04,36.46,1,2026-01-21,SETTLED
SETTLE_000865,ADYEN,MERCH_0058,GBP,290.95,4.46,286.49,1,2026-03-11,SETTLED
SETTLE_000866,CHECKOUT_COM,MERCH_0078,USD,484.95,11.35,473.60,1,2026-01-17,SETTLED
SETTLE_000867,STRIPE,MERCH_0090,USD,2301.00,34.77,2266.23,1,2026-01-04,SETTLED
SETTLE_000868,STRIPE,MERCH_0076,USD,77.49,0.87,76.62,1,2026-03-16,SETTLED
SETTLE_000869,STRIPE,MERCH_0096,INR,10049.00,203.98,9845.02,1,2026-02-28,SETTLED
SETTLE_000870,STRIPE,MERCH_0086,GBP,79.00,1.70,77.30,1,2026-02-02,SETTLED
SETTLE_000871,PAYPAL,MERCH_0078,GBP,284.75,8.56,276.19,1,2026-02-19,SETTLED
SETTLE_000872,ADYEN,MERCH_0078,USD,472.49,11.54,460.95,1,2026-03-16,SETTLED
SETTLE_000873,STRIPE,MERCH_0062,INR,799.00,18.98,780.02,1,2026-01-28,SETTLED
SETTLE_000874,STRIPE,MERCH_0075,EUR,149.80,3.10,146.70,1,2026-03-31,SETTLED
SETTLE_000875,STRIPE,MERCH_0004,USD,634.80,9.77,625.03,1,2026-02-16,SETTLED
SETTLE_000876,PAYPAL,MERCH_0021,INR,499.00,7.99,491.01,1,2026-03-04,SETTLED
SETTLE_000877,PAYPAL,MERCH_0048,EUR,1109.80,35.90,1073.90,1,2026-02-21,SETTLED
SETTLE_000878,STRIPE,MERCH_0085,USD,1946.25,15.82,1930.43,1,2026-01-05,SETTLED
SETTLE_000879,CHECKOUT_COM,MERCH_0066,USD,92.99,2.34,90.65,1,2026-02-26,SETTLED
SETTLE_000880,ADYEN,MERCH_0006,USD,265.80,3.29,262.51,1,2026-02-17,SETTLED
SETTLE_000881,PAYPAL,MERCH_0077,GBP,2743.49,79.86,2663.63,1,2026-01-11,SETTLED
SETTLE_000882,CHECKOUT_COM,MERCH_0077,CAD,482.50,11.80,470.70,1,2026-02-25,SETTLED
SETTLE_000883,STRIPE,MERCH_0030,USD,69.25,0.80,68.45,1,2026-01-27,SETTLED
SETTLE_000884,STRIPE,MERCH_0037,INR,2524.00,53.48,2470.52,1,2026-02-25,SETTLED
SETTLE_000885,PAYPAL,MERCH_0082,EUR,370.25,12.24,358.01,1,2026-03-29,SETTLED
SETTLE_000886,ADYEN,MERCH_0093,GBP,80.00,1.30,78.70,1,2026-03-02,SETTLED
SETTLE_000887,ADYEN,MERCH_0050,EUR,497.75,7.08,490.67,1,2026-01-17,SETTLED
SETTLE_000888,CHECKOUT_COM,MERCH_0035,GBP,527.75,9.65,518.10,1,2026-02-10,SETTLED
SETTLE_000889,ADYEN,MERCH_0078,GBP,145.00,2.27,142.73,1,2026-01-08,SETTLED
SETTLE_000890,STRIPE,MERCH_0046,GBP,191.75,3.84,187.91,1,2026-03-05,SETTLED
SETTLE_000891,STRIPE,MERCH_0024,INR,4999.00,0.00,4999.00,1,2026-01-06,SETTLED
SETTLE_000892,ADYEN,MERCH_0047,USD,30.80,0.77,30.03,1,2026-03-16,SETTLED
SETTLE_000893,STRIPE,MERCH_0090,USD,145.25,4.51,140.74,1,2026-01-28,SETTLED
SETTLE_000894,CHECKOUT_COM,MERCH_0017,GBP,83.00,1.64,81.36,1,2026-03-01,SETTLED
SETTLE_000895,CHECKOUT_COM,MERCH_0057,CAD,415.49,10.19,405.30,1,2026-02-11,SETTLED
SETTLE_000896,STRIPE,MERCH_0079,INR,9999.00,202.98,9796.02,1,2026-03-03,SETTLED
SETTLE_000897,ADYEN,MERCH_0089,USD,3353.95,40.35,3313.60,1,2026-02-03,SETTLED
SETTLE_000898,PAYPAL,MERCH_0077,INR,1999.00,25.99,1973.01,1,2026-01-08,SETTLED
SETTLE_000899,ADYEN,MERCH_0010,GBP,65.00,1.07,63.93,1,2026-01-09,SETTLED
SETTLE_000900,STRIPE,MERCH_0013,INR,1999.00,0.00,1999.00,1,2026-02-27,SETTLED
SETTLE_000901,PAYPAL,MERCH_0004,GBP,386.95,11.52,375.43,1,2026-03-07,SETTLED
SETTLE_000902,STRIPE,MERCH_0049,INR,2499.00,0.00,2499.00,1,2026-03-09,SETTLED
SETTLE_000903,ADYEN,MERCH_0021,USD,453.99,9.65,444.34,1,2026-03-22,SETTLED
SETTLE_000904,ADYEN,MERCH_0074,USD,1438.99,30.34,1408.65,1,2026-03-19,SETTLED
SETTLE_000905,ADYEN,MERCH_0017,EUR,471.95,6.72,465.23,1,2026-03-26,SETTLED
SETTLE_000907,STRIPE,MERCH_0024,EUR,72.95,0.56,72.39,1,2026-01-19,SETTLED
SETTLE_000909,STRIPE,MERCH_0048,INR,299.00,0.00,299.00,1,2026-03-22,SETTLED
SETTLE_000910,CHECKOUT_COM,MERCH_0076,EUR,1174.80,20.15,1154.65,1,2026-02-09,SETTLED
SETTLE_000912,STRIPE,MERCH_0094,GBP,47.00,1.09,45.91,1,2026-04-01,SETTLED
SETTLE_000913,PAYPAL,MERCH_0030,USD,2831.25,99.30,2731.95,1,2026-02-04,SETTLED
SETTLE_000914,ADYEN,MERCH_0034,USD,44.50,1.05,43.45,1,2026-01-19,SETTLED
SETTLE_000915,ADYEN,MERCH_0005,USD,74.99,3.19,71.80,1,2026-01-27,SETTLED
SETTLE_000916,CHECKOUT_COM,MERCH_0025,USD,584.95,13.65,571.30,1,2026-03-12,SETTLED
SETTLE_000917,STRIPE,MERCH_0100,CAD,251.75,7.60,244.15,1,2026-03-17,SETTLED
SETTLE_000918,STRIPE,MERCH_0088,USD,16.80,2.88,13.92,1,2026-03-22,SETTLED
SETTLE_000920,STRIPE,MERCH_0035,INR,299.00,8.98,290.02,1,2026-02-03,SETTLED
SETTLE_000921,CHECKOUT_COM,MERCH_0092,EUR,149.95,2.73,147.22,1,2026-02-14,SETTLED
SETTLE_000922,STRIPE,MERCH_0033,INR,299.00,0.00,299.00,1,2026-01-27,SETTLED
SETTLE_000923,STRIPE,MERCH_0058,USD,30.99,1.20,29.79,1,2026-01-12,SETTLED
SETTLE_000924,ADYEN,MERCH_0033,EUR,2812.25,9.99,2802.26,1,2026-03-14,SETTLED
SETTLE_000925,STRIPE,MERCH_0041,EUR,72.80,0.56,72.24,1,2026-02-27,SETTLED
SETTLE_000926,ADYEN,MERCH_0012,EUR,31.95,0.26,31.69,1,2026-02-23,SETTLED
SETTLE_000927,PAYPAL,MERCH_0067,USD,29.49,1.52,27.97,1,2026-01-25,SETTLED
SETTLE_000928,STRIPE,MERCH_0021,GBP,298.00,5.86,292.14,1,2026-01-22,SETTLED
SETTLE_000929,STRIPE,MERCH_0024,USD,64.00,2.16,61.84,1,2026-01-19,SETTLED
SETTLE_000930,CHECKOUT_COM,MERCH_0066,GBP,205.80,3.85,201.95,1,2026-03-08,SETTLED
SETTLE_000931,STRIPE,MERCH_0050,USD,1836.75,27.80,1808.95,1,2026-01-30,SETTLED
SETTLE_000932,CHECKOUT_COM,MERCH_0062,GBP,54.50,1.13,53.37,1,2026-02-12,SETTLED
SETTLE_000933,STRIPE,MERCH_0001,USD,494.80,14.65,480.15,1,2026-03-14,SETTLED
SETTLE_000934,STRIPE,MERCH_0076,USD,20.99,0.42,20.57,1,2026-02-13,SETTLED
SETTLE_000935,PAYPAL,MERCH_0012,GBP,1876.25,54.71,1821.54,1,2026-01-03,SETTLED
SETTLE_000936,PAYPAL,MERCH_0013,USD,561.95,18.10,543.85,1,2026-03-02,SETTLED
SETTLE_000937,STRIPE,MERCH_0056,CAD,467.95,13.87,454.08,1,2026-02-24,SETTLED
SETTLE_000938,STRIPE,MERCH_0050,USD,899.75,26.39,873.36,1,2026-02-15,SETTLED
SETTLE_000939,PAYPAL,MERCH_0085,EUR,62.49,2.39,60.10,1,2026-03-19,SETTLED
SETTLE_000940,ADYEN,MERCH_0010,EUR,323.00,1.28,321.72,1,2026-02-15,SETTLED
SETTLE_000941,CHECKOUT_COM,MERCH_0059,GBP,53.50,1.11,52.39,1,2026-02-27,SETTLED
SETTLE_000942,ADYEN,MERCH_0010,USD,1133.99,13.71,1120.28,1,2026-02-06,SETTLED
SETTLE_000943,ADYEN,MERCH_0096,USD,157.25,3.42,153.83,1,2026-02-18,SETTLED
SETTLE_000944,PAYPAL,MERCH_0012,USD,2435.25,85.48,2349.77,1,2026-03-12,SETTLED
SETTLE_000945,STRIPE,MERCH_0043,USD,48.80,0.64,48.16,2,2026-02-28,SETTLED
SETTLE_000946,CHECKOUT_COM,MERCH_0045,EUR,79.00,1.52,77.48,1,2026-02-07,SETTLED
SETTLE_000948,CHECKOUT_COM,MERCH_0053,GBP,32.50,0.95,31.55,1,2026-01-07,SETTLED
SETTLE_000949,STRIPE,MERCH_0093,USD,610.49,9.41,601.08,1,2026-01-02,SETTLED
SETTLE_000950,STRIPE,MERCH_0012,USD,2872.25,23.23,2849.02,1,2026-02-12,SETTLED
SETTLE_000951,PAYPAL,MERCH_0008,GBP,62.00,2.10,59.90,1,2026-02-25,SETTLED
SETTLE_000952,STRIPE,MERCH_0055,USD,71.99,1.33,70.66,1,2026-03-15,SETTLED
SETTLE_000953,ADYEN,MERCH_0060,GBP,85.99,1.39,84.60,1,2026-03-21,SETTLED
SETTLE_000954,ADYEN,MERCH_0072,USD,225.75,4.86,220.89,1,2026-03-11,SETTLED
SETTLE_000956,CHECKOUT_COM,MERCH_0094,CAD,1479.50,35.73,1443.77,1,2026-03-03,SETTLED
SETTLE_000958,CHECKOUT_COM,MERCH_0029,GBP,61.95,1.62,60.33,1,2026-01-09,SETTLED
SETTLE_000959,STRIPE,MERCH_0068,INR,299.00,0.00,299.00,1,2026-02-10,SETTLED
SETTLE_000960,ADYEN,MERCH_0092,USD,262.75,5.64,257.11,1,2026-03-29,SETTLED
SETTLE_000961,ADYEN,MERCH_0018,USD,71.99,0.96,71.03,2,2026-01-06,SETTLED
SETTLE_000962,ADYEN,MERCH_0043,EUR,38.25,8.65,29.60,1,2026-01-10,SETTLED
SETTLE_000963,STRIPE,MERCH_0099,USD,397.80,6.22,391.58,1,2026-01-12,SETTLED
SETTLE_000964,CHECKOUT_COM,MERCH_0013,USD,2.25,0.25,2.00,1,2026-01-12,SETTLED
SETTLE_000965,PAYPAL,MERCH_0007,GBP,460.00,13.64,446.36,1,2026-01-18,SETTLED
SETTLE_000966,STRIPE,MERCH_0001,EUR,402.50,2.21,400.29,1,2026-03-08,SETTLED
SETTLE_000967,STRIPE,MERCH_0021,USD,58.49,1.13,57.36,1,2026-03-17,SETTLED
SETTLE_000968,CHECKOUT_COM,MERCH_0088,USD,81.99,2.09,79.90,1,2026-01-27,SETTLED
SETTLE_000969,STRIPE,MERCH_0060,USD,470.99,7.31,463.68,1,2026-02-24,SETTLED
SETTLE_000970,STRIPE,MERCH_0037,USD,202.75,8.68,194.07,1,2026-01-31,SETTLED
SETTLE_000971,ADYEN,MERCH_0006,USD,53.49,1.24,52.25,1,2026-03-02,SETTLED
SETTLE_000972,ADYEN,MERCH_0079,EUR,330.99,4.74,326.25,1,2026-02-24,SETTLED
SETTLE_000973,STRIPE,MERCH_0047,USD,579.00,8.94,570.06,1,2026-01-09,SETTLED
SETTLE_000974,STRIPE,MERCH_0055,USD,569.25,4.80,564.45,1,2026-01-08,SETTLED
SETTLE_000975,STRIPE,MERCH_0035,CAD,376.75,11.23,365.52,1,2026-03-12,SETTLED
SETTLE_000976,CHECKOUT_COM,MERCH_0001,USD,241.25,5.75,235.50,1,2026-02-18,SETTLED
SETTLE_000977,CHECKOUT_COM,MERCH_0045,EUR,1933.75,33.05,1900.70,1,2026-01-09,SETTLED
SETTLE_000978,STRIPE,MERCH_0059,GBP,234.00,4.65,229.35,1,2026-01-27,SETTLED
SETTLE_000979,STRIPE,MERCH_0009,USD,512.00,7.93,504.07,1,2026-03-14,SETTLED
SETTLE_000981,STRIPE,MERCH_0029,USD,2021.95,58.94,1963.01,1,2026-03-03,SETTLED
SETTLE_000982,PAYPAL,MERCH_0058,USD,69.50,2.92,66.58,1,2026-03-26,SETTLED
SETTLE_000983,STRIPE,MERCH_0054,USD,443.50,13.16,430.34,1,2026-03-20,SETTLED
SETTLE_000984,STRIPE,MERCH_0004,USD,59.80,2.03,57.77,1,2026-01-14,SETTLED
SETTLE_000985,STRIPE,MERCH_0025,GBP,256.49,5.07,251.42,1,2026-03-11,SETTLED
SETTLE_000986,ADYEN,MERCH_0093,EUR,195.49,2.85,192.64,1,2026-03-09,SETTLED
SETTLE_000987,PAYPAL,MERCH_0071,USD,555.99,19.89,536.10,1,2026-01-10,SETTLED
SETTLE_000988,STRIPE,MERCH_0072,USD,2611.99,39.43,2572.56,1,2026-01-06,SETTLED
SETTLE_000989,STRIPE,MERCH_0071,EUR,2736.80,13.88,2722.92,2,2026-03-02,SETTLED
SETTLE_000990,STRIPE,MERCH_0022,USD,42.00,1.52,40.48,1,2026-01-18,SETTLED
SETTLE_000991,STRIPE,MERCH_0085,INR,1499.00,0.00,1499.00,1,2026-01-08,SETTLED
SETTLE_000992,PAYPAL,MERCH_0009,USD,210.75,7.85,202.90,1,2026-02-06,SETTLED
SETTLE_000993,STRIPE,MERCH_0082,INR,999.00,0.00,999.00,1,2026-01-07,SETTLED
SETTLE_000994,ADYEN,MERCH_0017,INR,31.75,0.55,31.20,1,2026-01-25,SETTLED
SETTLE_000995,PAYPAL,MERCH_0051,INR,1999.00,25.99,1973.01,1,2026-01-02,SETTLED
SETTLE_000996,PAYPAL,MERCH_0059,USD,310.49,11.33,299.16,2,2026-02-09,SETTLED
SETTLE_000997,ADYEN,MERCH_0054,USD,818.25,17.30,800.95,1,2026-02-16,SETTLED
SETTLE_000998,CHECKOUT_COM,MERCH_0004,GBP,64.95,1.32,63.63,1,2026-01-26,SETTLED
SETTLE_000999,STRIPE,MERCH_0016,USD,62.00,2.10,59.90,2,2026-02-18,SETTLED
SETTLE_001000,ADYEN,MERCH_0050,EUR,80.50,0.43,80.07,1,2026-03-11,SETTLED
SETTLE_001001,STRIPE,MERCH_0075,INR,15000.00,0.00,15000.00,1,2026-03-18,SETTLED
SETTLE_001002,STRIPE,MERCH_0078,INR,1999.00,42.98,1956.02,1,2026-03-12,SETTLED
SETTLE_001003,STRIPE,MERCH_0059,GBP,30.25,0.77,29.48,1,2026-01-14,SETTLED
SETTLE_001004,ADYEN,MERCH_0086,USD,34.99,0.52,34.47,2,2026-04-01,SETTLED
SETTLE_001005,PAYPAL,MERCH_0064,EUR,498.49,16.34,482.15,1,2026-03-10,SETTLED
SETTLE_001006,CHECKOUT_COM,MERCH_0034,GBP,218.99,4.09,214.90,1,2026-01-21,SETTLED
SETTLE_001007,STRIPE,MERCH_0047,INR,1499.00,32.98,1466.02,1,2026-01-25,SETTLED
SETTLE_001008,PAYPAL,MERCH_0091,INR,2499.00,31.99,2467.01,1,2026-03-25,SETTLED
SETTLE_001009,CHECKOUT_COM,MERCH_0064,USD,355.25,8.37,346.88,1,2026-03-20,SETTLED
SETTLE_001010,PAYPAL,MERCH_0031,USD,1760.80,61.94,1698.86,1,2026-02-07,SETTLED
SETTLE_001011,STRIPE,MERCH_0009,INR,499.00,0.00,499.00,1,2026-01-22,SETTLED
SETTLE_001012,PAYPAL,MERCH_0074,EUR,430.95,14.18,416.77,1,2026-04-02,SETTLED
SETTLE_001013,ADYEN,MERCH_0048,EUR,267.95,1.09,266.86,1,2026-02-08,SETTLED
SETTLE_001014,PAYPAL,MERCH_0018,USD,64.49,2.74,61.75,1,2026-02-07,SETTLED
SETTLE_001015,STRIPE,MERCH_0084,CAD,242.75,7.34,235.41,1,2026-02-27,SETTLED
SETTLE_001016,PAYPAL,MERCH_0092,USD,73.25,3.05,70.20,1,2026-02-15,SETTLED
SETTLE_001017,CHECKOUT_COM,MERCH_0083,CAD,1232.99,29.81,1203.18,1,2026-02-19,SETTLED
SETTLE_001018,STRIPE,MERCH_0072,GBP,50.75,1.16,49.59,1,2026-02-02,SETTLED
SETTLE_001019,STRIPE,MERCH_0035,EUR,35.80,0.93,34.87,1,2026-01-07,SETTLED
SETTLE_001020,CHECKOUT_COM,MERCH_0044,USD,551.80,12.89,538.91,1,2026-01-23,SETTLED
SETTLE_001021,STRIPE,MERCH_0001,USD,3478.00,52.42,3425.58,1,2026-01-29,SETTLED
SETTLE_001022,PAYPAL,MERCH_0004,GBP,34.00,1.29,32.71,1,2026-02-02,SETTLED
SETTLE_001023,CHECKOUT_COM,MERCH_0040,USD,18.75,0.63,18.12,1,2026-02-02,SETTLED
SETTLE_001024,PAYPAL,MERCH_0098,GBP,249.49,7.54,241.95,1,2026-02-22,SETTLED
SETTLE_001025,ADYEN,MERCH_0045,EUR,760.50,2.81,757.69,1,2026-02-21,SETTLED
SETTLE_001026,ADYEN,MERCH_0045,EUR,299.99,4.31,295.68,1,2026-03-13,SETTLED
SETTLE_001027,CHECKOUT_COM,MERCH_0090,CAD,61.50,1.70,59.80,1,2026-03-30,SETTLED
SETTLE_001028,ADYEN,MERCH_0017,GBP,116.49,1.85,114.64,1,2026-02-12,SETTLED
SETTLE_001030,STRIPE,MERCH_0049,USD,65.80,2.21,63.59,1,2026-01-11,SETTLED
SETTLE_001031,STRIPE,MERCH_0087,GBP,2670.49,50.94,2619.55,1,2026-03-04,SETTLED
SETTLE_001032,STRIPE,MERCH_0100,CAD,349.99,10.45,339.54,1,2026-02-17,SETTLED
SETTLE_001033,PAYPAL,MERCH_0021,GBP,380.49,11.33,369.16,1,2026-01-03,SETTLED
SETTLE_001034,STRIPE,MERCH_0023,USD,58.25,1.12,57.13,1,2026-02-10,SETTLED
SETTLE_001035,STRIPE,MERCH_0082,INR,15000.00,303.00,14697.00,1,2026-03-27,SETTLED
SETTLE_001036,STRIPE,MERCH_0036,INR,3999.00,82.98,3916.02,1,2026-03-23,SETTLED
SETTLE_001037,STRIPE,MERCH_0084,EUR,944.00,4.92,939.08,1,2026-02-02,SETTLED
SETTLE_001038,ADYEN,MERCH_0066,EUR,565.75,2.13,563.62,1,2026-03-07,SETTLED
SETTLE_001039,ADYEN,MERCH_0061,USD,259.95,3.22,256.73,1,2026-02-06,SETTLED
SETTLE_001040,STRIPE,MERCH_0093,USD,49.99,0.65,49.34,1,2026-01-09,SETTLED
SETTLE_001041,CHECKOUT_COM,MERCH_0028,USD,38.80,1.09,37.71,1,2026-02-02,SETTLED
SETTLE_001042,STRIPE,MERCH_0033,GBP,78.00,1.68,76.32,1,2026-02-13,SETTLED
SETTLE_001043,STRIPE,MERCH_0010,INR,9999.00,202.98,9796.02,1,2026-02-26,SETTLED
SETTLE_001044,CHECKOUT_COM,MERCH_0052,CAD,36.80,1.10,35.70,1,2026-02-26,SETTLED
SETTLE_001045,ADYEN,MERCH_0017,EUR,428.00,1.65,426.35,1,2026-03-06,SETTLED
SETTLE_001046,PAYPAL,MERCH_0046,GBP,3456.75,100.55,3356.20,1,2026-03-24,SETTLED
SETTLE_001047,ADYEN,MERCH_0078,EUR,18.99,0.22,18.77,2,2026-03-04,SETTLED
SETTLE_001049,PAYPAL,MERCH_0049,USD,371.80,13.47,358.33,1,2026-01-29,SETTLED
SETTLE_001050,ADYEN,MERCH_0072,USD,526.95,9.19,517.76,1,2026-02-09,SETTLED
SETTLE_001051,STRIPE,MERCH_0040,CAD,2398.25,69.85,2328.40,1,2026-02-12,SETTLED
SETTLE_001052,ADYEN,MERCH_0053,USD,119.75,1.54,118.21,1,2026-02-05,SETTLED
SETTLE_001053,STRIPE,MERCH_0024,USD,2992.49,24.19,2968.30,1,2026-02-14,SETTLED
SETTLE_001054,ADYEN,MERCH_0027,EUR,264.80,3.82,260.98,1,2026-03-10,SETTLED
SETTLE_001055,ADYEN,MERCH_0087,USD,1937.75,40.81,1896.94,1,2026-02-12,SETTLED
SETTLE_001056,ADYEN,MERCH_0098,EUR,2346.99,8.36,2338.63,1,2026-03-02,SETTLED
SETTLE_001057,STRIPE,MERCH_0038,INR,1499.00,0.00,1499.00,1,2026-02-01,SETTLED
SETTLE_001058,PAYPAL,MERCH_0091,USD,49.80,2.23,47.57,1,2026-01-29,SETTLED
SETTLE_001059,PAYPAL,MERCH_0019,USD,212.99,7.92,205.07,1,2026-01-06,SETTLED
SETTLE_001060,STRIPE,MERCH_0099,INR,999.00,0.00,999.00,1,2026-02-27,SETTLED
SETTLE_001061,CHECKOUT_COM,MERCH_0008,EUR,389.00,6.79,382.21,1,2026-01-13,SETTLED
SETTLE_001062,PAYPAL,MERCH_0048,USD,1165.50,41.17,1124.33,1,2026-02-17,SETTLED
SETTLE_001063,ADYEN,MERCH_0073,EUR,1258.25,26.54,1231.71,1,2026-03-25,SETTLED
SETTLE_001064,STRIPE,MERCH_0095,EUR,74.49,0.57,73.92,1,2026-01-12,SETTLED
SETTLE_001065,ADYEN,MERCH_0025,USD,2940.80,35.39,2905.41,1,2026-02-27,SETTLED
SETTLE_001066,ADYEN,MERCH_0091,USD,56.75,3.81,52.94,1,2026-02-24,SETTLED
SETTLE_001067,STRIPE,MERCH_0071,CAD,1431.95,41.83,1390.12,1,2026-01-06,SETTLED
SETTLE_001068,ADYEN,MERCH_0025,USD,141.50,3.09,138.41,1,2026-02-15,SETTLED
SETTLE_001069,PAYPAL,MERCH_0075,INR,4999.00,61.99,4937.01,1,2026-02-20,SETTLED
SETTLE_001070,PAYPAL,MERCH_0073,USD,26.00,1.40,24.60,1,2026-02-08,SETTLED
SETTLE_001071,STRIPE,MERCH_0060,USD,70.95,1.31,69.64,1,2026-01-20,SETTLED
SETTLE_001072,STRIPE,MERCH_0021,INR,2499.00,0.00,2499.00,1,2026-03-02,SETTLED
SETTLE_001073,STRIPE,MERCH_0026,EUR,17.75,0.29,17.46,1,2026-02-21,SETTLED
SETTLE_001074,STRIPE,MERCH_0027,USD,67.75,2.26,65.49,1,2026-01-24,SETTLED
SETTLE_001075,ADYEN,MERCH_0047,GBP,436.50,6.65,429.85,1,2026-02-13,SETTLED
SETTLE_001076,STRIPE,MERCH_0036,USD,1359.49,20.64,1338.85,1,2026-01-22,SETTLED
SETTLE_001077,STRIPE,MERCH_0022,CAD,215.95,6.56,209.39,1,2026-01-05,SETTLED
SETTLE_001078,CHECKOUT_COM,MERCH_0075,USD,3362.50,77.54,3284.96,2,2026-01-11,SETTLED
SETTLE_001079,STRIPE,MERCH_0093,INR,499.00,0.00,499.00,1,2026-04-01,SETTLED
SETTLE_001080,PAYPAL,MERCH_0053,EUR,855.50,27.77,827.73,1,2026-03-03,SETTLED
SETTLE_001081,CHECKOUT_COM,MERCH_0081,CAD,55.49,1.55,53.94,1,2026-02-04,SETTLED
SETTLE_001082,STRIPE,MERCH_0051,INR,999.00,0.00,999.00,1,2026-01-29,SETTLED
SETTLE_001083,STRIPE,MERCH_0013,USD,73.00,0.83,72.17,1,2026-01-10,SETTLED
SETTLE_001084,STRIPE,MERCH_0096,USD,2636.80,21.34,2615.46,1,2026-03-08,SETTLED
SETTLE_001085,PAYPAL,MERCH_0014,EUR,263.95,8.84,255.11,1,2026-03-03,SETTLED
SETTLE_001087,ADYEN,MERCH_0003,USD,63.50,9.45,54.05,1,2026-03-26,SETTLED
SETTLE_001088,STRIPE,MERCH_0049,CAD,281.00,8.45,272.55,1,2026-03-31,SETTLED
SETTLE_001089,CHECKOUT_COM,MERCH_0040,CAD,419.80,10.30,409.50,1,2026-03-24,SETTLED
SETTLE_001090,CHECKOUT_COM,MERCH_0048,CAD,55.99,1.56,54.43,1,2026-03-17,SETTLED
SETTLE_001091,ADYEN,MERCH_0080,GBP,55.75,0.94,54.81,1,2026-02-09,SETTLED
SETTLE_001092,STRIPE,MERCH_0061,GBP,2974.50,56.72,2917.78,1,2026-03-20,SETTLED
SETTLE_001093,PAYPAL,MERCH_0070,EUR,62.50,2.39,60.11,1,2026-01-16,SETTLED
SETTLE_001094,ADYEN,MERCH_0010,GBP,55.75,0.94,54.81,1,2026-04-02,SETTLED
SETTLE_001095,PAYPAL,MERCH_0056,INR,15000.00,182.00,14818.00,1,2026-02-16,SETTLED
SETTLE_001096,STRIPE,MERCH_0006,USD,607.99,5.11,602.88,2,2026-02-07,SETTLED
SETTLE_001097,PAYPAL,MERCH_0027,GBP,43.00,1.55,41.45,1,2026-01-23,SETTLED
SETTLE_001098,STRIPE,MERCH_0020,GBP,52.49,1.20,51.29,1,2026-03-23,SETTLED
SETTLE_001099,CHECKOUT_COM,MERCH_0056,GBP,1871.80,33.84,1837.96,1,2026-02-11,SETTLED
SETTLE_001100,STRIPE,MERCH_0034,USD,54.25,1.06,53.19,1,2026-02-23,SETTLED
SETTLE_001101,CHECKOUT_COM,MERCH_0023,EUR,572.80,9.92,562.88,1,2026-02-20,SETTLED
SETTLE_001102,ADYEN,MERCH_0082,EUR,202.95,0.86,202.09,1,2026-01-29,SETTLED
SETTLE_001103,PAYPAL,MERCH_0085,EUR,527.50,17.27,510.23,1,2026-01-13,SETTLED
SETTLE_001104,STRIPE,MERCH_0003,USD,47.00,0.63,46.37,1,2026-03-10,SETTLED
SETTLE_001106,PAYPAL,MERCH_0074,GBP,284.50,8.55,275.95,1,2026-01-11,SETTLED
SETTLE_001107,STRIPE,MERCH_0056,USD,144.50,4.49,140.01,1,2026-02-11,SETTLED
SETTLE_001108,STRIPE,MERCH_0025,CAD,20.49,0.89,19.60,1,2026-02-09,SETTLED
SETTLE_001109,CHECKOUT_COM,MERCH_0071,GBP,3173.50,57.27,3116.23,1,2026-02-05,SETTLED
SETTLE_001110,ADYEN,MERCH_0058,GBP,527.50,8.01,519.49,1,2026-02-23,SETTLED
SETTLE_001111,ADYEN,MERCH_0065,EUR,76.75,0.42,76.33,1,2026-03-30,SETTLED
SETTLE_001112,ADYEN,MERCH_0081,EUR,28.50,0.25,28.25,1,2026-03-31,SETTLED
SETTLE_001113,CHECKOUT_COM,MERCH_0025,CAD,43.50,1.26,42.24,1,2026-03-07,SETTLED
SETTLE_001114,PAYPAL,MERCH_0045,EUR,414.49,13.65,400.84,1,2026-02-16,SETTLED
SETTLE_001115,PAYPAL,MERCH_0064,GBP,460.00,13.64,446.36,1,2026-01-11,SETTLED
SETTLE_001116,STRIPE,MERCH_0084,USD,536.50,4.54,531.96,1,2026-01-26,SETTLED
SETTLE_001117,CHECKOUT_COM,MERCH_0076,GBP,387.75,7.13,380.62,1,2026-02-27,SETTLED
SETTLE_001118,ADYEN,MERCH_0090,EUR,255.25,3.68,251.57,1,2026-02-07,SETTLED
SETTLE_001119,ADYEN,MERCH_0042,USD,43.50,1.03,42.47,1,2026-01-22,SETTLED
SETTLE_001120,STRIPE,MERCH_0095,EUR,567.00,3.04,563.96,1,2026-03-29,SETTLED
SETTLE_001121,PAYPAL,MERCH_0009,EUR,84.25,8.09,76.16,1,2026-02-27,SETTLED
SETTLE_001122,PAYPAL,MERCH_0072,EUR,158.95,5.48,153.47,1,2026-03-09,SETTLED
SETTLE_001123,STRIPE,MERCH_0015,INR,3999.00,79.48,3919.52,1,2026-02-16,SETTLED
SETTLE_001124,PAYPAL,MERCH_0049,USD,55.00,2.41,52.59,1,2026-03-18,SETTLED
SETTLE_001125,STRIPE,MERCH_0002,EUR,32.00,0.86,31.14,1,2026-01-18,SETTLED
SETTLE_001126,STRIPE,MERCH_0003,EUR,1999.00,0.00,1999.00,1,2026-01-19,SETTLED
SETTLE_001127,PAYPAL,MERCH_0043,INR,9999.00,121.99,9877.01,1,2026-01-31,SETTLED
SETTLE_001128,STRIPE,MERCH_0054,EUR,94.80,0.67,94.13,1,2026-01-03,SETTLED
SETTLE_001129,PAYPAL,MERCH_0098,USD,98.99,3.94,95.05,1,2026-01-12,SETTLED
SETTLE_001130,CHECKOUT_COM,MERCH_0099,USD,134.95,3.30,131.65,1,2026-01-20,SETTLED
SETTLE_001131,PAYPAL,MERCH_0061,GBP,41.00,1.49,39.51,1,2026-02-11,SETTLED
SETTLE_001132,STRIPE,MERCH_0035,INR,9999.00,0.00,9999.00,1,2026-01-31,SETTLED
SETTLE_001133,CHECKOUT_COM,MERCH_0086,GBP,464.25,8.51,455.74,1,2026-02-12,SETTLED
SETTLE_001134,ADYEN,MERCH_0015,EUR,1211.25,17.07,1194.18,1,2026-03-31,SETTLED
SETTLE_001135,STRIPE,MERCH_0078,INR,15000.00,303.00,14697.00,1,2026-02-03,SETTLED
SETTLE_001136,ADYEN,MERCH_0040,EUR,414.95,1.60,413.35,1,2026-03-30,SETTLED
SETTLE_001137,STRIPE,MERCH_0022,INR,1999.00,42.98,1956.02,1,2026-03-25,SETTLED
SETTLE_001138,STRIPE,MERCH_0043,EUR,138.50,2.88,135.62,1,2026-01-23,SETTLED
SETTLE_001139,CHECKOUT_COM,MERCH_0012,EUR,3272.75,55.82,3216.93,1,2026-03-12,SETTLED
SETTLE_001140,PAYPAL,MERCH_0099,GBP,650.75,19.17,631.58,1,2026-02-23,SETTLED
SETTLE_001141,PAYPAL,MERCH_0022,INR,799.00,11.59,787.41,1,2026-02-28,SETTLED
SETTLE_001142,ADYEN,MERCH_0052,USD,25.80,0.41,25.39,1,2026-02-20,SETTLED
SETTLE_001143,ADYEN,MERCH_0082,USD,73.49,1.66,71.83,1,2026-02-06,SETTLED
SETTLE_001144,STRIPE,MERCH_0028,EUR,622.95,3.31,619.64,1,2026-03-18,SETTLED
SETTLE_001145,ADYEN,MERCH_0016,USD,52.80,1.23,51.57,1,2026-02-27,SETTLED
SETTLE_001146,STRIPE,MERCH_0063,GBP,42.75,1.54,41.21,1,2026-02-23,SETTLED
SETTLE_001147,CHECKOUT_COM,MERCH_0055,EUR,150.50,2.74,147.76,1,2026-02-21,SETTLED
SETTLE_001148,CHECKOUT_COM,MERCH_0026,GBP,23.25,0.57,22.68,1,2026-01-30,SETTLED
SETTLE_001149,ADYEN,MERCH_0042,USD,605.75,7.37,598.38,1,2026-04-02,SETTLED
SETTLE_001150,ADYEN,MERCH_0025,EUR,76.80,0.42,76.38,1,2026-01-29,SETTLED
SETTLE_001151,ADYEN,MERCH_0040,EUR,394.50,1.53,392.97,1,2026-01-22,SETTLED
SETTLE_001152,PAYPAL,MERCH_0079,USD,195.00,7.30,187.70,1,2026-02-27,SETTLED
SETTLE_001153,STRIPE,MERCH_0074,INR,799.00,18.98,780.02,1,2026-02-22,SETTLED
SETTLE_001154,ADYEN,MERCH_0037,USD,80.25,1.81,78.44,1,2026-03-06,SETTLED
SETTLE_001155,PAYPAL,MERCH_0048,GBP,235.99,7.14,228.85,1,2026-02-03,SETTLED
SETTLE_001156,PAYPAL,MERCH_0010,USD,156.80,5.96,150.84,1,2026-03-15,SETTLED
SETTLE_001157,STRIPE,MERCH_0078,USD,57.80,0.71,57.09,1,2026-03-30,SETTLED
SETTLE_001158,STRIPE,MERCH_0043,INR,2499.00,0.00,2499.00,1,2026-03-20,SETTLED
SETTLE_001159,STRIPE,MERCH_0024,USD,430.75,12.79,417.96,1,2026-03-05,SETTLED
SETTLE_001160,CHECKOUT_COM,MERCH_0074,EUR,58.49,2.67,55.82,1,2026-03-02,SETTLED
SETTLE_001161,ADYEN,MERCH_0060,EUR,69.99,1.09,68.90,1,2026-01-06,SETTLED
SETTLE_001162,CHECKOUT_COM,MERCH_0012,CAD,556.00,13.56,542.44,1,2026-03-15,SETTLED
SETTLE_001163,STRIPE,MERCH_0087,EUR,162.49,3.34,159.15,1,2026-01-04,SETTLED
SETTLE_001164,ADYEN,MERCH_0040,USD,69.99,0.94,69.05,1,2026-03-06,SETTLED
SETTLE_001165,STRIPE,MERCH_0013,EUR,22.00,0.67,21.33,1,2026-03-12,SETTLED
SETTLE_001166,CHECKOUT_COM,MERCH_0009,CAD,66.80,1.82,64.98,1,2026-03-11,SETTLED
SETTLE_001167,ADYEN,MERCH_0073,EUR,142.75,2.11,140.64,1,2026-01-22,SETTLED
SETTLE_001168,ADYEN,MERCH_0042,EUR,363.95,5.21,358.74,1,2026-01-11,SETTLED
SETTLE_001169,ADYEN,MERCH_0073,EUR,52.49,0.84,51.65,1,2026-02-06,SETTLED
SETTLE_001170,CHECKOUT_COM,MERCH_0066,EUR,243.50,4.32,239.18,1,2026-02-17,SETTLED
SETTLE_001171,STRIPE,MERCH_0044,GBP,47.49,1.10,46.39,1,2026-01-30,SETTLED
SETTLE_001172,PAYPAL,MERCH_0014,GBP,53.75,1.86,51.89,1,2026-02-02,SETTLED
SETTLE_001173,CHECKOUT_COM,MERCH_0005,GBP,42.00,0.91,41.09,1,2026-03-08,SETTLED
SETTLE_001174,CHECKOUT_COM,MERCH_0055,CAD,48.49,1.38,47.11,1,2026-03-26,SETTLED
SETTLE_001175,STRIPE,MERCH_0076,CAD,126.00,3.95,122.05,1,2026-03-20,SETTLED
SETTLE_001176,STRIPE,MERCH_0023,INR,1499.00,0.00,1499.00,1,2026-02-23,SETTLED
SETTLE_001177,CHECKOUT_COM,MERCH_0069,EUR,282.49,4.98,277.51,1,2026-01-15,SETTLED
SETTLE_001178,STRIPE,MERCH_0014,INR,999.00,0.00,999.00,1,2026-03-24,SETTLED
SETTLE_001179,CHECKOUT_COM,MERCH_0065,GBP,448.80,8.23,440.57,1,2026-01-22,SETTLED
SETTLE_001180,STRIPE,MERCH_0037,USD,46.95,1.66,45.29,1,2026-02-14,SETTLED
SETTLE_001181,STRIPE,MERCH_0082,GBP,59.50,1.33,58.17,1,2026-01-04,SETTLED
SETTLE_001182,STRIPE,MERCH_0084,INR,9999.00,202.98,9796.02,1,2026-03-27,SETTLED
SETTLE_001183,STRIPE,MERCH_0018,INR,299.00,0.00,299.00,1,2026-01-28,SETTLED
SETTLE_001184,STRIPE,MERCH_0073,INR,1249.00,0.00,1249.00,1,2026-01-17,SETTLED
SETTLE_001185,PAYPAL,MERCH_0092,GBP,50.50,6.76,43.74,1,2026-01-11,SETTLED
SETTLE_001186,PAYPAL,MERCH_0096,USD,37.25,1.79,35.46,1,2026-01-27,SETTLED
SETTLE_001187,PAYPAL,MERCH_0002,GBP,27.75,2.60,25.15,1,2026-03-24,SETTLED
SETTLE_001188,ADYEN,MERCH_0040,GBP,301.49,9.62,291.87,1,2026-02-22,SETTLED
SETTLE_001189,STRIPE,MERCH_0089,EUR,57.00,0.49,56.51,1,2026-01-07,SETTLED
SETTLE_001190,STRIPE,MERCH_0009,CAD,3040.25,88.47,2951.78,1,2026-02-06,SETTLED
SETTLE_001191,CHECKOUT_COM,MERCH_0004,EUR,16.75,0.46,16.29,1,2026-01-11,SETTLED
SETTLE_001192,CHECKOUT_COM,MERCH_0025,USD,28.50,8.86,19.64,1,2026-03-06,SETTLED
SETTLE_001193,STRIPE,MERCH_0010,EUR,47.50,0.44,47.06,1,2026-02-19,SETTLED
SETTLE_001194,STRIPE,MERCH_0064,GBP,87.49,1.86,85.63,1,2026-02-26,SETTLED
SETTLE_001195,ADYEN,MERCH_0019,USD,1190.95,25.13,1165.82,1,2026-03-17,SETTLED
SETTLE_001196,STRIPE,MERCH_0019,CAD,226.95,6.88,220.07,1,2026-01-19,SETTLED
SETTLE_001197,CHECKOUT_COM,MERCH_0095,EUR,17.50,0.48,17.02,1,2026-03-20,SETTLED
SETTLE_001198,STRIPE,MERCH_0013,EUR,557.80,2.99,554.81,1,2026-04-01,SETTLED
SETTLE_001199,ADYEN,MERCH_0035,EUR,19.99,0.39,19.60,1,2026-03-23,SETTLED
SETTLE_001200,STRIPE,MERCH_0069,USD,634.50,5.33,629.17,1,2026-04-01,SETTLED
SETTLE_001202,STRIPE,MERCH_0035,INR,4999.00,0.00,4999.00,1,2026-02-15,SETTLED
SETTLE_001204,PAYPAL,MERCH_0099,EUR,414.50,13.65,400.85,1,2026-02-09,SETTLED
SETTLE_001205,CHECKOUT_COM,MERCH_0035,CAD,67.50,1.84,65.66,1,2026-01-06,SETTLED
SETTLE_001206,STRIPE,MERCH_0022,CAD,202.80,6.18,196.62,1,2026-01-18,SETTLED
SETTLE_001207,STRIPE,MERCH_0001,USD,52.25,1.82,50.43,1,2026-01-04,SETTLED
SETTLE_001208,CHECKOUT_COM,MERCH_0079,CAD,30.49,0.95,29.54,1,2026-01-02,SETTLED
SETTLE_001209,STRIPE,MERCH_0073,INR,15000.00,303.00,14697.00,1,2026-03-22,SETTLED
SETTLE_001210,STRIPE,MERCH_0095,USD,25.99,1.05,24.94,1,2026-02-09,SETTLED
SETTLE_001211,STRIPE,MERCH_0050,USD,3065.00,46.23,3018.77,2,2026-01-06,SETTLED
SETTLE_001212,STRIPE,MERCH_0013,USD,168.49,1.60,166.89,1,2026-02-14,SETTLED
SETTLE_001213,CHECKOUT_COM,MERCH_0048,CAD,397.50,9.76,387.74,1,2026-02-03,SETTLED
SETTLE_001214,STRIPE,MERCH_0047,INR,2499.00,52.98,2446.02,1,2026-02-02,SETTLED
SETTLE_001215,STRIPE,MERCH_0037,INR,2499.00,0.00,2499.00,1,2026-03-29,SETTLED
SETTLE_001216,PAYPAL,MERCH_0071,GBP,633.00,18.66,614.34,1,2026-01-28,SETTLED
SETTLE_001217,ADYEN,MERCH_0066,USD,65.00,1.48,63.52,1,2026-03-01,SETTLED
SETTLE_001218,ADYEN,MERCH_0064,USD,448.50,5.48,443.02,1,2026-03-10,SETTLED
SETTLE_001219,STRIPE,MERCH_0045,USD,27.95,1.11,26.84,1,2026-01-04,SETTLED
SETTLE_001220,ADYEN,MERCH_0071,GBP,416.49,6.35,410.14,1,2026-03-09,SETTLED
SETTLE_001221,PAYPAL,MERCH_0005,EUR,78.50,2.90,75.60,1,2026-02-16,SETTLED
SETTLE_001222,STRIPE,MERCH_0067,USD,37.00,0.55,36.45,1,2026-02-15,SETTLED
SETTLE_001223,STRIPE,MERCH_0045,USD,2183.95,63.63,2120.32,1,2026-01-14,SETTLED
SETTLE_001224,ADYEN,MERCH_0029,EUR,1902.00,6.81,1895.19,1,2026-02-01,SETTLED
SETTLE_001225,STRIPE,MERCH_0082,USD,421.49,12.52,408.97,1,2026-02-08,SETTLED
SETTLE_001226,ADYEN,MERCH_0020,EUR,52.25,0.84,51.41,1,2026-01-25,SETTLED
SETTLE_001227,CHECKOUT_COM,MERCH_0059,USD,539.00,12.60,526.40,1,2026-02-09,SETTLED
SETTLE_001228,PAYPAL,MERCH_0036,EUR,2325.80,74.82,2250.98,1,2026-04-02,SETTLED
SETTLE_001229,STRIPE,MERCH_0061,USD,293.50,2.60,290.90,1,2026-03-23,SETTLED
SETTLE_001230,CHECKOUT_COM,MERCH_0039,EUR,1215.95,20.85,1195.10,1,2026-02-26,SETTLED
SETTLE_001231,ADYEN,MERCH_0040,EUR,1268.50,4.59,1263.91,1,2026-03-28,SETTLED
SETTLE_001232,PAYPAL,MERCH_0021,USD,66.50,2.81,63.69,2,2026-01-27,SETTLED
SETTLE_001233,STRIPE,MERCH_0013,CAD,555.49,16.41,539.08,1,2026-03-18,SETTLED
SETTLE_001234,ADYEN,MERCH_0044,USD,621.50,13.17,608.33,1,2026-03-19,SETTLED
SETTLE_001235,STRIPE,MERCH_0052,USD,184.99,5.66,179.33,1,2026-01-27,SETTLED
SETTLE_001236,STRIPE,MERCH_0026,GBP,1136.75,29.30,1107.45,1,2026-01-10,SETTLED
SETTLE_001237,STRIPE,MERCH_0031,EUR,22.25,8.67,13.58,1,2026-01-16,SETTLED
SETTLE_001238,PAYPAL,MERCH_0071,EUR,50.00,1.99,48.01,1,2026-03-03,SETTLED
SETTLE_001239,CHECKOUT_COM,MERCH_0031,EUR,558.49,9.67,548.82,1,2026-03-16,SETTLED
SETTLE_001240,PAYPAL,MERCH_0098,EUR,345.00,11.43,333.57,1,2026-03-09,SETTLED
SETTLE_001241,ADYEN,MERCH_0010,USD,36.75,0.54,36.21,1,2026-02-13,SETTLED
SETTLE_001242,STRIPE,MERCH_0068,USD,74.80,2.47,72.33,1,2026-02-22,SETTLED
SETTLE_001243,CHECKOUT_COM,MERCH_0004,CAD,562.49,13.72,548.77,1,2026-03-10,SETTLED
SETTLE_001244,STRIPE,MERCH_0062,EUR,313.75,6.21,307.54,1,2026-03-18,SETTLED
SETTLE_001245,STRIPE,MERCH_0024,USD,557.99,16.48,541.51,1,2026-02-24,SETTLED
SETTLE_001246,STRIPE,MERCH_0051,EUR,474.25,9.26,464.99,1,2026-01-18,SETTLED
SETTLE_001247,PAYPAL,MERCH_0059,INR,299.00,5.59,293.41,2,2026-02-10,SETTLED
SETTLE_001248,ADYEN,MERCH_0032,EUR,22.50,0.42,22.08,1,2026-03-25,SETTLED
SETTLE_001249,CHECKOUT_COM,MERCH_0050,EUR,91.00,1.73,89.27,1,2026-01-02,SETTLED
SETTLE_001250,CHECKOUT_COM,MERCH_0028,GBP,376.75,9.43,367.32,1,2026-03-03,SETTLED
SETTLE_001251,STRIPE,MERCH_0002,EUR,157.25,3.24,154.01,1,2026-03-31,SETTLED
SETTLE_001252,CHECKOUT_COM,MERCH_0048,EUR,644.99,11.14,633.85,1,2026-02-07,SETTLED
SETTLE_001253,ADYEN,MERCH_0086,USD,56.49,1.31,55.18,1,2026-01-24,SETTLED
SETTLE_001254,CHECKOUT_COM,MERCH_0034,CAD,1151.25,27.85,1123.40,1,2026-02-18,SETTLED
SETTLE_001255,CHECKOUT_COM,MERCH_0096,GBP,2769.49,50.00,2719.49,1,2026-01-15,SETTLED
SETTLE_001256,CHECKOUT_COM,MERCH_0098,CAD,48.49,1.38,47.11,1,2026-02-19,SETTLED
SETTLE_001257,STRIPE,MERCH_0030,EUR,526.95,2.83,524.12,1,2026-01-04,SETTLED
SETTLE_001258,STRIPE,MERCH_0099,EUR,71.00,0.55,70.45,1,2026-02-16,SETTLED
SETTLE_001259,STRIPE,MERCH_0016,INR,5024.00,0.00,5024.00,1,2026-02-08,SETTLED
SETTLE_001260,STRIPE,MERCH_0063,INR,1049.00,23.98,1025.02,1,2026-02-01,SETTLED
SETTLE_001261,STRIPE,MERCH_0091,GBP,37.25,0.91,36.34,1,2026-03-08,SETTLED
SETTLE_001262,CHECKOUT_COM,MERCH_0019,GBP,2488.95,44.95,2444.00,1,2026-01-20,SETTLED
SETTLE_001263,STRIPE,MERCH_0084,CAD,150.50,4.66,145.84,1,2026-03-09,SETTLED
SETTLE_001264,STRIPE,MERCH_0061,EUR,554.99,2.97,552.02,1,2026-03-10,SETTLED
SETTLE_001265,STRIPE,MERCH_0053,INR,9999.00,0.00,9999.00,1,2026-03-20,SETTLED
SETTLE_001266,STRIPE,MERCH_0100,USD,618.99,18.25,600.74,1,2026-01-27,SETTLED
SETTLE_001267,ADYEN,MERCH_0054,USD,344.80,4.24,340.56,1,2026-03-31,SETTLED
SETTLE_001268,CHECKOUT_COM,MERCH_0058,EUR,428.80,7.47,421.33,1,2026-03-14,SETTLED
SETTLE_001269,STRIPE,MERCH_0031,EUR,493.50,2.67,490.83,1,2026-01-27,SETTLED
SETTLE_001270,PAYPAL,MERCH_0008,GBP,189.50,5.80,183.70,1,2026-01-19,SETTLED
SETTLE_001271,CHECKOUT_COM,MERCH_0055,EUR,139.49,2.55,136.94,1,2026-01-14,SETTLED
SETTLE_001272,CHECKOUT_COM,MERCH_0037,GBP,569.25,10.40,558.85,1,2026-03-24,SETTLED
SETTLE_001273,STRIPE,MERCH_0027,GBP,38.50,0.93,37.57,1,2026-03-26,SETTLED
SETTLE_001274,ADYEN,MERCH_0035,EUR,160.95,0.71,160.24,1,2026-03-09,SETTLED
SETTLE_001275,STRIPE,MERCH_0060,CAD,279.49,8.41,271.08,1,2026-04-01,SETTLED
SETTLE_001276,STRIPE,MERCH_0038,CAD,550.50,16.26,534.24,1,2026-01-21,SETTLED
SETTLE_001277,STRIPE,MERCH_0057,INR,2499.00,0.00,2499.00,1,2026-02-26,SETTLED
SETTLE_001278,ADYEN,MERCH_0095,USD,59.95,0.82,59.13,1,2026-03-16,SETTLED
SETTLE_001279,PAYPAL,MERCH_0090,EUR,35.75,1.53,34.22,1,2026-01-23,SETTLED
SETTLE_001280,ADYEN,MERCH_0074,EUR,21.75,0.23,21.52,1,2026-03-23,SETTLED
SETTLE_001281,ADYEN,MERCH_0092,EUR,545.99,2.06,543.93,1,2026-02-15,SETTLED
SETTLE_001282,PAYPAL,MERCH_0076,EUR,15.99,0.90,15.09,1,2026-01-28,SETTLED
SETTLE_001283,ADYEN,MERCH_0054,GBP,16.00,0.34,15.66,1,2026-02-06,SETTLED
SETTLE_001284,STRIPE,MERCH_0077,GBP,1876.49,39.85,1836.64,1,2026-01-18,SETTLED
SETTLE_001285,STRIPE,MERCH_0075,GBP,1663.99,31.82,1632.17,1,2026-01-19,SETTLED
SETTLE_001286,ADYEN,MERCH_0009,EUR,22.99,0.43,22.56,1,2026-01-17,SETTLED
SETTLE_001287,ADYEN,MERCH_0043,EUR,294.95,1.18,293.77,1,2026-01-24,SETTLED
SETTLE_001288,STRIPE,MERCH_0021,EUR,108.00,0.74,107.26,1,2026-02-12,SETTLED
SETTLE_001289,STRIPE,MERCH_0016,INR,499.00,0.00,499.00,1,2026-03-24,SETTLED
SETTLE_001290,STRIPE,MERCH_0041,EUR,46.00,0.43,45.57,1,2026-03-03,SETTLED
SETTLE_001291,STRIPE,MERCH_0040,INR,499.00,0.00,499.00,1,2026-02-07,SETTLED
SETTLE_001292,CHECKOUT_COM,MERCH_0073,USD,181.99,4.39,177.60,1,2026-03-30,SETTLED
SETTLE_001293,CHECKOUT_COM,MERCH_0090,EUR,66.99,1.32,65.67,1,2026-01-12,SETTLED
SETTLE_001294,ADYEN,MERCH_0020,EUR,108.95,0.53,108.42,1,2026-03-04,SETTLED
SETTLE_001295,PAYPAL,MERCH_0004,USD,626.50,22.35,604.15,1,2026-02-26,SETTLED
SETTLE_001296,STRIPE,MERCH_0025,EUR,44.49,1.10,43.39,1,2026-03-11,SETTLED
SETTLE_001297,PAYPAL,MERCH_0027,USD,21.49,1.24,20.25,1,2026-01-12,SETTLED
SETTLE_001298,PAYPAL,MERCH_0018,EUR,47.50,1.91,45.59,1,2026-02-16,SETTLED
SETTLE_001299,PAYPAL,MERCH_0091,INR,4999.00,61.99,4937.01,2,2026-03-04,SETTLED
SETTLE_001300,CHECKOUT_COM,MERCH_0064,EUR,284.25,5.01,279.24,1,2026-02-13,SETTLED
SETTLE_001301,PAYPAL,MERCH_0046,EUR,74.00,2.76,71.24,1,2026-02-06,SETTLED
SETTLE_001302,CHECKOUT_COM,MERCH_0067,CAD,624.99,19.22,605.77,1,2026-03-05,SETTLED
SETTLE_001303,ADYEN,MERCH_0091,EUR,80.50,0.43,80.07,1,2026-01-15,SETTLED
SETTLE_001304,PAYPAL,MERCH_0040,GBP,163.99,5.06,158.93,1,2026-03-27,SETTLED
SETTLE_001305,ADYEN,MERCH_0023,EUR,627.00,8.89,618.11,1,2026-03-27,SETTLED
SETTLE_001306,ADYEN,MERCH_0058,GBP,338.75,5.18,333.57,1,2026-02-24,SETTLED
SETTLE_001307,ADYEN,MERCH_0032,USD,94.50,2.10,92.40,1,2026-01-10,SETTLED
SETTLE_001308,STRIPE,MERCH_0089,EUR,48.25,0.44,47.81,1,2026-01-06,SETTLED
SETTLE_001309,CHECKOUT_COM,MERCH_0025,EUR,100.95,1.90,99.05,1,2026-01-08,SETTLED
SETTLE_001310,ADYEN,MERCH_0074,EUR,262.75,3.79,258.96,1,2026-01-26,SETTLED
SETTLE_001311,STRIPE,MERCH_0076,USD,102.00,3.26,98.74,1,2026-02-08,SETTLED
SETTLE_001312,STRIPE,MERCH_0052,EUR,137.25,2.86,134.39,1,2026-02-10,SETTLED
SETTLE_001313,ADYEN,MERCH_0028,EUR,56.00,0.89,55.11,1,2026-03-12,SETTLED
SETTLE_001314,ADYEN,MERCH_0012,GBP,3408.50,51.23,3357.27,1,2026-03-23,SETTLED
SETTLE_001315,STRIPE,MERCH_0002,USD,40.25,0.57,39.68,1,2026-01-29,SETTLED
SETTLE_001316,STRIPE,MERCH_0096,GBP,478.80,16.80,462.00,1,2026-02-15,SETTLED
SETTLE_001317,STRIPE,MERCH_0033,GBP,519.00,10.06,508.94,1,2026-01-30,SETTLED
SETTLE_001318,STRIPE,MERCH_0066,CAD,587.49,17.34,570.15,1,2026-02-14,SETTLED
SETTLE_001319,CHECKOUT_COM,MERCH_0006,GBP,354.75,6.54,348.21,1,2026-01-30,SETTLED
SETTLE_001320,ADYEN,MERCH_0035,USD,479.75,5.86,473.89,1,2026-02-12,SETTLED
SETTLE_001321,CHECKOUT_COM,MERCH_0046,GBP,468.99,8.59,460.40,1,2026-03-18,SETTLED
SETTLE_001322,STRIPE,MERCH_0036,CAD,353.25,10.54,342.71,1,2026-01-19,SETTLED
SETTLE_001323,ADYEN,MERCH_0030,USD,355.99,4.37,351.62,1,2026-03-28,SETTLED
SETTLE_001324,STRIPE,MERCH_0100,USD,306.00,9.17,296.83,1,2026-03-01,SETTLED
SETTLE_001325,PAYPAL,MERCH_0040,GBP,381.25,11.36,369.89,1,2026-03-25,SETTLED
SETTLE_001326,ADYEN,MERCH_0028,EUR,72.25,0.40,71.85,1,2026-01-07,SETTLED
SETTLE_001327,PAYPAL,MERCH_0054,INR,999.00,13.99,985.01,1,2026-01-15,SETTLED
SETTLE_001328,ADYEN,MERCH_0089,EUR,1261.00,17.76,1243.24,1,2026-02-21,SETTLED
SETTLE_001329,CHECKOUT_COM,MERCH_0006,GBP,45.25,0.96,44.29,1,2026-03-06,SETTLED
SETTLE_001330,STRIPE,MERCH_0005,INR,1499.00,32.98,1466.02,1,2026-03-11,SETTLED
SETTLE_001331,STRIPE,MERCH_0062,CAD,563.00,16.63,546.37,1,2026-03-07,SETTLED
SETTLE_001332,ADYEN,MERCH_0095,GBP,3282.80,49.34,3233.46,1,2026-02-12,SETTLED
SETTLE_001333,ADYEN,MERCH_0066,USD,418.75,5.12,413.63,1,2026-02-13,SETTLED
SETTLE_001334,ADYEN,MERCH_0097,GBP,36.75,0.65,36.10,1,2026-02-26,SETTLED
SETTLE_001335,PAYPAL,MERCH_0004,GBP,390.99,11.64,379.35,1,2026-03-20,SETTLED
SETTLE_001336,STRIPE,MERCH_0034,USD,534.25,6.02,528.23,1,2026-02-12,SETTLED
SETTLE_001337,PAYPAL,MERCH_0052,INR,3999.00,49.99,3949.01,1,2026-02-27,SETTLED
SETTLE_001338,CHECKOUT_COM,MERCH_0087,GBP,238.50,4.44,234.06,1,2026-03-22,SETTLED
SETTLE_001339,STRIPE,MERCH_0012,USD,396.25,11.79,384.46,1,2026-03-14,SETTLED
SETTLE_001340,PAYPAL,MERCH_0004,USD,1007.75,35.66,972.09,1,2026-03-13,SETTLED
SETTLE_001341,STRIPE,MERCH_0082,USD,80.99,2.65,78.34,1,2026-03-10,SETTLED
SETTLE_001342,STRIPE,MERCH_0044,CAD,65.00,2.18,62.82,1,2026-02-13,SETTLED
SETTLE_001343,PAYPAL,MERCH_0090,INR,3999.00,49.99,3949.01,1,2026-03-19,SETTLED
SETTLE_001344,STRIPE,MERCH_0050,INR,15000.00,0.00,15000.00,1,2026-03-05,SETTLED
SETTLE_001345,PAYPAL,MERCH_0049,USD,3329.50,116.69,3212.81,1,2026-03-29,SETTLED
SETTLE_001346,CHECKOUT_COM,MERCH_0100,EUR,1290.00,22.11,1267.89,1,2026-01-13,SETTLED
SETTLE_001347,PAYPAL,MERCH_0027,GBP,148.00,4.59,143.41,1,2026-02-21,SETTLED
SETTLE_001348,STRIPE,MERCH_0077,GBP,620.95,12.00,608.95,1,2026-02-24,SETTLED
SETTLE_001349,PAYPAL,MERCH_0067,USD,1404.99,49.52,1355.47,1,2026-03-07,SETTLED
SETTLE_001350,STRIPE,MERCH_0055,EUR,1353.25,25.96,1327.29,1,2026-03-09,SETTLED
SETTLE_001351,STRIPE,MERCH_0072,EUR,30.00,0.35,29.65,1,2026-02-22,SETTLED
SETTLE_001352,ADYEN,MERCH_0036,USD,269.25,3.33,265.92,1,2026-01-23,SETTLED
SETTLE_001353,ADYEN,MERCH_0023,USD,62.50,1.43,61.07,1,2026-03-14,SETTLED
SETTLE_001354,STRIPE,MERCH_0029,INR,799.00,18.98,780.02,1,2026-02-06,SETTLED
SETTLE_001355,PAYPAL,MERCH_0032,GBP,52.80,1.83,50.97,1,2026-02-07,SETTLED
SETTLE_001356,ADYEN,MERCH_0046,GBP,162.95,2.54,160.41,1,2026-01-23,SETTLED
SETTLE_001357,ADYEN,MERCH_0087,EUR,703.95,2.61,701.34,1,2026-01-25,SETTLED
SETTLE_001358,ADYEN,MERCH_0067,EUR,40.25,0.29,39.96,1,2026-01-29,SETTLED
SETTLE_001359,PAYPAL,MERCH_0060,EUR,24.25,1.17,23.08,1,2026-03-18,SETTLED
SETTLE_001360,STRIPE,MERCH_0018,GBP,67.25,1.48,65.77,1,2026-01-27,SETTLED
SETTLE_001361,PAYPAL,MERCH_0051,USD,59.25,2.56,56.69,1,2026-02-15,SETTLED
SETTLE_001362,CHECKOUT_COM,MERCH_0095,GBP,76.75,1.53,75.22,1,2026-03-20,SETTLED
SETTLE_001363,ADYEN,MERCH_0079,GBP,16.00,0.34,15.66,1,2026-02-07,SETTLED
SETTLE_001364,ADYEN,MERCH_0078,USD,275.75,8.41,267.34,1,2026-01-11,SETTLED
SETTLE_001365,STRIPE,MERCH_0004,USD,74.95,0.85,74.10,1,2026-03-30,SETTLED
SETTLE_001366,STRIPE,MERCH_0095,USD,153.95,2.56,151.39,1,2026-03-26,SETTLED
SETTLE_001367,STRIPE,MERCH_0074,EUR,70.80,0.55,70.25,1,2026-02-02,SETTLED
SETTLE_001368,STRIPE,MERCH_0096,USD,235.99,7.14,228.85,1,2026-01-31,SETTLED
SETTLE_001369,ADYEN,MERCH_0004,GBP,185.25,2.88,182.37,1,2026-02-18,SETTLED
SETTLE_001370,STRIPE,MERCH_0073,USD,215.99,3.49,212.50,1,2026-04-01,SETTLED
SETTLE_001371,ADYEN,MERCH_0001,GBP,70.25,1.15,69.10,1,2026-03-03,SETTLED
SETTLE_001372,ADYEN,MERCH_0040,USD,35.80,0.87,34.93,1,2026-03-20,SETTLED
SETTLE_001373,ADYEN,MERCH_0080,EUR,78.49,0.42,78.07,1,2026-03-25,SETTLED
SETTLE_001374,ADYEN,MERCH_0045,GBP,264.49,4.07,260.42,1,2026-01-24,SETTLED
SETTLE_001375,STRIPE,MERCH_0067,CAD,53.80,1.86,51.94,1,2026-01-21,SETTLED
SETTLE_001376,PAYPAL,MERCH_0058,EUR,586.00,19.14,566.86,1,2026-02-24,SETTLED
SETTLE_001377,STRIPE,MERCH_0100,USD,562.00,4.75,557.25,1,2026-02-01,SETTLED
SETTLE_001378,CHECKOUT_COM,MERCH_0081,GBP,45.99,0.98,45.01,1,2026-04-01,SETTLED
SETTLE_001379,STRIPE,MERCH_0035,CAD,24.95,1.02,23.93,1,2026-02-08,SETTLED
SETTLE_001380,STRIPE,MERCH_0045,USD,72.49,0.83,71.66,1,2026-03-15,SETTLED
SETTLE_001381,PAYPAL,MERCH_0047,INR,2499.00,31.99,2467.01,1,2026-03-01,SETTLED
SETTLE_001382,STRIPE,MERCH_0037,INR,1499.00,32.98,1466.02,1,2026-02-28,SETTLED
SETTLE_001383,CHECKOUT_COM,MERCH_0098,GBP,18.50,0.48,18.02,1,2026-03-01,SETTLED
SETTLE_001384,CHECKOUT_COM,MERCH_0099,CAD,2879.99,65.84,2814.15,1,2026-01-25,SETTLED
SETTLE_001386,ADYEN,MERCH_0027,GBP,39.50,0.69,38.81,1,2026-02-04,SETTLED
SETTLE_001387,STRIPE,MERCH_0098,USD,825.80,12.64,813.16,1,2026-02-18,SETTLED
SETTLE_001388,STRIPE,MERCH_0093,INR,499.00,12.98,486.02,1,2026-03-27,SETTLED
SETTLE_001389,ADYEN,MERCH_0069,USD,66.00,0.89,65.11,1,2026-02-25,SETTLED
SETTLE_001390,ADYEN,MERCH_0084,USD,243.80,5.24,238.56,1,2026-01-05,SETTLED
SETTLE_001391,STRIPE,MERCH_0001,INR,1499.00,0.00,1499.00,1,2026-02-17,SETTLED
SETTLE_001392,CHECKOUT_COM,MERCH_0082,USD,24.49,0.76,23.73,1,2026-01-10,SETTLED
SETTLE_001393,CHECKOUT_COM,MERCH_0035,EUR,1192.25,20.45,1171.80,2,2026-03-28,SETTLED
SETTLE_001394,ADYEN,MERCH_0030,EUR,389.49,1.51,387.98,1,2026-01-15,SETTLED
SETTLE_001395,STRIPE,MERCH_0050,USD,863.99,13.21,850.78,1,2026-02-10,SETTLED
SETTLE_001396,STRIPE,MERCH_0056,USD,170.50,2.81,167.69,1,2026-02-07,SETTLED
SETTLE_001397,PAYPAL,MERCH_0028,USD,891.49,31.60,859.89,1,2026-01-06,SETTLED
SETTLE_001398,STRIPE,MERCH_0018,INR,799.00,0.00,799.00,1,2026-03-02,SETTLED
SETTLE_001399,STRIPE,MERCH_0090,INR,9999.00,202.98,9796.02,1,2026-02-06,SETTLED
SETTLE_001400,STRIPE,MERCH_0007,USD,2549.50,38.49,2511.01,1,2026-02-13,SETTLED
SETTLE_001401,STRIPE,MERCH_0035,USD,51.99,1.03,50.96,1,2026-01-15,SETTLED
SETTLE_001402,PAYPAL,MERCH_0016,GBP,479.49,14.21,465.28,1,2026-01-03,SETTLED
SETTLE_001403,ADYEN,MERCH_0037,EUR,3096.50,10.99,3085.51,1,2026-02-09,SETTLED
SETTLE_001404,ADYEN,MERCH_0079,USD,45.25,0.64,44.61,1,2026-01-07,SETTLED
SETTLE_001405,CHECKOUT_COM,MERCH_0070,USD,34.00,0.98,33.02,1,2026-01-05,SETTLED
SETTLE_001406,ADYEN,MERCH_0009,EUR,40.00,0.67,39.33,1,2026-02-20,SETTLED
SETTLE_001407,ADYEN,MERCH_0041,EUR,463.80,6.60,457.20,1,2026-01-07,SETTLED
SETTLE_001408,ADYEN,MERCH_0032,USD,138.80,3.03,135.77,1,2026-02-03,SETTLED
SETTLE_001409,CHECKOUT_COM,MERCH_0088,USD,58.00,1.53,56.47,1,2026-03-10,SETTLED
SETTLE_001410,ADYEN,MERCH_0069,USD,520.25,11.05,509.20,1,2026-02-13,SETTLED
SETTLE_001411,STRIPE,MERCH_0092,INR,2499.00,0.00,2499.00,2,2026-02-19,SETTLED
SETTLE_001412,CHECKOUT_COM,MERCH_0032,EUR,331.49,5.82,325.67,1,2026-03-25,SETTLED
SETTLE_001413,ADYEN,MERCH_0004,GBP,39.80,0.70,39.10,1,2026-02-06,SETTLED
SETTLE_001414,PAYPAL,MERCH_0088,USD,20.25,1.20,19.05,2,2026-01-22,SETTLED
SETTLE_001415,PAYPAL,MERCH_0051,EUR,71.50,2.68,68.82,1,2026-02-07,SETTLED
SETTLE_001416,STRIPE,MERCH_0084,EUR,103.75,0.72,103.03,1,2026-01-06,SETTLED
SETTLE_001417,STRIPE,MERCH_0079,GBP,42.95,1.02,41.93,1,2026-01-24,SETTLED
SETTLE_001418,STRIPE,MERCH_0043,USD,431.99,3.71,428.28,1,2026-03-27,SETTLED
SETTLE_001419,STRIPE,MERCH_0073,USD,307.75,2.71,305.04,1,2026-03-03,SETTLED
SETTLE_001420,ADYEN,MERCH_0028,GBP,2669.50,40.14,2629.36,1,2026-01-20,SETTLED
SETTLE_001421,CHECKOUT_COM,MERCH_0051,EUR,2465.00,42.09,2422.91,1,2026-01-31,SETTLED
SETTLE_001422,PAYPAL,MERCH_0049,EUR,79.99,2.95,77.04,1,2026-02-03,SETTLED
SETTLE_001423,ADYEN,MERCH_0082,USD,78.00,1.76,76.24,1,2026-03-20,SETTLED
SETTLE_001424,CHECKOUT_COM,MERCH_0065,USD,15.25,0.55,14.70,1,2026-02-12,SETTLED
SETTLE_001425,CHECKOUT_COM,MERCH_0032,CAD,494.99,12.10,482.89,1,2026-01-20,SETTLED
SETTLE_001426,CHECKOUT_COM,MERCH_0035,EUR,27.75,0.65,27.10,1,2026-03-01,SETTLED
SETTLE_001427,PAYPAL,MERCH_0077,EUR,55.25,2.16,53.09,1,2026-01-27,SETTLED
SETTLE_001428,STRIPE,MERCH_0054,CAD,43.50,1.56,41.94,1,2026-01-31,SETTLED
SETTLE_001429,CHECKOUT_COM,MERCH_0021,GBP,187.49,3.52,183.97,1,2026-02-28,SETTLED
SETTLE_001430,STRIPE,MERCH_0033,USD,528.50,4.48,524.02,1,2026-01-02,SETTLED
SETTLE_001431,ADYEN,MERCH_0068,USD,246.50,5.30,241.20,1,2026-02-19,SETTLED
SETTLE_001432,STRIPE,MERCH_0066,EUR,76.50,0.58,75.92,1,2026-02-22,SETTLED
SETTLE_001433,ADYEN,MERCH_0050,EUR,1469.49,5.29,1464.20,1,2026-01-07,SETTLED
SETTLE_001434,PAYPAL,MERCH_0040,USD,56.95,2.48,54.47,1,2026-03-15,SETTLED
SETTLE_001435,PAYPAL,MERCH_0100,INR,299.00,5.59,293.41,1,2026-01-21,SETTLED
SETTLE_001436,CHECKOUT_COM,MERCH_0051,GBP,225.00,4.20,220.80,1,2026-01-07,SETTLED
SETTLE_001437,ADYEN,MERCH_0013,EUR,599.99,8.51,591.48,1,2026-02-02,SETTLED
SETTLE_001438,ADYEN,MERCH_0042,EUR,37.80,0.64,37.16,1,2026-03-16,SETTLED
SETTLE_001439,CHECKOUT_COM,MERCH_0007,USD,505.99,11.84,494.15,1,2026-02-22,SETTLED
SETTLE_001440,STRIPE,MERCH_0088,USD,47.25,0.63,46.62,1,2026-02-06,SETTLED
SETTLE_001441,CHECKOUT_COM,MERCH_0034,CAD,671.80,16.34,655.46,1,2026-03-18,SETTLED
SETTLE_001443,STRIPE,MERCH_0032,USD,355.95,5.59,350.36,1,2026-01-21,SETTLED
SETTLE_001444,STRIPE,MERCH_0006,USD,50.75,1.01,49.74,1,2026-03-14,SETTLED
SETTLE_001445,STRIPE,MERCH_0099,USD,579.80,4.89,574.91,1,2026-03-05,SETTLED
SETTLE_001446,CHECKOUT_COM,MERCH_0050,CAD,20.00,0.70,19.30,1,2026-01-28,SETTLED
SETTLE_001447,ADYEN,MERCH_0066,USD,309.80,3.82,305.98,1,2026-02-26,SETTLED
SETTLE_001448,STRIPE,MERCH_0081,EUR,59.75,0.50,59.25,1,2026-01-06,SETTLED
SETTLE_001449,STRIPE,MERCH_0068,EUR,98.99,0.69,98.30,1,2026-03-17,SETTLED
SETTLE_001450,CHECKOUT_COM,MERCH_0030,USD,626.80,14.62,612.18,1,2026-02-26,SETTLED
SETTLE_001451,CHECKOUT_COM,MERCH_0085,CAD,616.25,15.01,601.24,1,2026-01-08,SETTLED
SETTLE_001453,ADYEN,MERCH_0083,GBP,450.00,6.85,443.15,1,2026-01-18,SETTLED
SETTLE_001454,CHECKOUT_COM,MERCH_0059,EUR,1510.95,25.87,1485.08,1,2026-03-24,SETTLED
SETTLE_001455,PAYPAL,MERCH_0052,USD,169.75,6.41,163.34,1,2026-03-25,SETTLED
SETTLE_001456,ADYEN,MERCH_0070,USD,2132.50,44.90,2087.60,1,2026-01-16,SETTLED
SETTLE_001457,STRIPE,MERCH_0080,USD,1615.25,47.14,1568.11,1,2026-02-28,SETTLED
SETTLE_001458,PAYPAL,MERCH_0061,EUR,1352.00,43.65,1308.35,1,2026-02-15,SETTLED
SETTLE_001459,STRIPE,MERCH_0091,INR,549.00,0.00,549.00,1,2026-02-02,SETTLED
SETTLE_001460,PAYPAL,MERCH_0091,GBP,402.80,11.98,390.82,1,2026-01-09,SETTLED
SETTLE_001461,CHECKOUT_COM,MERCH_0058,CAD,23.49,0.78,22.71,1,2026-02-16,SETTLED
SETTLE_001462,CHECKOUT_COM,MERCH_0022,GBP,644.75,11.76,632.99,1,2026-03-23,SETTLED
SETTLE_001463,CHECKOUT_COM,MERCH_0020,EUR,45.25,0.95,44.30,1,2026-03-09,SETTLED
SETTLE_001464,PAYPAL,MERCH_0081,GBP,641.99,18.92,623.07,1,2026-01-05,SETTLED
SETTLE_001465,STRIPE,MERCH_0084,EUR,581.00,3.11,577.89,1,2026-02-20,SETTLED
SETTLE_001466,STRIPE,MERCH_0007,EUR,231.75,1.36,230.39,1,2026-02-28,SETTLED
SETTLE_001467,CHECKOUT_COM,MERCH_0029,CAD,546.25,20.83,525.42,1,2026-03-31,SETTLED
SETTLE_001468,PAYPAL,MERCH_0042,EUR,1573.25,58.23,1515.02,1,2026-02-20,SETTLED
SETTLE_001469,STRIPE,MERCH_0031,GBP,57.75,1.30,56.45,1,2026-03-17,SETTLED
SETTLE_001470,STRIPE,MERCH_0046,EUR,308.80,2.72,306.08,1,2026-03-05,SETTLED
SETTLE_001471,STRIPE,MERCH_0048,CAD,1926.49,56.17,1870.32,2,2026-02-23,SETTLED
SETTLE_001472,STRIPE,MERCH_0030,USD,535.75,8.29,527.46,1,2026-03-25,SETTLED
SETTLE_001473,PAYPAL,MERCH_0010,GBP,2495.80,72.68,2423.12,1,2026-02-27,SETTLED
SETTLE_001474,PAYPAL,MERCH_0082,GBP,80.95,2.65,78.30,1,2026-03-21,SETTLED
SETTLE_001476,CHECKOUT_COM,MERCH_0062,EUR,2105.75,35.98,2069.77,1,2026-03-16,SETTLED
SETTLE_001477,STRIPE,MERCH_0085,EUR,1504.25,28.83,1475.42,1,2026-01-25,SETTLED
SETTLE_001479,ADYEN,MERCH_0039,EUR,341.49,4.89,336.60,1,2026-02-07,SETTLED
SETTLE_001480,CHECKOUT_COM,MERCH_0038,EUR,30.95,0.71,30.24,1,2026-03-25,SETTLED
SETTLE_001481,PAYPAL,MERCH_0084,GBP,29.80,1.16,28.64,1,2026-04-01,SETTLED
SETTLE_001482,CHECKOUT_COM,MERCH_0021,CAD,646.49,15.74,630.75,1,2026-01-09,SETTLED
SETTLE_001483,STRIPE,MERCH_0098,INR,2499.00,0.00,2499.00,1,2026-03-24,SETTLED
SETTLE_001484,CHECKOUT_COM,MERCH_0089,USD,31.95,0.93,31.02,1,2026-03-22,SETTLED
SETTLE_001485,STRIPE,MERCH_0031,USD,437.50,12.99,424.51,1,2026-03-18,SETTLED
SETTLE_001486,STRIPE,MERCH_0024,CAD,73.25,2.42,70.83,1,2026-02-25,SETTLED
SETTLE_001487,STRIPE,MERCH_0056,EUR,327.99,1.84,326.15,1,2026-01-02,SETTLED
SETTLE_001488,PAYPAL,MERCH_0018,EUR,41.00,1.70,39.30,1,2026-01-28,SETTLED
SETTLE_001489,STRIPE,MERCH_0063,USD,544.49,16.09,528.40,1,2026-03-03,SETTLED
SETTLE_001490,ADYEN,MERCH_0052,USD,297.00,6.36,290.64,1,2026-01-28,SETTLED
SETTLE_001492,STRIPE,MERCH_0015,INR,799.00,18.98,780.02,1,2026-02-08,SETTLED
SETTLE_001493,PAYPAL,MERCH_0079,USD,578.50,20.68,557.82,2,2026-02-05,SETTLED
SETTLE_001494,CHECKOUT_COM,MERCH_0006,GBP,37.99,0.83,37.16,1,2026-01-23,SETTLED
SETTLE_001495,PAYPAL,MERCH_0035,INR,4999.00,61.99,4937.01,1,2026-04-02,SETTLED
SETTLE_001496,CHECKOUT_COM,MERCH_0074,EUR,921.75,15.85,905.90,1,2026-01-31,SETTLED
SETTLE_001497,PAYPAL,MERCH_0088,USD,26.75,1.42,25.33,1,2026-01-30,SETTLED
SETTLE_001498,ADYEN,MERCH_0067,USD,16.75,0.30,16.45,1,2026-02-28,SETTLED
SETTLE_001499,ADYEN,MERCH_0057,GBP,39.25,0.69,38.56,1,2026-03-06,SETTLED
SETTLE_001500,CHECKOUT_COM,MERCH_0008,GBP,1015.30,18.43,996.87,1,2026-03-13,SETTLED
SETTLE_001501,CHECKOUT_COM,MERCH_0033,EUR,28.25,0.66,27.59,1,2026-02-13,SETTLED
SETTLE_001502,CHECKOUT_COM,MERCH_0006,CAD,212.99,5.33,207.66,1,2026-03-04,SETTLED
SETTLE_001503,PAYPAL,MERCH_0019,USD,24.75,1.35,23.40,1,2026-03-23,SETTLED
SETTLE_001504,STRIPE,MERCH_0005,CAD,79.00,2.59,76.41,1,2026-01-20,SETTLED
SETTLE_001505,STRIPE,MERCH_0018,EUR,34.49,0.91,33.58,1,2026-01-30,SETTLED
SETTLE_001506,STRIPE,MERCH_0041,EUR,66.00,0.53,65.47,1,2026-02-26,SETTLED
SETTLE_001507,STRIPE,MERCH_0017,EUR,55.95,0.48,55.47,1,2026-03-26,SETTLED
SETTLE_001508,STRIPE,MERCH_0007,EUR,120.00,0.80,119.20,1,2026-02-08,SETTLED
SETTLE_001509,STRIPE,MERCH_0027,EUR,37.75,0.97,36.78,1,2026-02-27,SETTLED
SETTLE_001510,PAYPAL,MERCH_0021,EUR,67.95,2.56,65.39,1,2026-03-14,SETTLED
SETTLE_001512,STRIPE,MERCH_0056,INR,299.00,0.00,299.00,1,2026-01-21,SETTLED
SETTLE_001513,PAYPAL,MERCH_0097,INR,15000.00,182.00,14818.00,1,2026-03-05,SETTLED
SETTLE_001514,STRIPE,MERCH_0023,INR,2499.00,52.98,2446.02,1,2026-03-23,SETTLED
SETTLE_001515,ADYEN,MERCH_0052,USD,64.49,0.87,63.62,1,2026-03-22,SETTLED
SETTLE_001516,CHECKOUT_COM,MERCH_0039,EUR,66.99,5.07,61.92,1,2026-01-28,SETTLED
SETTLE_001517,ADYEN,MERCH_0100,EUR,319.25,1.27,317.98,1,2026-04-02,SETTLED
SETTLE_001518,ADYEN,MERCH_0096,USD,2241.75,47.20,2194.55,1,2026-01-17,SETTLED
SETTLE_001519,PAYPAL,MERCH_0083,GBP,3212.25,93.46,3118.79,1,2026-03-27,SETTLED
SETTLE_001520,CHECKOUT_COM,MERCH_0053,CAD,18.25,0.66,17.59,1,2026-02-03,SETTLED
SETTLE_001521,PAYPAL,MERCH_0073,GBP,640.75,18.88,621.87,1,2026-02-28,SETTLED
SETTLE_001522,STRIPE,MERCH_0029,EUR,2761.25,52.71,2708.54,1,2026-01-10,SETTLED
SETTLE_001524,ADYEN,MERCH_0036,GBP,729.80,11.05,718.75,1,2026-03-02,SETTLED
SETTLE_001525,ADYEN,MERCH_0017,EUR,385.75,1.50,384.25,1,2026-01-30,SETTLED
SETTLE_001526,STRIPE,MERCH_0083,EUR,52.50,0.46,52.04,1,2026-03-24,SETTLED
SETTLE_001527,PAYPAL,MERCH_0059,USD,65.95,2.79,63.16,1,2026-03-15,SETTLED
SETTLE_001528,ADYEN,MERCH_0015,GBP,552.25,15.88,536.37,1,2026-03-05,SETTLED
SETTLE_001530,STRIPE,MERCH_0015,INR,9999.00,202.98,9796.02,1,2026-03-18,SETTLED
SETTLE_001531,STRIPE,MERCH_0030,USD,2368.80,69.00,2299.80,1,2026-01-28,SETTLED
SETTLE_001532,STRIPE,MERCH_0006,INR,299.00,0.00,299.00,1,2026-02-24,SETTLED
SETTLE_001533,CHECKOUT_COM,MERCH_0010,GBP,16.49,0.45,16.04,1,2026-03-31,SETTLED
SETTLE_001534,STRIPE,MERCH_0007,GBP,68.00,1.49,66.51,1,2026-03-07,SETTLED
SETTLE_001535,PAYPAL,MERCH_0096,EUR,33.00,1.45,31.55,1,2026-03-28,SETTLED
SETTLE_001536,STRIPE,MERCH_0071,EUR,40.00,0.40,39.60,2,2026-03-29,SETTLED
SETTLE_001537,STRIPE,MERCH_0027,USD,76.49,1.40,75.09,1,2026-02-08,SETTLED
SETTLE_001538,STRIPE,MERCH_0027,EUR,717.95,13.89,704.06,1,2026-03-19,SETTLED
SETTLE_001539,STRIPE,MERCH_0038,EUR,1876.80,9.58,1867.22,1,2026-01-13,SETTLED
SETTLE_001540,CHECKOUT_COM,MERCH_0056,CAD,382.99,9.41,373.58,1,2026-03-25,SETTLED
SETTLE_001541,PAYPAL,MERCH_0005,EUR,469.49,15.41,454.08,1,2026-01-31,SETTLED
SETTLE_001542,ADYEN,MERCH_0083,EUR,962.95,13.59,949.36,1,2026-01-13,SETTLED
SETTLE_001543,PAYPAL,MERCH_0007,INR,15000.00,182.00,14818.00,1,2026-03-01,SETTLED
SETTLE_001544,ADYEN,MERCH_0045,USD,589.50,7.17,582.33,1,2026-01-18,SETTLED
SETTLE_001545,STRIPE,MERCH_0047,USD,363.80,3.16,360.64,1,2026-02-18,SETTLED
SETTLE_001546,PAYPAL,MERCH_0037,EUR,776.75,25.25,751.50,1,2026-02-26,SETTLED
SETTLE_001547,ADYEN,MERCH_0085,EUR,384.99,5.50,379.49,1,2026-01-22,SETTLED
SETTLE_001548,STRIPE,MERCH_0020,EUR,107.99,0.74,107.25,1,2026-02-10,SETTLED
SETTLE_001549,ADYEN,MERCH_0085,USD,43.95,1.04,42.91,1,2026-01-10,SETTLED
SETTLE_001550,CHECKOUT_COM,MERCH_0034,CAD,186.80,4.70,182.10,1,2026-03-19,SETTLED
SETTLE_001551,STRIPE,MERCH_0087,EUR,33.80,0.89,32.91,1,2026-03-21,SETTLED
SETTLE_001552,PAYPAL,MERCH_0016,INR,824.00,11.89,812.11,1,2026-03-27,SETTLED
SETTLE_001553,STRIPE,MERCH_0037,INR,1999.00,0.00,1999.00,1,2026-02-23,SETTLED
SETTLE_001554,STRIPE,MERCH_0001,USD,199.95,3.25,196.70,1,2026-01-11,SETTLED
SETTLE_001555,ADYEN,MERCH_0045,USD,71.75,0.96,70.79,1,2026-03-23,SETTLED
SETTLE_001556,PAYPAL,MERCH_0056,GBP,2930.99,85.30,2845.69,1,2026-01-13,SETTLED
SETTLE_001557,STRIPE,MERCH_0070,USD,1120.00,9.21,1110.79,1,2026-03-26,SETTLED
SETTLE_001558,STRIPE,MERCH_0079,EUR,1726.49,8.83,1717.66,1,2026-03-27,SETTLED
SETTLE_001559,STRIPE,MERCH_0094,USD,80.50,1.46,79.04,1,2026-02-24,SETTLED
SETTLE_001560,CHECKOUT_COM,MERCH_0029,USD,313.00,5.78,307.22,1,2026-02-19,SETTLED
SETTLE_001561,STRIPE,MERCH_0085,INR,9999.00,202.98,9796.02,1,2026-01-26,SETTLED
SETTLE_001562,ADYEN,MERCH_0045,EUR,102.95,1.55,101.40,1,2026-03-19,SETTLED
SETTLE_001563,STRIPE,MERCH_0089,EUR,23.25,0.32,22.93,1,2026-02-06,SETTLED
SETTLE_001564,STRIPE,MERCH_0030,INR,3999.00,0.00,3999.00,1,2026-03-16,SETTLED
SETTLE_001565,STRIPE,MERCH_0054,INR,15000.00,303.00,14697.00,1,2026-04-02,SETTLED
SETTLE_001566,PAYPAL,MERCH_0018,GBP,280.00,8.42,271.58,1,2026-01-23,SETTLED
SETTLE_001567,CHECKOUT_COM,MERCH_0038,USD,1389.80,32.17,1357.63,1,2026-01-31,SETTLED
SETTLE_001568,STRIPE,MERCH_0087,EUR,53.95,0.47,53.48,1,2026-01-25,SETTLED
SETTLE_001569,STRIPE,MERCH_0059,EUR,65.99,1.50,64.49,1,2026-02-01,SETTLED
SETTLE_001570,PAYPAL,MERCH_0059,USD,78.00,3.21,74.79,1,2026-03-25,SETTLED
SETTLE_001571,STRIPE,MERCH_0022,USD,1523.75,23.11,1500.64,1,2026-02-15,SETTLED
SETTLE_001572,STRIPE,MERCH_0077,GBP,510.75,9.90,500.85,1,2026-02-06,SETTLED
SETTLE_001573,STRIPE,MERCH_0006,EUR,26.25,0.33,25.92,1,2026-01-04,SETTLED
SETTLE_001574,STRIPE,MERCH_0077,EUR,67.00,0.54,66.46,1,2026-03-23,SETTLED
SETTLE_001575,STRIPE,MERCH_0088,GBP,41.25,0.98,40.27,1,2026-02-28,SETTLED
SETTLE_001576,STRIPE,MERCH_0017,USD,44.75,8.92,35.83,1,2026-03-16,SETTLED
SETTLE_001577,STRIPE,MERCH_0001,USD,21.25,0.57,20.68,1,2026-01-17,SETTLED
SETTLE_001579,ADYEN,MERCH_0091,USD,33.25,5.50,27.75,1,2026-03-06,SETTLED
SETTLE_001580,PAYPAL,MERCH_0066,EUR,72.95,2.72,70.23,1,2026-02-05,SETTLED
SETTLE_001581,STRIPE,MERCH_0037,CAD,165.50,5.10,160.40,1,2026-03-13,SETTLED
SETTLE_001582,ADYEN,MERCH_0037,USD,331.80,7.09,324.71,1,2026-02-07,SETTLED
SETTLE_001583,STRIPE,MERCH_0026,USD,2403.80,19.48,2384.32,1,2026-04-01,SETTLED
SETTLE_001584,ADYEN,MERCH_0023,GBP,35.49,0.63,34.86,1,2026-03-06,SETTLED
SETTLE_001585,PAYPAL,MERCH_0053,INR,46.00,1.86,44.14,1,2026-03-20,SETTLED
SETTLE_001586,ADYEN,MERCH_0050,GBP,32.75,0.59,32.16,2,2026-03-04,SETTLED
SETTLE_001587,STRIPE,MERCH_0075,EUR,610.25,3.25,607.00,1,2026-01-09,SETTLED
SETTLE_001588,STRIPE,MERCH_0029,INR,400.95,3.46,397.49,1,2026-01-10,SETTLED
SETTLE_001589,CHECKOUT_COM,MERCH_0099,GBP,950.50,17.26,933.24,1,2026-02-26,SETTLED
SETTLE_001590,CHECKOUT_COM,MERCH_0049,EUR,40.95,0.88,40.07,1,2026-01-14,SETTLED
SETTLE_001591,CHECKOUT_COM,MERCH_0044,CAD,27.50,0.88,26.62,1,2026-04-01,SETTLED
SETTLE_001592,ADYEN,MERCH_0021,USD,306.50,6.56,299.94,1,2026-02-09,SETTLED
SETTLE_001593,STRIPE,MERCH_0036,INR,3999.00,82.98,3916.02,1,2026-02-04,SETTLED
SETTLE_001594,CHECKOUT_COM,MERCH_0053,USD,244.95,9.58,235.37,1,2026-02-22,SETTLED
SETTLE_001595,PAYPAL,MERCH_0003,GBP,67.50,2.26,65.24,1,2026-02-10,SETTLED
SETTLE_001596,STRIPE,MERCH_0069,EUR,136.50,2.84,133.66,1,2026-03-26,SETTLED
SETTLE_001597,ADYEN,MERCH_0023,USD,301.00,3.71,297.29,1,2026-01-24,SETTLED
SETTLE_001598,ADYEN,MERCH_0074,GBP,1413.99,21.31,1392.68,1,2026-01-31,SETTLED
SETTLE_001599,ADYEN,MERCH_0071,EUR,555.80,7.89,547.91,1,2026-01-30,SETTLED
SETTLE_001600,STRIPE,MERCH_0090,USD,32.75,1.25,31.50,1,2026-02-15,SETTLED
SETTLE_001601,STRIPE,MERCH_0094,USD,65.95,1.24,64.71,1,2026-03-10,SETTLED
SETTLE_001602,STRIPE,MERCH_0026,INR,4999.00,102.98,4896.02,1,2026-03-04,SETTLED
SETTLE_001603,STRIPE,MERCH_0020,USD,355.95,5.59,350.36,1,2026-03-23,SETTLED
SETTLE_001604,PAYPAL,MERCH_0055,USD,80.25,3.29,76.96,1,2026-03-08,SETTLED
SETTLE_001605,STRIPE,MERCH_0093,CAD,57.25,1.96,55.29,1,2026-03-11,SETTLED
SETTLE_001606,CHECKOUT_COM,MERCH_0077,GBP,1797.99,32.51,1765.48,1,2026-01-04,SETTLED
SETTLE_001607,ADYEN,MERCH_0019,EUR,1532.49,21.56,1510.93,1,2026-03-03,SETTLED
SETTLE_001608,STRIPE,MERCH_0043,EUR,22.80,0.68,22.12,1,2026-02-09,SETTLED
SETTLE_001609,ADYEN,MERCH_0033,USD,23.00,0.60,22.40,1,2026-01-08,SETTLED
SETTLE_001610,ADYEN,MERCH_0088,USD,186.75,2.34,184.41,1,2026-03-24,SETTLED
SETTLE_001611,STRIPE,MERCH_0041,USD,16.75,0.50,16.25,1,2026-02-20,SETTLED
SETTLE_001612,CHECKOUT_COM,MERCH_0058,USD,19.95,0.66,19.29,1,2026-02-18,SETTLED
SETTLE_001613,STRIPE,MERCH_0068,CAD,527.80,15.61,512.19,1,2026-03-06,SETTLED
SETTLE_001614,STRIPE,MERCH_0067,USD,475.80,4.06,471.74,1,2026-01-13,SETTLED
SETTLE_001615,STRIPE,MERCH_0026,USD,1965.80,15.98,1949.82,1,2026-02-11,SETTLED
SETTLE_001616,CHECKOUT_COM,MERCH_0033,GBP,513.49,9.39,504.10,1,2026-03-05,SETTLED
SETTLE_001617,STRIPE,MERCH_0032,INR,1499.00,32.98,1466.02,1,2026-01-25,SETTLED
SETTLE_001618,CHECKOUT_COM,MERCH_0100,GBP,57.00,1.18,55.82,1,2026-02-03,SETTLED
SETTLE_001619,STRIPE,MERCH_0078,CAD,80.00,2.62,77.38,1,2026-01-02,SETTLED
SETTLE_001620,PAYPAL,MERCH_0097,USD,23.75,1.32,22.43,1,2026-02-13,SETTLED
SETTLE_001621,ADYEN,MERCH_0017,USD,45.25,1.07,44.18,1,2026-02-07,SETTLED
SETTLE_001622,CHECKOUT_COM,MERCH_0069,EUR,683.50,11.80,671.70,1,2026-04-02,SETTLED
SETTLE_001623,CHECKOUT_COM,MERCH_0062,USD,79.49,2.03,77.46,1,2026-02-16,SETTLED
SETTLE_001624,STRIPE,MERCH_0065,USD,25.00,1.02,23.98,1,2026-01-21,SETTLED
SETTLE_001625,ADYEN,MERCH_0025,USD,21.80,0.58,21.22,1,2026-03-08,SETTLED
SETTLE_001626,PAYPAL,MERCH_0013,INR,549.00,8.59,540.41,1,2026-01-14,SETTLED
SETTLE_001627,ADYEN,MERCH_0052,USD,517.00,10.98,506.02,1,2026-02-10,SETTLED
SETTLE_001628,STRIPE,MERCH_0003,GBP,3413.95,65.07,3348.88,1,2026-01-17,SETTLED
SETTLE_001629,STRIPE,MERCH_0080,GBP,158.50,3.21,155.29,1,2026-03-10,SETTLED
SETTLE_001630,PAYPAL,MERCH_0047,INR,2499.00,31.99,2467.01,1,2026-02-17,SETTLED
SETTLE_001631,STRIPE,MERCH_0011,EUR,34.00,0.90,33.10,1,2026-01-05,SETTLED
SETTLE_001632,PAYPAL,MERCH_0052,USD,560.75,20.06,540.69,1,2026-02-25,SETTLED
SETTLE_001633,CHECKOUT_COM,MERCH_0041,CAD,26.75,0.86,25.89,1,2026-02-20,SETTLED
SETTLE_001634,STRIPE,MERCH_0073,INR,999.00,0.00,999.00,1,2026-03-22,SETTLED
SETTLE_001635,STRIPE,MERCH_0020,CAD,2677.49,77.95,2599.54,1,2026-03-28,SETTLED
SETTLE_001636,ADYEN,MERCH_0019,USD,351.25,7.50,343.75,1,2026-01-16,SETTLED
SETTLE_001637,STRIPE,MERCH_0001,USD,65.50,1.23,64.27,1,2026-03-22,SETTLED
SETTLE_001638,STRIPE,MERCH_0041,USD,33.99,1.29,32.70,1,2026-02-28,SETTLED
SETTLE_001639,ADYEN,MERCH_0090,USD,303.25,3.74,299.51,1,2026-01-25,SETTLED
SETTLE_001640,STRIPE,MERCH_0012,USD,321.00,5.06,315.94,1,2026-01-07,SETTLED
SETTLE_001642,STRIPE,MERCH_0070,GBP,316.00,6.20,309.80,1,2026-03-16,SETTLED
SETTLE_001643,ADYEN,MERCH_0055,GBP,18.25,0.37,17.88,1,2026-01-25,SETTLED
SETTLE_001644,STRIPE,MERCH_0087,USD,2994.99,24.21,2970.78,2,2026-02-21,SETTLED
SETTLE_001645,STRIPE,MERCH_0045,USD,3439.00,27.76,3411.24,1,2026-01-09,SETTLED
SETTLE_001646,PAYPAL,MERCH_0056,EUR,378.80,12.51,366.29,1,2026-01-22,SETTLED
SETTLE_001647,STRIPE,MERCH_0018,INR,2499.00,52.98,2446.02,1,2026-03-02,SETTLED
SETTLE_001648,CHECKOUT_COM,MERCH_0052,EUR,601.49,10.41,591.08,1,2026-02-12,SETTLED
SETTLE_001649,CHECKOUT_COM,MERCH_0031,CAD,65.99,1.80,64.19,1,2026-02-24,SETTLED
SETTLE_001650,STRIPE,MERCH_0023,GBP,535.25,10.37,524.88,1,2026-01-17,SETTLED
SETTLE_001651,ADYEN,MERCH_0083,EUR,15.99,0.21,15.78,1,2026-01-10,SETTLED
SETTLE_001652,STRIPE,MERCH_0073,EUR,76.99,0.58,76.41,1,2026-01-12,SETTLED
SETTLE_001653,CHECKOUT_COM,MERCH_0049,GBP,2163.75,40.60,2123.15,1,2026-01-04,SETTLED
SETTLE_001654,ADYEN,MERCH_0016,EUR,273.99,1.11,272.88,1,2026-01-12,SETTLED
SETTLE_001655,CHECKOUT_COM,MERCH_0045,GBP,29.80,0.69,29.11,1,2026-02-23,SETTLED
SETTLE_001656,STRIPE,MERCH_0084,USD,269.00,4.29,264.71,1,2026-03-18,SETTLED
SETTLE_001657,PAYPAL,MERCH_0072,GBP,3216.80,93.59,3123.21,2,2026-02-05,SETTLED
SETTLE_001658,PAYPAL,MERCH_0014,GBP,79.00,2.59,76.41,1,2026-02-04,SETTLED
SETTLE_001659,STRIPE,MERCH_0022,USD,433.25,12.86,420.39,1,2026-03-16,SETTLED
SETTLE_001660,STRIPE,MERCH_0078,EUR,20.00,0.63,19.37,1,2026-03-23,SETTLED
SETTLE_001661,ADYEN,MERCH_0034,EUR,72.25,0.40,71.85,1,2026-03-31,SETTLED
SETTLE_001662,PAYPAL,MERCH_0064,GBP,62.95,2.13,60.82,1,2026-03-21,SETTLED
SETTLE_001663,CHECKOUT_COM,MERCH_0093,EUR,53.75,1.09,52.66,1,2026-02-24,SETTLED
SETTLE_001664,ADYEN,MERCH_0036,GBP,80.25,1.30,78.95,1,2026-03-06,SETTLED
SETTLE_001665,STRIPE,MERCH_0038,INR,15000.00,303.00,14697.00,1,2026-03-15,SETTLED
SETTLE_001666,STRIPE,MERCH_0039,INR,299.00,8.98,290.02,1,2026-02-01,SETTLED
SETTLE_001667,PAYPAL,MERCH_0001,EUR,67.95,6.31,61.64,1,2026-03-30,SETTLED
SETTLE_001668,ADYEN,MERCH_0032,USD,54.00,0.75,53.25,1,2026-03-01,SETTLED
SETTLE_001669,ADYEN,MERCH_0023,EUR,16.80,0.21,16.59,1,2026-01-28,SETTLED
SETTLE_001670,CHECKOUT_COM,MERCH_0073,USD,77.80,1.99,75.81,1,2026-03-11,SETTLED
SETTLE_001671,CHECKOUT_COM,MERCH_0045,GBP,32.00,0.73,31.27,1,2026-01-25,SETTLED
SETTLE_001672,PAYPAL,MERCH_0087,GBP,58.00,1.98,56.02,1,2026-03-10,SETTLED
SETTLE_001673,STRIPE,MERCH_0027,USD,3094.50,25.01,3069.49,1,2026-01-24,SETTLED
SETTLE_001674,STRIPE,MERCH_0011,EUR,110.75,0.75,110.00,1,2026-01-13,SETTLED
SETTLE_001675,CHECKOUT_COM,MERCH_0059,USD,470.25,8.61,461.64,1,2026-01-16,SETTLED
SETTLE_001676,CHECKOUT_COM,MERCH_0047,CAD,439.75,10.77,428.98,1,2026-01-24,SETTLED
SETTLE_001677,PAYPAL,MERCH_0006,GBP,412.49,12.26,400.23,1,2026-03-23,SETTLED
SETTLE_001678,CHECKOUT_COM,MERCH_0041,USD,2362.00,54.53,2307.47,1,2026-03-10,SETTLED
SETTLE_001679,CHECKOUT_COM,MERCH_0059,USD,32.95,0.96,31.99,2,2026-01-26,SETTLED
SETTLE_001680,ADYEN,MERCH_0093,GBP,1362.95,20.54,1342.41,1,2026-03-17,SETTLED
SETTLE_001681,STRIPE,MERCH_0066,GBP,141.00,2.88,138.12,1,2026-02-09,SETTLED
SETTLE_001682,PAYPAL,MERCH_0003,EUR,2436.99,78.37,2358.62,1,2026-04-01,SETTLED
SETTLE_001683,PAYPAL,MERCH_0092,EUR,1193.50,38.58,1154.92,1,2026-03-13,SETTLED
SETTLE_001684,STRIPE,MERCH_0023,INR,1499.00,32.98,1466.02,1,2026-01-29,SETTLED
SETTLE_001685,PAYPAL,MERCH_0008,EUR,456.75,15.01,441.74,1,2026-02-07,SETTLED
SETTLE_001686,STRIPE,MERCH_0093,INR,799.00,18.98,780.02,1,2026-01-12,SETTLED
SETTLE_001687,STRIPE,MERCH_0024,USD,405.49,3.49,402.00,1,2026-03-02,SETTLED
SETTLE_001688,ADYEN,MERCH_0067,USD,462.75,9.84,452.91,1,2026-03-06,SETTLED
SETTLE_001689,STRIPE,MERCH_0075,EUR,67.49,1.53,65.96,1,2026-02-18,SETTLED
SETTLE_001690,STRIPE,MERCH_0050,USD,35.80,0.54,35.26,1,2026-03-21,SETTLED
SETTLE_001691,CHECKOUT_COM,MERCH_0011,CAD,34.80,1.06,33.74,1,2026-03-14,SETTLED
SETTLE_001692,ADYEN,MERCH_0073,USD,73.80,0.99,72.81,1,2026-03-19,SETTLED
SETTLE_001693,CHECKOUT_COM,MERCH_0046,CAD,533.80,13.03,520.77,1,2026-02-26,SETTLED
SETTLE_001694,STRIPE,MERCH_0036,USD,63.50,2.14,61.36,1,2026-01-07,SETTLED
SETTLE_001695,STRIPE,MERCH_0072,CAD,137.95,4.30,133.65,1,2026-03-29,SETTLED
SETTLE_001696,STRIPE,MERCH_0098,INR,1499.00,32.98,1466.02,1,2026-01-06,SETTLED
SETTLE_001697,ADYEN,MERCH_0088,EUR,630.95,8.94,622.01,1,2026-03-09,SETTLED
SETTLE_001698,STRIPE,MERCH_0006,INR,3999.00,82.98,3916.02,1,2026-03-29,SETTLED
SETTLE_001699,STRIPE,MERCH_0032,USD,244.49,3.92,240.57,1,2026-02-07,SETTLED
SETTLE_001700,STRIPE,MERCH_0071,INR,299.00,8.98,290.02,1,2026-02-06,SETTLED
SETTLE_001701,PAYPAL,MERCH_0067,GBP,16.25,0.77,15.48,1,2026-03-13,SETTLED
SETTLE_001702,STRIPE,MERCH_0095,USD,394.80,11.75,383.05,1,2026-03-01,SETTLED
SETTLE_001703,STRIPE,MERCH_0006,EUR,27.49,0.34,27.15,1,2026-02-05,SETTLED
SETTLE_001704,CHECKOUT_COM,MERCH_0056,GBP,776.49,14.13,762.36,1,2026-01-28,SETTLED
SETTLE_001705,CHECKOUT_COM,MERCH_0028,CAD,29.99,0.94,29.05,1,2026-01-02,SETTLED
SETTLE_001706,ADYEN,MERCH_0047,GBP,65.80,1.09,64.71,1,2026-02-06,SETTLED
SETTLE_001707,STRIPE,MERCH_0055,INR,3999.00,82.98,3916.02,1,2026-01-09,SETTLED
SETTLE_001708,STRIPE,MERCH_0075,EUR,471.50,9.21,462.29,1,2026-02-10,SETTLED
SETTLE_001709,CHECKOUT_COM,MERCH_0047,USD,76.49,1.96,74.53,1,2026-01-22,SETTLED
SETTLE_001710,PAYPAL,MERCH_0018,GBP,151.95,4.71,147.24,1,2026-03-10,SETTLED
SETTLE_001711,ADYEN,MERCH_0094,USD,73.49,1.66,71.83,1,2026-01-02,SETTLED
SETTLE_001712,STRIPE,MERCH_0038,EUR,2377.25,45.42,2331.83,1,2026-01-24,SETTLED
SETTLE_001713,CHECKOUT_COM,MERCH_0050,GBP,575.25,10.50,564.75,1,2026-02-07,SETTLED
SETTLE_001714,CHECKOUT_COM,MERCH_0001,GBP,314.75,5.82,308.93,1,2026-01-29,SETTLED
SETTLE_001715,PAYPAL,MERCH_0096,EUR,252.49,8.47,244.02,1,2026-03-19,SETTLED
SETTLE_001716,STRIPE,MERCH_0009,INR,2499.00,0.00,2499.00,1,2026-03-31,SETTLED
SETTLE_001717,STRIPE,MERCH_0070,EUR,30.50,0.35,30.15,1,2026-01-18,SETTLED
SETTLE_001718,ADYEN,MERCH_0058,EUR,572.00,2.15,569.85,1,2026-03-18,SETTLED
SETTLE_001719,ADYEN,MERCH_0074,USD,139.80,3.06,136.74,1,2026-03-30,SETTLED
SETTLE_001720,CHECKOUT_COM,MERCH_0016,GBP,508.25,9.30,498.95,1,2026-01-29,SETTLED
SETTLE_001721,CHECKOUT_COM,MERCH_0002,EUR,401.75,7.01,394.74,1,2026-01-09,SETTLED
SETTLE_001722,CHECKOUT_COM,MERCH_0013,USD,540.99,12.64,528.35,2,2026-03-01,SETTLED
SETTLE_001723,STRIPE,MERCH_0040,CAD,2728.80,79.44,2649.36,1,2026-02-11,SETTLED
SETTLE_001724,STRIPE,MERCH_0051,USD,94.49,1.67,92.82,1,2026-01-18,SETTLED
SETTLE_001725,ADYEN,MERCH_0088,EUR,280.75,1.13,279.62,1,2026-01-13,SETTLED
SETTLE_001726,STRIPE,MERCH_0079,INR,299.00,0.00,299.00,1,2026-02-03,SETTLED
SETTLE_001727,ADYEN,MERCH_0077,USD,421.99,8.98,413.01,1,2026-03-16,SETTLED
SETTLE_001728,STRIPE,MERCH_0077,EUR,366.50,7.21,359.29,1,2026-02-24,SETTLED
SETTLE_001729,CHECKOUT_COM,MERCH_0100,USD,138.95,3.40,135.55,1,2026-01-12,SETTLED
SETTLE_001730,STRIPE,MERCH_0014,CAD,205.25,6.25,199.00,1,2026-03-11,SETTLED
SETTLE_001731,STRIPE,MERCH_0046,CAD,27.95,1.11,26.84,1,2026-01-11,SETTLED
SETTLE_001732,ADYEN,MERCH_0099,EUR,128.99,0.60,128.39,1,2026-03-01,SETTLED
SETTLE_001733,STRIPE,MERCH_0018,USD,552.50,8.54,543.96,1,2026-04-01,SETTLED
SETTLE_001734,ADYEN,MERCH_0098,EUR,41.49,0.30,41.19,1,2026-02-11,SETTLED
SETTLE_001735,CHECKOUT_COM,MERCH_0062,EUR,92.75,1.76,90.99,1,2026-01-14,SETTLED
SETTLE_001736,PAYPAL,MERCH_0095,EUR,143.75,4.99,138.76,1,2026-01-11,SETTLED
SETTLE_001737,STRIPE,MERCH_0041,USD,1060.49,33.55,1026.94,1,2026-03-30,SETTLED
SETTLE_001738,STRIPE,MERCH_0098,INR,15000.00,0.00,15000.00,1,2026-03-28,SETTLED
SETTLE_001739,CHECKOUT_COM,MERCH_0001,USD,26.25,0.80,25.45,1,2026-02-01,SETTLED
SETTLE_001740,STRIPE,MERCH_0044,USD,78.95,2.59,76.36,1,2026-01-28,SETTLED
SETTLE_001741,ADYEN,MERCH_0040,EUR,138.49,1.76,136.73,1,2026-01-31,SETTLED
SETTLE_001742,ADYEN,MERCH_0083,EUR,266.99,1.08,265.91,1,2026-02-02,SETTLED
SETTLE_001743,ADYEN,MERCH_0062,EUR,514.25,1.95,512.30,1,2026-03-12,SETTLED
SETTLE_001744,STRIPE,MERCH_0030,USD,23.95,0.44,23.51,1,2026-02-08,SETTLED
SETTLE_001745,STRIPE,MERCH_0030,INR,1499.00,0.00,1499.00,1,2026-01-14,SETTLED
SETTLE_001746,STRIPE,MERCH_0035,CAD,632.95,18.66,614.29,1,2026-01-20,SETTLED
SETTLE_001747,CHECKOUT_COM,MERCH_0048,CAD,341.25,8.41,332.84,1,2026-03-14,SETTLED
SETTLE_001748,ADYEN,MERCH_0032,EUR,432.50,1.66,430.84,1,2026-01-19,SETTLED
SETTLE_001749,CHECKOUT_COM,MERCH_0074,GBP,572.99,10.46,562.53,1,2026-01-18,SETTLED
SETTLE_001750,ADYEN,MERCH_0078,USD,27.75,0.43,27.32,1,2026-01-29,SETTLED
SETTLE_001751,CHECKOUT_COM,MERCH_0034,GBP,58.75,1.21,57.54,1,2026-01-14,SETTLED
SETTLE_001752,PAYPAL,MERCH_0036,EUR,609.25,19.89,589.36,1,2026-03-15,SETTLED
SETTLE_001753,STRIPE,MERCH_0059,EUR,103.80,2.22,101.58,1,2026-02-11,SETTLED
SETTLE_001754,STRIPE,MERCH_0080,USD,42.49,0.59,41.90,1,2026-03-31,SETTLED
SETTLE_001755,ADYEN,MERCH_0051,EUR,414.25,5.91,408.34,1,2026-03-23,SETTLED
SETTLE_001756,CHECKOUT_COM,MERCH_0003,INR,38.95,0.84,38.11,1,2026-02-08,SETTLED
SETTLE_001757,STRIPE,MERCH_0003,USD,499.99,14.80,485.19,1,2026-02-02,SETTLED
SETTLE_001758,STRIPE,MERCH_0040,GBP,4999.00,0.00,4999.00,1,2026-01-15,SETTLED
SETTLE_001759,STRIPE,MERCH_0016,EUR,45.99,0.43,45.56,1,2026-01-05,SETTLED
SETTLE_001760,STRIPE,MERCH_0039,USD,336.25,2.94,333.31,1,2026-03-19,SETTLED
SETTLE_001761,STRIPE,MERCH_0053,USD,80.25,1.45,78.80,1,2026-03-27,SETTLED
SETTLE_001762,ADYEN,MERCH_0057,EUR,41.99,0.30,41.69,1,2026-02-27,SETTLED
SETTLE_001763,CHECKOUT_COM,MERCH_0045,EUR,2237.00,38.21,2198.79,1,2026-02-07,SETTLED
SETTLE_001764,PAYPAL,MERCH_0028,INR,999.00,13.99,985.01,1,2026-01-31,SETTLED
SETTLE_001765,STRIPE,MERCH_0096,EUR,235.49,4.72,230.77,1,2026-01-24,SETTLED
SETTLE_001766,STRIPE,MERCH_0062,INR,3999.00,82.98,3916.02,1,2026-02-14,SETTLED
SETTLE_001767,ADYEN,MERCH_0055,GBP,65.50,1.08,64.42,1,2026-03-08,SETTLED
SETTLE_001768,CHECKOUT_COM,MERCH_0064,EUR,374.99,6.55,368.44,1,2026-03-19,SETTLED
SETTLE_001769,STRIPE,MERCH_0058,INR,999.00,0.00,999.00,1,2026-03-19,SETTLED
SETTLE_001770,STRIPE,MERCH_0037,EUR,2617.00,13.29,2603.71,1,2026-01-28,SETTLED
SETTLE_001771,STRIPE,MERCH_0045,USD,75.49,0.85,74.64,1,2026-01-31,SETTLED
SETTLE_001772,STRIPE,MERCH_0008,USD,499.95,7.75,492.20,1,2026-03-05,SETTLED
SETTLE_001773,STRIPE,MERCH_0096,INR,1024.00,0.00,1024.00,1,2026-03-13,SETTLED
SETTLE_001774,PAYPAL,MERCH_0024,INR,2499.00,31.99,2467.01,1,2026-03-27,SETTLED
SETTLE_001775,PAYPAL,MERCH_0060,EUR,46.49,2.11,44.38,1,2026-03-26,SETTLED
SETTLE_001776,PAYPAL,MERCH_0077,USD,163.25,6.19,157.06,1,2026-02-20,SETTLED
SETTLE_001777,ADYEN,MERCH_0052,USD,516.95,18.48,498.47,1,2026-01-09,SETTLED
SETTLE_001778,CHECKOUT_COM,MERCH_0001,USD,64.25,1.68,62.57,1,2026-03-13,SETTLED
SETTLE_001779,ADYEN,MERCH_0048,EUR,3051.99,10.83,3041.16,1,2026-02-07,SETTLED
SETTLE_001780,STRIPE,MERCH_0092,INR,299.00,8.98,290.02,1,2026-03-11,SETTLED
SETTLE_001781,CHECKOUT_COM,MERCH_0041,EUR,513.75,8.91,504.84,1,2026-03-24,SETTLED
SETTLE_001782,ADYEN,MERCH_0012,EUR,54.00,0.34,53.66,1,2026-02-09,SETTLED
SETTLE_001783,CHECKOUT_COM,MERCH_0033,CAD,73.99,2.00,71.99,1,2026-03-14,SETTLED
SETTLE_001784,ADYEN,MERCH_0042,USD,36.49,0.89,35.60,1,2026-01-27,SETTLED
SETTLE_001785,CHECKOUT_COM,MERCH_0029,GBP,589.25,10.76,578.49,1,2026-01-10,SETTLED
SETTLE_001786,PAYPAL,MERCH_0047,INR,299.00,5.59,293.41,1,2026-02-20,SETTLED
SETTLE_001787,STRIPE,MERCH_0054,USD,61.99,8.75,53.24,1,2026-02-23,SETTLED
SETTLE_001788,PAYPAL,MERCH_0042,EUR,616.00,20.10,595.90,1,2026-03-28,SETTLED
SETTLE_001789,CHECKOUT_COM,MERCH_0043,CAD,84.49,2.25,82.24,1,2026-03-21,SETTLED
SETTLE_001790,CHECKOUT_COM,MERCH_0076,GBP,123.49,2.37,121.12,1,2026-02-01,SETTLED
SETTLE_001791,STRIPE,MERCH_0050,EUR,35.50,0.38,35.12,1,2026-01-27,SETTLED
SETTLE_001792,PAYPAL,MERCH_0098,USD,80.49,3.30,77.19,1,2026-03-24,SETTLED
SETTLE_001793,STRIPE,MERCH_0052,INR,1999.00,42.98,1956.02,1,2026-01-21,SETTLED
SETTLE_001794,STRIPE,MERCH_0042,CAD,384.00,11.44,372.56,1,2026-01-06,SETTLED
SETTLE_001795,PAYPAL,MERCH_0079,EUR,401.95,13.25,388.70,1,2026-02-06,SETTLED
SETTLE_001796,CHECKOUT_COM,MERCH_0042,GBP,181.50,3.42,178.08,1,2026-01-13,SETTLED
SETTLE_001797,ADYEN,MERCH_0020,USD,1072.49,22.64,1049.85,1,2026-02-11,SETTLED
SETTLE_001798,STRIPE,MERCH_0079,USD,47.50,0.96,46.54,1,2026-01-04,SETTLED
SETTLE_001799,CHECKOUT_COM,MERCH_0019,CAD,25.50,0.83,24.67,1,2026-03-23,SETTLED
SETTLE_001800,PAYPAL,MERCH_0084,EUR,775.25,25.20,750.05,1,2026-03-24,SETTLED
SETTLE_001801,ADYEN,MERCH_0096,EUR,60.75,0.96,59.79,1,2026-01-03,SETTLED
SETTLE_001802,STRIPE,MERCH_0007,EUR,74.00,3.07,70.93,1,2026-01-17,SETTLED
SETTLE_001803,STRIPE,MERCH_0025,EUR,171.50,3.51,167.99,1,2026-02-16,SETTLED
SETTLE_001804,PAYPAL,MERCH_0091,GBP,63.25,2.13,61.12,1,2026-04-01,SETTLED
SETTLE_001805,ADYEN,MERCH_0034,EUR,1730.95,24.34,1706.61,1,2026-02-11,SETTLED
SETTLE_001806,STRIPE,MERCH_0092,INR,15000.00,0.00,15000.00,1,2026-01-04,SETTLED
SETTLE_001807,STRIPE,MERCH_0051,USD,1999.49,30.24,1969.25,1,2026-01-22,SETTLED
SETTLE_001808,CHECKOUT_COM,MERCH_0066,CAD,471.80,11.54,460.26,1,2026-02-19,SETTLED
SETTLE_001809,STRIPE,MERCH_0027,USD,222.25,3.58,218.67,1,2026-03-07,SETTLED
SETTLE_001810,PAYPAL,MERCH_0036,USD,538.95,19.30,519.65,1,2026-03-23,SETTLED
SETTLE_001811,ADYEN,MERCH_0066,USD,343.49,4.22,339.27,1,2026-01-22,SETTLED
SETTLE_001812,STRIPE,MERCH_0040,EUR,129.95,2.72,127.23,1,2026-02-28,SETTLED
SETTLE_001813,STRIPE,MERCH_0076,USD,138.25,1.36,136.89,1,2026-03-29,SETTLED
SETTLE_001814,CHECKOUT_COM,MERCH_0033,CAD,622.25,15.15,607.10,1,2026-03-17,SETTLED
SETTLE_001815,PAYPAL,MERCH_0076,INR,799.00,11.59,787.41,1,2026-02-07,SETTLED
SETTLE_001816,STRIPE,MERCH_0068,INR,999.00,22.98,976.02,1,2026-01-17,SETTLED
SETTLE_001817,ADYEN,MERCH_0069,GBP,3268.80,49.13,3219.67,1,2026-03-09,SETTLED
SETTLE_001818,STRIPE,MERCH_0071,INR,9999.00,0.00,9999.00,1,2026-02-17,SETTLED
SETTLE_001819,PAYPAL,MERCH_0011,GBP,76.75,2.53,74.22,1,2026-02-06,SETTLED
SETTLE_001820,CHECKOUT_COM,MERCH_0036,USD,23.95,0.75,23.20,1,2026-03-12,SETTLED
SETTLE_001821,ADYEN,MERCH_0021,USD,201.49,2.52,198.97,1,2026-02-14,SETTLED
SETTLE_001822,PAYPAL,MERCH_0043,EUR,55.25,2.16,53.09,1,2026-01-28,SETTLED
SETTLE_001823,STRIPE,MERCH_0068,INR,299.00,8.98,290.02,1,2026-02-12,SETTLED
SETTLE_001824,STRIPE,MERCH_0015,CAD,56.00,1.92,54.08,1,2026-03-19,SETTLED
SETTLE_001825,STRIPE,MERCH_0019,INR,1499.00,0.00,1499.00,1,2026-02-22,SETTLED
SETTLE_001826,PAYPAL,MERCH_0053,USD,181.95,6.84,175.11,1,2026-01-07,SETTLED
SETTLE_001827,ADYEN,MERCH_0027,USD,57.00,1.32,55.68,1,2026-03-31,SETTLED
SETTLE_001828,STRIPE,MERCH_0014,INR,2499.00,0.00,2499.00,1,2026-02-03,SETTLED
SETTLE_001829,STRIPE,MERCH_0006,INR,15000.00,0.00,15000.00,1,2026-02-18,SETTLED
SETTLE_001830,ADYEN,MERCH_0096,USD,134.49,2.94,131.55,1,2026-02-09,SETTLED
SETTLE_001831,CHECKOUT_COM,MERCH_0081,CAD,285.99,7.08,278.91,1,2026-03-21,SETTLED
SETTLE_001832,ADYEN,MERCH_0087,USD,172.99,2.18,170.81,2,2026-02-15,SETTLED
SETTLE_001833,PAYPAL,MERCH_0048,GBP,65.95,2.21,63.74,1,2026-02-17,SETTLED
SETTLE_001834,PAYPAL,MERCH_0062,INR,9999.00,121.99,9877.01,1,2026-01-10,SETTLED
SETTLE_001835,PAYPAL,MERCH_0009,INR,1499.00,19.99,1479.01,1,2026-02-26,SETTLED
SETTLE_001836,CHECKOUT_COM,MERCH_0055,GBP,331.50,6.12,325.38,1,2026-03-03,SETTLED
SETTLE_001837,ADYEN,MERCH_0045,USD,451.00,5.51,445.49,1,2026-03-19,SETTLED
SETTLE_001838,ADYEN,MERCH_0091,CAD,2420.75,50.96,2369.79,1,2026-03-05,SETTLED
SETTLE_001839,STRIPE,MERCH_0073,USD,136.95,4.27,132.68,1,2026-01-16,SETTLED
SETTLE_001840,PAYPAL,MERCH_0045,USD,133.80,5.16,128.64,1,2026-02-06,SETTLED
SETTLE_001841,STRIPE,MERCH_0033,INR,9999.00,202.98,9796.02,1,2026-02-15,SETTLED
SETTLE_001842,ADYEN,MERCH_0018,EUR,2030.80,28.54,2002.26,1,2026-02-05,SETTLED
SETTLE_001843,STRIPE,MERCH_0083,EUR,464.25,9.07,455.18,1,2026-02-01,SETTLED
SETTLE_001844,ADYEN,MERCH_0019,EUR,433.99,6.19,427.80,1,2026-02-06,SETTLED
SETTLE_001845,PAYPAL,MERCH_0047,GBP,240.25,7.27,232.98,1,2026-01-11,SETTLED
SETTLE_001846,STRIPE,MERCH_0028,USD,28.95,1.14,27.81,1,2026-02-14,SETTLED
SETTLE_001847,CHECKOUT_COM,MERCH_0013,EUR,332.80,5.84,326.96,1,2026-03-14,SETTLED
SETTLE_001848,STRIPE,MERCH_0006,CAD,2178.80,63.49,2115.31,1,2026-03-12,SETTLED
SETTLE_001849,ADYEN,MERCH_0004,EUR,73.49,0.41,73.08,1,2026-03-02,SETTLED
SETTLE_001850,CHECKOUT_COM,MERCH_0057,USD,581.95,13.58,568.37,1,2026-02-08,SETTLED
SETTLE_001851,STRIPE,MERCH_0041,EUR,1290.25,24.76,1265.49,1,2026-03-09,SETTLED
SETTLE_001852,STRIPE,MERCH_0052,CAD,326.25,9.76,316.49,2,2026-02-05,SETTLED
SETTLE_001853,CHECKOUT_COM,MERCH_0006,USD,42.50,1.18,41.32,1,2026-01-07,SETTLED
SETTLE_001854,STRIPE,MERCH_0014,USD,21.49,0.92,20.57,1,2026-03-02,SETTLED
SETTLE_001855,STRIPE,MERCH_0082,INR,2499.00,52.98,2446.02,1,2026-03-02,SETTLED
SETTLE_001856,STRIPE,MERCH_0057,INR,999.00,0.00,999.00,1,2026-03-10,SETTLED
SETTLE_001857,ADYEN,MERCH_0087,EUR,238.25,3.45,234.80,1,2026-03-21,SETTLED
SETTLE_001858,CHECKOUT_COM,MERCH_0024,EUR,150.95,2.75,148.20,1,2026-01-25,SETTLED
SETTLE_001859,STRIPE,MERCH_0075,EUR,1331.50,6.86,1324.64,1,2026-01-10,SETTLED
SETTLE_001860,STRIPE,MERCH_0049,EUR,640.80,12.43,628.37,1,2026-04-01,SETTLED
SETTLE_001861,ADYEN,MERCH_0034,EUR,55.75,0.89,54.86,1,2026-02-07,SETTLED
SETTLE_001862,ADYEN,MERCH_0099,USD,72.49,0.97,71.52,1,2026-03-07,SETTLED
SETTLE_001863,PAYPAL,MERCH_0027,GBP,352.49,10.52,341.97,1,2026-03-23,SETTLED
SETTLE_001864,CHECKOUT_COM,MERCH_0069,EUR,32.49,0.73,31.76,1,2026-03-27,SETTLED
SETTLE_001865,STRIPE,MERCH_0026,INR,499.00,0.00,499.00,1,2026-02-02,SETTLED
SETTLE_001866,STRIPE,MERCH_0050,USD,2268.80,66.10,2202.70,1,2026-01-21,SETTLED
SETTLE_001867,STRIPE,MERCH_0085,EUR,467.75,9.14,458.61,1,2026-02-13,SETTLED
SETTLE_001868,STRIPE,MERCH_0054,USD,27.25,0.47,26.78,1,2026-03-10,SETTLED
SETTLE_001869,STRIPE,MERCH_0067,USD,64.95,1.22,63.73,1,2026-02-25,SETTLED
SETTLE_001870,ADYEN,MERCH_0021,USD,343.99,7.34,336.65,1,2026-03-25,SETTLED
SETTLE_001871,STRIPE,MERCH_0079,USD,317.99,5.02,312.97,1,2026-02-10,SETTLED
SETTLE_001872,CHECKOUT_COM,MERCH_0005,EUR,31.00,0.71,30.29,1,2026-03-13,SETTLED
SETTLE_001873,ADYEN,MERCH_0016,CAD,33.49,0.58,32.91,1,2026-01-09,SETTLED
SETTLE_001874,STRIPE,MERCH_0016,INR,9999.00,202.98,9796.02,1,2026-04-01,SETTLED
SETTLE_001875,STRIPE,MERCH_0052,GBP,106.49,2.22,104.27,1,2026-01-15,SETTLED
SETTLE_001876,PAYPAL,MERCH_0066,EUR,62.75,2.40,60.35,1,2026-01-16,SETTLED
SETTLE_001877,ADYEN,MERCH_0088,GBP,415.99,6.34,409.65,1,2026-01-02,SETTLED
SETTLE_001878,ADYEN,MERCH_0049,EUR,35.49,0.61,34.88,2,2026-01-23,SETTLED
SETTLE_001879,ADYEN,MERCH_0025,USD,574.99,7.00,567.99,1,2026-02-26,SETTLED
SETTLE_001880,CHECKOUT_COM,MERCH_0059,EUR,760.49,13.11,747.38,1,2026-02-19,SETTLED
SETTLE_001881,STRIPE,MERCH_0008,USD,63.50,0.76,62.74,1,2026-01-31,SETTLED
SETTLE_001882,ADYEN,MERCH_0030,USD,64.75,0.88,63.87,1,2026-02-28,SETTLED
SETTLE_001883,PAYPAL,MERCH_0059,GBP,299.00,5.59,293.41,1,2026-03-27,SETTLED
SETTLE_001884,STRIPE,MERCH_0087,USD,126.80,1.26,125.54,1,2026-03-25,SETTLED
SETTLE_001885,CHECKOUT_COM,MERCH_0093,EUR,2044.95,34.94,2010.01,1,2026-02-03,SETTLED
SETTLE_001887,CHECKOUT_COM,MERCH_0021,USD,387.99,9.12,378.87,1,2026-01-07,SETTLED
SETTLE_001888,CHECKOUT_COM,MERCH_0007,EUR,72.25,1.41,70.84,1,2026-02-27,SETTLED
SETTLE_001889,PAYPAL,MERCH_0060,USD,64.80,2.75,62.05,1,2026-02-21,SETTLED
SETTLE_001890,STRIPE,MERCH_0088,USD,345.00,10.30,334.70,1,2026-03-16,SETTLED
SETTLE_001891,PAYPAL,MERCH_0049,EUR,3313.50,106.42,3207.08,1,2026-03-14,SETTLED
SETTLE_001892,STRIPE,MERCH_0053,USD,2519.80,38.05,2481.75,1,2026-02-17,SETTLED
SETTLE_001893,ADYEN,MERCH_0027,GBP,78.50,1.28,77.22,1,2026-02-26,SETTLED
SETTLE_001894,STRIPE,MERCH_0008,INR,499.00,12.98,486.02,1,2026-03-17,SETTLED
SETTLE_001895,CHECKOUT_COM,MERCH_0085,GBP,35.50,0.79,34.71,1,2026-02-10,SETTLED
SETTLE_001896,STRIPE,MERCH_0028,INR,2499.00,0.00,2499.00,1,2026-01-24,SETTLED
SETTLE_001897,STRIPE,MERCH_0091,USD,214.25,6.51,207.74,1,2026-03-09,SETTLED
SETTLE_001898,ADYEN,MERCH_0100,USD,58.49,1.35,57.14,1,2026-03-01,SETTLED
SETTLE_001899,CHECKOUT_COM,MERCH_0034,GBP,76.99,1.54,75.45,1,2026-02-22,SETTLED
SETTLE_001900,ADYEN,MERCH_0033,EUR,2819.95,39.59,2780.36,1,2026-02-06,SETTLED
SETTLE_001901,ADYEN,MERCH_0098,EUR,572.99,4.63,568.36,1,2026-01-15,SETTLED
SETTLE_001902,PAYPAL,MERCH_0070,INR,299.00,5.59,293.41,1,2026-01-04,SETTLED
SETTLE_001903,CHECKOUT_COM,MERCH_0032,EUR,1032.00,17.72,1014.28,1,2026-04-01,SETTLED
SETTLE_001904,PAYPAL,MERCH_0027,USD,564.50,20.19,544.31,1,2026-03-18,SETTLED
SETTLE_001905,STRIPE,MERCH_0064,USD,398.95,3.44,395.51,1,2026-03-23,SETTLED
SETTLE_001906,PAYPAL,MERCH_0015,INR,1499.00,19.99,1479.01,2,2026-04-01,SETTLED
SETTLE_001907,STRIPE,MERCH_0070,USD,156.80,4.85,151.95,1,2026-02-20,SETTLED
SETTLE_001908,STRIPE,MERCH_0044,USD,84.50,2.75,81.75,1,2026-01-16,SETTLED
SETTLE_001909,STRIPE,MERCH_0035,INR,9999.00,0.00,9999.00,1,2026-02-10,SETTLED
SETTLE_001910,CHECKOUT_COM,MERCH_0052,USD,99.99,2.50,97.49,1,2026-01-15,SETTLED
SETTLE_001911,STRIPE,MERCH_0088,INR,799.00,0.00,799.00,1,2026-02-14,SETTLED
SETTLE_001912,CHECKOUT_COM,MERCH_0069,GBP,62.75,1.28,61.47,1,2026-01-30,SETTLED
SETTLE_001913,PAYPAL,MERCH_0051,GBP,171.00,5.26,165.74,1,2026-03-11,SETTLED
SETTLE_001914,STRIPE,MERCH_0018,USD,625.95,5.26,620.69,1,2026-02-18,SETTLED
SETTLE_001915,STRIPE,MERCH_0013,CAD,575.25,11.18,564.07,1,2026-01-06,SETTLED
SETTLE_001916,STRIPE,MERCH_0074,EUR,442.50,8.66,433.84,1,2026-01-06,SETTLED
SETTLE_001917,STRIPE,MERCH_0035,CAD,598.80,17.67,581.13,1,2026-03-06,SETTLED
SETTLE_001918,ADYEN,MERCH_0042,GBP,535.75,8.14,527.61,1,2026-01-09,SETTLED
SETTLE_001919,STRIPE,MERCH_0043,EUR,1875.95,35.89,1840.06,1,2026-01-31,SETTLED
SETTLE_001920,PAYPAL,MERCH_0050,EUR,639.49,20.85,618.64,1,2026-02-04,SETTLED
SETTLE_001921,PAYPAL,MERCH_0094,GBP,553.25,18.84,534.41,1,2026-01-25,SETTLED
SETTLE_001922,ADYEN,MERCH_0026,USD,249.80,5.37,244.43,1,2026-03-26,SETTLED
SETTLE_001923,CHECKOUT_COM,MERCH_0097,CAD,129.00,3.32,125.68,1,2026-01-23,SETTLED
SETTLE_001924,ADYEN,MERCH_0083,USD,509.80,10.83,498.97,1,2026-01-14,SETTLED
SETTLE_001925,ADYEN,MERCH_0077,EUR,68.80,1.07,67.73,1,2026-02-12,SETTLED
SETTLE_001926,PAYPAL,MERCH_0017,EUR,1555.50,50.17,1505.33,1,2026-01-27,SETTLED
SETTLE_001927,PAYPAL,MERCH_0092,USD,3431.00,99.80,3331.20,1,2026-04-01,SETTLED
SETTLE_001928,ADYEN,MERCH_0024,USD,57.49,1.33,56.16,1,2026-02-09,SETTLED
SETTLE_001929,STRIPE,MERCH_0009,EUR,57.75,4.24,53.51,1,2026-01-28,SETTLED
SETTLE_001930,PAYPAL,MERCH_0021,GBP,411.75,12.24,399.51,1,2026-02-23,SETTLED
SETTLE_001931,STRIPE,MERCH_0062,INR,799.00,18.98,780.02,1,2026-02-05,SETTLED
SETTLE_001932,ADYEN,MERCH_0094,USD,40.00,0.58,39.42,1,2026-02-10,SETTLED
SETTLE_001933,CHECKOUT_COM,MERCH_0056,USD,54.25,3.95,50.30,1,2026-03-25,SETTLED
SETTLE_001934,STRIPE,MERCH_0091,INR,1499.00,8.00,1491.00,1,2026-02-02,SETTLED
SETTLE_001935,STRIPE,MERCH_0077,USD,453.25,7.05,446.20,1,2026-03-13,SETTLED
SETTLE_001936,PAYPAL,MERCH_0026,INR,9999.00,121.99,9877.01,1,2026-01-24,SETTLED
SETTLE_001937,CHECKOUT_COM,MERCH_0023,GBP,70.75,1.42,69.33,1,2026-02-16,SETTLED
SETTLE_001938,STRIPE,MERCH_0003,INR,1029.00,0.00,1029.00,1,2026-01-24,SETTLED
SETTLE_001939,STRIPE,MERCH_0055,GBP,75.50,1.63,73.87,1,2026-01-12,SETTLED
SETTLE_001940,STRIPE,MERCH_0025,USD,20.75,0.56,20.19,1,2026-01-17,SETTLED
SETTLE_001941,STRIPE,MERCH_0017,USD,455.80,11.52,444.28,1,2026-01-11,SETTLED
SETTLE_001942,STRIPE,MERCH_0082,EUR,3465.50,17.53,3447.97,1,2026-01-28,SETTLED
SETTLE_001943,STRIPE,MERCH_0011,GBP,170.99,3.45,167.54,1,2026-03-03,SETTLED
SETTLE_001944,PAYPAL,MERCH_0099,USD,434.49,15.65,418.84,1,2026-01-09,SETTLED
SETTLE_001945,CHECKOUT_COM,MERCH_0033,EUR,78.49,1.51,76.98,1,2026-03-03,SETTLED
SETTLE_001946,CHECKOUT_COM,MERCH_0056,CAD,2328.50,56.10,2272.40,2,2026-01-19,SETTLED
SETTLE_001947,PAYPAL,MERCH_0018,INR,2499.00,31.99,2467.01,1,2026-03-08,SETTLED
SETTLE_001948,STRIPE,MERCH_0056,USD,55.95,1.09,54.86,1,2026-02-01,SETTLED
SETTLE_001949,CHECKOUT_COM,MERCH_0086,USD,1904.80,44.01,1860.79,1,2026-03-01,SETTLED
SETTLE_001950,STRIPE,MERCH_0006,EUR,51.00,1.22,49.78,1,2026-01-06,SETTLED
SETTLE_001952,CHECKOUT_COM,MERCH_0050,CAD,601.49,14.66,586.83,1,2026-02-25,SETTLED
SETTLE_001953,ADYEN,MERCH_0054,EUR,471.00,6.70,464.30,1,2026-01-06,SETTLED
SETTLE_001954,CHECKOUT_COM,MERCH_0049,CAD,34.00,1.04,32.96,1,2026-01-19,SETTLED
SETTLE_001955,STRIPE,MERCH_0087,EUR,441.75,2.41,439.34,1,2026-02-14,SETTLED
SETTLE_001956,STRIPE,MERCH_0094,INR,2499.00,52.98,2446.02,1,2026-02-23,SETTLED
SETTLE_001957,ADYEN,MERCH_0083,USD,162.75,3.54,159.21,1,2026-02-04,SETTLED
SETTLE_001958,ADYEN,MERCH_0049,GBP,58.80,0.98,57.82,1,2026-02-21,SETTLED
SETTLE_001959,ADYEN,MERCH_0046,EUR,293.99,4.23,289.76,1,2026-01-06,SETTLED
SETTLE_001960,PAYPAL,MERCH_0081,USD,19.50,1.17,18.33,1,2026-01-22,SETTLED
SETTLE_001961,CHECKOUT_COM,MERCH_0098,EUR,328.80,5.77,323.03,1,2026-01-25,SETTLED
SETTLE_001962,STRIPE,MERCH_0089,EUR,191.50,3.89,187.61,1,2026-02-18,SETTLED
SETTLE_001963,PAYPAL,MERCH_0014,INR,799.00,11.59,787.41,1,2026-01-27,SETTLED
SETTLE_001964,ADYEN,MERCH_0085,INR,118.00,2.60,115.40,1,2026-02-04,SETTLED
SETTLE_001965,CHECKOUT_COM,MERCH_0081,CAD,63.80,1.75,62.05,1,2026-01-25,SETTLED
SETTLE_001966,PAYPAL,MERCH_0032,INR,349.00,6.19,342.81,1,2026-01-23,SETTLED
SETTLE_001967,STRIPE,MERCH_0079,INR,3999.00,82.98,3916.02,1,2026-03-03,SETTLED
SETTLE_001968,ADYEN,MERCH_0041,EUR,589.50,2.21,587.29,1,2026-02-11,SETTLED
SETTLE_001969,STRIPE,MERCH_0021,EUR,494.80,2.67,492.13,1,2026-02-04,SETTLED
SETTLE_001970,ADYEN,MERCH_0017,USD,74.00,1.67,72.33,1,2026-03-30,SETTLED
SETTLE_001971,PAYPAL,MERCH_0011,USD,185.00,6.95,178.05,1,2026-02-21,SETTLED
SETTLE_001972,ADYEN,MERCH_0044,EUR,29.25,0.25,29.00,1,2026-02-11,SETTLED
SETTLE_001973,STRIPE,MERCH_0068,INR,15000.00,0.00,15000.00,1,2026-01-30,SETTLED
SETTLE_001974,STRIPE,MERCH_0054,CAD,56.80,0.48,56.32,1,2026-02-03,SETTLED
SETTLE_001975,STRIPE,MERCH_0002,INR,1499.00,0.00,1499.00,1,2026-01-17,SETTLED
SETTLE_001976,CHECKOUT_COM,MERCH_0032,USD,20.49,0.67,19.82,1,2026-01-25,SETTLED
SETTLE_001977,PAYPAL,MERCH_0090,INR,15000.00,182.00,14818.00,1,2026-02-08,SETTLED
SETTLE_001978,STRIPE,MERCH_0001,USD,175.95,5.40,170.55,1,2026-01-10,SETTLED
SETTLE_001979,ADYEN,MERCH_0075,USD,3422.25,41.17,3381.08,1,2026-03-14,SETTLED
SETTLE_001980,STRIPE,MERCH_0071,USD,25.00,0.45,24.55,1,2026-01-30,SETTLED
SETTLE_001982,PAYPAL,MERCH_0041,USD,72.00,3.00,69.00,1,2026-02-14,SETTLED
SETTLE_001983,STRIPE,MERCH_0096,USD,384.25,6.01,378.24,1,2026-03-20,SETTLED
SETTLE_001984,STRIPE,MERCH_0009,EUR,443.95,8.69,435.26,1,2026-01-21,SETTLED
SETTLE_001985,ADYEN,MERCH_0098,USD,136.80,1.74,135.06,1,2026-02-15,SETTLED
SETTLE_001986,PAYPAL,MERCH_0058,EUR,44.80,1.82,42.98,1,2026-01-27,SETTLED
SETTLE_001988,CHECKOUT_COM,MERCH_0022,USD,23.99,0.75,23.24,1,2026-03-17,SETTLED
SETTLE_001989,PAYPAL,MERCH_0051,INR,499.00,7.99,491.01,1,2026-01-10,SETTLED
SETTLE_001990,ADYEN,MERCH_0053,USD,64.75,0.88,63.87,1,2026-01-18,SETTLED
SETTLE_001991,PAYPAL,MERCH_0067,EUR,2201.95,70.85,2131.10,1,2026-02-16,SETTLED
SETTLE_001992,STRIPE,MERCH_0066,USD,46.80,0.62,46.18,1,2026-02-21,SETTLED
SETTLE_001993,STRIPE,MERCH_0060,USD,308.80,2.72,306.08,1,2026-03-16,SETTLED
SETTLE_001994,STRIPE,MERCH_0005,EUR,953.49,18.37,935.12,1,2026-02-22,SETTLED
SETTLE_001995,STRIPE,MERCH_0036,USD,26.95,0.47,26.48,1,2026-01-18,SETTLED
SETTLE_001996,STRIPE,MERCH_0036,INR,15000.00,303.00,14697.00,1,2026-01-24,SETTLED
SETTLE_001997,CHECKOUT_COM,MERCH_0030,EUR,320.00,5.62,314.38,1,2026-01-12,SETTLED
SETTLE_001998,STRIPE,MERCH_0050,CAD,570.25,16.84,553.41,1,2026-02-05,SETTLED
SETTLE_001999,ADYEN,MERCH_0028,USD,239.25,5.14,234.11,1,2026-03-27,SETTLED
SETTLE_002000,CHECKOUT_COM,MERCH_0072,CAD,3359.25,80.84,3278.41,1,2026-03-25,SETTLED
SETTLE_002001,STRIPE,MERCH_0071,USD,328.95,2.88,326.07,1,2026-03-07,SETTLED
SETTLE_002002,ADYEN,MERCH_0050,GBP,27.00,0.51,26.49,1,2026-01-05,SETTLED
SETTLE_002003,STRIPE,MERCH_0016,EUR,39.99,0.40,39.59,1,2026-02-09,SETTLED
SETTLE_002005,STRIPE,MERCH_0063,INR,1499.00,32.98,1466.02,1,2026-03-25,SETTLED
SETTLE_002006,ADYEN,MERCH_0051,EUR,22.99,0.43,22.56,1,2026-01-16,SETTLED
SETTLE_002007,STRIPE,MERCH_0001,USD,137.49,1.35,136.14,1,2026-03-08,SETTLED
SETTLE_002008,STRIPE,MERCH_0010,CAD,620.45,18.29,602.16,1,2026-02-15,SETTLED
SETTLE_002009,ADYEN,MERCH_0084,USD,133.25,2.92,130.33,1,2026-02-22,SETTLED
SETTLE_002010,STRIPE,MERCH_0017,INR,48.49,1.71,46.78,1,2026-03-08,SETTLED
SETTLE_002012,STRIPE,MERCH_0003,USD,205.25,1.89,203.36,1,2026-01-23,SETTLED
SETTLE_002013,STRIPE,MERCH_0025,EUR,514.25,10.02,504.23,1,2026-01-27,SETTLED
SETTLE_002014,STRIPE,MERCH_0060,USD,23.75,0.99,22.76,1,2026-01-28,SETTLED
SETTLE_002015,PAYPAL,MERCH_0018,GBP,285.25,8.57,276.68,1,2026-01-16,SETTLED
SETTLE_002016,STRIPE,MERCH_0078,GBP,68.50,1.50,67.00,1,2026-02-02,SETTLED
SETTLE_002017,PAYPAL,MERCH_0098,GBP,636.25,18.75,617.50,1,2026-03-21,SETTLED
SETTLE_002018,ADYEN,MERCH_0029,GBP,18.95,0.38,18.57,1,2026-01-06,SETTLED
SETTLE_002019,PAYPAL,MERCH_0041,INR,15000.00,182.00,14818.00,1,2026-02-28,SETTLED
SETTLE_002020,ADYEN,MERCH_0079,EUR,97.49,1.47,96.02,1,2026-01-19,SETTLED
SETTLE_002021,STRIPE,MERCH_0022,GBP,17.25,0.53,16.72,1,2026-02-11,SETTLED
SETTLE_002022,STRIPE,MERCH_0010,USD,433.50,12.87,420.63,1,2026-03-20,SETTLED
SETTLE_002023,CHECKOUT_COM,MERCH_0099,EUR,448.75,10.52,438.23,1,2026-03-13,SETTLED
SETTLE_002024,PAYPAL,MERCH_0033,INR,499.00,7.99,491.01,1,2026-01-28,SETTLED
SETTLE_002025,CHECKOUT_COM,MERCH_0002,CAD,60.25,1.67,58.58,1,2026-03-12,SETTLED
SETTLE_002026,ADYEN,MERCH_0021,USD,18.50,0.51,17.99,1,2026-02-25,SETTLED
SETTLE_002027,CHECKOUT_COM,MERCH_0032,CAD,251.50,6.26,245.24,1,2026-03-15,SETTLED
SETTLE_002028,STRIPE,MERCH_0029,EUR,3448.00,65.76,3382.24,1,2026-03-20,SETTLED
SETTLE_002029,ADYEN,MERCH_0082,GBP,378.99,5.78,373.21,1,2026-01-24,SETTLED
SETTLE_002030,PAYPAL,MERCH_0018,EUR,644.80,21.02,623.78,1,2026-01-08,SETTLED
SETTLE_002031,PAYPAL,MERCH_0056,EUR,295.25,9.84,285.41,1,2026-02-18,SETTLED
SETTLE_002032,PAYPAL,MERCH_0046,INR,299.00,5.59,293.41,1,2026-01-11,SETTLED
SETTLE_002033,STRIPE,MERCH_0089,INR,799.00,0.00,799.00,1,2026-03-17,SETTLED
SETTLE_002034,STRIPE,MERCH_0054,EUR,19.50,0.30,19.20,1,2026-02-15,SETTLED
SETTLE_002035,STRIPE,MERCH_0091,INR,15000.00,0.00,15000.00,1,2026-03-08,SETTLED
SETTLE_002036,CHECKOUT_COM,MERCH_0056,GBP,1109.00,20.11,1088.89,1,2026-01-16,SETTLED
SETTLE_002037,PAYPAL,MERCH_0072,INR,299.00,5.59,293.41,1,2026-03-13,SETTLED
SETTLE_002038,STRIPE,MERCH_0048,INR,299.00,8.00,291.00,1,2026-03-31,SETTLED
SETTLE_002039,CHECKOUT_COM,MERCH_0001,GBP,57.95,1.19,56.76,1,2026-03-09,SETTLED
SETTLE_002040,PAYPAL,MERCH_0053,USD,270.25,9.92,260.33,1,2026-01-16,SETTLED
SETTLE_002041,STRIPE,MERCH_0046,USD,506.25,14.98,491.27,1,2026-02-02,SETTLED
SETTLE_002042,STRIPE,MERCH_0048,INR,799.00,18.98,780.02,1,2026-03-11,SETTLED
SETTLE_002043,ADYEN,MERCH_0059,USD,49.75,1.16,48.59,1,2026-03-05,SETTLED
SETTLE_002044,PAYPAL,MERCH_0023,INR,9999.00,121.99,9877.01,1,2026-03-15,SETTLED
SETTLE_002045,ADYEN,MERCH_0043,USD,526.99,6.42,520.57,1,2026-03-22,SETTLED
SETTLE_002046,STRIPE,MERCH_0069,USD,71.75,1.33,70.42,1,2026-02-10,SETTLED
SETTLE_002048,PAYPAL,MERCH_0040,EUR,57.75,2.24,55.51,1,2026-01-19,SETTLED
SETTLE_002049,ADYEN,MERCH_0095,GBP,63.80,1.06,62.74,1,2026-02-26,SETTLED
SETTLE_002050,CHECKOUT_COM,MERCH_0058,GBP,54.75,1.14,53.61,1,2026-03-20,SETTLED
SETTLE_002051,PAYPAL,MERCH_0033,INR,499.00,7.99,491.01,1,2026-03-17,SETTLED
SETTLE_002052,STRIPE,MERCH_0068,USD,3351.49,50.52,3300.97,1,2026-02-16,SETTLED
SETTLE_002053,ADYEN,MERCH_0091,EUR,80.00,0.43,79.57,1,2026-03-01,SETTLED
SETTLE_002054,PAYPAL,MERCH_0086,USD,78.75,3.24,75.51,1,2026-03-05,SETTLED
SETTLE_002055,PAYPAL,MERCH_0074,GBP,210.80,6.41,204.39,1,2026-03-16,SETTLED
SETTLE_002056,PAYPAL,MERCH_0029,INR,4999.00,61.99,4937.01,1,2026-02-21,SETTLED
SETTLE_002057,PAYPAL,MERCH_0094,EUR,188.25,6.41,181.84,1,2026-03-26,SETTLED
SETTLE_002058,PAYPAL,MERCH_0090,USD,562.00,20.10,541.90,1,2026-01-07,SETTLED
SETTLE_002059,PAYPAL,MERCH_0041,GBP,1919.95,55.98,1863.97,1,2026-03-09,SETTLED
SETTLE_002060,ADYEN,MERCH_0075,GBP,58.50,0.98,57.52,1,2026-03-15,SETTLED
SETTLE_002061,ADYEN,MERCH_0073,EUR,1712.00,6.14,1705.86,1,2026-03-10,SETTLED
SETTLE_002062,STRIPE,MERCH_0081,USD,520.80,8.06,512.74,1,2026-03-15,SETTLED
SETTLE_002063,PAYPAL,MERCH_0097,INR,1999.00,25.99,1973.01,1,2026-04-01,SETTLED
SETTLE_002064,STRIPE,MERCH_0062,CAD,581.95,17.18,564.77,1,2026-02-01,SETTLED
SETTLE_002065,ADYEN,MERCH_0088,EUR,3461.49,12.27,3449.22,1,2026-02-16,SETTLED
SETTLE_002066,STRIPE,MERCH_0063,CAD,233.25,7.06,226.19,1,2026-02-23,SETTLED
SETTLE_002067,PAYPAL,MERCH_0031,USD,57.99,2.51,55.48,1,2026-02-11,SETTLED
SETTLE_002068,PAYPAL,MERCH_0098,INR,1999.00,25.99,1973.01,1,2026-03-23,SETTLED
SETTLE_002069,CHECKOUT_COM,MERCH_0016,USD,21.50,0.69,20.81,1,2026-03-03,SETTLED
SETTLE_002070,ADYEN,MERCH_0063,GBP,3047.99,45.82,3002.17,1,2026-01-30,SETTLED
SETTLE_002071,STRIPE,MERCH_0089,EUR,29.00,0.34,28.66,1,2026-01-06,SETTLED
SETTLE_002072,STRIPE,MERCH_0034,INR,2499.00,0.00,2499.00,1,2026-02-26,SETTLED
SETTLE_002073,PAYPAL,MERCH_0085,GBP,95.50,3.07,92.43,1,2026-01-11,SETTLED
SETTLE_002074,STRIPE,MERCH_0014,EUR,208.75,1.24,207.51,1,2026-01-18,SETTLED
SETTLE_002075,ADYEN,MERCH_0032,EUR,58.99,0.94,58.05,1,2026-01-27,SETTLED
SETTLE_002076,CHECKOUT_COM,MERCH_0055,EUR,400.80,6.99,393.81,1,2026-02-19,SETTLED
SETTLE_002077,PAYPAL,MERCH_0025,EUR,67.00,7.53,59.47,1,2026-03-13,SETTLED
SETTLE_002078,PAYPAL,MERCH_0093,USD,38.00,1.82,36.18,1,2026-02-12,SETTLED
SETTLE_002079,PAYPAL,MERCH_0014,EUR,554.00,18.12,535.88,1,2026-03-18,SETTLED
SETTLE_002080,PAYPAL,MERCH_0005,USD,19.75,1.18,18.57,1,2026-01-22,SETTLED
SETTLE_002081,STRIPE,MERCH_0049,USD,317.75,10.79,306.96,1,2026-03-14,SETTLED
SETTLE_002082,STRIPE,MERCH_0084,EUR,1569.00,30.06,1538.94,1,2026-01-16,SETTLED
SETTLE_002083,CHECKOUT_COM,MERCH_0006,GBP,2743.50,49.53,2693.97,1,2026-03-30,SETTLED
SETTLE_002084,ADYEN,MERCH_0059,USD,635.99,13.48,622.51,1,2026-02-01,SETTLED
SETTLE_002085,STRIPE,MERCH_0008,EUR,611.50,3.26,608.24,1,2026-01-21,SETTLED
SETTLE_002086,STRIPE,MERCH_0054,USD,68.95,1.28,67.67,1,2026-02-25,SETTLED
SETTLE_002087,STRIPE,MERCH_0035,USD,100.25,3.21,97.04,1,2026-02-10,SETTLED
SETTLE_002088,CHECKOUT_COM,MERCH_0044,USD,557.75,13.03,544.72,1,2026-02-06,SETTLED
SETTLE_002089,STRIPE,MERCH_0034,USD,571.95,16.89,555.06,1,2026-02-14,SETTLED
SETTLE_002090,PAYPAL,MERCH_0019,EUR,1278.80,41.31,1237.49,1,2026-02-19,SETTLED
SETTLE_002091,STRIPE,MERCH_0077,EUR,153.25,0.97,152.28,1,2026-02-21,SETTLED
SETTLE_002092,ADYEN,MERCH_0057,USD,956.75,11.58,945.17,1,2026-01-02,SETTLED
SETTLE_002093,CHECKOUT_COM,MERCH_0094,CAD,157.00,3.99,153.01,1,2026-02-24,SETTLED
SETTLE_002094,STRIPE,MERCH_0074,USD,617.50,5.19,612.31,1,2026-03-05,SETTLED
SETTLE_002095,ADYEN,MERCH_0088,EUR,66.95,1.05,65.90,1,2026-01-25,SETTLED
SETTLE_002097,STRIPE,MERCH_0063,GBP,186.00,3.73,182.27,1,2026-02-06,SETTLED
SETTLE_002098,CHECKOUT_COM,MERCH_0029,GBP,469.99,8.61,461.38,1,2026-02-12,SETTLED
SETTLE_002099,STRIPE,MERCH_0042,USD,75.00,1.38,73.62,1,2026-01-11,SETTLED
SETTLE_002100,STRIPE,MERCH_0047,GBP,34.00,0.85,33.15,1,2026-03-13,SETTLED
SETTLE_002101,PAYPAL,MERCH_0088,INR,349.00,6.19,342.81,1,2026-03-11,SETTLED
SETTLE_002102,PAYPAL,MERCH_0035,GBP,513.99,15.21,498.78,1,2026-03-08,SETTLED
SETTLE_002103,STRIPE,MERCH_0098,EUR,345.25,1.93,343.32,1,2026-02-04,SETTLED
SETTLE_002104,ADYEN,MERCH_0052,EUR,121.75,1.81,119.94,1,2026-01-13,SETTLED
SETTLE_002105,PAYPAL,MERCH_0031,EUR,2386.75,76.77,2309.98,1,2026-03-19,SETTLED
SETTLE_002106,PAYPAL,MERCH_0069,INR,299.00,5.59,293.41,1,2026-03-15,SETTLED
SETTLE_002107,PAYPAL,MERCH_0059,INR,1999.00,25.99,1973.01,1,2026-03-01,SETTLED
SETTLE_002108,PAYPAL,MERCH_0036,EUR,297.00,9.89,287.11,1,2026-02-28,SETTLED
SETTLE_002109,ADYEN,MERCH_0037,EUR,57.80,0.92,56.88,1,2026-03-08,SETTLED
SETTLE_002110,ADYEN,MERCH_0027,EUR,71.75,1.11,70.64,1,2026-01-27,SETTLED
SETTLE_002111,CHECKOUT_COM,MERCH_0089,CAD,153.99,3.92,150.07,1,2026-03-31,SETTLED
SETTLE_002112,STRIPE,MERCH_0077,GBP,67.49,1.48,66.01,1,2026-03-22,SETTLED
SETTLE_002113,STRIPE,MERCH_0093,INR,299.00,0.00,299.00,1,2026-03-06,SETTLED
SETTLE_002114,STRIPE,MERCH_0079,EUR,57.00,0.49,56.51,1,2026-03-07,SETTLED
SETTLE_002115,PAYPAL,MERCH_0071,EUR,1805.50,58.17,1747.33,1,2026-03-13,SETTLED
SETTLE_002116,STRIPE,MERCH_0058,USD,46.95,1.66,45.29,2,2026-02-08,SETTLED
SETTLE_002117,ADYEN,MERCH_0024,GBP,592.49,8.99,583.50,1,2026-01-27,SETTLED
SETTLE_002118,CHECKOUT_COM,MERCH_0080,USD,596.25,13.91,582.34,1,2026-02-12,SETTLED
SETTLE_002119,ADYEN,MERCH_0060,USD,48.95,1.15,47.80,1,2026-02-03,SETTLED
SETTLE_002121,PAYPAL,MERCH_0090,INR,10099.00,123.19,9975.81,1,2026-02-03,SETTLED
SETTLE_002122,STRIPE,MERCH_0015,INR,1499.00,0.00,1499.00,1,2026-03-24,SETTLED
SETTLE_002123,ADYEN,MERCH_0016,GBP,31.25,2.07,29.18,1,2026-02-06,SETTLED
SETTLE_002124,STRIPE,MERCH_0043,USD,1069.99,31.33,1038.66,1,2026-02-21,SETTLED
SETTLE_002125,STRIPE,MERCH_0039,USD,261.75,12.18,249.57,1,2026-01-26,SETTLED
SETTLE_002127,CHECKOUT_COM,MERCH_0017,GBP,271.00,5.03,265.97,1,2026-01-22,SETTLED
SETTLE_002128,PAYPAL,MERCH_0041,EUR,466.99,15.33,451.66,1,2026-02-04,SETTLED
SETTLE_002129,CHECKOUT_COM,MERCH_0022,CAD,24.50,0.81,23.69,1,2026-03-09,SETTLED
SETTLE_002130,ADYEN,MERCH_0075,USD,54.95,0.76,54.19,1,2026-03-31,SETTLED
SETTLE_002131,STRIPE,MERCH_0058,EUR,43.00,0.42,42.58,1,2026-02-03,SETTLED
SETTLE_002132,STRIPE,MERCH_0027,USD,2214.75,64.53,2150.22,1,2026-04-01,SETTLED
SETTLE_002133,PAYPAL,MERCH_0055,INR,799.00,11.59,787.41,2,2026-03-11,SETTLED
SETTLE_002134,CHECKOUT_COM,MERCH_0020,EUR,356.80,6.25,350.55,1,2026-02-20,SETTLED
SETTLE_002135,STRIPE,MERCH_0086,INR,15000.00,303.00,14697.00,1,2026-01-24,SETTLED
SETTLE_002136,STRIPE,MERCH_0044,CAD,2506.50,72.99,2433.51,1,2026-01-19,SETTLED
SETTLE_002137,CHECKOUT_COM,MERCH_0043,CAD,562.99,13.73,549.26,1,2026-02-04,SETTLED
SETTLE_002138,CHECKOUT_COM,MERCH_0022,USD,35.00,1.00,34.00,1,2026-02-04,SETTLED
SETTLE_002139,ADYEN,MERCH_0044,GBP,2493.75,37.51,2456.24,1,2026-03-31,SETTLED
SETTLE_002140,CHECKOUT_COM,MERCH_0014,GBP,68.49,1.38,67.11,1,2026-02-17,SETTLED
SETTLE_002141,CHECKOUT_COM,MERCH_0083,CAD,432.25,10.59,421.66,1,2026-01-24,SETTLED
SETTLE_002142,STRIPE,MERCH_0096,INR,799.00,18.98,780.02,1,2026-02-19,SETTLED
SETTLE_002143,ADYEN,MERCH_0070,EUR,2443.80,34.32,2409.48,1,2026-02-03,SETTLED
SETTLE_002144,STRIPE,MERCH_0075,INR,2499.00,0.00,2499.00,1,2026-03-09,SETTLED
SETTLE_002145,STRIPE,MERCH_0027,EUR,46.00,0.43,45.57,1,2026-01-10,SETTLED
SETTLE_002146,CHECKOUT_COM,MERCH_0012,GBP,84.75,1.68,83.07,1,2026-01-16,SETTLED
SETTLE_002147,ADYEN,MERCH_0070,EUR,50.75,0.82,49.93,1,2026-01-13,SETTLED
SETTLE_002148,PAYPAL,MERCH_0003,GBP,604.80,17.84,586.96,1,2026-03-05,SETTLED
SETTLE_002149,PAYPAL,MERCH_0078,EUR,383.99,12.68,371.31,1,2026-03-07,SETTLED
SETTLE_002150,ADYEN,MERCH_0048,USD,1634.99,19.72,1615.27,1,2026-03-29,SETTLED
SETTLE_002151,ADYEN,MERCH_0015,EUR,2941.95,41.30,2900.65,1,2026-02-21,SETTLED
SETTLE_002152,STRIPE,MERCH_0095,USD,2820.80,42.56,2778.24,1,2026-01-16,SETTLED
SETTLE_002153,STRIPE,MERCH_0041,USD,62.50,0.75,61.75,1,2026-03-28,SETTLED
SETTLE_002154,PAYPAL,MERCH_0008,INR,3999.00,49.99,3949.01,1,2026-01-06,SETTLED
SETTLE_002155,CHECKOUT_COM,MERCH_0026,GBP,22.50,0.56,21.94,1,2026-02-21,SETTLED
SETTLE_002156,STRIPE,MERCH_0093,GBP,1821.95,34.82,1787.13,1,2026-03-19,SETTLED
SETTLE_002157,STRIPE,MERCH_0030,USD,26.95,1.08,25.87,1,2026-03-05,SETTLED
SETTLE_002158,PAYPAL,MERCH_0074,USD,370.00,13.40,356.60,1,2026-02-27,SETTLED
SETTLE_002159,STRIPE,MERCH_0084,EUR,16.99,0.28,16.71,1,2026-03-31,SETTLED
SETTLE_002160,CHECKOUT_COM,MERCH_0039,CAD,272.99,6.77,266.22,1,2026-01-27,SETTLED
SETTLE_002161,ADYEN,MERCH_0060,GBP,45.49,0.78,44.71,1,2026-02-24,SETTLED
SETTLE_002162,STRIPE,MERCH_0004,USD,310.75,2.74,308.01,1,2026-03-03,SETTLED
SETTLE_002163,CHECKOUT_COM,MERCH_0005,CAD,621.00,15.12,605.88,1,2026-03-03,SETTLED
SETTLE_002164,PAYPAL,MERCH_0025,USD,117.49,4.59,112.90,1,2026-03-23,SETTLED
SETTLE_002165,STRIPE,MERCH_0051,CAD,236.49,7.16,229.33,1,2026-03-13,SETTLED
SETTLE_002166,CHECKOUT_COM,MERCH_0039,EUR,42.49,0.90,41.59,1,2026-03-31,SETTLED
SETTLE_002167,STRIPE,MERCH_0038,USD,41.49,1.50,39.99,1,2026-02-02,SETTLED
SETTLE_002168,STRIPE,MERCH_0076,USD,75.80,2.50,73.30,1,2026-02-13,SETTLED
SETTLE_002169,PAYPAL,MERCH_0045,GBP,24.80,1.02,23.78,1,2026-02-06,SETTLED
SETTLE_002170,CHECKOUT_COM,MERCH_0085,CAD,22.49,0.76,21.73,1,2026-03-05,SETTLED
SETTLE_002171,CHECKOUT_COM,MERCH_0008,USD,50.00,1.35,48.65,1,2026-02-10,SETTLED
SETTLE_002172,STRIPE,MERCH_0078,EUR,74.75,0.57,74.18,1,2026-03-26,SETTLED
SETTLE_002173,STRIPE,MERCH_0004,USD,511.95,4.35,507.60,1,2026-02-19,SETTLED
SETTLE_002174,CHECKOUT_COM,MERCH_0004,GBP,39.80,0.87,38.93,1,2026-02-04,SETTLED
SETTLE_002175,PAYPAL,MERCH_0077,USD,56.80,2.47,54.33,1,2026-03-24,SETTLED
SETTLE_002176,ADYEN,MERCH_0044,USD,29.49,0.45,29.04,1,2026-02-05,SETTLED
SETTLE_002177,STRIPE,MERCH_0067,INR,3999.00,82.98,3916.02,1,2026-03-18,SETTLED
SETTLE_002178,STRIPE,MERCH_0073,INR,299.00,8.98,290.02,1,2026-01-16,SETTLED
SETTLE_002179,ADYEN,MERCH_0047,GBP,1771.25,26.67,1744.58,1,2026-02-01,SETTLED
SETTLE_002180,STRIPE,MERCH_0051,INR,44.50,0.61,43.89,1,2026-02-19,SETTLED
SETTLE_002181,STRIPE,MERCH_0052,INR,4999.00,0.00,4999.00,1,2026-01-14,SETTLED
SETTLE_002182,CHECKOUT_COM,MERCH_0033,USD,400.50,9.41,391.09,1,2026-02-07,SETTLED
SETTLE_002183,STRIPE,MERCH_0054,EUR,18.49,0.60,17.89,1,2026-02-08,SETTLED
SETTLE_002184,ADYEN,MERCH_0052,USD,49.99,0.70,49.29,1,2026-03-19,SETTLED
SETTLE_002185,STRIPE,MERCH_0032,INR,3999.00,0.00,3999.00,1,2026-02-20,SETTLED
SETTLE_002186,PAYPAL,MERCH_0087,INR,1499.00,19.99,1479.01,1,2026-03-04,SETTLED
SETTLE_002187,STRIPE,MERCH_0004,USD,67.49,2.26,65.23,1,2026-01-24,SETTLED
SETTLE_002188,PAYPAL,MERCH_0067,USD,3464.80,121.41,3343.39,1,2026-03-20,SETTLED
SETTLE_002189,ADYEN,MERCH_0068,EUR,1981.00,27.84,1953.16,2,2026-02-23,SETTLED
SETTLE_002190,PAYPAL,MERCH_0034,EUR,450.49,14.81,435.68,1,2026-03-19,SETTLED
SETTLE_002191,STRIPE,MERCH_0089,USD,47.75,1.68,46.07,1,2026-03-26,SETTLED
SETTLE_002192,CHECKOUT_COM,MERCH_0002,EUR,424.99,7.40,417.59,1,2026-01-19,SETTLED
SETTLE_002193,PAYPAL,MERCH_0037,USD,25.99,1.40,24.59,1,2026-02-12,SETTLED
SETTLE_002194,STRIPE,MERCH_0017,GBP,1110.00,21.29,1088.71,1,2026-02-04,SETTLED
SETTLE_002195,PAYPAL,MERCH_0035,USD,407.95,14.73,393.22,1,2026-02-16,SETTLED
SETTLE_002196,STRIPE,MERCH_0092,INR,2499.00,52.98,2446.02,1,2026-02-24,SETTLED
SETTLE_002197,STRIPE,MERCH_0088,USD,28.80,0.48,28.32,1,2026-01-07,SETTLED
SETTLE_002200,CHECKOUT_COM,MERCH_0087,EUR,3347.99,57.10,3290.89,1,2026-03-21,SETTLED
SETTLE_002201,CHECKOUT_COM,MERCH_0049,USD,25.80,0.79,25.01,1,2026-03-05,SETTLED
SETTLE_002202,CHECKOUT_COM,MERCH_0060,CAD,15.95,0.60,15.35,1,2026-03-08,SETTLED
SETTLE_002203,ADYEN,MERCH_0016,EUR,25.95,0.24,25.71,1,2026-01-31,SETTLED
SETTLE_002204,ADYEN,MERCH_0098,EUR,53.95,0.87,53.08,1,2026-02-15,SETTLED
SETTLE_002205,CHECKOUT_COM,MERCH_0091,EUR,2942.80,50.21,2892.59,1,2026-01-25,SETTLED
SETTLE_002206,STRIPE,MERCH_0072,EUR,37.50,0.96,36.54,1,2026-03-29,SETTLED
SETTLE_002207,STRIPE,MERCH_0071,GBP,142.25,2.90,139.35,1,2026-03-16,SETTLED
SETTLE_002208,ADYEN,MERCH_0019,EUR,301.75,4.33,297.42,1,2026-02-13,SETTLED
SETTLE_002209,PAYPAL,MERCH_0053,INR,499.00,7.99,491.01,1,2026-02-10,SETTLED
SETTLE_002210,STRIPE,MERCH_0002,USD,46.80,1.66,45.14,1,2026-03-25,SETTLED
SETTLE_002211,ADYEN,MERCH_0066,GBP,78.75,1.28,77.47,1,2026-04-01,SETTLED
SETTLE_002212,PAYPAL,MERCH_0035,EUR,526.50,17.24,509.26,1,2026-01-28,SETTLED
SETTLE_002213,ADYEN,MERCH_0088,GBP,75.99,1.24,74.75,1,2026-03-03,SETTLED
SETTLE_002214,ADYEN,MERCH_0055,EUR,155.95,2.29,153.66,1,2026-02-09,SETTLED
SETTLE_002215,STRIPE,MERCH_0074,USD,31.75,0.73,31.02,1,2026-01-02,SETTLED
SETTLE_002216,STRIPE,MERCH_0051,CAD,479.50,14.21,465.29,2,2026-01-07,SETTLED
SETTLE_002217,STRIPE,MERCH_0031,USD,345.80,5.44,340.36,1,2026-03-02,SETTLED
SETTLE_002218,ADYEN,MERCH_0012,USD,359.50,4.41,355.09,1,2026-02-21,SETTLED
SETTLE_002219,CHECKOUT_COM,MERCH_0017,GBP,106.75,2.07,104.68,1,2026-03-12,SETTLED
SETTLE_002220,ADYEN,MERCH_0025,GBP,48.75,0.83,47.92,1,2026-02-19,SETTLED
SETTLE_002221,CHECKOUT_COM,MERCH_0099,USD,1548.50,35.82,1512.68,1,2026-01-24,SETTLED
SETTLE_002222,STRIPE,MERCH_0027,INR,3999.00,82.98,3916.02,1,2026-01-05,SETTLED
SETTLE_002223,STRIPE,MERCH_0084,USD,92.75,1.64,91.11,1,2026-01-26,SETTLED
SETTLE_002224,CHECKOUT_COM,MERCH_0016,CAD,456.75,11.18,445.57,1,2026-03-29,SETTLED
SETTLE_002225,CHECKOUT_COM,MERCH_0083,GBP,43.00,0.92,42.08,1,2026-03-29,SETTLED
SETTLE_002226,PAYPAL,MERCH_0062,INR,4999.00,61.99,4937.01,2,2026-02-26,SETTLED
SETTLE_002227,STRIPE,MERCH_0040,EUR,43.49,0.42,43.07,1,2026-03-14,SETTLED
SETTLE_002228,STRIPE,MERCH_0004,EUR,69.80,0.55,69.25,1,2026-01-22,SETTLED
SETTLE_002229,CHECKOUT_COM,MERCH_0093,GBP,119.75,2.31,117.44,2,2026-02-22,SETTLED
SETTLE_002230,ADYEN,MERCH_0087,EUR,27.00,0.49,26.51,1,2026-01-10,SETTLED
SETTLE_002231,PAYPAL,MERCH_0047,INR,799.00,11.59,787.41,1,2026-03-09,SETTLED
SETTLE_002232,PAYPAL,MERCH_0082,GBP,53.80,1.86,51.94,1,2026-02-10,SETTLED
SETTLE_002233,PAYPAL,MERCH_0032,USD,172.99,6.53,166.46,2,2026-02-25,SETTLED
SETTLE_002234,STRIPE,MERCH_0019,GBP,60.50,1.35,59.15,1,2026-02-08,SETTLED
SETTLE_002235,ADYEN,MERCH_0027,GBP,344.75,5.27,339.48,1,2026-03-09,SETTLED
SETTLE_002236,ADYEN,MERCH_0042,EUR,532.25,7.56,524.69,1,2026-02-11,SETTLED
SETTLE_002237,STRIPE,MERCH_0005,USD,559.00,4.72,554.28,1,2026-01-16,SETTLED
SETTLE_002238,ADYEN,MERCH_0096,EUR,38.80,0.29,38.51,1,2026-02-05,SETTLED
SETTLE_002239,PAYPAL,MERCH_0035,EUR,481.49,15.80,465.69,1,2026-01-23,SETTLED
SETTLE_002240,CHECKOUT_COM,MERCH_0078,GBP,17.25,0.46,16.79,1,2026-01-31,SETTLED
SETTLE_002241,CHECKOUT_COM,MERCH_0039,GBP,607.75,11.09,596.66,1,2026-03-18,SETTLED
SETTLE_002242,PAYPAL,MERCH_0056,EUR,588.00,19.21,568.79,1,2026-03-19,SETTLED
SETTLE_002243,CHECKOUT_COM,MERCH_0002,EUR,509.75,8.85,500.90,1,2026-02-05,SETTLED
SETTLE_002244,CHECKOUT_COM,MERCH_0070,GBP,414.00,7.60,406.40,1,2026-03-17,SETTLED
SETTLE_002245,STRIPE,MERCH_0056,USD,391.75,3.38,388.37,1,2026-04-01,SETTLED
SETTLE_002246,STRIPE,MERCH_0065,INR,1499.00,0.00,1499.00,1,2026-02-14,SETTLED
SETTLE_002247,STRIPE,MERCH_0080,USD,56.25,1.09,55.16,1,2026-02-20,SETTLED
SETTLE_002248,PAYPAL,MERCH_0083,INR,1499.00,19.99,1479.01,1,2026-03-23,SETTLED
SETTLE_002249,STRIPE,MERCH_0039,INR,9999.00,0.00,9999.00,1,2026-02-06,SETTLED
SETTLE_002250,STRIPE,MERCH_0050,INR,499.00,12.98,486.02,1,2026-03-23,SETTLED
SETTLE_002251,ADYEN,MERCH_0040,USD,387.25,8.25,379.00,1,2026-03-03,SETTLED
SETTLE_002252,CHECKOUT_COM,MERCH_0034,USD,206.25,4.94,201.31,1,2026-01-29,SETTLED
SETTLE_002253,ADYEN,MERCH_0023,USD,1624.00,19.59,1604.41,1,2026-03-22,SETTLED
SETTLE_002254,CHECKOUT_COM,MERCH_0071,CAD,126.49,3.26,123.23,1,2026-03-12,SETTLED
SETTLE_002255,STRIPE,MERCH_0041,INR,999.00,22.98,976.02,1,2026-03-01,SETTLED
SETTLE_002256,STRIPE,MERCH_0001,INR,1999.00,40.98,1958.02,1,2026-03-22,SETTLED
SETTLE_002257,CHECKOUT_COM,MERCH_0062,CAD,18.00,0.65,17.35,1,2026-03-20,SETTLED
SETTLE_002258,ADYEN,MERCH_0013,EUR,26.00,0.47,25.53,1,2026-01-11,SETTLED
SETTLE_002259,ADYEN,MERCH_0052,EUR,27.99,0.50,27.49,1,2026-01-05,SETTLED
SETTLE_002260,CHECKOUT_COM,MERCH_0069,CAD,585.25,14.27,570.98,1,2026-01-10,SETTLED
SETTLE_002261,STRIPE,MERCH_0079,CAD,455.50,13.51,441.99,1,2026-03-01,SETTLED
SETTLE_002262,STRIPE,MERCH_0020,CAD,39.50,1.45,38.05,1,2026-01-23,SETTLED
SETTLE_002263,PAYPAL,MERCH_0073,INR,999.00,13.99,985.01,1,2026-01-06,SETTLED
SETTLE_002264,ADYEN,MERCH_0047,EUR,72.25,1.12,71.13,1,2026-02-25,SETTLED
SETTLE_002265,ADYEN,MERCH_0009,GBP,316.50,4.85,311.65,2,2026-03-31,SETTLED
SETTLE_002266,STRIPE,MERCH_0063,EUR,130.49,2.73,127.76,1,2026-01-18,SETTLED
SETTLE_002267,PAYPAL,MERCH_0086,INR,15000.00,182.00,14818.00,1,2026-03-27,SETTLED
SETTLE_002268,CHECKOUT_COM,MERCH_0075,EUR,34.50,8.77,25.73,1,2026-03-17,SETTLED
SETTLE_002269,PAYPAL,MERCH_0072,EUR,477.49,15.67,461.82,1,2026-03-11,SETTLED
SETTLE_002270,ADYEN,MERCH_0037,EUR,33.50,0.58,32.92,1,2026-01-05,SETTLED
SETTLE_002271,STRIPE,MERCH_0067,INR,4999.00,1.50,4997.50,1,2026-02-10,SETTLED
SETTLE_002272,STRIPE,MERCH_0089,EUR,45.95,1.12,44.83,1,2026-03-31,SETTLED
SETTLE_002273,ADYEN,MERCH_0073,EUR,421.00,1.62,419.38,1,2026-01-05,SETTLED
SETTLE_002274,ADYEN,MERCH_0034,GBP,640.75,9.71,631.04,1,2026-02-10,SETTLED
SETTLE_002275,PAYPAL,MERCH_0011,INR,1499.00,19.99,1479.01,1,2026-01-16,SETTLED
SETTLE_002276,PAYPAL,MERCH_0041,GBP,480.95,14.25,466.70,1,2026-03-08,SETTLED
SETTLE_002277,ADYEN,MERCH_0013,USD,66.80,1.52,65.28,1,2026-03-26,SETTLED
SETTLE_002278,PAYPAL,MERCH_0075,INR,799.00,11.59,787.41,1,2026-01-15,SETTLED
SETTLE_002279,STRIPE,MERCH_0098,EUR,275.25,1.58,273.67,2,2026-02-08,SETTLED
SETTLE_002280,PAYPAL,MERCH_0071,GBP,128.25,4.02,124.23,1,2026-04-01,SETTLED
SETTLE_002281,PAYPAL,MERCH_0096,INR,299.00,5.59,293.41,1,2026-03-23,SETTLED
SETTLE_002282,STRIPE,MERCH_0012,EUR,40.95,0.40,40.55,1,2026-02-02,SETTLED
SETTLE_002284,PAYPAL,MERCH_0044,GBP,1583.99,46.24,1537.75,1,2026-01-03,SETTLED
SETTLE_002285,ADYEN,MERCH_0066,GBP,44.00,0.76,43.24,1,2026-02-07,SETTLED
SETTLE_002286,PAYPAL,MERCH_0093,EUR,3021.49,97.08,2924.41,1,2026-01-02,SETTLED
SETTLE_002287,STRIPE,MERCH_0090,USD,352.80,10.53,342.27,1,2026-01-29,SETTLED
SETTLE_002288,ADYEN,MERCH_0076,USD,179.00,3.88,175.12,1,2026-01-17,SETTLED
SETTLE_002289,PAYPAL,MERCH_0063,INR,4999.00,61.99,4937.01,1,2026-03-27,SETTLED
SETTLE_002290,ADYEN,MERCH_0040,EUR,526.80,7.49,519.31,1,2026-02-10,SETTLED
SETTLE_002291,ADYEN,MERCH_0058,EUR,488.50,6.95,481.55,1,2026-03-18,SETTLED
SETTLE_002292,STRIPE,MERCH_0041,GBP,288.50,5.68,282.82,1,2026-01-31,SETTLED
SETTLE_002293,STRIPE,MERCH_0071,INR,61.75,1.18,60.57,1,2026-02-03,SETTLED
SETTLE_002294,ADYEN,MERCH_0001,EUR,468.80,1.79,467.01,1,2026-02-14,SETTLED
SETTLE_002295,CHECKOUT_COM,MERCH_0039,CAD,31.80,0.98,30.82,1,2026-03-11,SETTLED
SETTLE_002296,ADYEN,MERCH_0092,EUR,32.75,0.57,32.18,1,2026-02-25,SETTLED
SETTLE_002297,STRIPE,MERCH_0092,INR,299.00,0.00,299.00,2,2026-01-27,SETTLED
SETTLE_002298,PAYPAL,MERCH_0037,USD,2094.25,73.58,2020.67,1,2026-01-16,SETTLED
SETTLE_002299,PAYPAL,MERCH_0009,EUR,30.80,1.38,29.42,1,2026-03-20,SETTLED
SETTLE_002300,STRIPE,MERCH_0036,GBP,559.25,10.83,548.42,1,2026-02-15,SETTLED
SETTLE_002301,PAYPAL,MERCH_0029,EUR,60.80,2.34,58.46,1,2026-01-31,SETTLED
SETTLE_002302,STRIPE,MERCH_0061,USD,34.50,0.77,33.73,1,2026-02-10,SETTLED
SETTLE_002304,PAYPAL,MERCH_0024,EUR,20.99,2.56,18.43,1,2026-03-27,SETTLED
SETTLE_002305,ADYEN,MERCH_0094,EUR,75.80,0.42,75.38,1,2026-01-23,SETTLED
SETTLE_002306,ADYEN,MERCH_0003,EUR,2097.25,7.49,2089.76,1,2026-02-10,SETTLED
SETTLE_002307,STRIPE,MERCH_0021,EUR,1392.49,7.16,1385.33,2,2026-03-26,SETTLED
SETTLE_002308,CHECKOUT_COM,MERCH_0065,GBP,348.50,6.42,342.08,1,2026-03-27,SETTLED
SETTLE_002309,STRIPE,MERCH_0077,USD,449.95,13.35,436.60,1,2026-01-21,SETTLED
SETTLE_002310,STRIPE,MERCH_0051,INR,999.00,0.00,999.00,1,2026-03-29,SETTLED
SETTLE_002311,STRIPE,MERCH_0044,INR,499.00,0.00,499.00,1,2026-03-22,SETTLED
SETTLE_002312,ADYEN,MERCH_0016,EUR,171.75,0.75,171.00,1,2026-03-28,SETTLED
SETTLE_002313,CHECKOUT_COM,MERCH_0049,CAD,67.49,1.84,65.65,1,2026-03-04,SETTLED
SETTLE_002314,STRIPE,MERCH_0074,USD,283.75,2.52,281.23,1,2026-01-18,SETTLED
SETTLE_002315,CHECKOUT_COM,MERCH_0051,EUR,553.50,9.59,543.91,1,2026-02-27,SETTLED
SETTLE_002316,CHECKOUT_COM,MERCH_0073,GBP,54.25,1.13,53.12,1,2026-02-06,SETTLED
SETTLE_002317,CHECKOUT_COM,MERCH_0029,GBP,77.95,1.55,76.40,1,2026-01-04,SETTLED
SETTLE_002318,STRIPE,MERCH_0052,USD,25.00,1.02,23.98,1,2026-02-06,SETTLED
SETTLE_002319,ADYEN,MERCH_0068,USD,503.50,10.69,492.81,1,2026-02-01,SETTLED
SETTLE_002320,STRIPE,MERCH_0075,USD,2799.00,22.64,2776.36,1,2026-01-03,SETTLED
SETTLE_002322,CHECKOUT_COM,MERCH_0059,USD,38.75,1.09,37.66,1,2026-02-08,SETTLED
SETTLE_002323,STRIPE,MERCH_0024,GBP,37.25,0.91,36.34,1,2026-02-15,SETTLED
SETTLE_002324,CHECKOUT_COM,MERCH_0035,EUR,453.49,7.89,445.60,1,2026-03-03,SETTLED
SETTLE_002325,STRIPE,MERCH_0099,USD,57.49,1.97,55.52,1,2026-02-16,SETTLED
SETTLE_002326,STRIPE,MERCH_0064,GBP,69.25,1.52,67.73,1,2026-03-04,SETTLED
SETTLE_002327,CHECKOUT_COM,MERCH_0097,CAD,566.99,13.83,553.16,1,2026-01-05,SETTLED
SETTLE_002328,CHECKOUT_COM,MERCH_0053,EUR,40.00,0.86,39.14,1,2026-01-28,SETTLED
SETTLE_002329,CHECKOUT_COM,MERCH_0095,USD,48.25,1.31,46.94,1,2026-02-21,SETTLED
SETTLE_002330,PAYPAL,MERCH_0045,GBP,71.75,2.38,69.37,1,2026-03-25,SETTLED
SETTLE_002331,CHECKOUT_COM,MERCH_0004,USD,15.80,0.56,15.24,1,2026-01-25,SETTLED
SETTLE_002333,CHECKOUT_COM,MERCH_0071,EUR,42.00,0.89,41.11,1,2026-03-18,SETTLED
SETTLE_002334,STRIPE,MERCH_0024,INR,9999.00,202.98,9796.02,1,2026-01-14,SETTLED
SETTLE_002335,STRIPE,MERCH_0100,INR,999.00,22.98,976.02,1,2026-02-17,SETTLED
SETTLE_002336,STRIPE,MERCH_0093,GBP,402.95,7.86,395.09,1,2026-01-23,SETTLED
SETTLE_002337,PAYPAL,MERCH_0069,USD,52.25,2.31,49.94,1,2026-03-04,SETTLED
SETTLE_002338,STRIPE,MERCH_0051,USD,32.75,0.74,32.01,1,2026-03-15,SETTLED
SETTLE_002339,STRIPE,MERCH_0015,EUR,371.00,2.06,368.94,1,2026-03-01,SETTLED
SETTLE_002340,CHECKOUT_COM,MERCH_0056,GBP,666.49,12.15,654.34,1,2026-02-18,SETTLED
SETTLE_002341,CHECKOUT_COM,MERCH_0061,EUR,322.75,5.67,317.08,1,2026-03-04,SETTLED
SETTLE_002342,PAYPAL,MERCH_0028,GBP,75.99,2.50,73.49,1,2026-02-14,SETTLED
SETTLE_002344,CHECKOUT_COM,MERCH_0043,EUR,635.00,10.97,624.03,1,2026-03-16,SETTLED
SETTLE_002345,STRIPE,MERCH_0093,EUR,211.75,4.27,207.48,1,2026-04-01,SETTLED
SETTLE_002346,STRIPE,MERCH_0087,CAD,593.75,17.52,576.23,1,2026-03-11,SETTLED
SETTLE_002347,STRIPE,MERCH_0075,USD,453.25,7.05,446.20,1,2026-03-16,SETTLED
SETTLE_002348,CHECKOUT_COM,MERCH_0064,CAD,389.75,9.57,380.18,1,2026-02-15,SETTLED
SETTLE_002349,CHECKOUT_COM,MERCH_0002,CAD,524.99,12.82,512.17,1,2026-01-27,SETTLED
SETTLE_002350,STRIPE,MERCH_0080,GBP,274.00,5.41,268.59,2,2026-02-17,SETTLED
SETTLE_002351,STRIPE,MERCH_0033,USD,662.25,5.55,656.70,1,2026-03-15,SETTLED
SETTLE_002352,PAYPAL,MERCH_0006,INR,9999.00,121.99,9877.01,1,2026-02-25,SETTLED
SETTLE_002353,STRIPE,MERCH_0081,USD,21.99,0.94,21.05,1,2026-02-13,SETTLED
SETTLE_002354,PAYPAL,MERCH_0005,EUR,43.25,1.77,41.48,1,2026-03-02,SETTLED
SETTLE_002355,STRIPE,MERCH_0052,USD,30.75,6.19,24.56,1,2026-01-28,SETTLED
SETTLE_002356,STRIPE,MERCH_0021,EUR,56.99,1.98,55.01,1,2026-01-13,SETTLED
SETTLE_002357,ADYEN,MERCH_0090,EUR,137.50,0.63,136.87,1,2026-03-16,SETTLED
SETTLE_002358,CHECKOUT_COM,MERCH_0008,CAD,303.95,7.51,296.44,1,2026-01-31,SETTLED
SETTLE_002359,STRIPE,MERCH_0076,EUR,418.95,2.29,416.66,1,2026-03-16,SETTLED
SETTLE_002360,STRIPE,MERCH_0048,GBP,39.80,0.96,38.84,1,2026-02-23,SETTLED
SETTLE_002361,STRIPE,MERCH_0017,EUR,61.99,1.43,60.56,1,2026-02-05,SETTLED
SETTLE_002362,STRIPE,MERCH_0044,USD,80.75,1.46,79.29,1,2026-02-28,SETTLED
SETTLE_002363,ADYEN,MERCH_0034,EUR,427.49,1.65,425.84,1,2026-02-15,SETTLED
SETTLE_002364,ADYEN,MERCH_0075,USD,220.00,2.74,217.26,1,2026-03-29,SETTLED
SETTLE_002365,CHECKOUT_COM,MERCH_0031,USD,450.25,10.56,439.69,1,2026-01-04,SETTLED
SETTLE_002366,STRIPE,MERCH_0043,USD,218.00,5.74,212.26,1,2026-02-20,SETTLED
SETTLE_002367,CHECKOUT_COM,MERCH_0099,EUR,38.80,0.84,37.96,1,2026-03-04,SETTLED
SETTLE_002369,ADYEN,MERCH_0091,USD,372.99,4.58,368.41,1,2026-03-28,SETTLED
SETTLE_002370,ADYEN,MERCH_0034,GBP,58.50,0.98,57.52,1,2026-02-13,SETTLED
SETTLE_002371,STRIPE,MERCH_0043,INR,299.00,8.98,290.02,1,2026-02-28,SETTLED
SETTLE_002372,ADYEN,MERCH_0080,USD,237.49,5.11,232.38,1,2026-02-07,SETTLED
SETTLE_002373,ADYEN,MERCH_0026,EUR,287.49,4.13,283.36,1,2026-01-29,SETTLED
SETTLE_002374,CHECKOUT_COM,MERCH_0037,GBP,442.75,8.12,434.63,1,2026-02-03,SETTLED
SETTLE_002375,PAYPAL,MERCH_0016,CAD,999.00,13.99,985.01,1,2026-02-25,SETTLED
SETTLE_002377,CHECKOUT_COM,MERCH_0038,EUR,57.49,1.16,56.33,1,2026-01-10,SETTLED
SETTLE_002378,PAYPAL,MERCH_0081,USD,64.75,2.75,62.00,1,2026-02-15,SETTLED
SETTLE_002379,CHECKOUT_COM,MERCH_0088,CAD,106.99,2.79,104.20,1,2026-01-05,SETTLED
SETTLE_002380,STRIPE,MERCH_0077,EUR,258.99,5.17,253.82,1,2026-01-11,SETTLED
SETTLE_002381,PAYPAL,MERCH_0079,INR,999.00,13.99,985.01,1,2026-03-09,SETTLED
SETTLE_002382,CHECKOUT_COM,MERCH_0001,GBP,145.80,2.77,143.03,1,2026-02-24,SETTLED
SETTLE_002383,ADYEN,MERCH_0067,GBP,335.80,5.14,330.66,1,2026-03-16,SETTLED
SETTLE_002384,STRIPE,MERCH_0039,USD,66.50,0.78,65.72,1,2026-03-11,SETTLED
SETTLE_002385,CHECKOUT_COM,MERCH_0036,GBP,251.75,5.99,245.76,1,2026-01-27,SETTLED
SETTLE_002386,STRIPE,MERCH_0077,USD,390.80,3.38,387.42,1,2026-02-21,SETTLED
SETTLE_002387,STRIPE,MERCH_0068,USD,1704.95,13.89,1691.06,1,2026-03-07,SETTLED
SETTLE_002388,ADYEN,MERCH_0012,GBP,33.25,0.60,32.65,1,2026-02-03,SETTLED
SETTLE_002389,CHECKOUT_COM,MERCH_0075,GBP,64.25,1.31,62.94,1,2026-03-25,SETTLED
SETTLE_002390,STRIPE,MERCH_0018,EUR,220.75,1.30,219.45,1,2026-03-19,SETTLED
SETTLE_002391,STRIPE,MERCH_0007,CAD,357.75,10.67,347.08,1,2026-02-16,SETTLED
SETTLE_002392,CHECKOUT_COM,MERCH_0063,CAD,331.99,8.19,323.80,1,2026-03-11,SETTLED
SETTLE_002393,CHECKOUT_COM,MERCH_0088,USD,461.25,10.81,450.44,1,2026-03-08,SETTLED
SETTLE_002394,ADYEN,MERCH_0087,EUR,31.99,0.56,31.43,1,2026-01-07,SETTLED
SETTLE_002395,STRIPE,MERCH_0082,INR,2499.00,0.00,2499.00,1,2026-03-01,SETTLED
SETTLE_002396,ADYEN,MERCH_0014,EUR,1688.75,23.75,1665.00,1,2026-02-13,SETTLED
SETTLE_002397,CHECKOUT_COM,MERCH_0088,USD,183.95,4.43,179.52,1,2026-02-13,SETTLED
SETTLE_002398,PAYPAL,MERCH_0081,USD,103.99,4.12,99.87,1,2026-01-11,SETTLED
SETTLE_002399,CHECKOUT_COM,MERCH_0029,GBP,26.99,0.64,26.35,1,2026-03-28,SETTLED
SETTLE_002400,PAYPAL,MERCH_0024,USD,212.00,7.89,204.11,1,2026-03-08,SETTLED
SETTLE_002401,STRIPE,MERCH_0006,USD,111.80,1.14,110.66,1,2026-03-03,SETTLED
SETTLE_002402,ADYEN,MERCH_0059,GBP,102.99,1.64,101.35,1,2026-02-27,SETTLED
SETTLE_002403,STRIPE,MERCH_0045,EUR,79.95,6.77,73.18,1,2026-01-11,SETTLED
SETTLE_002404,STRIPE,MERCH_0094,INR,2499.00,52.98,2446.02,1,2026-01-14,SETTLED
SETTLE_002405,CHECKOUT_COM,MERCH_0052,USD,65.95,1.72,64.23,1,2026-02-28,SETTLED
SETTLE_002406,STRIPE,MERCH_0006,USD,335.50,2.93,332.57,1,2026-01-26,SETTLED
SETTLE_002407,STRIPE,MERCH_0045,USD,66.50,1.25,65.25,1,2026-03-26,SETTLED
SETTLE_002408,CHECKOUT_COM,MERCH_0054,USD,34.99,1.00,33.99,1,2026-01-26,SETTLED
SETTLE_002409,STRIPE,MERCH_0081,USD,402.50,4.29,398.21,1,2026-03-15,SETTLED
SETTLE_002410,STRIPE,MERCH_0006,USD,158.99,4.91,154.08,1,2026-02-27,SETTLED
SETTLE_002411,PAYPAL,MERCH_0050,EUR,327.75,10.88,316.87,2,2026-03-27,SETTLED
SETTLE_002412,CHECKOUT_COM,MERCH_0003,CAD,408.95,10.03,398.92,1,2026-01-28,SETTLED
SETTLE_002413,STRIPE,MERCH_0057,CAD,2813.50,81.89,2731.61,1,2026-01-31,SETTLED
SETTLE_002414,CHECKOUT_COM,MERCH_0088,CAD,419.99,10.30,409.69,1,2026-02-11,SETTLED
SETTLE_002415,PAYPAL,MERCH_0039,GBP,66.99,2.24,64.75,1,2026-03-26,SETTLED
SETTLE_002416,ADYEN,MERCH_0025,EUR,68.75,1.07,67.68,1,2026-02-09,SETTLED
SETTLE_002417,ADYEN,MERCH_0091,USD,135.75,2.97,132.78,1,2026-03-11,SETTLED
SETTLE_002418,CHECKOUT_COM,MERCH_0052,USD,33.80,0.98,32.82,1,2026-01-24,SETTLED
SETTLE_002419,STRIPE,MERCH_0008,GBP,254.99,5.04,249.95,1,2026-03-22,SETTLED
SETTLE_002421,STRIPE,MERCH_0005,EUR,1620.80,31.05,1589.75,1,2026-03-02,SETTLED
SETTLE_002422,ADYEN,MERCH_0008,EUR,642.49,9.10,633.39,1,2026-03-13,SETTLED
SETTLE_002423,CHECKOUT_COM,MERCH_0049,EUR,344.00,6.03,337.97,1,2026-03-05,SETTLED
SETTLE_002424,ADYEN,MERCH_0046,USD,2160.75,26.03,2134.72,1,2026-03-15,SETTLED
SETTLE_002425,ADYEN,MERCH_0001,EUR,2571.50,9.15,2562.35,2,2026-01-27,SETTLED
SETTLE_002426,PAYPAL,MERCH_0058,INR,2499.00,31.99,2467.01,1,2026-02-27,SETTLED
SETTLE_002427,STRIPE,MERCH_0072,USD,43.49,1.56,41.93,1,2026-02-21,SETTLED
SETTLE_002428,CHECKOUT_COM,MERCH_0036,GBP,131.49,2.52,128.97,1,2026-01-02,SETTLED
SETTLE_002429,STRIPE,MERCH_0086,USD,3388.99,98.58,3290.41,1,2026-02-22,SETTLED
SETTLE_002430,STRIPE,MERCH_0064,INR,799.00,0.00,799.00,1,2026-01-10,SETTLED
SETTLE_002431,PAYPAL,MERCH_0073,GBP,18.25,0.83,17.42,1,2026-02-12,SETTLED
SETTLE_002432,STRIPE,MERCH_0090,EUR,60.50,1.40,59.10,1,2026-03-09,SETTLED
SETTLE_002433,PAYPAL,MERCH_0031,INR,1499.00,19.99,1479.01,1,2026-03-15,SETTLED
SETTLE_002434,CHECKOUT_COM,MERCH_0046,USD,2901.95,66.94,2835.01,1,2026-02-12,SETTLED
SETTLE_002435,STRIPE,MERCH_0071,EUR,349.80,6.90,342.90,1,2026-03-14,SETTLED
SETTLE_002436,CHECKOUT_COM,MERCH_0048,GBP,45.95,0.98,44.97,1,2026-03-06,SETTLED
SETTLE_002437,STRIPE,MERCH_0023,USD,144.49,4.92,139.57,1,2026-01-16,SETTLED
SETTLE_002438,STRIPE,MERCH_0063,USD,3007.25,24.31,2982.94,1,2026-02-27,SETTLED
SETTLE_002439,CHECKOUT_COM,MERCH_0098,GBP,65.75,1.33,64.42,1,2026-02-17,SETTLED
SETTLE_002440,ADYEN,MERCH_0031,USD,256.50,3.18,253.32,1,2026-03-25,SETTLED
SETTLE_002441,STRIPE,MERCH_0033,EUR,35.49,0.92,34.57,1,2026-02-20,SETTLED
SETTLE_002442,CHECKOUT_COM,MERCH_0096,USD,250.75,7.47,243.28,1,2026-01-14,SETTLED
SETTLE_002443,ADYEN,MERCH_0083,GBP,684.99,10.37,674.62,1,2026-02-20,SETTLED
SETTLE_002444,ADYEN,MERCH_0098,USD,587.80,7.15,580.65,1,2026-02-02,SETTLED
SETTLE_002445,STRIPE,MERCH_0039,EUR,55.95,0.48,55.47,1,2026-01-09,SETTLED
SETTLE_002446,ADYEN,MERCH_0089,EUR,1227.00,17.29,1209.71,1,2026-02-19,SETTLED
SETTLE_002447,ADYEN,MERCH_0049,EUR,508.80,7.23,501.57,1,2026-03-11,SETTLED
SETTLE_002448,CHECKOUT_COM,MERCH_0053,USD,630.00,14.69,615.31,1,2026-02-07,SETTLED
SETTLE_002449,STRIPE,MERCH_0100,INR,499.00,0.00,499.00,1,2026-03-05,SETTLED
SETTLE_002450,STRIPE,MERCH_0034,INR,499.00,0.00,499.00,1,2026-02-05,SETTLED
SETTLE_002451,STRIPE,MERCH_0079,EUR,56.75,0.48,56.27,2,2026-01-23,SETTLED
SETTLE_002452,STRIPE,MERCH_0042,CAD,486.95,14.42,472.53,1,2026-01-05,SETTLED
SETTLE_002453,ADYEN,MERCH_0050,USD,35.99,0.53,35.46,1,2026-01-31,SETTLED
SETTLE_002454,STRIPE,MERCH_0033,GBP,372.50,7.28,365.22,1,2026-03-03,SETTLED
SETTLE_002455,STRIPE,MERCH_0086,INR,2599.00,0.00,2599.00,1,2026-01-24,SETTLED
SETTLE_002456,STRIPE,MERCH_0093,EUR,2803.75,42.31,2761.44,1,2026-02-11,SETTLED
SETTLE_002457,STRIPE,MERCH_0025,USD,168.95,1.60,167.35,2,2026-01-15,SETTLED
SETTLE_002458,ADYEN,MERCH_0014,EUR,20.49,0.22,20.27,1,2026-02-04,SETTLED
SETTLE_002459,STRIPE,MERCH_0035,CAD,449.75,13.34,436.41,1,2026-01-20,SETTLED
SETTLE_002460,ADYEN,MERCH_0077,GBP,530.99,8.06,522.93,1,2026-02-03,SETTLED
SETTLE_002461,ADYEN,MERCH_0073,USD,392.50,4.81,387.69,1,2026-03-11,SETTLED
SETTLE_002462,ADYEN,MERCH_0088,USD,357.50,7.63,349.87,1,2026-03-06,SETTLED
SETTLE_002463,CHECKOUT_COM,MERCH_0097,CAD,487.99,11.93,476.06,1,2026-01-23,SETTLED
SETTLE_002464,STRIPE,MERCH_0022,EUR,1315.00,6.78,1308.22,1,2026-02-02,SETTLED
SETTLE_002465,PAYPAL,MERCH_0006,EUR,527.95,17.28,510.67,1,2026-01-07,SETTLED
SETTLE_002466,STRIPE,MERCH_0047,USD,208.50,1.92,206.58,1,2026-02-24,SETTLED
SETTLE_002467,STRIPE,MERCH_0014,INR,1999.00,1.50,1997.50,1,2026-02-01,SETTLED
SETTLE_002468,CHECKOUT_COM,MERCH_0013,CAD,1542.99,37.25,1505.74,1,2026-01-08,SETTLED
SETTLE_002469,STRIPE,MERCH_0038,INR,799.00,0.00,799.00,1,2026-02-24,SETTLED
SETTLE_002470,STRIPE,MERCH_0051,USD,1298.75,13.14,1285.61,1,2026-03-24,SETTLED
SETTLE_002471,STRIPE,MERCH_0069,USD,111.80,1.93,109.87,1,2026-02-14,SETTLED
SETTLE_002472,CHECKOUT_COM,MERCH_0082,GBP,517.80,9.47,508.33,1,2026-03-16,SETTLED
SETTLE_002473,STRIPE,MERCH_0063,USD,263.80,4.21,259.59,1,2026-01-09,SETTLED
SETTLE_002474,ADYEN,MERCH_0028,EUR,78.49,1.21,77.28,1,2026-03-29,SETTLED
SETTLE_002475,ADYEN,MERCH_0036,EUR,2440.95,34.28,2406.67,1,2026-02-13,SETTLED
SETTLE_002476,ADYEN,MERCH_0076,GBP,407.75,6.22,401.53,1,2026-02-18,SETTLED
SETTLE_002477,ADYEN,MERCH_0066,EUR,3217.75,11.41,3206.34,1,2026-01-20,SETTLED
SETTLE_002478,STRIPE,MERCH_0067,USD,44.95,0.92,44.03,1,2026-02-17,SETTLED
SETTLE_002479,PAYPAL,MERCH_0079,USD,25.75,1.39,24.36,1,2026-02-06,SETTLED
SETTLE_002480,STRIPE,MERCH_0011,INR,4014.00,83.28,3930.72,1,2026-02-02,SETTLED
SETTLE_002481,CHECKOUT_COM,MERCH_0062,GBP,490.95,8.99,481.96,1,2026-01-02,SETTLED
SETTLE_002482,STRIPE,MERCH_0091,USD,92.75,8.99,83.76,1,2026-01-14,SETTLED
SETTLE_002483,ADYEN,MERCH_0071,EUR,247.95,3.58,244.37,1,2026-03-15,SETTLED
SETTLE_002484,ADYEN,MERCH_0091,USD,27.49,0.43,27.06,1,2026-03-15,SETTLED
SETTLE_002485,ADYEN,MERCH_0013,GBP,28.80,0.53,28.27,1,2026-03-01,SETTLED
SETTLE_002487,STRIPE,MERCH_0031,EUR,32.50,0.36,32.14,1,2026-03-29,SETTLED
SETTLE_002488,PAYPAL,MERCH_0006,INR,999.00,13.99,985.01,1,2026-03-29,SETTLED
SETTLE_002489,CHECKOUT_COM,MERCH_0057,CAD,54.75,1.53,53.22,1,2026-03-29,SETTLED
SETTLE_002490,ADYEN,MERCH_0010,USD,78.25,1.04,77.21,1,2026-02-14,SETTLED
SETTLE_002491,STRIPE,MERCH_0027,USD,45.25,1.61,43.64,1,2026-01-12,SETTLED
SETTLE_002492,CHECKOUT_COM,MERCH_0004,GBP,100.49,1.96,98.53,1,2026-01-25,SETTLED
SETTLE_002493,CHECKOUT_COM,MERCH_0006,CAD,47.50,3.86,43.64,1,2026-01-08,SETTLED
SETTLE_002494,PAYPAL,MERCH_0055,GBP,292.80,8.79,284.01,1,2026-02-12,SETTLED
SETTLE_002495,STRIPE,MERCH_0086,INR,15000.00,0.00,15000.00,1,2026-01-04,SETTLED
SETTLE_002497,PAYPAL,MERCH_0001,GBP,30.95,1.20,29.75,1,2026-01-03,SETTLED
SETTLE_002498,CHECKOUT_COM,MERCH_0018,EUR,211.50,3.78,207.72,1,2026-03-13,SETTLED
SETTLE_002499,ADYEN,MERCH_0017,EUR,748.49,2.77,745.72,1,2026-02-18,SETTLED
SETTLE_002500,ADYEN,MERCH_0095,EUR,76.49,1.18,75.31,1,2026-04-01,SETTLED
SETTLE_002501,CHECKOUT_COM,MERCH_0078,GBP,245.75,6.07,239.68,1,2026-01-10,SETTLED
SETTLE_002502,STRIPE,MERCH_0047,INR,1999.00,5.00,1994.00,1,2026-02-28,SETTLED
SETTLE_002503,CHECKOUT_COM,MERCH_0036,GBP,493.00,5.52,487.48,1,2026-02-23,SETTLED
SETTLE_002504,ADYEN,MERCH_0045,USD,189.99,2.38,187.61,1,2026-03-21,SETTLED
SETTLE_002505,ADYEN,MERCH_0051,EUR,276.95,3.99,272.96,1,2026-01-05,SETTLED
SETTLE_002506,STRIPE,MERCH_0087,INR,2499.00,1.50,2497.50,1,2026-02-02,SETTLED
SETTLE_002507,STRIPE,MERCH_0007,USD,50.99,0.66,50.33,1,2026-03-04,SETTLED
SETTLE_002508,ADYEN,MERCH_0084,USD,354.75,4.36,350.39,1,2026-03-13,SETTLED
SETTLE_002509,ADYEN,MERCH_0091,GBP,596.80,9.05,587.75,1,2026-03-09,SETTLED
SETTLE_002510,STRIPE,MERCH_0014,USD,90.80,1.61,89.19,1,2026-03-15,SETTLED
SETTLE_002511,STRIPE,MERCH_0098,GBP,535.95,10.38,525.57,1,2026-01-14,SETTLED
SETTLE_002512,ADYEN,MERCH_0013,USD,164.25,3.57,160.68,1,2026-03-10,SETTLED
SETTLE_002513,CHECKOUT_COM,MERCH_0017,EUR,657.00,11.35,645.65,1,2026-01-31,SETTLED
SETTLE_002514,STRIPE,MERCH_0060,INR,1999.00,42.98,1956.02,2,2026-01-24,SETTLED
SETTLE_002515,ADYEN,MERCH_0060,USD,623.25,13.21,610.04,1,2026-01-15,SETTLED
SETTLE_002516,STRIPE,MERCH_0087,CAD,44.00,1.58,42.42,1,2026-03-16,SETTLED
SETTLE_002517,PAYPAL,MERCH_0034,USD,17.50,1.10,16.40,1,2026-03-25,SETTLED
SETTLE_002518,CHECKOUT_COM,MERCH_0025,CAD,376.25,9.25,367.00,1,2026-01-11,SETTLED
SETTLE_002519,ADYEN,MERCH_0089,EUR,208.49,3.03,205.46,1,2026-03-22,SETTLED
SETTLE_002520,STRIPE,MERCH_0008,INR,3999.00,0.00,3999.00,1,2026-01-26,SETTLED
SETTLE_002521,ADYEN,MERCH_0004,EUR,34.50,0.27,34.23,1,2026-01-22,SETTLED
SETTLE_002522,PAYPAL,MERCH_0082,USD,109.00,9.29,99.71,1,2026-01-13,SETTLED
SETTLE_002523,STRIPE,MERCH_0075,USD,1374.99,20.87,1354.12,1,2026-01-07,SETTLED
SETTLE_002524,STRIPE,MERCH_0055,INR,999.00,22.98,976.02,1,2026-03-06,SETTLED
SETTLE_002525,ADYEN,MERCH_0016,GBP,1931.49,29.07,1902.42,1,2026-03-24,SETTLED
SETTLE_002526,STRIPE,MERCH_0095,USD,2000.95,16.26,1984.69,1,2026-02-11,SETTLED
SETTLE_002527,PAYPAL,MERCH_0052,GBP,41.49,1.50,39.99,1,2026-01-14,SETTLED
SETTLE_002528,ADYEN,MERCH_0025,EUR,437.99,6.24,431.75,1,2026-01-21,SETTLED
SETTLE_002529,ADYEN,MERCH_0066,USD,2681.00,32.27,2648.73,1,2026-01-05,SETTLED
SETTLE_002530,STRIPE,MERCH_0088,CAD,52.99,1.84,51.15,1,2026-03-21,SETTLED
SETTLE_002531,ADYEN,MERCH_0063,USD,351.95,7.51,344.44,1,2026-01-26,SETTLED
SETTLE_002532,ADYEN,MERCH_0037,GBP,80.00,1.30,78.70,1,2026-01-07,SETTLED
SETTLE_002533,ADYEN,MERCH_0095,EUR,314.75,4.52,310.23,1,2026-02-06,SETTLED
SETTLE_002534,STRIPE,MERCH_0003,EUR,47.49,0.44,47.05,1,2026-01-12,SETTLED
SETTLE_002535,ADYEN,MERCH_0094,GBP,70.00,1.15,68.85,1,2026-03-01,SETTLED
SETTLE_002536,STRIPE,MERCH_0081,USD,487.80,14.45,473.35,1,2026-02-16,SETTLED
SETTLE_002537,ADYEN,MERCH_0026,EUR,62.00,0.37,61.63,1,2026-03-09,SETTLED
SETTLE_002538,CHECKOUT_COM,MERCH_0087,CAD,1284.95,31.06,1253.89,1,2026-02-20,SETTLED
SETTLE_002539,CHECKOUT_COM,MERCH_0055,EUR,349.95,6.13,343.82,1,2026-03-19,SETTLED
SETTLE_002540,STRIPE,MERCH_0059,EUR,278.50,5.54,272.96,1,2026-03-28,SETTLED
SETTLE_002541,STRIPE,MERCH_0094,INR,799.00,18.98,780.02,1,2026-02-22,SETTLED
SETTLE_002542,ADYEN,MERCH_0051,EUR,358.49,1.40,357.09,1,2026-02-17,SETTLED
SETTLE_002543,PAYPAL,MERCH_0094,INR,499.00,7.99,491.01,1,2026-02-03,SETTLED
SETTLE_002544,STRIPE,MERCH_0016,USD,215.50,6.55,208.95,1,2026-02-05,SETTLED
SETTLE_002545,PAYPAL,MERCH_0100,GBP,254.99,7.69,247.30,1,2026-03-09,SETTLED
SETTLE_002546,STRIPE,MERCH_0024,CAD,303.99,9.12,294.87,1,2026-03-04,SETTLED
SETTLE_002547,PAYPAL,MERCH_0078,USD,59.50,2.57,56.93,1,2026-03-18,SETTLED
SETTLE_002548,STRIPE,MERCH_0063,GBP,47.49,1.10,46.39,1,2026-03-16,SETTLED
SETTLE_002549,ADYEN,MERCH_0028,EUR,195.99,2.85,193.14,1,2026-01-08,SETTLED
SETTLE_002550,STRIPE,MERCH_0009,INR,15000.00,303.00,14697.00,1,2026-02-15,SETTLED
SETTLE_002551,STRIPE,MERCH_0030,INR,849.00,19.98,829.02,1,2026-02-14,SETTLED
SETTLE_002552,CHECKOUT_COM,MERCH_0007,USD,123.99,3.05,120.94,1,2026-03-09,SETTLED
SETTLE_002553,STRIPE,MERCH_0008,GBP,570.00,11.03,558.97,1,2026-01-16,SETTLED
SETTLE_002554,ADYEN,MERCH_0077,GBP,41.00,0.71,40.29,1,2026-02-26,SETTLED
SETTLE_002555,ADYEN,MERCH_0045,EUR,111.80,1.68,110.12,1,2026-02-16,SETTLED
SETTLE_002556,PAYPAL,MERCH_0056,EUR,2555.95,82.18,2473.77,1,2026-03-29,SETTLED
SETTLE_002557,CHECKOUT_COM,MERCH_0004,CAD,438.25,10.74,427.51,1,2026-02-14,SETTLED
SETTLE_002558,STRIPE,MERCH_0088,USD,180.99,5.55,175.44,1,2026-02-04,SETTLED
SETTLE_002559,PAYPAL,MERCH_0032,EUR,212.95,7.20,205.75,1,2026-02-11,SETTLED
SETTLE_002560,STRIPE,MERCH_0070,EUR,43.00,0.42,42.58,1,2026-01-30,SETTLED
SETTLE_002561,CHECKOUT_COM,MERCH_0052,EUR,51.75,1.06,50.69,1,2026-01-12,SETTLED
SETTLE_002562,STRIPE,MERCH_0092,INR,3999.00,0.00,3999.00,1,2026-02-14,SETTLED
SETTLE_002563,STRIPE,MERCH_0069,INR,499.00,0.00,499.00,1,2026-02-14,SETTLED
SETTLE_002564,CHECKOUT_COM,MERCH_0055,CAD,541.80,13.22,528.58,1,2026-01-11,SETTLED
SETTLE_002565,STRIPE,MERCH_0007,INR,499.00,0.00,499.00,1,2026-01-17,SETTLED
SETTLE_002566,CHECKOUT_COM,MERCH_0034,GBP,15.00,0.42,14.58,1,2026-02-13,SETTLED
SETTLE_002567,CHECKOUT_COM,MERCH_0045,CAD,37.80,1.13,36.67,1,2026-03-21,SETTLED
SETTLE_002568,CHECKOUT_COM,MERCH_0061,EUR,64.49,1.28,63.21,1,2026-02-04,SETTLED
SETTLE_002569,ADYEN,MERCH_0004,USD,438.80,5.37,433.43,1,2026-03-19,SETTLED
SETTLE_002571,ADYEN,MERCH_0063,GBP,291.00,4.46,286.54,1,2026-01-22,SETTLED
SETTLE_002572,PAYPAL,MERCH_0044,USD,629.99,22.48,607.51,1,2026-01-14,SETTLED
SETTLE_002573,CHECKOUT_COM,MERCH_0057,EUR,106.00,1.98,104.02,1,2026-03-14,SETTLED
SETTLE_002574,STRIPE,MERCH_0032,USD,162.95,2.69,160.26,1,2026-01-05,SETTLED
SETTLE_002575,STRIPE,MERCH_0050,USD,73.25,0.84,72.41,1,2026-02-13,SETTLED
SETTLE_002576,ADYEN,MERCH_0091,USD,342.00,7.30,334.70,1,2026-03-21,SETTLED
SETTLE_002577,CHECKOUT_COM,MERCH_0068,GBP,50.80,1.06,49.74,1,2026-01-30,SETTLED
SETTLE_002578,PAYPAL,MERCH_0033,EUR,41.80,1.73,40.07,1,2026-03-13,SETTLED
SETTLE_002579,STRIPE,MERCH_0082,CAD,617.75,18.21,599.54,1,2026-01-15,SETTLED
SETTLE_002580,STRIPE,MERCH_0002,EUR,1218.75,23.41,1195.34,1,2026-03-11,SETTLED
SETTLE_002581,CHECKOUT_COM,MERCH_0100,USD,49.80,1.35,48.45,1,2026-02-12,SETTLED
SETTLE_002582,CHECKOUT_COM,MERCH_0038,GBP,182.75,3.44,179.31,1,2026-02-11,SETTLED
SETTLE_002583,ADYEN,MERCH_0063,EUR,524.99,1.99,523.00,1,2026-03-16,SETTLED
SETTLE_002584,ADYEN,MERCH_0051,EUR,58.50,0.93,57.57,1,2026-02-25,SETTLED
SETTLE_002585,STRIPE,MERCH_0043,GBP,144.49,2.95,141.54,1,2026-04-02,SETTLED
SETTLE_002586,CHECKOUT_COM,MERCH_0068,GBP,2568.80,46.39,2522.41,1,2026-02-28,SETTLED
SETTLE_002587,STRIPE,MERCH_0022,USD,535.99,4.54,531.45,1,2026-02-13,SETTLED
SETTLE_002588,PAYPAL,MERCH_0068,INR,299.00,5.59,293.41,1,2026-03-19,SETTLED
SETTLE_002589,PAYPAL,MERCH_0054,USD,26.00,1.40,24.60,1,2026-01-21,SETTLED
SETTLE_002590,STRIPE,MERCH_0090,INR,299.00,8.98,290.02,1,2026-02-26,SETTLED
SETTLE_002591,CHECKOUT_COM,MERCH_0052,CAD,78.99,2.12,76.87,1,2026-01-26,SETTLED
SETTLE_002592,STRIPE,MERCH_0014,INR,2499.00,0.00,2499.00,1,2026-01-09,SETTLED
SETTLE_002593,PAYPAL,MERCH_0041,USD,548.75,19.64,529.11,1,2026-02-15,SETTLED
SETTLE_002594,PAYPAL,MERCH_0051,EUR,1664.25,53.65,1610.60,1,2026-04-01,SETTLED
SETTLE_002595,CHECKOUT_COM,MERCH_0086,USD,64.50,1.68,62.82,1,2026-01-08,SETTLED
SETTLE_002596,ADYEN,MERCH_0056,CAD,512.95,7.79,505.16,1,2026-01-27,SETTLED
SETTLE_002597,ADYEN,MERCH_0056,EUR,549.49,7.80,541.69,1,2026-03-26,SETTLED
SETTLE_002598,CHECKOUT_COM,MERCH_0001,USD,140.49,2.57,137.92,1,2026-03-06,SETTLED
SETTLE_002599,STRIPE,MERCH_0070,EUR,61.50,1.42,60.08,1,2026-01-17,SETTLED
SETTLE_002600,ADYEN,MERCH_0094,USD,268.95,5.77,263.18,1,2026-01-18,SETTLED
SETTLE_002601,STRIPE,MERCH_0053,INR,15000.00,303.00,14697.00,1,2026-03-04,SETTLED
SETTLE_002602,STRIPE,MERCH_0094,EUR,26.99,0.33,26.66,1,2026-02-08,SETTLED
SETTLE_002603,CHECKOUT_COM,MERCH_0041,CAD,50.95,1.44,49.51,1,2026-03-16,SETTLED
SETTLE_002604,CHECKOUT_COM,MERCH_0025,EUR,42.95,0.91,42.04,1,2026-01-07,SETTLED
SETTLE_002605,CHECKOUT_COM,MERCH_0075,USD,49.00,1.33,47.67,1,2026-03-02,SETTLED
SETTLE_002606,CHECKOUT_COM,MERCH_0080,EUR,259.49,4.59,254.90,1,2026-02-16,SETTLED
SETTLE_002607,ADYEN,MERCH_0061,GBP,71.99,1.18,70.81,1,2026-02-18,SETTLED
SETTLE_002608,ADYEN,MERCH_0061,USD,190.95,2.39,188.56,1,2026-02-04,SETTLED
SETTLE_002609,PAYPAL,MERCH_0055,INR,9999.00,121.99,9877.01,1,2026-02-04,SETTLED
SETTLE_002610,STRIPE,MERCH_0060,EUR,27.49,0.34,27.15,1,2026-03-24,SETTLED
SETTLE_002611,PAYPAL,MERCH_0056,EUR,375.99,12.42,363.57,1,2026-02-17,SETTLED
SETTLE_002612,PAYPAL,MERCH_0017,EUR,29.00,1.32,27.68,1,2026-03-27,SETTLED
SETTLE_002613,ADYEN,MERCH_0077,EUR,170.99,2.50,168.49,1,2026-02-26,SETTLED
SETTLE_002614,PAYPAL,MERCH_0005,GBP,127.99,4.01,123.98,2,2026-03-26,SETTLED
SETTLE_002615,ADYEN,MERCH_0028,USD,35.95,0.87,35.08,1,2026-01-28,SETTLED
SETTLE_002616,STRIPE,MERCH_0021,USD,250.80,4.01,246.79,1,2026-03-04,SETTLED
SETTLE_002617,STRIPE,MERCH_0021,USD,1985.80,30.04,1955.76,1,2026-02-20,SETTLED
SETTLE_002618,STRIPE,MERCH_0097,USD,20.00,0.55,19.45,1,2026-01-23,SETTLED
SETTLE_002619,CHECKOUT_COM,MERCH_0066,EUR,1812.80,31.00,1781.80,1,2026-03-05,SETTLED
SETTLE_002620,ADYEN,MERCH_0022,USD,328.80,7.02,321.78,1,2026-03-07,SETTLED
SETTLE_002621,ADYEN,MERCH_0024,EUR,504.99,1.92,503.07,1,2026-03-22,SETTLED
SETTLE_002622,STRIPE,MERCH_0038,CAD,55.99,1.92,54.07,1,2026-03-14,SETTLED
SETTLE_002623,PAYPAL,MERCH_0014,USD,61.25,2.63,58.62,1,2026-02-09,SETTLED
SETTLE_002624,STRIPE,MERCH_0082,INR,1999.00,42.98,1956.02,1,2026-03-11,SETTLED
SETTLE_002625,STRIPE,MERCH_0002,GBP,48.50,1.12,47.38,1,2026-01-17,SETTLED
SETTLE_002626,CHECKOUT_COM,MERCH_0059,EUR,360.25,6.30,353.95,1,2026-01-24,SETTLED
SETTLE_002627,CHECKOUT_COM,MERCH_0008,EUR,306.00,5.38,300.62,1,2026-03-03,SETTLED
SETTLE_002628,STRIPE,MERCH_0016,CAD,233.99,7.09,226.90,1,2026-03-03,SETTLED
SETTLE_002629,STRIPE,MERCH_0078,USD,217.95,1.99,215.96,1,2026-01-05,SETTLED
SETTLE_002630,ADYEN,MERCH_0083,USD,639.75,7.78,631.97,1,2026-03-21,SETTLED
SETTLE_002631,CHECKOUT_COM,MERCH_0059,USD,66.50,1.73,64.77,1,2026-01-07,SETTLED
SETTLE_002632,PAYPAL,MERCH_0072,INR,15000.00,182.00,14818.00,1,2026-02-13,SETTLED
SETTLE_002633,PAYPAL,MERCH_0065,INR,299.00,5.59,293.41,1,2026-03-28,SETTLED
SETTLE_002634,PAYPAL,MERCH_0082,USD,467.80,16.82,450.98,1,2026-01-18,SETTLED
SETTLE_002635,STRIPE,MERCH_0042,GBP,53.80,1.22,52.58,1,2026-03-14,SETTLED
SETTLE_002636,STRIPE,MERCH_0008,INR,327.75,6.43,321.32,1,2026-02-16,SETTLED
SETTLE_002637,ADYEN,MERCH_0006,USD,21.25,0.57,20.68,1,2026-01-12,SETTLED
SETTLE_002638,PAYPAL,MERCH_0090,EUR,47.50,1.91,45.59,1,2026-02-17,SETTLED
SETTLE_002639,ADYEN,MERCH_0067,USD,316.25,3.90,312.35,1,2026-03-03,SETTLED
SETTLE_002640,STRIPE,MERCH_0030,EUR,205.75,4.16,201.59,1,2026-03-27,SETTLED
SETTLE_002641,STRIPE,MERCH_0054,EUR,586.75,3.13,583.62,1,2026-01-08,SETTLED
SETTLE_002642,STRIPE,MERCH_0012,USD,27.49,1.10,26.39,2,2026-01-17,SETTLED
SETTLE_002643,STRIPE,MERCH_0020,EUR,24.99,0.72,24.27,2,2026-02-27,SETTLED
SETTLE_002644,CHECKOUT_COM,MERCH_0038,GBP,77.50,1.55,75.95,1,2026-02-28,SETTLED
SETTLE_002645,STRIPE,MERCH_0062,EUR,99.50,2.14,97.36,1,2026-01-05,SETTLED
SETTLE_002646,PAYPAL,MERCH_0082,USD,15.00,1.01,13.99,1,2026-02-10,SETTLED
SETTLE_002647,STRIPE,MERCH_0049,CAD,1916.50,55.88,1860.62,1,2026-03-25,SETTLED
SETTLE_002648,STRIPE,MERCH_0015,USD,78.99,0.88,78.11,1,2026-03-31,SETTLED
SETTLE_002649,CHECKOUT_COM,MERCH_0081,GBP,76.80,1.53,75.27,1,2026-03-30,SETTLED
SETTLE_002650,CHECKOUT_COM,MERCH_0006,CAD,2884.00,69.44,2814.56,1,2026-03-07,SETTLED
SETTLE_002651,ADYEN,MERCH_0027,EUR,42.00,0.30,41.70,1,2026-01-13,SETTLED
SETTLE_002652,CHECKOUT_COM,MERCH_0018,USD,33.25,0.96,32.29,1,2026-01-20,SETTLED
SETTLE_002653,CHECKOUT_COM,MERCH_0015,USD,250.99,5.97,245.02,1,2026-02-13,SETTLED
SETTLE_002654,STRIPE,MERCH_0087,USD,194.25,1.80,192.45,1,2026-01-12,SETTLED
SETTLE_002655,STRIPE,MERCH_0001,EUR,65.99,1.50,64.49,1,2026-02-02,SETTLED
SETTLE_002656,STRIPE,MERCH_0100,GBP,387.00,7.55,379.45,1,2026-01-18,SETTLED
SETTLE_002657,STRIPE,MERCH_0037,CAD,368.49,10.99,357.50,1,2026-02-06,SETTLED
SETTLE_002658,CHECKOUT_COM,MERCH_0042,CAD,248.95,6.19,242.76,1,2026-01-02,SETTLED
SETTLE_002659,STRIPE,MERCH_0030,INR,3999.00,0.00,3999.00,1,2026-02-20,SETTLED
SETTLE_002660,STRIPE,MERCH_0004,INR,284.00,0.00,284.00,1,2026-02-09,SETTLED
SETTLE_002661,STRIPE,MERCH_0011,GBP,71.80,1.56,70.24,1,2026-03-30,SETTLED
SETTLE_002662,STRIPE,MERCH_0016,INR,299.00,8.98,290.02,1,2026-03-31,SETTLED
SETTLE_002663,STRIPE,MERCH_0033,CAD,155.25,7.30,147.95,1,2026-02-12,SETTLED
SETTLE_002664,STRIPE,MERCH_0006,USD,360.49,3.13,357.36,1,2026-02-01,SETTLED
SETTLE_002665,CHECKOUT_COM,MERCH_0007,GBP,2452.99,44.30,2408.69,1,2026-01-28,SETTLED
SETTLE_002666,STRIPE,MERCH_0081,INR,3999.00,0.00,3999.00,1,2026-01-18,SETTLED
SETTLE_002667,CHECKOUT_COM,MERCH_0070,GBP,208.49,3.90,204.59,1,2026-01-26,SETTLED
SETTLE_002669,CHECKOUT_COM,MERCH_0095,EUR,252.00,4.46,247.54,1,2026-01-11,SETTLED
SETTLE_002670,STRIPE,MERCH_0098,EUR,338.75,1.89,336.86,1,2026-01-14,SETTLED
SETTLE_002671,STRIPE,MERCH_0057,EUR,1260.99,6.50,1254.49,1,2026-03-07,SETTLED
SETTLE_002672,CHECKOUT_COM,MERCH_0068,EUR,79.75,1.54,78.21,1,2026-02-25,SETTLED
SETTLE_002674,PAYPAL,MERCH_0074,INR,999.00,13.99,985.01,1,2026-02-10,SETTLED
SETTLE_002675,STRIPE,MERCH_0037,INR,15050.00,0.00,15050.00,1,2026-01-30,SETTLED
SETTLE_002676,STRIPE,MERCH_0087,INR,4999.00,102.98,4896.02,1,2026-01-15,SETTLED
SETTLE_002677,ADYEN,MERCH_0020,USD,400.75,4.91,395.84,1,2026-01-26,SETTLED
SETTLE_002678,STRIPE,MERCH_0053,INR,299.00,8.98,290.02,1,2026-01-21,SETTLED
SETTLE_002679,ADYEN,MERCH_0051,USD,2353.50,28.34,2325.16,1,2026-01-27,SETTLED
SETTLE_002680,ADYEN,MERCH_0024,EUR,80.80,1.24,79.56,1,2026-01-21,SETTLED
SETTLE_002681,STRIPE,MERCH_0038,USD,352.49,3.07,349.42,1,2026-01-10,SETTLED
SETTLE_002682,STRIPE,MERCH_0083,USD,53.95,0.68,53.27,1,2026-01-18,SETTLED
SETTLE_002683,ADYEN,MERCH_0021,GBP,258.95,3.98,254.97,1,2026-01-14,SETTLED
SETTLE_002684,STRIPE,MERCH_0023,CAD,78.99,2.59,76.40,1,2026-02-14,SETTLED
SETTLE_002685,CHECKOUT_COM,MERCH_0031,USD,348.99,8.23,340.76,1,2026-01-08,SETTLED
SETTLE_002686,PAYPAL,MERCH_0062,INR,299.00,5.59,293.41,1,2026-01-19,SETTLED
SETTLE_002688,ADYEN,MERCH_0082,USD,153.75,3.35,150.40,1,2026-01-18,SETTLED
SETTLE_002689,STRIPE,MERCH_0095,EUR,67.00,1.52,65.48,1,2026-02-09,SETTLED
SETTLE_002690,CHECKOUT_COM,MERCH_0009,EUR,16.00,0.45,15.55,1,2026-03-31,SETTLED
SETTLE_002691,STRIPE,MERCH_0045,EUR,1955.49,37.40,1918.09,1,2026-01-03,SETTLED
SETTLE_002692,STRIPE,MERCH_0006,INR,799.00,0.00,799.00,1,2026-03-31,SETTLED
SETTLE_002693,STRIPE,MERCH_0066,EUR,897.49,4.69,892.80,2,2026-03-05,SETTLED
SETTLE_002694,CHECKOUT_COM,MERCH_0048,USD,544.25,12.72,531.53,1,2026-03-25,SETTLED
SETTLE_002695,STRIPE,MERCH_0036,INR,299.00,0.00,299.00,1,2026-01-15,SETTLED
SETTLE_002696,ADYEN,MERCH_0091,GBP,443.49,6.75,436.74,1,2026-04-01,SETTLED
SETTLE_002697,CHECKOUT_COM,MERCH_0059,EUR,77.25,1.49,75.76,1,2026-03-07,SETTLED
SETTLE_002698,CHECKOUT_COM,MERCH_0004,EUR,628.80,10.87,617.93,1,2026-02-01,SETTLED
SETTLE_002699,PAYPAL,MERCH_0003,GBP,42.49,1.53,40.96,1,2026-02-01,SETTLED
SETTLE_002700,STRIPE,MERCH_0001,INR,999.00,22.98,976.02,1,2026-03-22,SETTLED
SETTLE_002701,ADYEN,MERCH_0099,GBP,96.25,1.54,94.71,1,2026-03-04,SETTLED
SETTLE_002702,ADYEN,MERCH_0087,EUR,1988.00,7.11,1980.89,1,2026-03-31,SETTLED
SETTLE_002703,STRIPE,MERCH_0012,EUR,32.25,0.36,31.89,1,2026-01-30,SETTLED
SETTLE_002704,PAYPAL,MERCH_0017,USD,59.95,2.58,57.37,1,2026-02-04,SETTLED
SETTLE_002705,STRIPE,MERCH_0048,GBP,562.95,10.90,552.05,1,2026-02-03,SETTLED
SETTLE_002706,PAYPAL,MERCH_0058,INR,1999.00,25.99,1973.01,1,2026-04-01,SETTLED
SETTLE_002707,STRIPE,MERCH_0094,USD,57.50,0.71,56.79,1,2026-02-03,SETTLED
SETTLE_002708,PAYPAL,MERCH_0076,INR,1999.00,25.99,1973.01,1,2026-01-10,SETTLED
SETTLE_002709,PAYPAL,MERCH_0080,INR,1999.00,25.99,1973.01,1,2026-02-25,SETTLED
SETTLE_002710,PAYPAL,MERCH_0033,EUR,43.00,1.77,41.23,1,2026-02-26,SETTLED
SETTLE_002711,CHECKOUT_COM,MERCH_0057,GBP,431.95,7.93,424.02,1,2026-01-08,SETTLED
SETTLE_002712,ADYEN,MERCH_0054,USD,1557.80,18.79,1539.01,1,2026-03-15,SETTLED
SETTLE_002713,CHECKOUT_COM,MERCH_0026,EUR,422.25,7.36,414.89,1,2026-03-27,SETTLED
SETTLE_002714,STRIPE,MERCH_0017,GBP,80.00,1.72,78.28,1,2026-03-15,SETTLED
SETTLE_002715,STRIPE,MERCH_0034,USD,274.80,2.45,272.35,1,2026-01-09,SETTLED
SETTLE_002716,STRIPE,MERCH_0078,CAD,23.00,0.97,22.03,1,2026-03-07,SETTLED
SETTLE_002717,CHECKOUT_COM,MERCH_0026,CAD,26.99,0.87,26.12,1,2026-01-08,SETTLED
SETTLE_002718,STRIPE,MERCH_0007,USD,75.75,2.50,73.25,1,2026-03-09,SETTLED
SETTLE_002719,CHECKOUT_COM,MERCH_0075,EUR,549.25,9.52,539.73,1,2026-02-11,SETTLED
SETTLE_002720,ADYEN,MERCH_0098,USD,57.99,1.34,56.65,1,2026-02-07,SETTLED
SETTLE_002721,STRIPE,MERCH_0079,INR,1999.00,0.00,1999.00,1,2026-03-21,SETTLED
SETTLE_002722,STRIPE,MERCH_0018,CAD,45.99,1.63,44.36,1,2026-03-03,SETTLED
SETTLE_002723,PAYPAL,MERCH_0089,GBP,8.49,0.55,7.94,1,2026-01-20,SETTLED
SETTLE_002724,ADYEN,MERCH_0060,EUR,32.95,0.27,32.68,1,2026-01-16,SETTLED
SETTLE_002725,PAYPAL,MERCH_0037,GBP,385.49,11.48,374.01,2,2026-02-02,SETTLED
SETTLE_002726,STRIPE,MERCH_0054,INR,15000.00,303.00,14697.00,1,2026-02-25,SETTLED
SETTLE_002727,ADYEN,MERCH_0007,USD,416.00,8.86,407.14,1,2026-02-27,SETTLED
SETTLE_002728,ADYEN,MERCH_0005,EUR,195.75,2.85,192.90,1,2026-01-24,SETTLED
SETTLE_002729,PAYPAL,MERCH_0076,EUR,2224.99,71.59,2153.40,1,2026-01-31,SETTLED
SETTLE_002730,ADYEN,MERCH_0051,GBP,228.95,3.53,225.42,1,2026-01-31,SETTLED
SETTLE_002731,ADYEN,MERCH_0010,USD,2806.50,59.06,2747.44,1,2026-01-18,SETTLED
SETTLE_002732,STRIPE,MERCH_0064,USD,435.80,8.74,427.06,1,2026-03-19,SETTLED
SETTLE_002733,CHECKOUT_COM,MERCH_0096,EUR,432.50,7.53,424.97,1,2026-02-12,SETTLED
SETTLE_002734,STRIPE,MERCH_0089,USD,114.80,1.17,113.63,1,2026-03-07,SETTLED
SETTLE_002735,STRIPE,MERCH_0055,INR,2499.00,52.98,2446.02,1,2026-03-08,SETTLED
SETTLE_002736,PAYPAL,MERCH_0076,INR,2499.00,31.99,2467.01,1,2026-03-21,SETTLED
SETTLE_002737,STRIPE,MERCH_0045,GBP,2951.75,56.28,2895.47,1,2026-03-06,SETTLED
SETTLE_002738,ADYEN,MERCH_0046,EUR,74.49,0.41,74.08,1,2026-02-12,SETTLED
SETTLE_002739,CHECKOUT_COM,MERCH_0011,GBP,2967.95,53.57,2914.38,1,2026-02-11,SETTLED
SETTLE_002740,PAYPAL,MERCH_0053,USD,67.99,2.86,65.13,1,2026-02-04,SETTLED
SETTLE_002741,STRIPE,MERCH_0043,GBP,312.50,6.14,306.36,1,2026-01-20,SETTLED
SETTLE_002743,CHECKOUT_COM,MERCH_0098,EUR,600.95,10.40,590.55,1,2026-02-27,SETTLED
SETTLE_002744,STRIPE,MERCH_0029,GBP,347.80,6.81,340.99,1,2026-02-05,SETTLED
SETTLE_002745,PAYPAL,MERCH_0098,USD,217.49,8.08,209.41,1,2026-03-22,SETTLED
SETTLE_002746,STRIPE,MERCH_0052,USD,289.49,8.70,280.79,1,2026-04-01,SETTLED
SETTLE_002747,PAYPAL,MERCH_0032,GBP,452.00,13.41,438.59,2,2026-03-09,SETTLED
SETTLE_002748,ADYEN,MERCH_0023,GBP,75.75,1.24,74.51,2,2026-01-03,SETTLED
SETTLE_002749,PAYPAL,MERCH_0051,EUR,82.95,3.04,79.91,1,2026-01-18,SETTLED
SETTLE_002750,STRIPE,MERCH_0061,CAD,37.50,1.39,36.11,1,2026-01-04,SETTLED
SETTLE_002751,ADYEN,MERCH_0017,USD,80.25,1.06,79.19,1,2026-03-19,SETTLED
SETTLE_002752,PAYPAL,MERCH_0001,INR,4999.00,61.99,4937.01,1,2026-03-26,SETTLED
SETTLE_002753,STRIPE,MERCH_0026,EUR,248.49,4.97,243.52,1,2026-03-12,SETTLED
SETTLE_002754,ADYEN,MERCH_0027,EUR,83.25,0.44,82.81,1,2026-02-12,SETTLED
SETTLE_002755,STRIPE,MERCH_0042,INR,299.00,0.00,299.00,1,2026-02-21,SETTLED
SETTLE_002756,STRIPE,MERCH_0029,CAD,283.99,8.54,275.45,1,2026-02-06,SETTLED
SETTLE_002758,CHECKOUT_COM,MERCH_0007,CAD,548.80,13.39,535.41,1,2026-02-10,SETTLED
SETTLE_002759,CHECKOUT_COM,MERCH_0037,GBP,244.49,4.55,239.94,1,2026-03-20,SETTLED
SETTLE_002760,STRIPE,MERCH_0001,EUR,533.95,12.90,521.05,1,2026-02-03,SETTLED
SETTLE_002761,ADYEN,MERCH_0093,EUR,435.80,6.21,429.59,1,2026-02-10,SETTLED
SETTLE_002762,STRIPE,MERCH_0073,INR,799.00,0.00,799.00,1,2026-03-07,SETTLED
SETTLE_002763,ADYEN,MERCH_0086,USD,500.80,6.11,494.69,1,2026-03-15,SETTLED
SETTLE_002764,ADYEN,MERCH_0056,USD,115.00,9.48,105.52,1,2026-03-04,SETTLED
SETTLE_002765,CHECKOUT_COM,MERCH_0093,USD,41.75,1.16,40.59,1,2026-03-15,SETTLED
SETTLE_002766,ADYEN,MERCH_0002,USD,73.49,1.66,71.83,1,2026-02-27,SETTLED
SETTLE_002767,CHECKOUT_COM,MERCH_0030,CAD,529.80,12.94,516.86,1,2026-01-05,SETTLED
SETTLE_002768,CHECKOUT_COM,MERCH_0082,GBP,1297.49,23.50,1273.99,1,2026-02-24,SETTLED
SETTLE_002771,ADYEN,MERCH_0045,USD,279.80,3.46,276.34,1,2026-03-07,SETTLED
SETTLE_002772,CHECKOUT_COM,MERCH_0034,USD,158.75,3.85,154.90,1,2026-03-22,SETTLED
SETTLE_002773,ADYEN,MERCH_0096,GBP,327.80,5.02,322.78,1,2026-01-28,SETTLED
SETTLE_002774,STRIPE,MERCH_0069,GBP,27.99,0.73,27.26,1,2026-01-07,SETTLED
SETTLE_002775,CHECKOUT_COM,MERCH_0017,EUR,416.00,7.25,408.75,1,2026-01-28,SETTLED
SETTLE_002776,ADYEN,MERCH_0050,USD,94.80,1.24,93.56,2,2026-03-24,SETTLED
SETTLE_002777,ADYEN,MERCH_0027,USD,44.95,0.64,44.31,1,2026-02-20,SETTLED
SETTLE_002778,PAYPAL,MERCH_0052,USD,363.00,13.16,349.84,1,2026-01-24,SETTLED
SETTLE_002779,STRIPE,MERCH_0074,USD,40.75,0.58,40.17,1,2026-02-19,SETTLED
SETTLE_002780,PAYPAL,MERCH_0084,GBP,20.49,0.89,19.60,1,2026-02-06,SETTLED
SETTLE_002781,PAYPAL,MERCH_0074,INR,499.00,7.99,491.01,1,2026-01-18,SETTLED
SETTLE_002782,STRIPE,MERCH_0094,EUR,539.75,2.90,536.85,1,2026-03-17,SETTLED
SETTLE_002783,ADYEN,MERCH_0022,USD,1919.49,23.13,1896.36,1,2026-02-27,SETTLED
SETTLE_002784,ADYEN,MERCH_0028,USD,280.95,6.02,274.93,1,2026-02-16,SETTLED
SETTLE_002786,STRIPE,MERCH_0032,USD,79.80,2.61,77.19,1,2026-01-18,SETTLED
SETTLE_002787,CHECKOUT_COM,MERCH_0014,EUR,71.25,1.39,69.86,1,2026-03-22,SETTLED
SETTLE_002788,PAYPAL,MERCH_0076,INR,299.00,5.59,293.41,1,2026-03-11,SETTLED
SETTLE_002789,ADYEN,MERCH_0057,EUR,91.50,1.39,90.11,1,2026-01-05,SETTLED
SETTLE_002790,PAYPAL,MERCH_0015,GBP,75.50,2.49,73.01,1,2026-03-27,SETTLED
SETTLE_002791,ADYEN,MERCH_0037,GBP,2139.80,32.20,2107.60,1,2026-03-25,SETTLED
SETTLE_002792,STRIPE,MERCH_0058,EUR,388.99,7.59,381.40,1,2026-03-17,SETTLED
SETTLE_002793,PAYPAL,MERCH_0018,EUR,614.00,20.04,593.96,1,2026-03-06,SETTLED
SETTLE_002794,STRIPE,MERCH_0095,INR,4999.00,102.98,4896.02,1,2026-02-17,SETTLED
SETTLE_002796,CHECKOUT_COM,MERCH_0078,CAD,3038.75,75.65,2963.10,1,2026-01-21,SETTLED
SETTLE_002797,STRIPE,MERCH_0041,USD,1876.75,28.40,1848.35,1,2026-02-12,SETTLED
SETTLE_002798,CHECKOUT_COM,MERCH_0031,GBP,61.50,1.26,60.24,1,2026-03-18,SETTLED
SETTLE_002799,ADYEN,MERCH_0044,USD,3264.80,39.28,3225.52,1,2026-02-02,SETTLED
SETTLE_002800,STRIPE,MERCH_0082,GBP,1346.95,25.79,1321.16,1,2026-03-21,SETTLED
SETTLE_002801,PAYPAL,MERCH_0092,GBP,554.25,16.37,537.88,1,2026-03-31,SETTLED
SETTLE_002802,STRIPE,MERCH_0081,CAD,366.99,10.94,356.05,1,2026-01-04,SETTLED
SETTLE_002803,STRIPE,MERCH_0068,CAD,239.49,7.25,232.24,1,2026-02-26,SETTLED
SETTLE_002804,CHECKOUT_COM,MERCH_0090,CAD,2255.00,54.34,2200.66,1,2026-01-15,SETTLED
SETTLE_002805,ADYEN,MERCH_0065,USD,86.99,1.14,85.85,1,2026-01-28,SETTLED
SETTLE_002806,ADYEN,MERCH_0007,EUR,35.75,0.28,35.47,1,2026-02-05,SETTLED
SETTLE_002807,CHECKOUT_COM,MERCH_0040,GBP,27.25,0.64,26.61,1,2026-02-27,SETTLED
SETTLE_002808,ADYEN,MERCH_0012,EUR,257.00,3.71,253.29,1,2026-01-16,SETTLED
SETTLE_002809,CHECKOUT_COM,MERCH_0038,USD,37.25,1.06,36.19,1,2026-01-31,SETTLED
SETTLE_002810,PAYPAL,MERCH_0057,EUR,42.95,1.76,41.19,1,2026-02-21,SETTLED
SETTLE_002811,ADYEN,MERCH_0003,EUR,35.00,0.27,34.73,1,2026-01-30,SETTLED
SETTLE_002812,PAYPAL,MERCH_0027,EUR,371.00,12.26,358.74,1,2026-02-01,SETTLED
SETTLE_002813,PAYPAL,MERCH_0056,GBP,3435.75,99.94,3335.81,1,2026-01-27,SETTLED
SETTLE_002814,ADYEN,MERCH_0053,EUR,33.25,0.27,32.98,1,2026-03-17,SETTLED
SETTLE_002815,PAYPAL,MERCH_0038,GBP,468.99,13.90,455.09,1,2026-02-23,SETTLED
SETTLE_002816,STRIPE,MERCH_0068,USD,505.25,7.83,497.42,1,2026-01-10,SETTLED
SETTLE_002817,ADYEN,MERCH_0050,GBP,783.00,11.84,771.16,1,2026-01-31,SETTLED
SETTLE_002818,STRIPE,MERCH_0093,EUR,18.95,0.29,18.66,1,2026-03-29,SETTLED
SETTLE_002819,STRIPE,MERCH_0061,EUR,108.49,0.74,107.75,1,2026-03-25,SETTLED
SETTLE_002820,STRIPE,MERCH_0045,INR,3969.00,0.00,3969.00,1,2026-03-15,SETTLED
SETTLE_002821,STRIPE,MERCH_0079,USD,18.50,0.84,17.66,1,2026-02-07,SETTLED
SETTLE_002822,CHECKOUT_COM,MERCH_0057,GBP,43.99,0.94,43.05,2,2026-01-26,SETTLED
SETTLE_002823,ADYEN,MERCH_0033,USD,23.99,0.39,23.60,1,2026-02-27,SETTLED
SETTLE_002824,STRIPE,MERCH_0097,GBP,265.00,5.24,259.76,1,2026-01-19,SETTLED
SETTLE_002825,PAYPAL,MERCH_0007,INR,799.00,11.59,787.41,2,2026-02-28,SETTLED
SETTLE_002826,ADYEN,MERCH_0021,GBP,20.50,0.41,20.09,1,2026-03-02,SETTLED
SETTLE_002827,PAYPAL,MERCH_0092,EUR,52.49,2.07,50.42,1,2026-01-29,SETTLED
SETTLE_002828,STRIPE,MERCH_0095,GBP,799.00,0.00,799.00,1,2026-02-18,SETTLED
SETTLE_002829,PAYPAL,MERCH_0007,GBP,41.25,1.50,39.75,1,2026-02-18,SETTLED
SETTLE_002830,STRIPE,MERCH_0095,CAD,2792.75,81.29,2711.46,1,2026-01-04,SETTLED
SETTLE_002831,STRIPE,MERCH_0084,EUR,71.00,0.55,70.45,1,2026-03-23,SETTLED
SETTLE_002832,PAYPAL,MERCH_0085,USD,201.00,7.50,193.50,1,2026-02-03,SETTLED
SETTLE_002833,STRIPE,MERCH_0014,USD,47.80,0.97,46.83,1,2026-03-02,SETTLED
SETTLE_002834,CHECKOUT_COM,MERCH_0010,EUR,691.95,11.94,680.01,1,2026-01-14,SETTLED
SETTLE_002835,STRIPE,MERCH_0068,INR,1999.00,0.00,1999.00,1,2026-03-10,SETTLED
SETTLE_002836,ADYEN,MERCH_0100,EUR,15.25,0.20,15.05,1,2026-03-01,SETTLED
SETTLE_002837,CHECKOUT_COM,MERCH_0099,EUR,15.95,5.45,10.50,1,2026-03-25,SETTLED
SETTLE_002838,STRIPE,MERCH_0065,EUR,42.95,0.41,42.54,1,2026-02-05,SETTLED
SETTLE_002839,PAYPAL,MERCH_0003,EUR,532.99,17.45,515.54,1,2026-02-09,SETTLED
SETTLE_002840,PAYPAL,MERCH_0072,INR,2499.00,31.99,2467.01,1,2026-01-23,SETTLED
SETTLE_002841,STRIPE,MERCH_0059,INR,999.00,0.00,999.00,1,2026-01-16,SETTLED
SETTLE_002842,PAYPAL,MERCH_0079,EUR,60.75,2.33,58.42,1,2026-01-24,SETTLED
SETTLE_002843,STRIPE,MERCH_0067,CAD,560.50,16.55,543.95,1,2026-02-04,SETTLED
SETTLE_002844,ADYEN,MERCH_0033,USD,1766.80,37.22,1729.58,1,2026-02-18,SETTLED
SETTLE_002845,STRIPE,MERCH_0036,USD,150.25,2.50,147.75,1,2026-03-03,SETTLED
SETTLE_002846,PAYPAL,MERCH_0062,EUR,19.25,1.01,18.24,1,2026-01-24,SETTLED
SETTLE_002847,ADYEN,MERCH_0061,EUR,2776.49,9.87,2766.62,1,2026-03-31,SETTLED
SETTLE_002848,STRIPE,MERCH_0055,CAD,246.00,7.43,238.57,1,2026-03-29,SETTLED
SETTLE_002849,STRIPE,MERCH_0085,USD,3011.25,24.34,2986.91,1,2026-03-21,SETTLED
SETTLE_002850,STRIPE,MERCH_0024,INR,499.00,12.98,486.02,1,2026-02-11,SETTLED
SETTLE_002851,STRIPE,MERCH_0072,EUR,76.50,1.70,74.80,1,2026-02-14,SETTLED
SETTLE_002852,STRIPE,MERCH_0099,EUR,627.50,10.17,617.33,1,2026-03-24,SETTLED
SETTLE_002854,STRIPE,MERCH_0025,INR,1499.00,32.98,1466.02,1,2026-03-12,SETTLED
SETTLE_002855,CHECKOUT_COM,MERCH_0048,EUR,207.00,3.70,203.30,1,2026-02-10,SETTLED
SETTLE_002856,STRIPE,MERCH_0035,USD,359.00,10.71,348.29,1,2026-01-02,SETTLED
SETTLE_002857,ADYEN,MERCH_0031,GBP,816.95,12.35,804.60,1,2026-01-07,SETTLED
SETTLE_002858,CHECKOUT_COM,MERCH_0068,GBP,393.99,7.24,386.75,1,2026-01-19,SETTLED
SETTLE_002859,ADYEN,MERCH_0074,EUR,572.49,8.12,564.37,1,2026-01-16,SETTLED
SETTLE_002860,ADYEN,MERCH_0036,EUR,330.80,4.74,326.06,1,2026-03-14,SETTLED
SETTLE_002861,PAYPAL,MERCH_0076,GBP,588.00,17.35,570.65,1,2026-02-05,SETTLED
SETTLE_002862,ADYEN,MERCH_0001,USD,344.75,7.36,337.39,1,2026-02-17,SETTLED
SETTLE_002863,STRIPE,MERCH_0038,EUR,587.25,11.41,575.84,1,2026-01-21,SETTLED
SETTLE_002864,CHECKOUT_COM,MERCH_0015,USD,70.80,1.83,68.97,1,2026-03-28,SETTLED
SETTLE_002865,PAYPAL,MERCH_0023,USD,396.00,14.31,381.69,1,2026-01-17,SETTLED
SETTLE_002866,STRIPE,MERCH_0051,GBP,59.80,1.34,58.46,1,2026-03-27,SETTLED
SETTLE_002867,ADYEN,MERCH_0041,GBP,1167.95,17.62,1150.33,1,2026-02-01,SETTLED
SETTLE_002868,STRIPE,MERCH_0066,USD,102.75,1.79,100.96,1,2026-03-06,SETTLED
SETTLE_002869,STRIPE,MERCH_0024,USD,75.75,2.36,73.39,1,2026-03-31,SETTLED
SETTLE_002870,ADYEN,MERCH_0056,GBP,1824.25,27.46,1796.79,1,2026-02-13,SETTLED
SETTLE_002871,ADYEN,MERCH_0021,GBP,43.95,5.76,38.19,1,2026-03-10,SETTLED
SETTLE_002873,CHECKOUT_COM,MERCH_0015,USD,57.25,1.52,55.73,1,2026-02-08,SETTLED
SETTLE_002874,STRIPE,MERCH_0016,USD,590.99,17.44,573.55,1,2026-02-14,SETTLED
SETTLE_002875,CHECKOUT_COM,MERCH_0072,EUR,31.95,0.72,31.23,1,2026-02-22,SETTLED
SETTLE_002876,CHECKOUT_COM,MERCH_0084,GBP,489.25,8.96,480.29,1,2026-02-02,SETTLED
SETTLE_002878,PAYPAL,MERCH_0089,USD,614.75,21.94,592.81,1,2026-01-09,SETTLED
SETTLE_002879,STRIPE,MERCH_0059,INR,4999.00,0.00,4999.00,1,2026-01-28,SETTLED
SETTLE_002880,ADYEN,MERCH_0015,GBP,63.49,1.05,62.44,1,2026-01-28,SETTLED
SETTLE_002881,PAYPAL,MERCH_0020,INR,3999.00,49.99,3949.01,1,2026-01-14,SETTLED
SETTLE_002882,STRIPE,MERCH_0014,EUR,534.50,10.41,524.09,1,2026-02-22,SETTLED
SETTLE_002883,PAYPAL,MERCH_0100,INR,999.00,13.99,985.01,1,2026-03-01,SETTLED
SETTLE_002884,STRIPE,MERCH_0018,EUR,336.80,6.65,330.15,1,2026-02-21,SETTLED
SETTLE_002885,PAYPAL,MERCH_0066,USD,80.00,3.28,76.72,1,2026-03-21,SETTLED
SETTLE_002886,STRIPE,MERCH_0028,USD,2915.99,84.86,2831.13,1,2026-03-12,SETTLED
SETTLE_002887,PAYPAL,MERCH_0049,GBP,119.25,3.76,115.49,2,2026-02-04,SETTLED
SETTLE_002888,ADYEN,MERCH_0090,USD,32.25,0.80,31.45,1,2026-02-26,SETTLED
SETTLE_002889,STRIPE,MERCH_0019,EUR,275.99,1.58,274.41,1,2026-01-13,SETTLED
SETTLE_002890,STRIPE,MERCH_0075,USD,34.50,5.53,28.97,1,2026-03-01,SETTLED
SETTLE_002891,STRIPE,MERCH_0054,EUR,89.75,1.96,87.79,1,2026-02-19,SETTLED
SETTLE_002892,STRIPE,MERCH_0074,USD,79.95,1.45,78.50,1,2026-03-25,SETTLED
SETTLE_002893,ADYEN,MERCH_0046,EUR,2959.50,10.51,2948.99,1,2026-02-22,SETTLED
SETTLE_002894,STRIPE,MERCH_0003,INR,2499.00,0.00,2499.00,1,2026-01-16,SETTLED
SETTLE_002896,STRIPE,MERCH_0065,INR,269.00,8.38,260.62,1,2026-02-27,SETTLED
SETTLE_002897,CHECKOUT_COM,MERCH_0087,CAD,853.99,20.72,833.27,1,2026-02-21,SETTLED
SETTLE_002898,STRIPE,MERCH_0048,CAD,68.50,2.29,66.21,1,2026-03-02,SETTLED
SETTLE_002899,STRIPE,MERCH_0031,INR,799.00,18.98,780.02,1,2026-02-23,SETTLED
SETTLE_002900,ADYEN,MERCH_0079,EUR,562.99,7.99,555.00,1,2026-03-11,SETTLED
SETTLE_002901,CHECKOUT_COM,MERCH_0066,USD,18.80,0.63,18.17,1,2026-01-10,SETTLED
SETTLE_002902,PAYPAL,MERCH_0018,USD,43.95,2.02,41.93,1,2026-03-07,SETTLED
SETTLE_002903,STRIPE,MERCH_0083,INR,299.00,8.98,290.02,1,2026-03-10,SETTLED
SETTLE_002905,STRIPE,MERCH_0062,USD,22.49,0.59,21.90,1,2026-03-16,SETTLED
SETTLE_002906,CHECKOUT_COM,MERCH_0032,GBP,25.50,0.61,24.89,1,2026-03-25,SETTLED
SETTLE_002907,ADYEN,MERCH_0083,USD,42.50,1.01,41.49,1,2026-01-20,SETTLED
SETTLE_002908,CHECKOUT_COM,MERCH_0017,EUR,266.80,4.72,262.08,1,2026-03-29,SETTLED
SETTLE_002909,PAYPAL,MERCH_0007,INR,799.00,11.59,787.41,1,2026-01-12,SETTLED
SETTLE_002910,ADYEN,MERCH_0005,EUR,486.75,1.85,484.90,1,2026-03-12,SETTLED
SETTLE_002911,PAYPAL,MERCH_0023,INR,3999.00,49.99,3949.01,1,2026-03-16,SETTLED
SETTLE_002912,PAYPAL,MERCH_0048,EUR,567.95,18.56,549.39,1,2026-03-20,SETTLED
SETTLE_002913,PAYPAL,MERCH_0031,GBP,55.00,1.90,53.10,1,2026-03-05,SETTLED
SETTLE_002914,CHECKOUT_COM,MERCH_0053,USD,610.49,16.74,593.75,1,2026-03-05,SETTLED
SETTLE_002915,PAYPAL,MERCH_0042,GBP,3050.99,88.78,2962.21,1,2026-03-19,SETTLED
SETTLE_002916,STRIPE,MERCH_0030,USD,582.49,8.99,573.50,1,2026-03-04,SETTLED
SETTLE_002917,PAYPAL,MERCH_0087,USD,2097.25,73.68,2023.57,1,2026-02-20,SETTLED
SETTLE_002919,STRIPE,MERCH_0004,INR,4999.00,0.00,4999.00,1,2026-03-15,SETTLED
SETTLE_002920,ADYEN,MERCH_0024,USD,58.80,0.81,57.99,1,2026-01-10,SETTLED
SETTLE_002921,STRIPE,MERCH_0090,EUR,89.00,1.94,87.06,1,2026-02-14,SETTLED
SETTLE_002922,PAYPAL,MERCH_0024,INR,3999.00,49.99,3949.01,1,2026-01-17,SETTLED
SETTLE_002923,ADYEN,MERCH_0045,USD,2065.75,43.50,2022.25,1,2026-03-03,SETTLED
SETTLE_002924,STRIPE,MERCH_0096,GBP,1699.75,32.50,1667.25,1,2026-01-08,SETTLED
SETTLE_002925,CHECKOUT_COM,MERCH_0060,USD,298.80,7.07,291.73,1,2026-03-08,SETTLED
SETTLE_002926,STRIPE,MERCH_0069,USD,90.75,1.61,89.14,2,2026-02-02,SETTLED
SETTLE_002927,CHECKOUT_COM,MERCH_0033,EUR,267.49,4.73,262.76,1,2026-02-16,SETTLED
SETTLE_002928,ADYEN,MERCH_0062,EUR,590.25,2.22,588.03,1,2026-02-09,SETTLED
SETTLE_002929,STRIPE,MERCH_0059,GBP,458.95,8.92,450.03,1,2026-03-16,SETTLED
SETTLE_002930,PAYPAL,MERCH_0097,USD,452.99,16.30,436.69,1,2026-02-08,SETTLED
SETTLE_002931,CHECKOUT_COM,MERCH_0041,GBP,592.49,10.81,581.68,1,2026-02-17,SETTLED
SETTLE_002932,ADYEN,MERCH_0050,GBP,63.49,1.05,62.44,1,2026-03-13,SETTLED
SETTLE_002933,PAYPAL,MERCH_0086,USD,71.25,2.98,68.27,1,2026-01-12,SETTLED
SETTLE_002934,ADYEN,MERCH_0075,USD,425.49,5.21,420.28,1,2026-02-27,SETTLED
SETTLE_002935,STRIPE,MERCH_0051,EUR,136.49,0.88,135.61,1,2026-02-09,SETTLED
SETTLE_002936,PAYPAL,MERCH_0058,GBP,2704.00,78.72,2625.28,1,2026-02-16,SETTLED
SETTLE_002937,ADYEN,MERCH_0096,GBP,2628.99,37.53,2591.46,1,2026-03-02,SETTLED
SETTLE_002938,STRIPE,MERCH_0057,USD,19.99,0.55,19.44,1,2026-02-16,SETTLED
SETTLE_002939,CHECKOUT_COM,MERCH_0013,GBP,2609.50,47.12,2562.38,1,2026-01-30,SETTLED
SETTLE_002940,STRIPE,MERCH_0100,EUR,280.25,1.60,278.65,1,2026-01-22,SETTLED
SETTLE_002942,PAYPAL,MERCH_0068,GBP,60.99,2.07,58.92,1,2026-01-19,SETTLED
SETTLE_002943,CHECKOUT_COM,MERCH_0056,GBP,62.50,1.28,61.22,1,2026-02-03,SETTLED
SETTLE_002944,ADYEN,MERCH_0086,GBP,34.75,0.62,34.13,1,2026-03-27,SETTLED
SETTLE_002945,CHECKOUT_COM,MERCH_0019,USD,39.80,1.12,38.68,1,2026-03-26,SETTLED
SETTLE_002946,PAYPAL,MERCH_0021,INR,3999.00,49.99,3949.01,1,2026-02-22,SETTLED
SETTLE_002947,CHECKOUT_COM,MERCH_0059,CAD,16.75,0.62,16.13,1,2026-03-30,SETTLED
SETTLE_002948,ADYEN,MERCH_0070,EUR,440.95,1.69,439.26,1,2026-02-02,SETTLED
SETTLE_002949,CHECKOUT_COM,MERCH_0084,CAD,68.00,1.85,66.15,1,2026-02-02,SETTLED
SETTLE_002950,STRIPE,MERCH_0056,CAD,642.80,18.94,623.86,2,2026-02-28,SETTLED
SETTLE_002951,ADYEN,MERCH_0032,USD,499.80,10.62,489.18,1,2026-01-25,SETTLED
SETTLE_002952,STRIPE,MERCH_0089,GBP,157.49,3.19,154.30,1,2026-04-01,SETTLED
SETTLE_002953,PAYPAL,MERCH_0027,GBP,55.80,1.92,53.88,1,2026-03-29,SETTLED
SETTLE_002954,CHECKOUT_COM,MERCH_0041,EUR,108.50,2.02,106.48,1,2026-01-26,SETTLED
SETTLE_002955,ADYEN,MERCH_0077,EUR,500.80,7.12,493.68,1,2026-01-28,SETTLED
SETTLE_002956,STRIPE,MERCH_0057,INR,2499.00,52.98,2446.02,1,2026-02-18,SETTLED
SETTLE_002957,ADYEN,MERCH_0068,USD,2134.99,44.95,2090.04,1,2026-03-21,SETTLED
SETTLE_002958,PAYPAL,MERCH_0034,EUR,70.25,2.64,67.61,1,2026-03-20,SETTLED
SETTLE_002959,CHECKOUT_COM,MERCH_0062,EUR,71.80,1.40,70.40,1,2026-02-17,SETTLED
SETTLE_002960,ADYEN,MERCH_0066,EUR,948.25,13.39,934.86,1,2026-02-14,SETTLED
SETTLE_002961,PAYPAL,MERCH_0043,USD,38.75,1.84,36.91,1,2026-02-19,SETTLED
SETTLE_002962,ADYEN,MERCH_0076,USD,529.99,11.25,518.74,1,2026-02-02,SETTLED
SETTLE_002963,PAYPAL,MERCH_0094,USD,38.75,1.84,36.91,1,2026-01-08,SETTLED
SETTLE_002964,STRIPE,MERCH_0030,USD,40.25,0.85,39.40,1,2026-03-29,SETTLED
SETTLE_002965,PAYPAL,MERCH_0075,USD,1291.25,45.55,1245.70,1,2026-01-04,SETTLED
SETTLE_002966,CHECKOUT_COM,MERCH_0068,EUR,597.99,10.35,587.64,1,2026-02-25,SETTLED
SETTLE_002967,CHECKOUT_COM,MERCH_0032,EUR,80.80,1.55,79.25,1,2026-02-28,SETTLED
SETTLE_002968,PAYPAL,MERCH_0004,INR,4999.00,58.49,4940.51,1,2026-02-19,SETTLED
SETTLE_002969,STRIPE,MERCH_0036,USD,490.80,7.61,483.19,1,2026-03-07,SETTLED
SETTLE_002970,STRIPE,MERCH_0057,GBP,232.50,4.62,227.88,1,2026-03-12,SETTLED
SETTLE_002971,PAYPAL,MERCH_0031,EUR,440.95,14.50,426.45,1,2026-02-03,SETTLED
SETTLE_002972,CHECKOUT_COM,MERCH_0041,GBP,55.80,1.15,54.65,1,2026-02-28,SETTLED
SETTLE_002973,STRIPE,MERCH_0065,USD,55.80,1.92,53.88,1,2026-01-31,SETTLED
SETTLE_002974,PAYPAL,MERCH_0026,EUR,42.80,1.76,41.04,2,2026-02-04,SETTLED
SETTLE_002975,PAYPAL,MERCH_0025,EUR,147.25,5.10,142.15,1,2026-02-11,SETTLED
SETTLE_002976,CHECKOUT_COM,MERCH_0071,USD,268.00,6.36,261.64,1,2026-02-25,SETTLED
SETTLE_002977,STRIPE,MERCH_0073,EUR,36.49,0.38,36.11,1,2026-03-18,SETTLED
SETTLE_002978,ADYEN,MERCH_0031,GBP,622.75,9.44,613.31,1,2026-03-27,SETTLED
SETTLE_002979,ADYEN,MERCH_0088,GBP,246.49,3.80,242.69,1,2026-01-22,SETTLED
SETTLE_002980,CHECKOUT_COM,MERCH_0006,EUR,2084.99,35.62,2049.37,1,2026-02-17,SETTLED
SETTLE_002981,PAYPAL,MERCH_0013,GBP,214.80,6.53,208.27,1,2026-02-02,SETTLED
SETTLE_002982,PAYPAL,MERCH_0089,EUR,55.49,2.17,53.32,1,2026-03-06,SETTLED
SETTLE_002983,ADYEN,MERCH_0044,USD,233.99,5.03,228.96,1,2026-02-20,SETTLED
SETTLE_002984,CHECKOUT_COM,MERCH_0048,USD,200.95,4.82,196.13,1,2026-03-19,SETTLED
SETTLE_002985,ADYEN,MERCH_0099,USD,528.99,6.45,522.54,1,2026-01-10,SETTLED
SETTLE_002986,PAYPAL,MERCH_0036,GBP,20.99,0.91,20.08,1,2026-03-07,SETTLED
SETTLE_002987,STRIPE,MERCH_0083,EUR,104.50,0.72,103.78,1,2026-02-28,SETTLED
SETTLE_002988,ADYEN,MERCH_0040,USD,59.75,1.37,58.38,1,2026-03-19,SETTLED
SETTLE_002989,CHECKOUT_COM,MERCH_0029,GBP,579.75,10.59,569.16,1,2026-01-22,SETTLED
SETTLE_002990,STRIPE,MERCH_0099,EUR,43.80,1.08,42.72,1,2026-04-01,SETTLED
SETTLE_002991,PAYPAL,MERCH_0052,EUR,128.50,4.50,124.00,1,2026-03-08,SETTLED
SETTLE_002992,CHECKOUT_COM,MERCH_0090,GBP,250.25,4.65,245.60,1,2026-03-27,SETTLED
SETTLE_002993,PAYPAL,MERCH_0015,USD,78.80,3.24,75.56,1,2026-01-07,SETTLED
SETTLE_002994,CHECKOUT_COM,MERCH_0053,GBP,17.49,0.46,17.03,1,2026-03-31,SETTLED
SETTLE_002995,STRIPE,MERCH_0078,GBP,27.49,0.72,26.77,1,2026-03-09,SETTLED
SETTLE_002996,STRIPE,MERCH_0020,INR,799.00,18.98,780.02,1,2026-02-13,SETTLED
SETTLE_002997,CHECKOUT_COM,MERCH_0052,USD,35.25,1.01,34.24,1,2026-02-19,SETTLED
SETTLE_002998,CHECKOUT_COM,MERCH_0082,USD,22.95,0.57,22.38,1,2026-02-01,SETTLED
SETTLE_002999,ADYEN,MERCH_0030,USD,69.80,0.94,68.86,1,2026-01-11,SETTLED
SETTLE_003000,STRIPE,MERCH_0099,USD,48.25,0.64,47.61,1,2026-02-14,SETTLED
SETTLE_003001,PAYPAL,MERCH_0034,INR,9999.00,118.49,9880.51,1,2026-02-04,SETTLED
SETTLE_003002,PAYPAL,MERCH_0033,INR,999.00,13.99,985.01,1,2026-03-07,SETTLED
SETTLE_003003,ADYEN,MERCH_0077,GBP,39.50,3.19,36.31,1,2026-02-18,SETTLED
SETTLE_003004,STRIPE,MERCH_0042,GBP,83.80,1.79,82.01,1,2026-02-01,SETTLED
SETTLE_003005,STRIPE,MERCH_0056,INR,799.00,0.00,799.00,1,2026-03-25,SETTLED
SETTLE_003006,ADYEN,MERCH_0037,EUR,40.99,0.68,40.31,1,2026-02-02,SETTLED
SETTLE_003007,ADYEN,MERCH_0069,EUR,16.99,0.35,16.64,1,2026-01-14,SETTLED
SETTLE_003008,CHECKOUT_COM,MERCH_0099,EUR,66.99,1.32,65.67,1,2026-03-27,SETTLED
SETTLE_003009,STRIPE,MERCH_0083,GBP,563.00,10.90,552.10,1,2026-04-01,SETTLED
SETTLE_003010,PAYPAL,MERCH_0005,EUR,188.75,6.43,182.32,1,2026-03-07,SETTLED
SETTLE_003011,STRIPE,MERCH_0058,EUR,72.25,0.56,71.69,1,2026-01-26,SETTLED
SETTLE_003012,STRIPE,MERCH_0065,EUR,631.95,12.26,619.69,1,2026-03-26,SETTLED
SETTLE_003013,PAYPAL,MERCH_0074,EUR,287.75,9.60,278.15,1,2026-01-28,SETTLED
SETTLE_003014,PAYPAL,MERCH_0053,EUR,2004.00,64.52,1939.48,1,2026-01-27,SETTLED
SETTLE_003015,STRIPE,MERCH_0098,CAD,41.49,1.50,39.99,1,2026-01-05,SETTLED
SETTLE_003017,ADYEN,MERCH_0003,EUR,92.95,0.48,92.47,1,2026-02-09,SETTLED
SETTLE_003018,CHECKOUT_COM,MERCH_0016,CAD,945.99,22.92,923.07,1,2026-01-23,SETTLED
SETTLE_003019,STRIPE,MERCH_0047,INR,1999.00,0.00,1999.00,1,2026-01-26,SETTLED
SETTLE_003020,STRIPE,MERCH_0002,GBP,442.75,8.61,434.14,1,2026-02-12,SETTLED
SETTLE_003021,STRIPE,MERCH_0084,EUR,2676.95,13.58,2663.37,1,2026-03-21,SETTLED
SETTLE_003022,STRIPE,MERCH_0014,EUR,1057.25,5.49,1051.76,1,2026-03-10,SETTLED
SETTLE_003023,CHECKOUT_COM,MERCH_0017,CAD,56.95,1.59,55.36,1,2026-01-08,SETTLED
SETTLE_003024,PAYPAL,MERCH_0051,EUR,76.49,2.84,73.65,1,2026-03-12,SETTLED
SETTLE_003025,CHECKOUT_COM,MERCH_0054,GBP,176.75,3.33,173.42,1,2026-01-07,SETTLED
SETTLE_003026,CHECKOUT_COM,MERCH_0006,EUR,73.75,1.43,72.32,1,2026-01-24,SETTLED
SETTLE_003028,STRIPE,MERCH_0051,USD,1816.50,52.98,1763.52,1,2026-02-18,SETTLED
SETTLE_003029,CHECKOUT_COM,MERCH_0067,CAD,36.50,1.10,35.40,1,2026-03-25,SETTLED
SETTLE_003030,STRIPE,MERCH_0020,CAD,73.50,2.43,71.07,1,2026-03-19,SETTLED
SETTLE_003031,PAYPAL,MERCH_0038,INR,4999.00,61.99,4937.01,1,2026-03-08,SETTLED
SETTLE_003032,CHECKOUT_COM,MERCH_0031,GBP,450.25,8.25,442.00,1,2026-02-20,SETTLED
SETTLE_003033,STRIPE,MERCH_0061,INR,999.00,0.00,999.00,1,2026-01-19,SETTLED
SETTLE_003034,PAYPAL,MERCH_0045,GBP,367.99,18.47,349.52,1,2026-03-05,SETTLED
SETTLE_003035,CHECKOUT_COM,MERCH_0005,EUR,3178.80,54.22,3124.58,1,2026-03-28,SETTLED
SETTLE_003036,STRIPE,MERCH_0019,USD,593.75,5.00,588.75,1,2026-03-04,SETTLED
SETTLE_003038,STRIPE,MERCH_0012,CAD,70.99,2.36,68.63,1,2026-04-01,SETTLED
SETTLE_003039,STRIPE,MERCH_0010,INR,2499.00,0.00,2499.00,1,2026-03-15,SETTLED
SETTLE_003040,CHECKOUT_COM,MERCH_0038,GBP,15.50,0.43,15.07,1,2026-03-31,SETTLED
SETTLE_003041,STRIPE,MERCH_0041,INR,1999.00,0.00,1999.00,1,2026-04-01,SETTLED
SETTLE_003042,STRIPE,MERCH_0071,USD,421.00,12.51,408.49,1,2026-03-01,SETTLED
SETTLE_003043,PAYPAL,MERCH_0054,EUR,70.99,2.66,68.33,1,2026-02-06,SETTLED
SETTLE_003044,STRIPE,MERCH_0084,GBP,181.25,3.64,177.61,1,2026-01-16,SETTLED
SETTLE_003045,STRIPE,MERCH_0022,GBP,72.75,1.58,71.17,1,2026-02-27,SETTLED
SETTLE_003046,ADYEN,MERCH_0061,USD,78.75,1.05,77.70,1,2026-02-19,SETTLED
SETTLE_003047,CHECKOUT_COM,MERCH_0051,CAD,2791.80,67.22,2724.58,1,2026-02-02,SETTLED
SETTLE_003048,STRIPE,MERCH_0094,INR,4011.50,83.23,3928.27,1,2026-03-27,SETTLED
SETTLE_003049,STRIPE,MERCH_0021,GBP,593.95,11.49,582.46,1,2026-01-13,SETTLED
SETTLE_003050,STRIPE,MERCH_0010,USD,1731.80,14.10,1717.70,1,2026-02-14,SETTLED
SETTLE_003051,ADYEN,MERCH_0042,USD,568.00,6.92,561.08,1,2026-03-31,SETTLED
SETTLE_003052,ADYEN,MERCH_0016,EUR,477.49,1.82,475.67,1,2026-02-19,SETTLED
SETTLE_003053,STRIPE,MERCH_0087,CAD,3373.75,98.14,3275.61,1,2026-02-15,SETTLED
SETTLE_003054,CHECKOUT_COM,MERCH_0004,EUR,69.25,1.36,67.89,1,2026-02-02,SETTLED
SETTLE_003055,STRIPE,MERCH_0086,EUR,529.25,2.85,526.40,1,2026-01-30,SETTLED
SETTLE_003056,STRIPE,MERCH_0054,INR,1499.00,0.00,1499.00,1,2026-01-22,SETTLED
SETTLE_003057,ADYEN,MERCH_0041,EUR,33.25,0.27,32.98,1,2026-03-07,SETTLED
SETTLE_003058,STRIPE,MERCH_0017,USD,1722.25,14.03,1708.22,1,2026-03-20,SETTLED
SETTLE_003059,STRIPE,MERCH_0081,EUR,69.75,0.55,69.20,2,2026-03-02,SETTLED
SETTLE_003060,STRIPE,MERCH_0033,INR,2499.00,52.98,2446.02,1,2026-01-20,SETTLED
SETTLE_003061,ADYEN,MERCH_0056,USD,42.95,0.62,42.33,1,2026-03-18,SETTLED
SETTLE_003062,STRIPE,MERCH_0055,EUR,2876.00,54.89,2821.11,1,2026-03-04,SETTLED
SETTLE_003063,ADYEN,MERCH_0074,EUR,44.00,0.30,43.70,1,2026-02-15,SETTLED
SETTLE_003064,CHECKOUT_COM,MERCH_0063,EUR,43.75,0.92,42.83,1,2026-03-24,SETTLED
SETTLE_003065,STRIPE,MERCH_0056,USD,595.49,9.18,586.31,1,2026-02-17,SETTLED
SETTLE_003066,ADYEN,MERCH_0086,USD,15.00,0.28,14.72,1,2026-03-20,SETTLED
SETTLE_003067,ADYEN,MERCH_0096,USD,569.25,6.93,562.32,1,2026-02-21,SETTLED
SETTLE_003068,PAYPAL,MERCH_0003,USD,299.00,5.59,293.41,1,2026-03-13,SETTLED
SETTLE_003069,STRIPE,MERCH_0035,EUR,21.25,0.31,20.94,1,2026-03-14,SETTLED
SETTLE_003070,PAYPAL,MERCH_0082,EUR,795.99,25.86,770.13,1,2026-01-11,SETTLED
SETTLE_003071,CHECKOUT_COM,MERCH_0066,GBP,40.00,0.87,39.13,1,2026-02-20,SETTLED
SETTLE_003072,CHECKOUT_COM,MERCH_0078,GBP,245.50,4.57,240.93,1,2026-03-28,SETTLED
SETTLE_003073,STRIPE,MERCH_0045,CAD,2407.99,70.13,2337.86,1,2026-03-23,SETTLED
SETTLE_003074,STRIPE,MERCH_0025,GBP,587.80,11.37,576.43,1,2026-03-20,SETTLED
SETTLE_003075,STRIPE,MERCH_0090,INR,499.00,0.00,499.00,1,2026-03-27,SETTLED
SETTLE_003076,PAYPAL,MERCH_0024,USD,1719.75,55.42,1664.33,1,2026-02-13,SETTLED
SETTLE_003077,ADYEN,MERCH_0091,USD,3379.00,40.65,3338.35,1,2026-01-16,SETTLED
SETTLE_003078,PAYPAL,MERCH_0047,INR,3999.00,49.99,3949.01,1,2026-03-10,SETTLED
SETTLE_003079,STRIPE,MERCH_0038,CAD,545.80,16.13,529.67,2,2026-02-18,SETTLED
SETTLE_003080,STRIPE,MERCH_0017,USD,28.75,0.48,28.27,1,2026-01-16,SETTLED
SETTLE_003081,CHECKOUT_COM,MERCH_0007,EUR,20.99,0.54,20.45,1,2026-01-05,SETTLED
SETTLE_003082,STRIPE,MERCH_0092,CAD,210.50,6.40,204.10,1,2026-01-18,SETTLED
SETTLE_003083,ADYEN,MERCH_0032,USD,53.80,0.75,53.05,1,2026-03-16,SETTLED
SETTLE_003084,CHECKOUT_COM,MERCH_0002,GBP,1491.80,27.00,1464.80,1,2026-02-05,SETTLED
SETTLE_003085,STRIPE,MERCH_0055,EUR,609.25,3.25,606.00,1,2026-01-20,SETTLED
SETTLE_003086,STRIPE,MERCH_0048,INR,3999.00,82.98,3916.02,2,2026-03-03,SETTLED
SETTLE_003087,CHECKOUT_COM,MERCH_0070,USD,2443.95,56.41,2387.54,1,2026-01-21,SETTLED
SETTLE_003088,STRIPE,MERCH_0029,USD,486.95,7.55,479.40,1,2026-02-14,SETTLED
SETTLE_003089,CHECKOUT_COM,MERCH_0004,EUR,44.00,0.93,43.07,1,2026-03-26,SETTLED
SETTLE_003090,STRIPE,MERCH_0027,EUR,109.49,2.33,107.16,1,2026-02-24,SETTLED
SETTLE_003091,CHECKOUT_COM,MERCH_0008,GBP,647.95,11.81,636.14,1,2026-03-14,SETTLED
SETTLE_003092,ADYEN,MERCH_0029,EUR,183.25,2.68,180.57,1,2026-01-09,SETTLED
SETTLE_003094,STRIPE,MERCH_0098,EUR,176.49,3.60,172.89,1,2026-01-11,SETTLED
SETTLE_003095,STRIPE,MERCH_0077,CAD,342.49,10.23,332.26,1,2026-02-18,SETTLED
SETTLE_003096,STRIPE,MERCH_0060,CAD,297.80,8.94,288.86,1,2026-03-18,SETTLED
SETTLE_003097,STRIPE,MERCH_0037,EUR,179.00,1.09,177.91,1,2026-02-21,SETTLED
SETTLE_003099,STRIPE,MERCH_0099,EUR,43.00,0.42,42.58,1,2026-02-03,SETTLED
SETTLE_003100,STRIPE,MERCH_0004,USD,104.99,1.82,103.17,1,2026-01-17,SETTLED
SETTLE_003101,ADYEN,MERCH_0013,GBP,70.95,1.16,69.79,1,2026-03-02,SETTLED
SETTLE_003102,STRIPE,MERCH_0034,USD,61.99,1.18,60.81,1,2026-01-20,SETTLED
SETTLE_003103,STRIPE,MERCH_0036,GBP,65.00,2.93,62.07,1,2026-02-26,SETTLED
SETTLE_003104,STRIPE,MERCH_0010,INR,1499.00,0.00,1499.00,2,2026-03-29,SETTLED
SETTLE_003105,STRIPE,MERCH_0003,INR,2499.00,0.00,2499.00,1,2026-01-09,SETTLED
SETTLE_003106,ADYEN,MERCH_0002,USD,67.00,1.53,65.47,1,2026-03-29,SETTLED
SETTLE_003107,CHECKOUT_COM,MERCH_0068,GBP,61.80,1.26,60.54,1,2026-01-31,SETTLED
SETTLE_003108,ADYEN,MERCH_0051,USD,166.80,2.10,164.70,1,2026-01-15,SETTLED
SETTLE_003109,STRIPE,MERCH_0011,EUR,190.50,3.87,186.63,1,2026-02-20,SETTLED
SETTLE_003110,STRIPE,MERCH_0008,EUR,104.99,2.24,102.75,1,2026-03-08,SETTLED
SETTLE_003111,STRIPE,MERCH_0010,USD,573.25,4.84,568.41,1,2026-01-27,SETTLED
SETTLE_003112,STRIPE,MERCH_0081,INR,999.00,22.98,976.02,1,2026-03-10,SETTLED
SETTLE_003113,ADYEN,MERCH_0021,EUR,391.49,1.52,389.97,1,2026-02-01,SETTLED
SETTLE_003114,STRIPE,MERCH_0098,GBP,167.95,3.39,164.56,1,2026-03-02,SETTLED
SETTLE_003115,CHECKOUT_COM,MERCH_0012,USD,50.50,1.36,49.14,1,2026-03-27,SETTLED
SETTLE_003116,STRIPE,MERCH_0059,USD,1877.95,15.27,1862.68,2,2026-02-27,SETTLED
SETTLE_003117,CHECKOUT_COM,MERCH_0040,GBP,1612.95,29.18,1583.77,1,2026-02-04,SETTLED
SETTLE_003118,CHECKOUT_COM,MERCH_0072,EUR,569.75,9.87,559.88,1,2026-03-05,SETTLED
SETTLE_003119,ADYEN,MERCH_0058,USD,33.75,0.51,33.24,1,2026-01-06,SETTLED
SETTLE_003120,CHECKOUT_COM,MERCH_0016,GBP,70.80,1.42,69.38,1,2026-01-14,SETTLED
SETTLE_003121,STRIPE,MERCH_0089,EUR,1321.75,25.36,1296.39,1,2026-02-28,SETTLED
SETTLE_003122,PAYPAL,MERCH_0015,USD,96.80,3.87,92.93,1,2026-02-13,SETTLED
SETTLE_003123,PAYPAL,MERCH_0074,GBP,627.99,18.51,609.48,1,2026-01-04,SETTLED
SETTLE_003124,STRIPE,MERCH_0085,INR,4049.00,0.00,4049.00,1,2026-03-26,SETTLED
SETTLE_003125,ADYEN,MERCH_0060,EUR,449.00,6.40,442.60,1,2026-01-15,SETTLED
SETTLE_003126,CHECKOUT_COM,MERCH_0082,USD,314.99,7.44,307.55,1,2026-02-02,SETTLED
SETTLE_003127,ADYEN,MERCH_0046,USD,67.80,0.91,66.89,1,2026-03-14,SETTLED
SETTLE_003128,PAYPAL,MERCH_0001,USD,691.99,24.64,667.35,1,2026-01-04,SETTLED
SETTLE_003129,ADYEN,MERCH_0068,EUR,650.99,2.43,648.56,2,2026-02-17,SETTLED
SETTLE_003130,ADYEN,MERCH_0095,EUR,69.00,0.39,68.61,1,2026-03-22,SETTLED
SETTLE_003131,CHECKOUT_COM,MERCH_0056,GBP,373.50,6.87,366.63,1,2026-01-27,SETTLED
SETTLE_003132,STRIPE,MERCH_0078,EUR,126.25,2.65,123.60,1,2026-03-21,SETTLED
SETTLE_003133,ADYEN,MERCH_0036,GBP,147.95,2.32,145.63,1,2026-01-12,SETTLED
SETTLE_003134,STRIPE,MERCH_0003,GBP,433.99,8.45,425.54,1,2026-03-21,SETTLED
SETTLE_003135,PAYPAL,MERCH_0068,EUR,76.50,2.84,73.66,1,2026-02-17,SETTLED
SETTLE_003136,PAYPAL,MERCH_0028,USD,76.00,3.14,72.86,1,2026-03-23,SETTLED
SETTLE_003137,CHECKOUT_COM,MERCH_0080,GBP,63.00,1.28,61.72,1,2026-01-11,SETTLED
SETTLE_003138,ADYEN,MERCH_0083,USD,812.25,17.18,795.07,1,2026-02-26,SETTLED
SETTLE_003139,STRIPE,MERCH_0060,EUR,446.95,8.74,438.21,1,2026-03-31,SETTLED
SETTLE_003140,STRIPE,MERCH_0025,USD,475.99,7.39,468.60,1,2026-02-25,SETTLED
SETTLE_003141,STRIPE,MERCH_0028,GBP,446.75,13.26,433.49,1,2026-01-30,SETTLED
SETTLE_003142,CHECKOUT_COM,MERCH_0032,EUR,56.75,1.14,55.61,1,2026-03-13,SETTLED
SETTLE_003143,PAYPAL,MERCH_0088,USD,491.75,17.65,474.10,1,2026-02-15,SETTLED
SETTLE_003144,PAYPAL,MERCH_0021,EUR,54.50,2.13,52.37,1,2026-02-14,SETTLED
SETTLE_003145,CHECKOUT_COM,MERCH_0019,USD,327.80,7.74,320.06,1,2026-02-25,SETTLED
SETTLE_003146,CHECKOUT_COM,MERCH_0011,CAD,599.25,14.60,584.65,1,2026-03-26,SETTLED
SETTLE_003147,ADYEN,MERCH_0038,EUR,471.50,1.80,469.70,1,2026-02-14,SETTLED
SETTLE_003148,PAYPAL,MERCH_0063,INR,799.00,11.59,787.41,1,2026-01-09,SETTLED
SETTLE_003149,STRIPE,MERCH_0059,USD,367.50,3.19,364.31,1,2026-02-26,SETTLED
SETTLE_003150,CHECKOUT_COM,MERCH_0024,USD,65.49,1.71,63.78,1,2026-02-06,SETTLED
SETTLE_003151,STRIPE,MERCH_0075,CAD,112.49,3.56,108.93,1,2026-02-07,SETTLED
SETTLE_003152,STRIPE,MERCH_0051,INR,999.00,19.48,979.52,1,2026-03-25,SETTLED
SETTLE_003153,STRIPE,MERCH_0036,USD,18.80,0.40,18.40,1,2026-01-20,SETTLED
SETTLE_003154,CHECKOUT_COM,MERCH_0091,USD,76.75,1.97,74.78,1,2026-01-23,SETTLED
SETTLE_003155,STRIPE,MERCH_0013,GBP,35.25,0.87,34.38,1,2026-02-26,SETTLED
SETTLE_003157,CHECKOUT_COM,MERCH_0035,GBP,563.00,10.28,552.72,1,2026-02-04,SETTLED
SETTLE_003158,STRIPE,MERCH_0039,USD,152.99,1.47,151.52,1,2026-01-07,SETTLED
SETTLE_003159,PAYPAL,MERCH_0020,EUR,361.75,11.97,349.78,1,2026-02-10,SETTLED
SETTLE_003160,CHECKOUT_COM,MERCH_0007,CAD,55.99,1.56,54.43,1,2026-01-27,SETTLED
SETTLE_003161,STRIPE,MERCH_0040,INR,2499.00,0.00,2499.00,1,2026-03-27,SETTLED
SETTLE_003162,STRIPE,MERCH_0100,INR,4999.00,0.00,4999.00,1,2026-02-04,SETTLED
SETTLE_003163,CHECKOUT_COM,MERCH_0049,GBP,2975.00,53.70,2921.30,1,2026-02-07,SETTLED
SETTLE_003165,STRIPE,MERCH_0039,EUR,595.95,3.18,592.77,1,2026-03-15,SETTLED
SETTLE_003166,STRIPE,MERCH_0090,USD,30.49,0.71,29.78,1,2026-03-25,SETTLED
SETTLE_003167,PAYPAL,MERCH_0053,EUR,46.30,1.87,44.43,1,2026-01-26,SETTLED
SETTLE_003168,ADYEN,MERCH_0020,EUR,121.49,0.58,120.91,1,2026-02-14,SETTLED
SETTLE_003169,STRIPE,MERCH_0047,EUR,559.75,3.00,556.75,1,2026-02-17,SETTLED
SETTLE_003170,CHECKOUT_COM,MERCH_0033,USD,18.49,5.63,12.86,1,2026-03-27,SETTLED
SETTLE_003171,CHECKOUT_COM,MERCH_0097,GBP,72.00,1.45,70.55,1,2026-03-12,SETTLED
SETTLE_003172,ADYEN,MERCH_0048,GBP,519.49,7.89,511.60,1,2026-02-15,SETTLED
SETTLE_003173,STRIPE,MERCH_0063,USD,262.50,2.35,260.15,1,2026-03-10,SETTLED
SETTLE_003174,PAYPAL,MERCH_0027,USD,35.50,1.73,33.77,1,2026-03-04,SETTLED
SETTLE_003175,CHECKOUT_COM,MERCH_0029,USD,136.95,3.35,133.60,1,2026-02-12,SETTLED
SETTLE_003176,PAYPAL,MERCH_0099,USD,557.95,19.96,537.99,1,2026-02-04,SETTLED
SETTLE_003177,STRIPE,MERCH_0070,GBP,66.50,1.46,65.04,1,2026-01-11,SETTLED
SETTLE_003178,STRIPE,MERCH_0072,EUR,120.99,0.80,120.19,1,2026-01-06,SETTLED
SETTLE_003179,STRIPE,MERCH_0095,INR,549.00,13.98,535.02,1,2026-03-13,SETTLED
SETTLE_003180,CHECKOUT_COM,MERCH_0041,USD,527.25,12.33,514.92,1,2026-02-09,SETTLED
SETTLE_003181,STRIPE,MERCH_0070,CAD,873.25,25.62,847.63,1,2026-04-02,SETTLED
SETTLE_003182,STRIPE,MERCH_0025,USD,50.50,1.01,49.49,1,2026-03-21,SETTLED
SETTLE_003183,PAYPAL,MERCH_0079,EUR,555.80,18.18,537.62,1,2026-01-04,SETTLED
SETTLE_003184,ADYEN,MERCH_0069,USD,133.49,2.92,130.57,1,2026-03-05,SETTLED
SETTLE_003185,STRIPE,MERCH_0038,EUR,299.00,8.98,290.02,1,2026-01-30,SETTLED
SETTLE_003186,CHECKOUT_COM,MERCH_0084,GBP,2223.80,40.18,2183.62,1,2026-01-02,SETTLED
SETTLE_003187,PAYPAL,MERCH_0037,EUR,403.00,13.29,389.71,1,2026-03-29,SETTLED
SETTLE_003188,CHECKOUT_COM,MERCH_0061,EUR,73.00,1.42,71.58,2,2026-01-14,SETTLED
SETTLE_003189,STRIPE,MERCH_0042,EUR,2011.99,38.48,1973.51,1,2026-03-30,SETTLED
SETTLE_003190,STRIPE,MERCH_0024,USD,36.25,1.35,34.90,1,2026-02-01,SETTLED
SETTLE_003191,STRIPE,MERCH_0045,GBP,32.00,0.81,31.19,1,2026-01-24,SETTLED
SETTLE_003192,STRIPE,MERCH_0015,GBP,175.95,3.54,172.41,1,2026-02-03,SETTLED
SETTLE_003193,STRIPE,MERCH_0002,CAD,3252.49,94.62,3157.87,1,2026-01-14,SETTLED
SETTLE_003194,STRIPE,MERCH_0038,USD,123.00,3.87,119.13,1,2026-01-14,SETTLED
SETTLE_003195,STRIPE,MERCH_0075,CAD,238.75,7.22,231.53,1,2026-04-01,SETTLED
SETTLE_003196,PAYPAL,MERCH_0072,USD,604.95,21.60,583.35,1,2026-03-30,SETTLED
SETTLE_003197,ADYEN,MERCH_0073,EUR,3119.50,43.78,3075.72,1,2026-03-08,SETTLED
SETTLE_003198,STRIPE,MERCH_0053,USD,30.50,0.49,30.01,1,2026-02-13,SETTLED
SETTLE_003199,ADYEN,MERCH_0012,USD,521.49,6.36,515.13,1,2026-03-05,SETTLED
SETTLE_003200,PAYPAL,MERCH_0027,INR,499.00,7.99,491.01,1,2026-02-05,SETTLED
SETTLE_003201,STRIPE,MERCH_0054,EUR,55.99,1.31,54.68,1,2026-03-17,SETTLED
SETTLE_003202,CHECKOUT_COM,MERCH_0080,EUR,326.25,5.73,320.52,1,2026-02-27,SETTLED
SETTLE_003203,STRIPE,MERCH_0036,CAD,611.75,18.04,593.71,1,2026-03-22,SETTLED
SETTLE_003204,STRIPE,MERCH_0001,USD,345.50,10.32,335.18,1,2026-02-02,SETTLED
SETTLE_003205,CHECKOUT_COM,MERCH_0056,CAD,592.95,14.45,578.50,1,2026-02-12,SETTLED
SETTLE_003206,CHECKOUT_COM,MERCH_0041,CAD,1480.25,35.75,1444.50,1,2026-03-14,SETTLED
SETTLE_003207,CHECKOUT_COM,MERCH_0025,GBP,20.50,0.52,19.98,1,2026-01-07,SETTLED
SETTLE_003208,STRIPE,MERCH_0038,USD,65.80,1.24,64.56,1,2026-02-19,SETTLED
SETTLE_003209,STRIPE,MERCH_0081,CAD,259.25,7.82,251.43,1,2026-03-24,SETTLED
SETTLE_003210,ADYEN,MERCH_0002,EUR,1304.49,4.72,1299.77,1,2026-02-08,SETTLED
SETTLE_003211,STRIPE,MERCH_0022,INR,1999.00,0.00,1999.00,1,2026-03-08,SETTLED
SETTLE_003212,PAYPAL,MERCH_0077,GBP,73.95,2.44,71.51,1,2026-01-17,SETTLED
SETTLE_003213,CHECKOUT_COM,MERCH_0068,GBP,435.00,7.98,427.02,1,2026-01-28,SETTLED
SETTLE_003214,STRIPE,MERCH_0035,CAD,406.95,12.10,394.85,1,2026-01-26,SETTLED
SETTLE_003215,STRIPE,MERCH_0008,CAD,597.49,17.63,579.86,2,2026-01-12,SETTLED
SETTLE_003216,PAYPAL,MERCH_0041,USD,391.80,14.16,377.64,1,2026-03-29,SETTLED
SETTLE_003217,STRIPE,MERCH_0072,CAD,423.80,12.59,411.21,1,2026-03-25,SETTLED
SETTLE_003218,CHECKOUT_COM,MERCH_0054,EUR,25.00,0.60,24.40,1,2026-02-22,SETTLED
SETTLE_003219,STRIPE,MERCH_0031,USD,203.95,1.88,202.07,1,2026-01-21,SETTLED
SETTLE_003220,PAYPAL,MERCH_0035,EUR,1683.95,54.28,1629.67,1,2026-03-01,SETTLED
SETTLE_003221,STRIPE,MERCH_0058,USD,570.99,8.81,562.18,1,2026-03-13,SETTLED
SETTLE_003222,STRIPE,MERCH_0002,INR,1499.00,0.00,1499.00,1,2026-02-21,SETTLED
SETTLE_003223,STRIPE,MERCH_0038,EUR,578.49,3.09,575.40,1,2026-02-08,SETTLED
SETTLE_003224,ADYEN,MERCH_0041,USD,69.50,1.58,67.92,1,2026-03-07,SETTLED
SETTLE_003225,STRIPE,MERCH_0078,GBP,2371.50,45.26,2326.24,1,2026-02-16,SETTLED
SETTLE_003226,STRIPE,MERCH_0013,INR,999.00,0.00,999.00,1,2026-03-18,SETTLED
SETTLE_003227,STRIPE,MERCH_0079,CAD,60.25,2.05,58.20,1,2026-03-21,SETTLED
SETTLE_003228,ADYEN,MERCH_0073,GBP,61.49,1.02,60.47,1,2026-03-30,SETTLED
SETTLE_003229,CHECKOUT_COM,MERCH_0072,EUR,245.49,4.35,241.14,1,2026-01-21,SETTLED
SETTLE_003231,ADYEN,MERCH_0075,USD,166.00,3.61,162.39,1,2026-01-09,SETTLED
SETTLE_003232,ADYEN,MERCH_0046,USD,54.95,0.76,54.19,1,2026-03-28,SETTLED
SETTLE_003233,ADYEN,MERCH_0067,EUR,583.50,2.19,581.31,1,2026-03-26,SETTLED
SETTLE_003234,PAYPAL,MERCH_0024,INR,15000.00,182.00,14818.00,1,2026-02-04,SETTLED
SETTLE_003235,ADYEN,MERCH_0014,EUR,189.25,2.76,186.49,1,2026-02-09,SETTLED
SETTLE_003236,STRIPE,MERCH_0097,EUR,47.80,1.16,46.64,1,2026-03-27,SETTLED
SETTLE_003237,STRIPE,MERCH_0053,EUR,1704.80,8.72,1696.08,1,2026-01-19,SETTLED
SETTLE_003238,ADYEN,MERCH_0087,USD,77.75,1.03,76.72,1,2026-01-08,SETTLED
SETTLE_003239,ADYEN,MERCH_0002,EUR,78.99,1.22,77.77,1,2026-02-20,SETTLED
SETTLE_003240,STRIPE,MERCH_0073,INR,14970.00,0.00,14970.00,1,2026-01-08,SETTLED
SETTLE_003241,STRIPE,MERCH_0007,INR,299.00,0.00,299.00,1,2026-02-10,SETTLED
SETTLE_003242,PAYPAL,MERCH_0091,GBP,33.95,1.28,32.67,1,2026-01-30,SETTLED
SETTLE_003243,STRIPE,MERCH_0064,USD,2586.95,39.05,2547.90,1,2026-03-28,SETTLED
SETTLE_003244,CHECKOUT_COM,MERCH_0062,CAD,383.75,9.43,374.32,1,2026-03-19,SETTLED
SETTLE_003245,STRIPE,MERCH_0081,USD,379.80,5.95,373.85,1,2026-01-04,SETTLED
SETTLE_003246,STRIPE,MERCH_0049,USD,514.50,10.03,504.47,1,2026-01-15,SETTLED
SETTLE_003247,STRIPE,MERCH_0037,USD,61.00,0.74,60.26,1,2026-02-28,SETTLED
SETTLE_003248,STRIPE,MERCH_0099,INR,1499.00,0.00,1499.00,1,2026-03-15,SETTLED
SETTLE_003250,STRIPE,MERCH_0084,INR,9999.00,202.98,9796.02,1,2026-01-09,SETTLED
SETTLE_003251,ADYEN,MERCH_0070,USD,295.00,3.64,291.36,1,2026-03-26,SETTLED
SETTLE_003252,STRIPE,MERCH_0010,USD,34.50,0.53,33.97,1,2026-03-20,SETTLED
SETTLE_003253,CHECKOUT_COM,MERCH_0034,CAD,547.75,13.37,534.38,1,2026-02-25,SETTLED
SETTLE_003254,STRIPE,MERCH_0004,USD,2227.25,64.89,2162.36,1,2026-03-05,SETTLED
SETTLE_003255,PAYPAL,MERCH_0023,INR,799.00,11.59,787.41,1,2026-03-12,SETTLED
SETTLE_003256,STRIPE,MERCH_0078,INR,299.00,0.00,299.00,1,2026-01-07,SETTLED
SETTLE_003257,PAYPAL,MERCH_0064,GBP,526.75,15.58,511.17,1,2026-01-18,SETTLED
SETTLE_003258,STRIPE,MERCH_0047,EUR,2135.75,40.83,2094.92,1,2026-01-28,SETTLED
SETTLE_003259,PAYPAL,MERCH_0052,EUR,60.00,2.31,57.69,1,2026-03-15,SETTLED
SETTLE_003260,CHECKOUT_COM,MERCH_0062,GBP,2130.80,38.50,2092.30,1,2026-02-14,SETTLED
SETTLE_003261,STRIPE,MERCH_0010,INR,15000.00,303.00,14697.00,1,2026-02-27,SETTLED
SETTLE_003262,STRIPE,MERCH_0009,EUR,21.80,0.66,21.14,1,2026-03-16,SETTLED
SETTLE_003263,ADYEN,MERCH_0022,GBP,446.95,6.80,440.15,1,2026-02-22,SETTLED
SETTLE_003264,PAYPAL,MERCH_0042,GBP,2378.00,69.26,2308.74,1,2026-02-21,SETTLED
SETTLE_003265,STRIPE,MERCH_0064,CAD,559.50,16.53,542.97,1,2026-03-01,SETTLED
SETTLE_003266,STRIPE,MERCH_0087,GBP,80.50,1.73,78.77,1,2026-03-18,SETTLED
SETTLE_003267,PAYPAL,MERCH_0010,INR,999.00,13.99,985.01,1,2026-01-18,SETTLED
SETTLE_003268,STRIPE,MERCH_0058,EUR,1878.95,33.95,1845.00,1,2026-01-21,SETTLED
SETTLE_003269,PAYPAL,MERCH_0085,INR,799.00,11.59,787.41,1,2026-02-01,SETTLED
SETTLE_003270,STRIPE,MERCH_0001,EUR,157.80,0.99,156.81,1,2026-03-12,SETTLED
SETTLE_003271,ADYEN,MERCH_0001,USD,1290.49,15.59,1274.90,1,2026-01-08,SETTLED
SETTLE_003272,CHECKOUT_COM,MERCH_0012,USD,2604.50,56.60,2547.90,1,2026-02-13,SETTLED
SETTLE_003273,STRIPE,MERCH_0054,USD,551.25,8.41,542.84,1,2026-03-31,SETTLED
SETTLE_003274,STRIPE,MERCH_0092,INR,499.00,0.00,499.00,1,2026-01-25,SETTLED
SETTLE_003275,ADYEN,MERCH_0049,EUR,485.25,6.90,478.35,1,2026-02-16,SETTLED
SETTLE_003276,STRIPE,MERCH_0062,USD,56.99,1.10,55.89,1,2026-01-10,SETTLED
SETTLE_003277,ADYEN,MERCH_0079,GBP,77.50,1.26,76.24,1,2026-03-29,SETTLED
SETTLE_003278,CHECKOUT_COM,MERCH_0043,USD,93.75,2.36,91.39,1,2026-03-25,SETTLED
SETTLE_003279,CHECKOUT_COM,MERCH_0001,CAD,508.49,12.42,496.07,1,2026-03-12,SETTLED
SETTLE_003280,STRIPE,MERCH_0046,EUR,205.00,4.14,200.86,1,2026-02-17,SETTLED
SETTLE_003281,STRIPE,MERCH_0008,USD,173.95,2.86,171.09,1,2026-02-27,SETTLED
SETTLE_003282,PAYPAL,MERCH_0087,EUR,114.95,4.07,110.88,1,2026-01-12,SETTLED
SETTLE_003283,STRIPE,MERCH_0035,USD,80.50,0.89,79.61,1,2026-03-23,SETTLED
SETTLE_003284,PAYPAL,MERCH_0040,USD,42.50,1.97,40.53,1,2026-02-15,SETTLED
SETTLE_003285,ADYEN,MERCH_0051,GBP,340.50,5.21,335.29,1,2026-03-09,SETTLED
SETTLE_003286,ADYEN,MERCH_0073,USD,421.95,5.16,416.79,1,2026-01-08,SETTLED
SETTLE_003287,PAYPAL,MERCH_0058,USD,499.00,7.99,491.01,1,2026-03-13,SETTLED
SETTLE_003288,CHECKOUT_COM,MERCH_0003,GBP,2312.50,41.78,2270.72,1,2026-01-17,SETTLED
SETTLE_003289,ADYEN,MERCH_0011,USD,252.00,3.12,248.88,1,2026-03-20,SETTLED
SETTLE_003290,STRIPE,MERCH_0073,INR,4999.00,102.98,4896.02,1,2026-03-05,SETTLED
SETTLE_003291,STRIPE,MERCH_0014,USD,17.75,4.14,13.61,1,2026-03-13,SETTLED
SETTLE_003292,PAYPAL,MERCH_0094,EUR,59.95,2.31,57.64,1,2026-01-29,SETTLED
SETTLE_003293,STRIPE,MERCH_0078,INR,3999.00,0.00,3999.00,1,2026-03-03,SETTLED
SETTLE_003294,STRIPE,MERCH_0069,USD,855.25,25.10,830.15,1,2026-01-07,SETTLED
SETTLE_003295,PAYPAL,MERCH_0040,GBP,2243.25,65.35,2177.90,1,2026-02-12,SETTLED
SETTLE_003296,CHECKOUT_COM,MERCH_0021,EUR,111.00,2.07,108.93,1,2026-02-11,SETTLED
SETTLE_003297,PAYPAL,MERCH_0036,EUR,411.80,13.57,398.23,1,2026-01-27,SETTLED
SETTLE_003299,ADYEN,MERCH_0099,USD,560.95,11.90,549.05,1,2026-03-09,SETTLED
SETTLE_003300,STRIPE,MERCH_0045,GBP,19.99,0.58,19.41,1,2026-01-22,SETTLED
SETTLE_003301,CHECKOUT_COM,MERCH_0034,USD,565.80,13.21,552.59,1,2026-01-16,SETTLED
SETTLE_003302,STRIPE,MERCH_0022,GBP,500.75,9.71,491.04,1,2026-02-20,SETTLED
SETTLE_003303,PAYPAL,MERCH_0012,GBP,55.00,1.90,53.10,1,2026-02-22,SETTLED
SETTLE_003304,ADYEN,MERCH_0100,EUR,161.49,2.37,159.12,1,2026-03-08,SETTLED
SETTLE_003306,STRIPE,MERCH_0088,INR,1499.00,0.00,1499.00,1,2026-01-16,SETTLED
SETTLE_003307,STRIPE,MERCH_0056,USD,93.80,3.02,90.78,1,2026-02-24,SETTLED
SETTLE_003308,ADYEN,MERCH_0093,USD,380.50,8.11,372.39,1,2026-01-06,SETTLED
SETTLE_003309,ADYEN,MERCH_0049,EUR,274.80,3.96,270.84,1,2026-02-06,SETTLED
SETTLE_003310,STRIPE,MERCH_0065,CAD,22.25,0.95,21.30,1,2026-03-13,SETTLED
SETTLE_003311,PAYPAL,MERCH_0097,INR,2499.00,31.99,2467.01,1,2026-03-11,SETTLED
SETTLE_003313,ADYEN,MERCH_0057,USD,2882.25,34.69,2847.56,1,2026-04-02,SETTLED
SETTLE_003314,CHECKOUT_COM,MERCH_0063,USD,18.80,0.63,18.17,1,2026-01-25,SETTLED
SETTLE_003315,CHECKOUT_COM,MERCH_0024,GBP,234.49,4.37,230.12,1,2026-02-27,SETTLED
SETTLE_003316,STRIPE,MERCH_0058,CAD,479.80,14.21,465.59,1,2026-03-25,SETTLED
SETTLE_003317,ADYEN,MERCH_0081,EUR,1278.50,4.62,1273.88,1,2026-04-02,SETTLED
SETTLE_003319,PAYPAL,MERCH_0094,USD,350.75,12.73,338.02,1,2026-02-26,SETTLED
SETTLE_003320,STRIPE,MERCH_0093,EUR,63.49,0.52,62.97,1,2026-03-03,SETTLED
SETTLE_003321,STRIPE,MERCH_0090,EUR,39.00,0.99,38.01,1,2026-03-20,SETTLED
SETTLE_003322,STRIPE,MERCH_0023,USD,156.25,2.59,153.66,1,2026-03-04,SETTLED
SETTLE_003323,STRIPE,MERCH_0070,CAD,618.25,18.23,600.02,1,2026-03-08,SETTLED
SETTLE_003324,STRIPE,MERCH_0027,INR,4999.00,102.98,4896.02,1,2026-01-04,SETTLED
SETTLE_003325,CHECKOUT_COM,MERCH_0034,EUR,284.50,5.02,279.48,1,2026-01-22,SETTLED
SETTLE_003326,PAYPAL,MERCH_0100,USD,597.49,21.34,576.15,2,2026-03-12,SETTLED
SETTLE_003327,PAYPAL,MERCH_0031,USD,580.80,20.76,560.04,1,2026-03-18,SETTLED
SETTLE_003328,CHECKOUT_COM,MERCH_0016,GBP,105.00,2.04,102.96,1,2026-01-14,SETTLED
SETTLE_003329,ADYEN,MERCH_0016,EUR,15.80,0.33,15.47,1,2026-02-08,SETTLED
SETTLE_003330,STRIPE,MERCH_0010,EUR,198.80,4.03,194.77,1,2026-02-22,SETTLED
SETTLE_003331,STRIPE,MERCH_0068,USD,251.49,2.26,249.23,1,2026-02-24,SETTLED
SETTLE_003332,STRIPE,MERCH_0015,EUR,65.80,0.53,65.27,1,2026-02-04,SETTLED
SETTLE_003333,STRIPE,MERCH_0029,USD,266.49,8.03,258.46,1,2026-01-06,SETTLED
SETTLE_003334,CHECKOUT_COM,MERCH_0022,GBP,72.00,2.95,69.05,1,2026-01-21,SETTLED
SETTLE_003335,STRIPE,MERCH_0001,INR,10011.50,0.00,10011.50,1,2026-03-27,SETTLED
SETTLE_003336,CHECKOUT_COM,MERCH_0064,EUR,51.50,1.06,50.44,1,2026-03-30,SETTLED
SETTLE_003337,PAYPAL,MERCH_0056,INR,999.00,13.99,985.01,1,2026-03-10,SETTLED
SETTLE_003338,STRIPE,MERCH_0054,USD,49.00,0.64,48.36,1,2026-02-02,SETTLED
SETTLE_003339,ADYEN,MERCH_0086,USD,31.49,0.48,31.01,1,2026-03-21,SETTLED
SETTLE_003341,PAYPAL,MERCH_0044,USD,64.00,2.72,61.28,1,2026-01-25,SETTLED
SETTLE_003342,STRIPE,MERCH_0026,EUR,730.99,14.14,716.85,1,2026-03-02,SETTLED
SETTLE_003343,ADYEN,MERCH_0051,EUR,11.80,0.19,11.61,1,2026-03-09,SETTLED
SETTLE_003344,STRIPE,MERCH_0035,USD,47.00,1.66,45.34,1,2026-02-06,SETTLED
SETTLE_003345,ADYEN,MERCH_0087,GBP,79.50,1.79,77.71,1,2026-02-09,SETTLED
SETTLE_003346,ADYEN,MERCH_0022,EUR,15.99,0.21,15.78,1,2026-01-11,SETTLED
SETTLE_003347,CHECKOUT_COM,MERCH_0099,USD,35.99,1.03,34.96,1,2026-01-05,SETTLED
SETTLE_003348,ADYEN,MERCH_0036,EUR,608.50,2.28,606.22,1,2026-01-11,SETTLED
SETTLE_003349,PAYPAL,MERCH_0055,GBP,349.80,10.44,339.36,1,2026-03-28,SETTLED
SETTLE_003350,PAYPAL,MERCH_0004,INR,999.00,13.99,985.01,1,2026-02-08,SETTLED
SETTLE_003351,CHECKOUT_COM,MERCH_0038,EUR,529.49,9.18,520.31,1,2026-03-13,SETTLED
SETTLE_003353,ADYEN,MERCH_0061,GBP,72.95,1.19,71.76,1,2026-02-01,SETTLED
SETTLE_003354,CHECKOUT_COM,MERCH_0079,CAD,22.50,0.76,21.74,1,2026-02-26,SETTLED
SETTLE_003356,STRIPE,MERCH_0022,GBP,40.99,0.98,40.01,1,2026-02-06,SETTLED
SETTLE_003357,STRIPE,MERCH_0058,GBP,2069.00,39.51,2029.49,1,2026-01-20,SETTLED
SETTLE_003358,CHECKOUT_COM,MERCH_0013,USD,49.00,1.33,47.67,1,2026-01-26,SETTLED
SETTLE_003359,PAYPAL,MERCH_0079,INR,186.25,6.35,179.90,1,2026-01-22,SETTLED
SETTLE_003360,STRIPE,MERCH_0056,USD,50.25,1.00,49.25,1,2026-01-15,SETTLED
SETTLE_003361,ADYEN,MERCH_0060,EUR,21.25,0.41,20.84,1,2026-03-22,SETTLED
SETTLE_003362,PAYPAL,MERCH_0032,USD,16.50,1.07,15.43,1,2026-02-27,SETTLED
SETTLE_003363,ADYEN,MERCH_0002,EUR,190.99,2.78,188.21,1,2026-02-21,SETTLED
SETTLE_003364,ADYEN,MERCH_0024,GBP,201.99,3.13,198.86,1,2026-03-17,SETTLED
SETTLE_003365,CHECKOUT_COM,MERCH_0100,CAD,124.75,3.21,121.54,1,2026-01-20,SETTLED
SETTLE_003366,STRIPE,MERCH_0063,USD,313.75,9.40,304.35,1,2026-03-29,SETTLED
SETTLE_003367,ADYEN,MERCH_0056,EUR,197.50,0.84,196.66,1,2026-02-16,SETTLED
SETTLE_003368,CHECKOUT_COM,MERCH_0063,USD,589.50,13.76,575.74,1,2026-02-27,SETTLED
SETTLE_003369,ADYEN,MERCH_0076,USD,525.75,11.16,514.59,1,2026-03-29,SETTLED
SETTLE_003370,ADYEN,MERCH_0099,EUR,403.25,5.76,397.49,1,2026-03-15,SETTLED
SETTLE_003372,PAYPAL,MERCH_0087,INR,2049.00,26.59,2022.41,1,2026-02-26,SETTLED
SETTLE_003373,STRIPE,MERCH_0088,CAD,2277.00,66.33,2210.67,1,2026-02-01,SETTLED
SETTLE_003374,PAYPAL,MERCH_0050,GBP,60.25,2.05,58.20,1,2026-01-10,SETTLED
SETTLE_003375,STRIPE,MERCH_0001,INR,999.00,0.00,999.00,1,2026-03-09,SETTLED
SETTLE_003376,STRIPE,MERCH_0060,USD,24.49,0.62,23.87,1,2026-02-23,SETTLED
SETTLE_003377,STRIPE,MERCH_0045,EUR,227.25,4.57,222.68,1,2026-03-12,SETTLED
SETTLE_003378,STRIPE,MERCH_0022,CAD,574.95,16.97,557.98,1,2026-02-14,SETTLED
SETTLE_003379,ADYEN,MERCH_0036,GBP,279.95,12.30,267.65,1,2026-02-05,SETTLED
SETTLE_003381,STRIPE,MERCH_0029,USD,61.49,1.17,60.32,1,2026-01-21,SETTLED
SETTLE_003382,CHECKOUT_COM,MERCH_0056,CAD,1734.00,41.84,1692.16,1,2026-02-21,SETTLED
SETTLE_003383,STRIPE,MERCH_0037,GBP,559.50,10.83,548.67,1,2026-02-10,SETTLED
SETTLE_003384,STRIPE,MERCH_0028,CAD,39.49,1.45,38.04,1,2026-03-24,SETTLED
SETTLE_003385,STRIPE,MERCH_0018,CAD,15.00,0.73,14.27,2,2026-02-28,SETTLED
SETTLE_003386,ADYEN,MERCH_0084,EUR,270.80,5.81,264.99,1,2026-02-10,SETTLED
SETTLE_003387,STRIPE,MERCH_0030,EUR,171.50,1.06,170.44,1,2026-03-06,SETTLED
SETTLE_003388,STRIPE,MERCH_0047,INR,799.00,18.98,780.02,1,2026-02-23,SETTLED
SETTLE_003389,CHECKOUT_COM,MERCH_0007,CAD,75.95,2.04,73.91,1,2026-01-26,SETTLED
SETTLE_003390,PAYPAL,MERCH_0066,EUR,504.00,16.52,487.48,1,2026-02-01,SETTLED
SETTLE_003391,STRIPE,MERCH_0001,USD,508.75,15.05,493.70,1,2026-03-10,SETTLED
SETTLE_003392,PAYPAL,MERCH_0066,EUR,634.75,20.70,614.05,1,2026-02-14,SETTLED
SETTLE_003394,STRIPE,MERCH_0076,EUR,1365.75,7.03,1358.72,1,2026-03-14,SETTLED
SETTLE_003395,ADYEN,MERCH_0013,GBP,21.50,0.42,21.08,1,2026-02-04,SETTLED
SETTLE_003396,ADYEN,MERCH_0009,EUR,25.80,1.74,24.06,1,2026-01-29,SETTLED
SETTLE_003397,STRIPE,MERCH_0038,GBP,1476.00,28.24,1447.76,1,2026-01-12,SETTLED
SETTLE_003398,ADYEN,MERCH_0040,EUR,72.50,0.40,72.10,1,2026-02-03,SETTLED
SETTLE_003399,CHECKOUT_COM,MERCH_0029,USD,754.80,17.56,737.24,1,2026-03-20,SETTLED
SETTLE_003400,CHECKOUT_COM,MERCH_0009,GBP,566.00,10.34,555.66,1,2026-02-10,SETTLED
SETTLE_003401,ADYEN,MERCH_0083,GBP,1649.25,24.84,1624.41,1,2026-03-29,SETTLED
SETTLE_003402,STRIPE,MERCH_0065,INR,3999.00,82.98,3916.02,1,2026-02-05,SETTLED
SETTLE_003403,PAYPAL,MERCH_0073,EUR,2719.95,87.43,2632.52,1,2026-03-10,SETTLED
SETTLE_003404,STRIPE,MERCH_0070,GBP,467.75,9.09,458.66,1,2026-03-31,SETTLED
SETTLE_003405,ADYEN,MERCH_0001,EUR,240.80,0.99,239.81,1,2026-02-05,SETTLED
SETTLE_003406,STRIPE,MERCH_0076,USD,84.25,0.92,83.33,1,2026-02-24,SETTLED
SETTLE_003407,STRIPE,MERCH_0076,INR,1499.00,32.98,1466.02,1,2026-01-02,SETTLED
SETTLE_003408,ADYEN,MERCH_0066,USD,67.49,0.91,66.58,1,2026-02-02,SETTLED
SETTLE_003409,PAYPAL,MERCH_0064,EUR,321.75,10.69,311.06,1,2026-01-22,SETTLED
SETTLE_003410,STRIPE,MERCH_0047,GBP,921.99,17.72,904.27,1,2026-01-30,SETTLED
SETTLE_003411,ADYEN,MERCH_0061,EUR,649.75,2.42,647.33,1,2026-02-21,SETTLED
SETTLE_003412,ADYEN,MERCH_0051,USD,616.99,7.50,609.49,1,2026-03-27,SETTLED
SETTLE_003413,STRIPE,MERCH_0074,USD,1127.25,32.99,1094.26,1,2026-01-02,SETTLED
SETTLE_003414,ADYEN,MERCH_0011,INR,249.00,1.02,247.98,1,2026-02-08,SETTLED
SETTLE_003415,STRIPE,MERCH_0066,CAD,477.75,14.15,463.60,1,2026-01-30,SETTLED
SETTLE_003416,STRIPE,MERCH_0034,USD,355.25,10.60,344.65,1,2026-03-19,SETTLED
SETTLE_003417,STRIPE,MERCH_0031,USD,526.95,10.21,516.74,1,2026-02-24,SETTLED
SETTLE_003418,CHECKOUT_COM,MERCH_0060,GBP,52.00,1.09,50.91,1,2026-02-21,SETTLED
SETTLE_003419,ADYEN,MERCH_0068,USD,64.49,0.87,63.62,1,2026-01-27,SETTLED
SETTLE_003420,STRIPE,MERCH_0021,USD,23.95,0.99,22.96,1,2026-01-22,SETTLED
SETTLE_003421,CHECKOUT_COM,MERCH_0042,USD,2598.00,59.95,2538.05,1,2026-03-24,SETTLED
SETTLE_003422,ADYEN,MERCH_0017,EUR,2078.75,7.43,2071.32,1,2026-01-07,SETTLED
SETTLE_003423,STRIPE,MERCH_0083,USD,66.95,1.25,65.70,1,2026-01-12,SETTLED
SETTLE_003424,PAYPAL,MERCH_0047,GBP,216.75,6.59,210.16,1,2026-03-07,SETTLED
SETTLE_003425,ADYEN,MERCH_0060,GBP,72.80,1.19,71.61,1,2026-02-28,SETTLED
SETTLE_003426,STRIPE,MERCH_0043,USD,365.50,10.90,354.60,1,2026-03-08,SETTLED
SETTLE_003427,PAYPAL,MERCH_0076,USD,1615.95,56.89,1559.06,1,2026-02-10,SETTLED
SETTLE_003428,CHECKOUT_COM,MERCH_0067,CAD,89.25,2.36,86.89,2,2026-03-25,SETTLED
SETTLE_003429,STRIPE,MERCH_0039,INR,9999.00,202.98,9796.02,1,2026-02-23,SETTLED
SETTLE_003430,ADYEN,MERCH_0088,USD,271.95,5.83,266.12,1,2026-03-20,SETTLED
SETTLE_003431,STRIPE,MERCH_0035,EUR,146.80,0.93,145.87,1,2026-03-13,SETTLED
SETTLE_003432,STRIPE,MERCH_0071,USD,26.80,0.65,26.15,1,2026-01-29,SETTLED
SETTLE_003433,CHECKOUT_COM,MERCH_0058,GBP,67.00,1.36,65.64,1,2026-01-18,SETTLED
SETTLE_003434,CHECKOUT_COM,MERCH_0069,USD,2574.00,59.40,2514.60,1,2026-02-17,SETTLED
SETTLE_003435,ADYEN,MERCH_0081,EUR,570.80,2.15,568.65,1,2026-02-02,SETTLED
SETTLE_003436,CHECKOUT_COM,MERCH_0098,EUR,366.49,6.41,360.08,1,2026-03-18,SETTLED
SETTLE_003437,STRIPE,MERCH_0052,INR,999.00,22.98,976.02,1,2026-03-20,SETTLED
SETTLE_003438,ADYEN,MERCH_0019,USD,47.25,1.11,46.14,1,2026-01-14,SETTLED
SETTLE_003439,ADYEN,MERCH_0004,EUR,46.95,0.31,46.64,1,2026-01-24,SETTLED
SETTLE_003440,CHECKOUT_COM,MERCH_0017,USD,19.25,0.64,18.61,1,2026-03-06,SETTLED
SETTLE_003442,PAYPAL,MERCH_0042,GBP,69.99,2.33,67.66,1,2026-01-30,SETTLED
SETTLE_003443,STRIPE,MERCH_0077,CAD,55.75,1.92,53.83,1,2026-03-28,SETTLED
SETTLE_003444,CHECKOUT_COM,MERCH_0041,EUR,229.95,5.74,224.21,1,2026-02-03,SETTLED
SETTLE_003445,STRIPE,MERCH_0058,CAD,57.75,1.97,55.78,1,2026-03-15,SETTLED
SETTLE_003446,STRIPE,MERCH_0012,INR,3999.00,0.00,3999.00,1,2026-01-28,SETTLED
SETTLE_003447,STRIPE,MERCH_0007,USD,54.00,0.68,53.32,1,2026-01-29,SETTLED
SETTLE_003448,STRIPE,MERCH_0024,EUR,69.75,0.55,69.20,1,2026-02-07,SETTLED
SETTLE_003449,CHECKOUT_COM,MERCH_0017,GBP,502.95,9.20,493.75,1,2026-01-23,SETTLED
SETTLE_003450,PAYPAL,MERCH_0087,EUR,603.50,19.70,583.80,1,2026-01-09,SETTLED
SETTLE_003451,STRIPE,MERCH_0044,GBP,521.99,10.12,511.87,1,2026-03-23,SETTLED
SETTLE_003452,STRIPE,MERCH_0064,INR,3999.00,82.98,3916.02,1,2026-01-10,SETTLED
SETTLE_003453,STRIPE,MERCH_0087,USD,32.99,0.51,32.48,1,2026-03-03,SETTLED
SETTLE_003454,STRIPE,MERCH_0054,EUR,104.00,0.72,103.28,1,2026-01-09,SETTLED
SETTLE_003455,PAYPAL,MERCH_0080,USD,71.80,3.00,68.80,1,2026-03-18,SETTLED
SETTLE_003456,ADYEN,MERCH_0041,EUR,47.95,0.32,47.63,1,2026-01-28,SETTLED
SETTLE_003457,PAYPAL,MERCH_0089,INR,299.00,5.59,293.41,1,2026-01-27,SETTLED
SETTLE_003458,ADYEN,MERCH_0032,USD,119.75,1.54,118.21,1,2026-03-28,SETTLED
SETTLE_003459,ADYEN,MERCH_0080,EUR,57.50,0.35,57.15,1,2026-03-28,SETTLED
SETTLE_003460,CHECKOUT_COM,MERCH_0065,EUR,59.99,1.20,58.79,1,2026-03-02,SETTLED
SETTLE_003461,ADYEN,MERCH_0078,USD,59.75,1.37,58.38,1,2026-03-18,SETTLED
SETTLE_003462,STRIPE,MERCH_0071,GBP,529.00,10.25,518.75,1,2026-02-22,SETTLED
SETTLE_003463,PAYPAL,MERCH_0067,INR,4999.00,61.99,4937.01,1,2026-01-03,SETTLED
SETTLE_003464,ADYEN,MERCH_0058,GBP,467.50,7.11,460.39,1,2026-02-04,SETTLED
SETTLE_003465,PAYPAL,MERCH_0013,GBP,72.80,2.41,70.39,1,2026-03-21,SETTLED
SETTLE_003466,CHECKOUT_COM,MERCH_0086,EUR,3366.99,57.42,3309.57,1,2026-01-05,SETTLED
SETTLE_003467,STRIPE,MERCH_0037,USD,626.25,18.46,607.79,1,2026-02-27,SETTLED
SETTLE_003468,STRIPE,MERCH_0020,INR,299.00,0.00,299.00,1,2026-03-04,SETTLED
SETTLE_003469,STRIPE,MERCH_0070,USD,40.50,0.57,39.93,1,2026-01-14,SETTLED
SETTLE_003470,ADYEN,MERCH_0051,GBP,2257.49,33.96,2223.53,1,2026-01-14,SETTLED
SETTLE_003471,PAYPAL,MERCH_0004,USD,71.75,2.99,68.76,1,2026-03-10,SETTLED
SETTLE_003472,STRIPE,MERCH_0032,CAD,158.00,4.88,153.12,1,2026-03-09,SETTLED
SETTLE_003473,PAYPAL,MERCH_0012,USD,78.00,3.21,74.79,2,2026-01-17,SETTLED
SETTLE_003474,CHECKOUT_COM,MERCH_0035,GBP,52.25,1.09,51.16,1,2026-01-05,SETTLED
SETTLE_003475,STRIPE,MERCH_0063,EUR,47.95,0.44,47.51,1,2026-01-22,SETTLED
SETTLE_003476,CHECKOUT_COM,MERCH_0051,USD,545.75,12.75,533.00,1,2026-02-13,SETTLED
SETTLE_003477,STRIPE,MERCH_0016,USD,107.00,1.85,105.15,1,2026-01-13,SETTLED
SETTLE_003478,STRIPE,MERCH_0006,EUR,59.80,1.39,58.41,1,2026-03-06,SETTLED
SETTLE_003479,PAYPAL,MERCH_0095,GBP,454.99,13.49,441.50,1,2026-02-23,SETTLED
SETTLE_003480,ADYEN,MERCH_0081,USD,166.95,2.10,164.85,1,2026-03-27,SETTLED
SETTLE_003481,CHECKOUT_COM,MERCH_0062,GBP,42.25,0.91,41.34,1,2026-01-29,SETTLED
SETTLE_003482,STRIPE,MERCH_0034,INR,311.50,0.00,311.50,1,2026-01-04,SETTLED
SETTLE_003483,ADYEN,MERCH_0051,USD,338.95,4.17,334.78,1,2026-02-05,SETTLED
SETTLE_003484,CHECKOUT_COM,MERCH_0012,CAD,28.50,0.90,27.60,1,2026-01-22,SETTLED
SETTLE_003485,STRIPE,MERCH_0025,GBP,260.49,5.15,255.34,1,2026-02-20,SETTLED
SETTLE_003486,PAYPAL,MERCH_0096,GBP,638.00,18.80,619.20,1,2026-02-25,SETTLED
SETTLE_003487,ADYEN,MERCH_0065,USD,55.75,3.79,51.96,1,2026-01-31,SETTLED
SETTLE_003488,STRIPE,MERCH_0013,EUR,81.25,1.79,79.46,1,2026-02-14,SETTLED
SETTLE_003490,STRIPE,MERCH_0010,USD,619.25,18.26,600.99,1,2026-02-15,SETTLED
SETTLE_003491,STRIPE,MERCH_0038,INR,10029.00,203.58,9825.42,1,2026-03-29,SETTLED
SETTLE_003492,STRIPE,MERCH_0038,GBP,469.99,9.13,460.86,1,2026-02-04,SETTLED
SETTLE_003493,STRIPE,MERCH_0088,USD,476.25,4.06,472.19,1,2026-02-07,SETTLED
SETTLE_003494,STRIPE,MERCH_0062,INR,9999.00,0.00,9999.00,1,2026-01-12,SETTLED
SETTLE_003495,PAYPAL,MERCH_0045,EUR,308.25,10.25,298.00,1,2026-03-03,SETTLED
SETTLE_003496,PAYPAL,MERCH_0020,USD,26.25,1.41,24.84,1,2026-03-13,SETTLED
SETTLE_003497,CHECKOUT_COM,MERCH_0088,CAD,31.95,0.99,30.96,1,2026-01-24,SETTLED
SETTLE_003498,CHECKOUT_COM,MERCH_0024,CAD,67.49,1.84,65.65,1,2026-03-14,SETTLED
SETTLE_003500,CHECKOUT_COM,MERCH_0032,CAD,615.00,14.98,600.02,1,2026-02-13,SETTLED
SETTLE_003501,STRIPE,MERCH_0019,INR,2499.00,5.00,2494.00,1,2026-03-30,SETTLED
SETTLE_003502,ADYEN,MERCH_0031,GBP,214.95,3.32,211.63,1,2026-03-03,SETTLED
SETTLE_003503,CHECKOUT_COM,MERCH_0094,EUR,257.00,4.55,252.45,1,2026-02-22,SETTLED
SETTLE_003504,PAYPAL,MERCH_0087,USD,462.00,16.61,445.39,1,2026-02-25,SETTLED
SETTLE_003505,STRIPE,MERCH_0062,EUR,27.50,0.77,26.73,1,2026-01-24,SETTLED
SETTLE_003506,STRIPE,MERCH_0052,USD,533.95,15.78,518.17,1,2026-01-28,SETTLED
SETTLE_003507,STRIPE,MERCH_0092,EUR,491.95,2.66,489.29,1,2026-03-25,SETTLED
SETTLE_003508,STRIPE,MERCH_0009,USD,62.80,0.75,62.05,1,2026-02-07,SETTLED
SETTLE_003509,PAYPAL,MERCH_0034,GBP,17.99,0.82,17.17,1,2026-01-05,SETTLED
SETTLE_003510,ADYEN,MERCH_0063,USD,198.80,4.29,194.51,1,2026-02-12,SETTLED
SETTLE_003511,CHECKOUT_COM,MERCH_0059,EUR,51.75,1.06,50.69,1,2026-01-06,SETTLED
SETTLE_003512,CHECKOUT_COM,MERCH_0017,GBP,16.49,0.45,16.04,1,2026-03-23,SETTLED
SETTLE_003513,ADYEN,MERCH_0063,EUR,349.95,5.01,344.94,1,2026-03-11,SETTLED
SETTLE_003514,PAYPAL,MERCH_0084,INR,999.00,13.99,985.01,1,2026-01-30,SETTLED
SETTLE_003515,ADYEN,MERCH_0041,USD,218.00,4.70,213.30,1,2026-01-26,SETTLED
SETTLE_003516,PAYPAL,MERCH_0014,GBP,15.99,0.76,15.23,1,2026-02-08,SETTLED
SETTLE_003517,PAYPAL,MERCH_0002,INR,299.00,5.59,293.41,1,2026-01-02,SETTLED
SETTLE_003518,ADYEN,MERCH_0073,EUR,479.95,1.83,478.12,1,2026-03-27,SETTLED
SETTLE_003519,ADYEN,MERCH_0060,USD,407.50,4.99,402.51,2,2026-01-26,SETTLED
SETTLE_003520,ADYEN,MERCH_0071,GBP,845.50,12.78,832.72,1,2026-02-02,SETTLED
SETTLE_003521,STRIPE,MERCH_0068,USD,81.00,2.65,78.35,1,2026-02-20,SETTLED
SETTLE_003522,CHECKOUT_COM,MERCH_0070,CAD,239.80,5.98,233.82,1,2026-03-27,SETTLED
SETTLE_003523,ADYEN,MERCH_0008,GBP,1490.50,22.46,1468.04,1,2026-01-08,SETTLED
SETTLE_003524,STRIPE,MERCH_0015,USD,928.99,7.68,921.31,1,2026-01-28,SETTLED
SETTLE_003525,STRIPE,MERCH_0017,EUR,396.50,2.18,394.32,1,2026-03-14,SETTLED
SETTLE_003526,STRIPE,MERCH_0043,INR,9999.00,202.98,9796.02,1,2026-03-17,SETTLED
SETTLE_003527,PAYPAL,MERCH_0079,EUR,33.49,1.46,32.03,1,2026-02-05,SETTLED
SETTLE_003528,CHECKOUT_COM,MERCH_0068,USD,3311.50,76.36,3235.14,1,2026-02-05,SETTLED
SETTLE_003529,PAYPAL,MERCH_0013,INR,1999.00,25.99,1973.01,1,2026-01-10,SETTLED
SETTLE_003530,ADYEN,MERCH_0090,GBP,22.49,0.44,22.05,1,2026-02-28,SETTLED
SETTLE_003531,ADYEN,MERCH_0055,USD,272.50,3.37,269.13,1,2026-02-26,SETTLED
SETTLE_003532,CHECKOUT_COM,MERCH_0043,GBP,204.49,3.83,200.66,1,2026-04-01,SETTLED
SETTLE_003533,CHECKOUT_COM,MERCH_0067,EUR,124.95,2.30,122.65,1,2026-02-23,SETTLED
SETTLE_003534,ADYEN,MERCH_0071,EUR,2671.00,37.50,2633.50,1,2026-02-09,SETTLED
SETTLE_003535,STRIPE,MERCH_0046,USD,640.49,18.87,621.62,1,2026-03-21,SETTLED
SETTLE_003536,ADYEN,MERCH_0019,EUR,2378.99,33.42,2345.57,1,2026-02-03,SETTLED
SETTLE_003537,STRIPE,MERCH_0077,CAD,194.99,3.95,191.04,1,2026-01-02,SETTLED
SETTLE_003538,CHECKOUT_COM,MERCH_0038,EUR,59.00,1.18,57.82,1,2026-03-19,SETTLED
SETTLE_003539,STRIPE,MERCH_0018,INR,299.00,0.00,299.00,1,2026-03-10,SETTLED
SETTLE_003540,CHECKOUT_COM,MERCH_0037,EUR,329.95,5.79,324.16,1,2026-02-17,SETTLED
SETTLE_003541,STRIPE,MERCH_0017,USD,3463.49,100.74,3362.75,1,2026-03-01,SETTLED
SETTLE_003542,PAYPAL,MERCH_0059,INR,4999.00,61.99,4937.01,1,2026-03-04,SETTLED
SETTLE_003543,ADYEN,MERCH_0021,USD,2521.80,30.36,2491.44,1,2026-01-03,SETTLED
SETTLE_003545,ADYEN,MERCH_0047,GBP,79.25,1.29,77.96,1,2026-03-13,SETTLED
SETTLE_003547,CHECKOUT_COM,MERCH_0032,USD,48.99,1.33,47.66,1,2026-01-30,SETTLED
SETTLE_003548,STRIPE,MERCH_0001,EUR,57.95,1.35,56.60,1,2026-03-22,SETTLED
SETTLE_003549,ADYEN,MERCH_0006,USD,2791.49,33.60,2757.89,1,2026-03-01,SETTLED
SETTLE_003550,ADYEN,MERCH_0083,EUR,50.99,0.82,50.17,1,2026-03-26,SETTLED
SETTLE_003551,STRIPE,MERCH_0032,USD,554.80,4.69,550.11,2,2026-01-30,SETTLED
SETTLE_003552,CHECKOUT_COM,MERCH_0089,USD,1444.95,33.43,1411.52,1,2026-02-14,SETTLED
SETTLE_003553,ADYEN,MERCH_0001,USD,345.50,4.25,341.25,1,2026-02-21,SETTLED
SETTLE_003554,PAYPAL,MERCH_0033,GBP,480.95,14.25,466.70,1,2026-01-22,SETTLED
SETTLE_003555,STRIPE,MERCH_0011,USD,473.80,4.04,469.76,1,2026-03-04,SETTLED
SETTLE_003556,PAYPAL,MERCH_0038,EUR,247.25,8.30,238.95,1,2026-01-10,SETTLED
SETTLE_003557,ADYEN,MERCH_0025,GBP,77.00,1.26,75.74,1,2026-01-15,SETTLED
SETTLE_003558,ADYEN,MERCH_0055,EUR,506.49,7.20,499.29,1,2026-02-02,SETTLED
SETTLE_003559,CHECKOUT_COM,MERCH_0058,CAD,54.75,1.53,53.22,1,2026-01-12,SETTLED
SETTLE_003560,STRIPE,MERCH_0075,GBP,238.99,4.74,234.25,1,2026-01-21,SETTLED
SETTLE_003561,CHECKOUT_COM,MERCH_0014,USD,421.95,9.90,412.05,1,2026-01-19,SETTLED
SETTLE_003562,CHECKOUT_COM,MERCH_0053,EUR,27.00,0.64,26.36,1,2026-01-15,SETTLED
SETTLE_003563,PAYPAL,MERCH_0006,GBP,52.80,1.83,50.97,1,2026-01-02,SETTLED
SETTLE_003564,STRIPE,MERCH_0024,INR,2499.00,50.98,2448.02,1,2026-01-22,SETTLED
SETTLE_003565,STRIPE,MERCH_0005,EUR,46.49,0.43,46.06,1,2026-02-03,SETTLED
SETTLE_003566,STRIPE,MERCH_0061,CAD,2149.25,62.63,2086.62,2,2026-03-06,SETTLED
SETTLE_003567,STRIPE,MERCH_0050,EUR,75.75,0.58,75.17,1,2026-03-04,SETTLED
SETTLE_003568,ADYEN,MERCH_0031,EUR,1825.49,6.54,1818.95,1,2026-03-17,SETTLED
SETTLE_003569,PAYPAL,MERCH_0061,GBP,21.50,0.92,20.58,1,2026-03-25,SETTLED
SETTLE_003571,STRIPE,MERCH_0072,CAD,64.80,2.18,62.62,1,2026-03-29,SETTLED
SETTLE_003572,STRIPE,MERCH_0063,CAD,209.00,6.36,202.64,1,2026-03-23,SETTLED
SETTLE_003573,ADYEN,MERCH_0039,EUR,55.00,0.88,54.12,1,2026-02-15,SETTLED
SETTLE_003574,PAYPAL,MERCH_0067,EUR,411.00,13.54,397.46,1,2026-03-17,SETTLED
SETTLE_003575,ADYEN,MERCH_0021,USD,45.50,1.08,44.42,1,2026-01-18,SETTLED
SETTLE_003576,ADYEN,MERCH_0014,GBP,184.80,2.87,181.93,1,2026-03-23,SETTLED
SETTLE_003577,PAYPAL,MERCH_0076,INR,1499.00,19.99,1479.01,1,2026-03-17,SETTLED
SETTLE_003578,STRIPE,MERCH_0014,EUR,67.75,0.54,67.21,1,2026-03-22,SETTLED
SETTLE_003579,ADYEN,MERCH_0092,USD,33.99,0.83,33.16,1,2026-03-05,SETTLED
SETTLE_003580,STRIPE,MERCH_0031,INR,299.00,8.98,290.02,2,2026-01-16,SETTLED
SETTLE_003581,PAYPAL,MERCH_0070,INR,1999.00,25.99,1973.01,1,2026-01-28,SETTLED
SETTLE_003582,STRIPE,MERCH_0043,GBP,1128.99,21.65,1107.34,1,2026-03-17,SETTLED
SETTLE_003583,ADYEN,MERCH_0053,EUR,86.45,0.45,86.00,1,2026-03-20,SETTLED
SETTLE_003584,STRIPE,MERCH_0001,USD,21.80,0.93,20.87,1,2026-01-20,SETTLED
SETTLE_003585,STRIPE,MERCH_0063,EUR,248.99,4.98,244.01,1,2026-03-31,SETTLED
SETTLE_003586,ADYEN,MERCH_0076,USD,546.80,6.66,540.14,1,2026-01-30,SETTLED
SETTLE_003587,STRIPE,MERCH_0065,INR,799.00,0.00,799.00,1,2026-01-08,SETTLED
SETTLE_003588,STRIPE,MERCH_0026,USD,414.75,3.57,411.18,1,2026-03-13,SETTLED
SETTLE_003589,CHECKOUT_COM,MERCH_0004,EUR,379.00,6.62,372.38,1,2026-01-16,SETTLED
SETTLE_003590,ADYEN,MERCH_0010,USD,34.50,0.51,33.99,1,2026-02-01,SETTLED
SETTLE_003591,PAYPAL,MERCH_0004,GBP,313.75,9.40,304.35,1,2026-03-07,SETTLED
SETTLE_003592,PAYPAL,MERCH_0021,GBP,60.80,2.06,58.74,1,2026-01-21,SETTLED
SETTLE_003593,CHECKOUT_COM,MERCH_0092,CAD,162.99,4.13,158.86,1,2026-02-14,SETTLED
SETTLE_003594,PAYPAL,MERCH_0098,GBP,76.95,2.53,74.42,1,2026-02-27,SETTLED
SETTLE_003595,STRIPE,MERCH_0045,INR,15000.00,303.00,14697.00,1,2026-01-14,SETTLED
SETTLE_003596,PAYPAL,MERCH_0009,EUR,386.95,12.77,374.18,1,2026-02-13,SETTLED
SETTLE_003597,CHECKOUT_COM,MERCH_0022,GBP,470.75,8.62,462.13,1,2026-01-28,SETTLED
SETTLE_003598,STRIPE,MERCH_0096,EUR,351.99,1.96,350.03,1,2026-02-03,SETTLED
SETTLE_003599,PAYPAL,MERCH_0046,GBP,1236.95,36.17,1200.78,1,2026-01-19,SETTLED
SETTLE_003600,STRIPE,MERCH_0083,INR,1999.00,0.00,1999.00,1,2026-03-23,SETTLED
SETTLE_003601,STRIPE,MERCH_0026,INR,1499.00,0.00,1499.00,1,2026-03-23,SETTLED
SETTLE_003602,STRIPE,MERCH_0056,INR,2499.00,52.98,2446.02,1,2026-01-28,SETTLED
SETTLE_003603,STRIPE,MERCH_0090,USD,49.99,0.65,49.34,1,2026-02-17,SETTLED
SETTLE_003604,ADYEN,MERCH_0032,EUR,160.75,2.36,158.39,1,2026-03-03,SETTLED
SETTLE_003605,ADYEN,MERCH_0036,USD,144.80,3.16,141.64,1,2026-02-14,SETTLED
SETTLE_003606,PAYPAL,MERCH_0021,GBP,18.75,0.84,17.91,1,2026-02-11,SETTLED
SETTLE_003607,ADYEN,MERCH_0014,USD,53.00,1.23,51.77,1,2026-01-30,SETTLED
SETTLE_003609,STRIPE,MERCH_0022,USD,1359.95,11.13,1348.82,1,2026-03-10,SETTLED
SETTLE_003611,ADYEN,MERCH_0010,EUR,303.99,4.37,299.62,1,2026-03-21,SETTLED
SETTLE_003612,ADYEN,MERCH_0050,GBP,2116.80,31.85,2084.95,1,2026-01-03,SETTLED
SETTLE_003613,ADYEN,MERCH_0045,EUR,204.00,0.86,203.14,1,2026-02-03,SETTLED
SETTLE_003614,ADYEN,MERCH_0088,USD,198.75,2.49,196.26,1,2026-01-08,SETTLED
SETTLE_003615,CHECKOUT_COM,MERCH_0056,EUR,62.49,1.24,61.25,1,2026-03-27,SETTLED
SETTLE_003616,STRIPE,MERCH_0014,USD,2694.95,78.45,2616.50,1,2026-02-02,SETTLED
SETTLE_003617,STRIPE,MERCH_0010,USD,19.80,0.87,18.93,1,2026-01-16,SETTLED
SETTLE_003618,ADYEN,MERCH_0003,GBP,519.00,7.88,511.12,1,2026-02-21,SETTLED
SETTLE_003619,PAYPAL,MERCH_0053,INR,9999.00,121.99,9877.01,1,2026-01-11,SETTLED
SETTLE_003620,PAYPAL,MERCH_0099,EUR,72.49,2.71,69.78,1,2026-01-04,SETTLED
SETTLE_003621,ADYEN,MERCH_0067,USD,47.49,1.12,46.37,1,2026-02-14,SETTLED
SETTLE_003622,ADYEN,MERCH_0025,USD,69.00,0.93,68.07,1,2026-03-12,SETTLED
SETTLE_003623,PAYPAL,MERCH_0091,EUR,366.25,12.11,354.14,1,2026-03-04,SETTLED
SETTLE_003624,CHECKOUT_COM,MERCH_0073,USD,274.50,6.51,267.99,1,2026-03-11,SETTLED
SETTLE_003625,PAYPAL,MERCH_0080,INR,3999.00,49.99,3949.01,1,2026-01-25,SETTLED
SETTLE_003626,STRIPE,MERCH_0066,USD,166.75,2.75,164.00,1,2026-01-26,SETTLED
SETTLE_003627,CHECKOUT_COM,MERCH_0098,USD,38.50,1.09,37.41,1,2026-02-05,SETTLED
SETTLE_003628,STRIPE,MERCH_0091,GBP,34.00,0.85,33.15,2,2026-03-05,SETTLED
SETTLE_003629,ADYEN,MERCH_0008,GBP,170.25,2.65,167.60,1,2026-04-01,SETTLED
SETTLE_003630,PAYPAL,MERCH_0080,USD,569.50,20.37,549.13,1,2026-03-15,SETTLED
SETTLE_003631,STRIPE,MERCH_0054,CAD,435.75,12.94,422.81,1,2026-03-29,SETTLED
SETTLE_003632,STRIPE,MERCH_0092,USD,428.00,12.71,415.29,1,2026-02-05,SETTLED
SETTLE_003633,PAYPAL,MERCH_0028,GBP,79.50,2.61,76.89,1,2026-02-11,SETTLED
SETTLE_003634,PAYPAL,MERCH_0040,EUR,210.95,7.85,203.10,1,2026-02-28,SETTLED
SETTLE_003635,PAYPAL,MERCH_0002,GBP,175.00,5.37,169.63,1,2026-03-01,SETTLED
SETTLE_003636,ADYEN,MERCH_0079,GBP,95.80,1.54,94.26,1,2026-01-22,SETTLED
SETTLE_003637,STRIPE,MERCH_0036,USD,576.49,4.86,571.63,1,2026-03-24,SETTLED
SETTLE_003638,STRIPE,MERCH_0064,CAD,72.49,2.40,70.09,1,2026-03-05,SETTLED
SETTLE_003639,CHECKOUT_COM,MERCH_0007,GBP,40.25,0.87,39.38,1,2026-01-26,SETTLED
SETTLE_003640,ADYEN,MERCH_0047,EUR,463.75,6.60,457.15,1,2026-02-17,SETTLED
SETTLE_003641,STRIPE,MERCH_0077,USD,73.49,2.43,71.06,1,2026-02-19,SETTLED
SETTLE_003642,STRIPE,MERCH_0012,USD,86.75,2.82,83.93,1,2026-01-13,SETTLED
SETTLE_003643,PAYPAL,MERCH_0002,EUR,436.00,14.34,421.66,1,2026-03-09,SETTLED
SETTLE_003644,PAYPAL,MERCH_0052,USD,486.00,17.45,468.55,1,2026-01-10,SETTLED
SETTLE_003645,PAYPAL,MERCH_0029,INR,499.00,7.99,491.01,1,2026-01-30,SETTLED
SETTLE_003646,ADYEN,MERCH_0089,GBP,49.49,0.84,48.65,1,2026-01-15,SETTLED
SETTLE_003647,PAYPAL,MERCH_0003,GBP,2339.95,68.16,2271.79,1,2026-02-22,SETTLED
SETTLE_003648,ADYEN,MERCH_0091,USD,491.25,6.00,485.25,1,2026-02-28,SETTLED
SETTLE_003650,CHECKOUT_COM,MERCH_0030,GBP,392.80,7.22,385.58,1,2026-01-30,SETTLED
SETTLE_003651,STRIPE,MERCH_0049,USD,384.99,6.02,378.97,1,2026-03-03,SETTLED
SETTLE_003652,CHECKOUT_COM,MERCH_0097,CAD,265.75,6.60,259.15,1,2026-01-12,SETTLED
SETTLE_003653,CHECKOUT_COM,MERCH_0076,EUR,40.99,0.88,40.11,1,2026-03-05,SETTLED
SETTLE_003654,ADYEN,MERCH_0021,GBP,85.80,2.89,82.91,1,2026-03-16,SETTLED
SETTLE_003655,ADYEN,MERCH_0049,USD,244.80,3.04,241.76,1,2026-03-28,SETTLED
SETTLE_003656,PAYPAL,MERCH_0071,USD,468.75,16.85,451.90,1,2026-03-16,SETTLED
SETTLE_003657,STRIPE,MERCH_0044,INR,999.00,22.98,976.02,1,2026-03-10,SETTLED
SETTLE_003658,STRIPE,MERCH_0078,EUR,65.95,1.50,64.45,1,2026-02-22,SETTLED
SETTLE_003659,STRIPE,MERCH_0024,INR,1999.00,42.98,1956.02,1,2026-03-12,SETTLED
SETTLE_003660,STRIPE,MERCH_0077,USD,589.95,9.10,580.85,1,2026-03-03,SETTLED
SETTLE_003661,STRIPE,MERCH_0066,INR,1999.00,42.98,1956.02,1,2026-03-31,SETTLED
SETTLE_003662,STRIPE,MERCH_0045,USD,78.75,0.88,77.87,1,2026-03-16,SETTLED
SETTLE_003663,ADYEN,MERCH_0040,EUR,396.00,5.65,390.35,1,2026-03-29,SETTLED
SETTLE_003664,PAYPAL,MERCH_0077,INR,15000.00,182.00,14818.00,1,2026-03-23,SETTLED
SETTLE_003665,ADYEN,MERCH_0043,USD,1956.75,23.58,1933.17,2,2026-01-05,SETTLED
SETTLE_003666,STRIPE,MERCH_0051,CAD,38.25,1.41,36.84,1,2026-01-22,SETTLED
SETTLE_003667,PAYPAL,MERCH_0056,EUR,146.99,5.09,141.90,1,2026-01-16,SETTLED
SETTLE_003668,ADYEN,MERCH_0054,USD,246.49,3.06,243.43,2,2026-02-24,SETTLED
SETTLE_003669,STRIPE,MERCH_0008,INR,299.00,0.00,299.00,1,2026-01-08,SETTLED
SETTLE_003670,STRIPE,MERCH_0040,USD,239.00,3.83,235.17,1,2026-03-30,SETTLED
SETTLE_003671,ADYEN,MERCH_0043,GBP,411.50,6.27,405.23,1,2026-03-06,SETTLED
SETTLE_003672,STRIPE,MERCH_0043,EUR,75.75,0.58,75.17,1,2026-01-02,SETTLED
SETTLE_003673,STRIPE,MERCH_0058,USD,248.50,7.51,240.99,1,2026-03-07,SETTLED
SETTLE_003674,PAYPAL,MERCH_0073,INR,3969.00,49.63,3919.37,1,2026-03-31,SETTLED
SETTLE_003675,STRIPE,MERCH_0044,INR,9999.00,202.98,9796.02,1,2026-01-03,SETTLED
SETTLE_003676,STRIPE,MERCH_0047,INR,15000.00,303.00,14697.00,1,2026-02-03,SETTLED
SETTLE_003677,STRIPE,MERCH_0057,INR,3999.00,0.00,3999.00,1,2026-02-03,SETTLED
SETTLE_003678,PAYPAL,MERCH_0072,EUR,144.50,5.01,139.49,1,2026-02-08,SETTLED
SETTLE_003679,CHECKOUT_COM,MERCH_0093,CAD,60.80,1.68,59.12,1,2026-03-27,SETTLED
SETTLE_003680,PAYPAL,MERCH_0029,USD,1634.80,57.54,1577.26,1,2026-01-15,SETTLED
SETTLE_003681,STRIPE,MERCH_0008,USD,1499.00,0.00,1499.00,1,2026-03-03,SETTLED
SETTLE_003682,STRIPE,MERCH_0092,CAD,1364.95,39.88,1325.07,1,2026-02-10,SETTLED
SETTLE_003683,CHECKOUT_COM,MERCH_0015,GBP,25.80,0.61,25.19,1,2026-02-14,SETTLED
SETTLE_003684,ADYEN,MERCH_0095,EUR,321.80,1.28,320.52,1,2026-01-22,SETTLED
SETTLE_003685,PAYPAL,MERCH_0038,GBP,2982.75,86.80,2895.95,1,2026-03-11,SETTLED
SETTLE_003686,STRIPE,MERCH_0100,GBP,487.95,9.47,478.48,1,2026-02-12,SETTLED
SETTLE_003687,STRIPE,MERCH_0051,USD,74.50,0.85,73.65,1,2026-03-14,SETTLED
SETTLE_003688,CHECKOUT_COM,MERCH_0064,GBP,547.25,10.00,537.25,1,2026-03-06,SETTLED
SETTLE_003689,CHECKOUT_COM,MERCH_0067,USD,62.50,1.64,60.86,1,2026-02-06,SETTLED
SETTLE_003690,PAYPAL,MERCH_0065,EUR,23.75,1.15,22.60,2,2026-01-04,SETTLED
SETTLE_003691,STRIPE,MERCH_0017,EUR,55.49,1.30,54.19,1,2026-02-17,SETTLED
SETTLE_003692,CHECKOUT_COM,MERCH_0073,USD,82.49,2.10,80.39,1,2026-01-10,SETTLED
SETTLE_003693,PAYPAL,MERCH_0084,EUR,200.75,6.81,193.94,1,2026-03-08,SETTLED
SETTLE_003694,STRIPE,MERCH_0032,CAD,1311.25,38.33,1272.92,1,2026-01-21,SETTLED
SETTLE_003695,STRIPE,MERCH_0032,USD,58.00,0.71,57.29,1,2026-03-22,SETTLED
SETTLE_003696,ADYEN,MERCH_0099,USD,540.99,11.48,529.51,1,2026-01-09,SETTLED
SETTLE_003697,PAYPAL,MERCH_0047,INR,1999.00,25.99,1973.01,1,2026-02-23,SETTLED
SETTLE_003698,ADYEN,MERCH_0028,EUR,278.25,4.01,274.24,1,2026-02-01,SETTLED
SETTLE_003699,ADYEN,MERCH_0065,GBP,1928.95,29.03,1899.92,1,2026-01-25,SETTLED
SETTLE_003700,STRIPE,MERCH_0085,EUR,1441.25,7.41,1433.84,1,2026-01-21,SETTLED
SETTLE_003701,PAYPAL,MERCH_0036,USD,32.95,1.64,31.31,1,2026-03-27,SETTLED
SETTLE_003702,PAYPAL,MERCH_0058,GBP,176.99,5.43,171.56,1,2026-01-22,SETTLED
SETTLE_003703,STRIPE,MERCH_0018,EUR,34.00,0.37,33.63,1,2026-01-11,SETTLED
SETTLE_003704,STRIPE,MERCH_0014,USD,401.99,11.96,390.03,1,2026-03-29,SETTLED
SETTLE_003705,STRIPE,MERCH_0081,USD,18.75,8.53,10.22,1,2026-02-21,SETTLED
SETTLE_003706,STRIPE,MERCH_0011,INR,1024.00,0.00,1024.00,1,2026-01-13,SETTLED
SETTLE_003707,ADYEN,MERCH_0014,EUR,214.95,3.12,211.83,1,2026-01-13,SETTLED
SETTLE_003709,ADYEN,MERCH_0003,USD,106.75,2.36,104.39,1,2026-02-27,SETTLED
SETTLE_003710,PAYPAL,MERCH_0014,INR,2499.00,31.99,2467.01,1,2026-02-04,SETTLED
SETTLE_003711,STRIPE,MERCH_0047,INR,999.00,0.00,999.00,1,2026-03-06,SETTLED
SETTLE_003712,ADYEN,MERCH_0015,USD,110.75,1.43,109.32,1,2026-01-21,SETTLED
SETTLE_003713,CHECKOUT_COM,MERCH_0023,GBP,1881.00,34.01,1846.99,1,2026-03-09,SETTLED
SETTLE_003714,ADYEN,MERCH_0071,EUR,296.49,4.26,292.23,1,2026-02-02,SETTLED
SETTLE_003715,STRIPE,MERCH_0097,USD,27.75,0.47,27.28,1,2026-01-12,SETTLED
SETTLE_003716,CHECKOUT_COM,MERCH_0051,USD,449.00,10.53,438.47,1,2026-02-19,SETTLED
SETTLE_003717,STRIPE,MERCH_0092,CAD,16.95,0.79,16.16,1,2026-01-27,SETTLED
SETTLE_003718,PAYPAL,MERCH_0100,GBP,285.99,11.09,274.90,1,2026-03-23,SETTLED
SETTLE_003719,CHECKOUT_COM,MERCH_0004,EUR,238.75,4.24,234.51,1,2026-02-15,SETTLED
SETTLE_003720,STRIPE,MERCH_0067,USD,73.80,1.36,72.44,1,2026-01-22,SETTLED
SETTLE_003721,PAYPAL,MERCH_0093,GBP,709.49,20.88,688.61,1,2026-02-05,SETTLED
SETTLE_003722,CHECKOUT_COM,MERCH_0032,EUR,50.00,1.03,48.97,1,2026-01-09,SETTLED
SETTLE_003723,STRIPE,MERCH_0088,GBP,299.00,0.00,299.00,1,2026-03-07,SETTLED
SETTLE_003724,STRIPE,MERCH_0032,EUR,522.99,2.81,520.18,1,2026-02-08,SETTLED
SETTLE_003725,STRIPE,MERCH_0008,USD,205.75,3.34,202.41,1,2026-03-31,SETTLED
SETTLE_003726,ADYEN,MERCH_0015,USD,19.75,0.53,19.22,1,2026-03-29,SETTLED
SETTLE_003727,STRIPE,MERCH_0053,EUR,503.25,9.81,493.44,1,2026-01-15,SETTLED
SETTLE_003728,STRIPE,MERCH_0001,GBP,17.75,0.54,17.21,1,2026-01-08,SETTLED
SETTLE_003729,CHECKOUT_COM,MERCH_0048,USD,39.75,1.11,38.64,1,2026-03-06,SETTLED
SETTLE_003730,STRIPE,MERCH_0040,GBP,104.50,2.19,102.31,1,2026-02-09,SETTLED
SETTLE_003731,PAYPAL,MERCH_0041,EUR,1999.00,25.99,1973.01,1,2026-02-21,SETTLED
SETTLE_003732,ADYEN,MERCH_0056,EUR,72.50,0.40,72.10,1,2026-01-24,SETTLED
SETTLE_003733,ADYEN,MERCH_0037,EUR,2083.49,29.28,2054.21,1,2026-01-07,SETTLED
SETTLE_003734,STRIPE,MERCH_0048,USD,457.95,3.91,454.04,1,2026-02-03,SETTLED
SETTLE_003735,STRIPE,MERCH_0041,EUR,54.80,1.29,53.51,1,2026-01-15,SETTLED
SETTLE_003736,PAYPAL,MERCH_0073,INR,299.00,5.59,293.41,1,2026-01-08,SETTLED
SETTLE_003737,PAYPAL,MERCH_0041,GBP,230.75,6.99,223.76,1,2026-03-06,SETTLED
SETTLE_003738,ADYEN,MERCH_0032,EUR,62.25,4.73,57.52,1,2026-01-30,SETTLED
SETTLE_003739,STRIPE,MERCH_0029,EUR,51.49,1.23,50.26,1,2026-01-03,SETTLED
SETTLE_003740,PAYPAL,MERCH_0037,GBP,109.80,3.48,106.32,1,2026-02-16,SETTLED
SETTLE_003741,PAYPAL,MERCH_0062,INR,2499.00,31.99,2467.01,2,2026-01-04,SETTLED
SETTLE_003742,CHECKOUT_COM,MERCH_0079,CAD,440.80,10.80,430.00,1,2026-03-14,SETTLED
SETTLE_003743,STRIPE,MERCH_0009,USD,377.80,11.26,366.54,1,2026-02-05,SETTLED
SETTLE_003744,STRIPE,MERCH_0058,CAD,122.25,3.85,118.40,1,2026-01-20,SETTLED
SETTLE_003745,STRIPE,MERCH_0082,USD,76.49,1.40,75.09,1,2026-01-14,SETTLED
SETTLE_003746,STRIPE,MERCH_0090,INR,15000.00,303.00,14697.00,1,2026-02-26,SETTLED
SETTLE_003747,ADYEN,MERCH_0030,GBP,496.49,7.55,488.94,1,2026-01-13,SETTLED
SETTLE_003748,STRIPE,MERCH_0006,EUR,1101.99,21.19,1080.80,1,2026-01-13,SETTLED
SETTLE_003749,ADYEN,MERCH_0026,USD,2763.99,33.27,2730.72,1,2026-01-13,SETTLED
SETTLE_003750,STRIPE,MERCH_0027,GBP,80.95,1.74,79.21,1,2026-03-27,SETTLED
SETTLE_003751,CHECKOUT_COM,MERCH_0036,GBP,3.80,0.22,3.58,1,2026-03-06,SETTLED
SETTLE_003752,STRIPE,MERCH_0009,INR,1499.00,0.00,1499.00,1,2026-02-22,SETTLED
SETTLE_003754,CHECKOUT_COM,MERCH_0007,GBP,550.25,10.05,540.20,1,2026-02-01,SETTLED
SETTLE_003755,CHECKOUT_COM,MERCH_0009,EUR,383.80,6.70,377.10,1,2026-01-18,SETTLED
SETTLE_003756,STRIPE,MERCH_0067,EUR,3483.80,17.62,3466.18,1,2026-02-07,SETTLED
SETTLE_003757,ADYEN,MERCH_0041,USD,42.95,0.62,42.33,2,2026-02-19,SETTLED
SETTLE_003758,STRIPE,MERCH_0077,USD,143.80,4.47,139.33,1,2026-03-05,SETTLED
SETTLE_003759,STRIPE,MERCH_0082,CAD,972.00,28.49,943.51,1,2026-02-04,SETTLED
SETTLE_003760,STRIPE,MERCH_0023,GBP,648.49,12.52,635.97,1,2026-02-28,SETTLED
SETTLE_003761,PAYPAL,MERCH_0047,GBP,28.50,1.13,27.37,1,2026-02-04,SETTLED
SETTLE_003762,PAYPAL,MERCH_0042,CAD,34.25,1.29,32.96,1,2026-04-01,SETTLED
SETTLE_003763,STRIPE,MERCH_0065,EUR,21.00,0.30,20.70,1,2026-03-19,SETTLED
SETTLE_003764,ADYEN,MERCH_0006,EUR,22.99,5.23,17.76,1,2026-01-18,SETTLED
SETTLE_003765,STRIPE,MERCH_0007,INR,799.00,18.98,780.02,1,2026-02-15,SETTLED
SETTLE_003766,ADYEN,MERCH_0016,EUR,141.75,0.65,141.10,1,2026-02-04,SETTLED
SETTLE_003767,PAYPAL,MERCH_0051,GBP,424.49,12.61,411.88,1,2026-02-09,SETTLED
SETTLE_003768,PAYPAL,MERCH_0028,USD,18.95,1.15,17.80,1,2026-01-26,SETTLED
SETTLE_003769,ADYEN,MERCH_0073,EUR,67.00,0.38,66.62,1,2026-02-19,SETTLED
SETTLE_003770,STRIPE,MERCH_0090,EUR,264.25,5.27,258.98,1,2026-02-01,SETTLED
SETTLE_003771,STRIPE,MERCH_0046,INR,1499.00,0.00,1499.00,1,2026-01-10,SETTLED
SETTLE_003772,CHECKOUT_COM,MERCH_0088,USD,74.50,1.91,72.59,1,2026-02-15,SETTLED
SETTLE_003773,ADYEN,MERCH_0094,USD,488.50,10.38,478.12,1,2026-02-18,SETTLED
SETTLE_003774,CHECKOUT_COM,MERCH_0068,CAD,23.00,0.77,22.23,1,2026-01-23,SETTLED
SETTLE_003775,ADYEN,MERCH_0027,EUR,74.50,1.15,73.35,2,2026-01-23,SETTLED
SETTLE_003776,STRIPE,MERCH_0051,GBP,66.95,1.47,65.48,1,2026-03-04,SETTLED
SETTLE_003777,STRIPE,MERCH_0092,EUR,456.25,8.92,447.33,1,2026-02-11,SETTLED
SETTLE_003778,CHECKOUT_COM,MERCH_0026,EUR,53.00,1.08,51.92,1,2026-02-26,SETTLED
SETTLE_003779,STRIPE,MERCH_0061,USD,2401.50,36.27,2365.23,1,2026-01-09,SETTLED
SETTLE_003780,STRIPE,MERCH_0011,USD,74.95,1.37,73.58,1,2026-03-15,SETTLED
SETTLE_003781,STRIPE,MERCH_0042,GBP,1416.75,27.12,1389.63,1,2026-03-18,SETTLED
SETTLE_003782,ADYEN,MERCH_0002,GBP,19.49,0.38,19.11,1,2026-02-23,SETTLED
SETTLE_003783,PAYPAL,MERCH_0087,EUR,159.49,5.49,154.00,1,2026-02-18,SETTLED
SETTLE_003784,STRIPE,MERCH_0045,GBP,24.80,0.67,24.13,1,2026-03-12,SETTLED
SETTLE_003785,ADYEN,MERCH_0078,EUR,153.75,2.26,151.49,1,2026-04-02,SETTLED
SETTLE_003786,PAYPAL,MERCH_0063,INR,799.00,11.59,787.41,1,2026-02-07,SETTLED
SETTLE_003787,CHECKOUT_COM,MERCH_0056,EUR,51.75,1.06,50.69,1,2026-01-03,SETTLED
SETTLE_003788,PAYPAL,MERCH_0051,GBP,2349.50,68.44,2281.06,1,2026-02-05,SETTLED
SETTLE_003789,ADYEN,MERCH_0062,GBP,18.99,0.38,18.61,1,2026-02-07,SETTLED
SETTLE_003790,ADYEN,MERCH_0002,GBP,15.00,0.32,14.68,1,2026-03-10,SETTLED
SETTLE_003791,STRIPE,MERCH_0058,EUR,45.49,0.43,45.06,1,2026-01-28,SETTLED
SETTLE_003792,STRIPE,MERCH_0075,EUR,2712.25,13.76,2698.49,1,2026-03-04,SETTLED
SETTLE_003793,ADYEN,MERCH_0021,GBP,333.50,5.10,328.40,1,2026-03-23,SETTLED
SETTLE_003794,PAYPAL,MERCH_0097,INR,799.00,11.59,787.41,1,2026-01-05,SETTLED
SETTLE_003795,STRIPE,MERCH_0081,USD,599.00,5.04,593.96,1,2026-04-01,SETTLED
SETTLE_003796,STRIPE,MERCH_0093,USD,37.75,1.39,36.36,1,2026-01-27,SETTLED
SETTLE_003797,PAYPAL,MERCH_0024,EUR,77.95,2.88,75.07,1,2026-02-06,SETTLED
SETTLE_003798,ADYEN,MERCH_0019,USD,55.99,0.77,55.22,1,2026-03-21,SETTLED
SETTLE_003799,ADYEN,MERCH_0073,EUR,65.49,1.03,64.46,1,2026-01-26,SETTLED
SETTLE_003801,CHECKOUT_COM,MERCH_0095,USD,496.99,11.63,485.36,1,2026-03-23,SETTLED
SETTLE_003802,STRIPE,MERCH_0012,CAD,545.50,16.12,529.38,1,2026-01-10,SETTLED
SETTLE_003804,ADYEN,MERCH_0009,GBP,24.99,0.47,24.52,1,2026-02-15,SETTLED
SETTLE_003805,STRIPE,MERCH_0008,CAD,54.25,5.62,48.63,1,2026-01-15,SETTLED
SETTLE_003806,STRIPE,MERCH_0058,INR,15000.00,0.00,15000.00,1,2026-03-14,SETTLED
SETTLE_003807,CHECKOUT_COM,MERCH_0016,EUR,360.95,6.32,354.63,1,2026-02-16,SETTLED
SETTLE_003808,PAYPAL,MERCH_0017,USD,80.80,3.31,77.49,1,2026-03-21,SETTLED
SETTLE_003809,STRIPE,MERCH_0033,EUR,19.80,0.63,19.17,1,2026-01-22,SETTLED
SETTLE_003810,STRIPE,MERCH_0094,USD,75.75,2.50,73.25,1,2026-02-03,SETTLED
SETTLE_003811,ADYEN,MERCH_0042,USD,382.25,4.69,377.56,1,2026-01-23,SETTLED
SETTLE_003812,ADYEN,MERCH_0087,EUR,1452.75,5.23,1447.52,1,2026-03-30,SETTLED
SETTLE_003813,PAYPAL,MERCH_0034,GBP,28.50,1.13,27.37,1,2026-01-25,SETTLED
SETTLE_003814,CHECKOUT_COM,MERCH_0005,GBP,341.50,6.30,335.20,1,2026-04-01,SETTLED
SETTLE_003815,PAYPAL,MERCH_0045,INR,9999.00,121.99,9877.01,1,2026-01-13,SETTLED
SETTLE_003816,ADYEN,MERCH_0055,USD,53.75,1.25,52.50,1,2026-02-07,SETTLED
SETTLE_003817,CHECKOUT_COM,MERCH_0026,CAD,43.25,1.26,41.99,1,2026-04-01,SETTLED
SETTLE_003818,STRIPE,MERCH_0013,USD,143.99,4.48,139.51,1,2026-03-23,SETTLED
SETTLE_003819,STRIPE,MERCH_0011,INR,299.00,0.00,299.00,1,2026-02-19,SETTLED
SETTLE_003820,CHECKOUT_COM,MERCH_0023,CAD,3366.95,81.03,3285.92,1,2026-02-15,SETTLED
SETTLE_003821,STRIPE,MERCH_0058,USD,70.95,1.31,69.64,1,2026-03-26,SETTLED
SETTLE_003822,PAYPAL,MERCH_0049,USD,64.80,2.18,62.62,1,2026-02-24,SETTLED
SETTLE_003823,STRIPE,MERCH_0019,INR,4099.00,84.98,4014.02,1,2026-02-04,SETTLED
SETTLE_003824,STRIPE,MERCH_0056,INR,299.00,8.98,290.02,1,2026-01-30,SETTLED
SETTLE_003825,ADYEN,MERCH_0062,EUR,139.80,5.82,133.98,1,2026-01-29,SETTLED
SETTLE_003826,STRIPE,MERCH_0079,CAD,138.25,4.31,133.94,1,2026-02-09,SETTLED
SETTLE_003827,STRIPE,MERCH_0025,EUR,302.25,1.71,300.54,1,2026-01-22,SETTLED
SETTLE_003828,PAYPAL,MERCH_0080,EUR,2660.80,85.54,2575.26,1,2026-01-12,SETTLED
SETTLE_003829,PAYPAL,MERCH_0019,GBP,67.95,2.27,65.68,1,2026-03-12,SETTLED
SETTLE_003830,STRIPE,MERCH_0013,EUR,42.25,1.05,41.20,1,2026-02-16,SETTLED
SETTLE_003831,PAYPAL,MERCH_0007,USD,212.99,7.92,205.07,1,2026-03-07,SETTLED
SETTLE_003832,CHECKOUT_COM,MERCH_0078,USD,414.50,9.73,404.77,1,2026-03-14,SETTLED
SETTLE_003833,STRIPE,MERCH_0027,INR,1499.00,32.98,1466.02,1,2026-03-31,SETTLED
SETTLE_003834,ADYEN,MERCH_0093,EUR,231.80,0.96,230.84,1,2026-02-27,SETTLED
SETTLE_003835,ADYEN,MERCH_0005,EUR,577.50,8.19,569.31,1,2026-01-04,SETTLED
SETTLE_003836,ADYEN,MERCH_0033,EUR,72.75,4.15,68.60,1,2026-02-13,SETTLED
SETTLE_003837,STRIPE,MERCH_0086,USD,443.25,13.15,430.10,1,2026-02-27,SETTLED
SETTLE_003838,STRIPE,MERCH_0063,INR,2499.00,52.98,2446.02,1,2026-03-23,SETTLED
SETTLE_003839,STRIPE,MERCH_0092,USD,193.50,3.15,190.35,1,2026-02-19,SETTLED
SETTLE_003840,STRIPE,MERCH_0027,GBP,26.99,0.71,26.28,1,2026-01-02,SETTLED
SETTLE_003841,ADYEN,MERCH_0091,USD,79.50,1.05,78.45,1,2026-02-07,SETTLED
SETTLE_003842,ADYEN,MERCH_0064,USD,51.99,1.21,50.78,1,2026-02-17,SETTLED
SETTLE_003843,PAYPAL,MERCH_0027,GBP,2333.95,67.98,2265.97,1,2026-03-18,SETTLED
SETTLE_003844,STRIPE,MERCH_0072,USD,41.50,0.87,40.63,1,2026-03-20,SETTLED
SETTLE_003845,PAYPAL,MERCH_0085,USD,46.00,2.10,43.90,1,2026-03-21,SETTLED
SETTLE_003846,PAYPAL,MERCH_0037,GBP,2510.00,73.09,2436.91,1,2026-03-16,SETTLED
SETTLE_003847,STRIPE,MERCH_0012,USD,249.25,7.53,241.72,1,2026-03-08,SETTLED
SETTLE_003848,PAYPAL,MERCH_0086,INR,15000.00,182.00,14818.00,1,2026-01-13,SETTLED
SETTLE_003849,STRIPE,MERCH_0031,INR,9999.00,202.98,9796.02,1,2026-02-25,SETTLED
SETTLE_003850,ADYEN,MERCH_0078,EUR,23.25,0.44,22.81,1,2026-01-25,SETTLED
SETTLE_003851,ADYEN,MERCH_0089,EUR,482.75,1.84,480.91,1,2026-02-22,SETTLED
SETTLE_003852,STRIPE,MERCH_0065,EUR,75.00,0.57,74.43,1,2026-03-03,SETTLED
SETTLE_003853,PAYPAL,MERCH_0002,EUR,454.00,14.92,439.08,1,2026-01-06,SETTLED
SETTLE_003855,STRIPE,MERCH_0057,CAD,134.95,4.21,130.74,1,2026-02-02,SETTLED
SETTLE_003856,STRIPE,MERCH_0067,GBP,2134.75,40.76,2093.99,1,2026-03-11,SETTLED
SETTLE_003857,PAYPAL,MERCH_0004,INR,15000.00,182.00,14818.00,2,2026-01-02,SETTLED
SETTLE_003858,PAYPAL,MERCH_0071,EUR,62.00,2.37,59.63,1,2026-02-19,SETTLED
SETTLE_003859,STRIPE,MERCH_0087,EUR,136.80,2.85,133.95,1,2026-01-18,SETTLED
SETTLE_003860,STRIPE,MERCH_0027,INR,299.00,0.00,299.00,1,2026-01-02,SETTLED
SETTLE_003861,PAYPAL,MERCH_0008,EUR,58.80,2.27,56.53,1,2026-03-31,SETTLED
SETTLE_003862,CHECKOUT_COM,MERCH_0020,USD,586.00,13.68,572.32,1,2026-01-23,SETTLED
SETTLE_003863,ADYEN,MERCH_0003,EUR,520.49,7.40,513.09,1,2026-01-17,SETTLED
SETTLE_003864,ADYEN,MERCH_0022,GBP,41.50,0.72,40.78,1,2026-01-30,SETTLED
SETTLE_003865,ADYEN,MERCH_0082,EUR,36.25,0.62,35.63,1,2026-02-09,SETTLED
SETTLE_003866,ADYEN,MERCH_0039,USD,41.80,1.00,40.80,1,2026-03-16,SETTLED
SETTLE_003867,ADYEN,MERCH_0091,GBP,443.95,6.76,437.19,1,2026-02-05,SETTLED
SETTLE_003868,PAYPAL,MERCH_0075,INR,15000.00,182.00,14818.00,1,2026-03-30,SETTLED
SETTLE_003869,ADYEN,MERCH_0072,EUR,67.00,1.05,65.95,1,2026-03-26,SETTLED
SETTLE_003870,ADYEN,MERCH_0041,USD,83.25,6.10,77.15,1,2026-03-28,SETTLED
SETTLE_003871,CHECKOUT_COM,MERCH_0064,GBP,387.00,7.12,379.88,1,2026-01-06,SETTLED
SETTLE_003872,ADYEN,MERCH_0065,EUR,185.00,2.70,182.30,1,2026-02-20,SETTLED
SETTLE_003873,PAYPAL,MERCH_0081,GBP,37.50,1.39,36.11,2,2026-01-05,SETTLED
SETTLE_003874,ADYEN,MERCH_0075,EUR,2199.50,7.85,2191.65,1,2026-01-28,SETTLED
SETTLE_003875,CHECKOUT_COM,MERCH_0034,EUR,27.49,0.65,26.84,1,2026-03-26,SETTLED
SETTLE_003876,STRIPE,MERCH_0097,INR,999.00,22.98,976.02,1,2026-03-01,SETTLED
SETTLE_003877,PAYPAL,MERCH_0074,EUR,436.49,14.36,422.13,1,2026-03-04,SETTLED
SETTLE_003878,CHECKOUT_COM,MERCH_0018,EUR,15.99,0.45,15.54,1,2026-03-12,SETTLED
SETTLE_003879,PAYPAL,MERCH_0064,USD,23.80,1.32,22.48,1,2026-03-16,SETTLED
SETTLE_003880,CHECKOUT_COM,MERCH_0055,GBP,871.49,15.84,855.65,1,2026-02-26,SETTLED
SETTLE_003881,PAYPAL,MERCH_0082,GBP,1753.80,51.16,1702.64,1,2026-03-03,SETTLED
SETTLE_003882,STRIPE,MERCH_0100,INR,1999.00,0.00,1999.00,1,2026-01-22,SETTLED
SETTLE_003883,STRIPE,MERCH_0092,USD,607.95,17.93,590.02,1,2026-01-18,SETTLED
SETTLE_003884,CHECKOUT_COM,MERCH_0073,USD,57.80,1.53,56.27,1,2026-03-24,SETTLED
SETTLE_003885,PAYPAL,MERCH_0016,USD,539.75,19.33,520.42,1,2026-01-07,SETTLED
SETTLE_003886,PAYPAL,MERCH_0004,INR,9999.00,121.99,9877.01,1,2026-01-11,SETTLED
SETTLE_003887,PAYPAL,MERCH_0072,EUR,2125.99,68.42,2057.57,1,2026-02-08,SETTLED
SETTLE_003888,ADYEN,MERCH_0060,GBP,2354.50,35.42,2319.08,2,2026-03-10,SETTLED
SETTLE_003889,STRIPE,MERCH_0077,USD,208.50,6.35,202.15,1,2026-02-13,SETTLED
SETTLE_003890,PAYPAL,MERCH_0085,EUR,64.95,2.47,62.48,1,2026-01-04,SETTLED
SETTLE_003891,STRIPE,MERCH_0077,CAD,3356.99,97.65,3259.34,1,2026-03-28,SETTLED
SETTLE_003892,CHECKOUT_COM,MERCH_0076,GBP,2816.80,50.85,2765.95,1,2026-01-25,SETTLED
SETTLE_003893,STRIPE,MERCH_0081,INR,3999.00,82.98,3916.02,1,2026-01-13,SETTLED
SETTLE_003894,STRIPE,MERCH_0013,GBP,71.95,1.57,70.38,1,2026-01-25,SETTLED
SETTLE_003895,PAYPAL,MERCH_0065,EUR,80.25,2.96,77.29,1,2026-03-18,SETTLED
SETTLE_003896,PAYPAL,MERCH_0066,INR,799.00,11.59,787.41,1,2026-01-20,SETTLED
SETTLE_003897,CHECKOUT_COM,MERCH_0007,CAD,325.95,8.04,317.91,1,2026-01-29,SETTLED
SETTLE_003898,STRIPE,MERCH_0061,USD,3389.95,51.10,3338.85,1,2026-03-21,SETTLED
SETTLE_003899,STRIPE,MERCH_0066,EUR,561.95,3.01,558.94,1,2026-01-18,SETTLED
SETTLE_003900,PAYPAL,MERCH_0031,INR,999.00,13.99,985.01,1,2026-02-19,SETTLED
SETTLE_003901,PAYPAL,MERCH_0074,GBP,309.49,9.28,300.21,1,2026-02-03,SETTLED
SETTLE_003902,STRIPE,MERCH_0065,GBP,57.00,1.28,55.72,1,2026-03-17,SETTLED
SETTLE_003903,STRIPE,MERCH_0037,USD,72.49,0.83,71.66,1,2026-01-19,SETTLED
SETTLE_003904,STRIPE,MERCH_0066,EUR,63.95,0.52,63.43,1,2026-01-12,SETTLED
SETTLE_003905,STRIPE,MERCH_0020,EUR,2013.75,38.51,1975.24,1,2026-01-14,SETTLED
SETTLE_003906,PAYPAL,MERCH_0035,EUR,415.25,13.68,401.57,2,2026-04-02,SETTLED
SETTLE_003907,STRIPE,MERCH_0066,INR,1499.00,0.00,1499.00,1,2026-02-28,SETTLED
SETTLE_003908,STRIPE,MERCH_0046,EUR,47.00,0.44,46.56,1,2026-02-16,SETTLED
SETTLE_003909,PAYPAL,MERCH_0047,USD,350.95,12.74,338.21,1,2026-01-24,SETTLED
SETTLE_003910,ADYEN,MERCH_0034,EUR,23.80,4.19,19.61,1,2026-02-12,SETTLED
SETTLE_003911,CHECKOUT_COM,MERCH_0091,CAD,55.25,1.55,53.70,1,2026-03-16,SETTLED
SETTLE_003912,CHECKOUT_COM,MERCH_0031,GBP,45.95,0.98,44.97,1,2026-02-17,SETTLED
SETTLE_003913,PAYPAL,MERCH_0034,EUR,576.75,18.85,557.90,1,2026-01-23,SETTLED
SETTLE_003914,STRIPE,MERCH_0033,INR,799.00,8.00,791.00,1,2026-01-18,SETTLED
SETTLE_003915,ADYEN,MERCH_0036,USD,44.80,1.06,43.74,1,2026-01-20,SETTLED
SETTLE_003916,CHECKOUT_COM,MERCH_0062,EUR,863.00,14.85,848.15,1,2026-01-23,SETTLED
SETTLE_003918,CHECKOUT_COM,MERCH_0047,GBP,1578.50,28.56,1549.94,1,2026-03-09,SETTLED
SETTLE_003919,CHECKOUT_COM,MERCH_0013,CAD,609.99,14.86,595.13,1,2026-02-25,SETTLED
SETTLE_003920,CHECKOUT_COM,MERCH_0024,EUR,15.75,0.45,15.30,1,2026-01-13,SETTLED
SETTLE_003921,STRIPE,MERCH_0025,CAD,545.95,16.13,529.82,1,2026-01-21,SETTLED
SETTLE_003922,STRIPE,MERCH_0081,USD,33.75,0.76,32.99,1,2026-01-28,SETTLED
SETTLE_003923,STRIPE,MERCH_0095,EUR,32.25,0.86,31.39,1,2026-01-24,SETTLED
SETTLE_003924,STRIPE,MERCH_0098,USD,4999.00,0.00,4999.00,1,2026-02-01,SETTLED
SETTLE_003925,CHECKOUT_COM,MERCH_0011,EUR,970.25,16.67,953.58,1,2026-02-06,SETTLED
SETTLE_003926,ADYEN,MERCH_0061,USD,19.99,0.54,19.45,1,2026-01-29,SETTLED
SETTLE_003927,STRIPE,MERCH_0019,USD,2967.49,23.99,2943.50,1,2026-01-22,SETTLED
SETTLE_003928,STRIPE,MERCH_0055,USD,848.49,12.98,835.51,1,2026-02-06,SETTLED
SETTLE_003929,STRIPE,MERCH_0060,USD,210.49,3.41,207.08,1,2026-02-09,SETTLED
SETTLE_003930,STRIPE,MERCH_0048,USD,67.00,1.25,65.75,1,2026-01-04,SETTLED
SETTLE_003931,STRIPE,MERCH_0100,INR,3999.00,82.98,3916.02,1,2026-03-05,SETTLED
SETTLE_003932,ADYEN,MERCH_0047,EUR,1373.75,4.96,1368.79,1,2026-01-09,SETTLED
SETTLE_003933,STRIPE,MERCH_0061,EUR,19.49,0.62,18.87,1,2026-02-03,SETTLED
SETTLE_003934,CHECKOUT_COM,MERCH_0049,USD,64.00,1.67,62.33,1,2026-01-24,SETTLED
SETTLE_003935,STRIPE,MERCH_0023,EUR,65.50,0.53,64.97,1,2026-01-17,SETTLED
SETTLE_003936,PAYPAL,MERCH_0029,EUR,60.49,2.33,58.16,1,2026-02-13,SETTLED
SETTLE_003937,ADYEN,MERCH_0029,USD,289.50,6.20,283.30,1,2026-03-15,SETTLED
SETTLE_003938,ADYEN,MERCH_0050,GBP,78.80,1.28,77.52,1,2026-01-18,SETTLED
SETTLE_003939,STRIPE,MERCH_0046,EUR,255.95,1.48,254.47,1,2026-01-18,SETTLED
SETTLE_003940,PAYPAL,MERCH_0019,EUR,465.80,15.30,450.50,1,2026-01-30,SETTLED
SETTLE_003941,CHECKOUT_COM,MERCH_0089,CAD,1560.80,37.68,1523.12,1,2026-01-30,SETTLED
SETTLE_003942,ADYEN,MERCH_0045,USD,2969.75,35.74,2934.01,1,2026-03-25,SETTLED
SETTLE_003943,STRIPE,MERCH_0001,USD,74.95,2.47,72.48,1,2026-02-05,SETTLED
SETTLE_003944,CHECKOUT_COM,MERCH_0004,CAD,62.75,5.48,57.27,1,2026-03-21,SETTLED
SETTLE_003945,ADYEN,MERCH_0034,EUR,575.80,8.17,567.63,1,2026-02-14,SETTLED
SETTLE_003946,ADYEN,MERCH_0094,EUR,415.50,1.60,413.90,1,2026-01-23,SETTLED
SETTLE_003947,PAYPAL,MERCH_0008,GBP,2622.25,76.35,2545.90,1,2026-02-22,SETTLED
SETTLE_003948,CHECKOUT_COM,MERCH_0043,GBP,2790.25,50.37,2739.88,1,2026-01-02,SETTLED
SETTLE_003949,STRIPE,MERCH_0014,INR,1499.00,32.98,1466.02,1,2026-03-31,SETTLED
SETTLE_003950,CHECKOUT_COM,MERCH_0044,USD,16.49,0.58,15.91,1,2026-01-23,SETTLED
SETTLE_003951,ADYEN,MERCH_0083,USD,578.49,7.04,571.45,1,2026-01-20,SETTLED
SETTLE_003952,STRIPE,MERCH_0032,INR,499.00,12.98,486.02,1,2026-01-09,SETTLED
SETTLE_003953,PAYPAL,MERCH_0021,INR,499.00,7.99,491.01,1,2026-03-24,SETTLED
SETTLE_003954,STRIPE,MERCH_0050,CAD,4999.00,102.98,4896.02,1,2026-03-19,SETTLED
SETTLE_003955,STRIPE,MERCH_0025,INR,299.00,8.98,290.02,1,2026-03-16,SETTLED
SETTLE_003956,CHECKOUT_COM,MERCH_0059,GBP,320.80,5.92,314.88,1,2026-01-07,SETTLED
SETTLE_003957,STRIPE,MERCH_0058,GBP,21.80,0.61,21.19,1,2026-03-02,SETTLED
SETTLE_003958,PAYPAL,MERCH_0038,EUR,80.80,2.98,77.82,1,2026-01-02,SETTLED
SETTLE_003959,STRIPE,MERCH_0070,EUR,427.00,8.36,418.64,1,2026-02-08,SETTLED
SETTLE_003960,STRIPE,MERCH_0064,USD,34.49,1.30,33.19,1,2026-03-23,SETTLED
SETTLE_003961,STRIPE,MERCH_0051,CAD,19.00,0.85,18.15,1,2026-03-23,SETTLED
SETTLE_003962,STRIPE,MERCH_0073,INR,299.00,0.00,299.00,1,2026-03-20,SETTLED
SETTLE_003963,ADYEN,MERCH_0015,USD,69.49,1.58,67.91,1,2026-03-02,SETTLED
SETTLE_003964,PAYPAL,MERCH_0020,USD,32.25,1.62,30.63,1,2026-01-13,SETTLED
SETTLE_003965,STRIPE,MERCH_0058,USD,34.80,0.53,34.27,1,2026-01-12,SETTLED
SETTLE_003966,STRIPE,MERCH_0042,INR,499.00,0.00,499.00,1,2026-01-17,SETTLED
SETTLE_003967,ADYEN,MERCH_0082,USD,3181.80,38.28,3143.52,1,2026-01-07,SETTLED
SETTLE_003968,STRIPE,MERCH_0033,CAD,1435.75,41.94,1393.81,1,2026-02-12,SETTLED
SETTLE_003969,PAYPAL,MERCH_0064,INR,799.00,11.59,787.41,1,2026-03-25,SETTLED
SETTLE_003970,STRIPE,MERCH_0079,INR,4999.00,102.98,4896.02,1,2026-01-03,SETTLED
SETTLE_003971,CHECKOUT_COM,MERCH_0067,CAD,691.80,16.82,674.98,1,2026-01-19,SETTLED
SETTLE_003972,PAYPAL,MERCH_0030,USD,540.25,19.34,520.91,1,2026-03-11,SETTLED
SETTLE_003973,PAYPAL,MERCH_0081,EUR,1928.25,62.09,1866.16,1,2026-03-20,SETTLED
SETTLE_003974,ADYEN,MERCH_0092,GBP,416.95,6.35,410.60,1,2026-01-14,SETTLED
SETTLE_003975,CHECKOUT_COM,MERCH_0053,USD,72.49,1.87,70.62,1,2026-02-16,SETTLED
SETTLE_003976,PAYPAL,MERCH_0065,GBP,556.50,16.44,540.06,1,2026-01-22,SETTLED
SETTLE_003977,CHECKOUT_COM,MERCH_0055,GBP,54.95,4.89,50.06,1,2026-01-27,SETTLED
SETTLE_003978,STRIPE,MERCH_0081,USD,774.75,11.87,762.88,1,2026-03-06,SETTLED
SETTLE_003979,PAYPAL,MERCH_0054,USD,40.95,1.92,39.03,1,2026-03-16,SETTLED
SETTLE_003980,STRIPE,MERCH_0040,INR,1999.00,42.98,1956.02,1,2026-03-13,SETTLED
SETTLE_003981,PAYPAL,MERCH_0039,GBP,307.50,9.22,298.28,1,2026-03-30,SETTLED
SETTLE_003982,ADYEN,MERCH_0030,EUR,160.49,0.71,159.78,1,2026-03-05,SETTLED
SETTLE_003983,STRIPE,MERCH_0040,USD,622.99,5.23,617.76,1,2026-01-13,SETTLED
SETTLE_003984,STRIPE,MERCH_0046,INR,4999.00,0.00,4999.00,1,2026-03-02,SETTLED
SETTLE_003985,STRIPE,MERCH_0044,USD,72.25,0.83,71.42,2,2026-02-27,SETTLED
SETTLE_003986,ADYEN,MERCH_0078,EUR,26.49,0.48,26.01,1,2026-01-14,SETTLED
SETTLE_003987,STRIPE,MERCH_0029,EUR,222.80,1.31,221.49,1,2026-01-05,SETTLED
SETTLE_003988,CHECKOUT_COM,MERCH_0073,USD,647.25,15.09,632.16,1,2026-01-16,SETTLED
SETTLE_003989,ADYEN,MERCH_0026,EUR,312.80,1.24,311.56,1,2026-03-27,SETTLED
SETTLE_003990,ADYEN,MERCH_0011,USD,2711.75,32.64,2679.11,1,2026-02-15,SETTLED
SETTLE_003991,ADYEN,MERCH_0035,USD,125.00,2.75,122.25,1,2026-02-13,SETTLED
SETTLE_003992,STRIPE,MERCH_0026,CAD,388.49,11.57,376.92,1,2026-03-14,SETTLED
SETTLE_003993,ADYEN,MERCH_0007,USD,52.80,1.23,51.57,1,2026-02-23,SETTLED
SETTLE_003994,PAYPAL,MERCH_0084,EUR,2927.80,94.08,2833.72,1,2026-02-03,SETTLED
SETTLE_003995,STRIPE,MERCH_0004,EUR,53.00,1.26,51.74,1,2026-01-17,SETTLED
SETTLE_003996,CHECKOUT_COM,MERCH_0098,CAD,536.99,13.11,523.88,1,2026-02-14,SETTLED
SETTLE_003997,ADYEN,MERCH_0050,GBP,314.00,4.81,309.19,1,2026-03-15,SETTLED
SETTLE_003998,ADYEN,MERCH_0084,EUR,268.75,3.87,264.88,1,2026-03-15,SETTLED
SETTLE_003999,STRIPE,MERCH_0086,GBP,61.99,1.38,60.61,1,2026-01-12,SETTLED
SETTLE_004000,STRIPE,MERCH_0029,EUR,205.49,4.15,201.34,1,2026-03-14,SETTLED
SETTLE_004001,ADYEN,MERCH_0053,USD,26.50,0.68,25.82,1,2026-03-29,SETTLED
SETTLE_004002,CHECKOUT_COM,MERCH_0071,GBP,23.80,0.58,23.22,1,2026-03-29,SETTLED
SETTLE_004003,PAYPAL,MERCH_0090,USD,2083.49,73.20,2010.29,1,2026-03-09,SETTLED
SETTLE_004004,ADYEN,MERCH_0062,GBP,40.95,0.71,40.24,1,2026-03-02,SETTLED
SETTLE_004005,STRIPE,MERCH_0083,EUR,568.25,3.04,565.21,1,2026-03-03,SETTLED
SETTLE_004006,ADYEN,MERCH_0014,EUR,129.80,0.60,129.20,1,2026-01-23,SETTLED
SETTLE_004007,PAYPAL,MERCH_0079,INR,4999.00,61.99,4937.01,1,2026-01-12,SETTLED
SETTLE_004008,STRIPE,MERCH_0073,USD,45.25,0.61,44.64,1,2026-01-30,SETTLED
SETTLE_004009,ADYEN,MERCH_0049,USD,31.00,0.77,30.23,1,2026-02-02,SETTLED
SETTLE_004010,STRIPE,MERCH_0032,USD,206.75,4.13,202.62,1,2026-01-26,SETTLED
SETTLE_004011,STRIPE,MERCH_0046,CAD,327.00,9.78,317.22,1,2026-01-11,SETTLED
SETTLE_004012,ADYEN,MERCH_0066,USD,40.95,0.59,40.36,1,2026-03-09,SETTLED
SETTLE_004013,ADYEN,MERCH_0038,USD,435.25,9.26,425.99,1,2026-03-06,SETTLED
SETTLE_004015,CHECKOUT_COM,MERCH_0059,CAD,138.25,3.54,134.71,1,2026-02-16,SETTLED
SETTLE_004016,ADYEN,MERCH_0093,GBP,3008.00,45.22,2962.78,1,2026-02-12,SETTLED
SETTLE_004017,ADYEN,MERCH_0055,GBP,41.25,0.72,40.53,1,2026-01-06,SETTLED
SETTLE_004018,STRIPE,MERCH_0014,GBP,48.95,1.13,47.82,1,2026-01-08,SETTLED
SETTLE_004019,ADYEN,MERCH_0041,EUR,23.00,0.23,22.77,1,2026-03-19,SETTLED
SETTLE_004021,STRIPE,MERCH_0076,INR,10099.00,204.98,9894.02,1,2026-03-21,SETTLED
SETTLE_004022,CHECKOUT_COM,MERCH_0001,CAD,451.49,11.06,440.43,1,2026-03-25,SETTLED
SETTLE_004023,CHECKOUT_COM,MERCH_0067,USD,260.99,6.20,254.79,1,2026-03-12,SETTLED
SETTLE_004024,STRIPE,MERCH_0088,INR,4999.00,102.98,4896.02,1,2026-03-03,SETTLED
SETTLE_004025,CHECKOUT_COM,MERCH_0096,EUR,25.75,0.62,25.13,1,2026-02-18,SETTLED
SETTLE_004026,STRIPE,MERCH_0015,EUR,517.80,2.79,515.01,1,2026-02-03,SETTLED
SETTLE_004028,PAYPAL,MERCH_0015,EUR,561.49,18.36,543.13,1,2026-01-23,SETTLED
SETTLE_004029,STRIPE,MERCH_0053,USD,44.75,0.61,44.14,1,2026-02-23,SETTLED
SETTLE_004031,ADYEN,MERCH_0058,USD,392.25,8.36,383.89,1,2026-03-06,SETTLED
SETTLE_004032,CHECKOUT_COM,MERCH_0063,GBP,31.50,0.72,30.78,1,2026-03-03,SETTLED
SETTLE_004033,ADYEN,MERCH_0036,EUR,23.00,0.43,22.57,1,2026-03-30,SETTLED
SETTLE_004034,PAYPAL,MERCH_0007,INR,1999.00,25.99,1973.01,1,2026-03-11,SETTLED
SETTLE_004035,STRIPE,MERCH_0070,INR,3999.00,0.00,3999.00,1,2026-03-19,SETTLED
SETTLE_004036,CHECKOUT_COM,MERCH_0044,CAD,26.75,0.86,25.89,1,2026-03-05,SETTLED
SETTLE_004037,ADYEN,MERCH_0054,GBP,825.50,12.48,813.02,1,2026-02-06,SETTLED
SETTLE_004038,PAYPAL,MERCH_0028,INR,3999.00,49.99,3949.01,1,2026-02-14,SETTLED
SETTLE_004039,STRIPE,MERCH_0026,EUR,137.49,2.86,134.63,2,2026-02-16,SETTLED
SETTLE_004040,CHECKOUT_COM,MERCH_0043,EUR,2665.49,45.49,2620.00,1,2026-01-20,SETTLED
SETTLE_004041,ADYEN,MERCH_0086,EUR,70.25,0.40,69.85,1,2026-02-13,SETTLED
SETTLE_004042,CHECKOUT_COM,MERCH_0061,CAD,559.80,13.66,546.14,1,2026-03-20,SETTLED
SETTLE_004043,PAYPAL,MERCH_0080,USD,52.80,2.33,50.47,1,2026-02-16,SETTLED
SETTLE_004044,PAYPAL,MERCH_0009,USD,443.50,15.97,427.53,1,2026-02-07,SETTLED
SETTLE_004045,ADYEN,MERCH_0086,EUR,618.25,2.31,615.94,1,2026-02-09,SETTLED
SETTLE_004046,PAYPAL,MERCH_0050,GBP,1948.75,56.81,1891.94,1,2026-01-08,SETTLED
SETTLE_004047,ADYEN,MERCH_0006,EUR,1564.49,22.01,1542.48,1,2026-02-10,SETTLED
SETTLE_004048,STRIPE,MERCH_0061,INR,499.00,12.98,486.02,1,2026-01-07,SETTLED
SETTLE_004049,ADYEN,MERCH_0007,USD,515.75,6.29,509.46,1,2026-03-18,SETTLED
SETTLE_004050,ADYEN,MERCH_0097,GBP,29.80,0.55,29.25,1,2026-02-14,SETTLED
SETTLE_004051,STRIPE,MERCH_0052,INR,1999.00,42.98,1956.02,1,2026-01-29,SETTLED
SETTLE_004052,PAYPAL,MERCH_0072,USD,23.99,1.33,22.66,1,2026-03-27,SETTLED
SETTLE_004053,STRIPE,MERCH_0074,USD,1796.00,34.69,1761.31,1,2026-02-01,SETTLED
SETTLE_004054,STRIPE,MERCH_0033,INR,999.00,22.98,976.02,1,2026-03-29,SETTLED
SETTLE_004055,PAYPAL,MERCH_0009,GBP,80.80,2.64,78.16,1,2026-03-29,SETTLED
SETTLE_004056,CHECKOUT_COM,MERCH_0098,EUR,262.95,4.65,258.30,1,2026-03-19,SETTLED
SETTLE_004057,ADYEN,MERCH_0070,USD,2031.49,24.48,2007.01,1,2026-01-10,SETTLED
SETTLE_004058,STRIPE,MERCH_0019,USD,163.95,2.71,161.24,1,2026-03-10,SETTLED
SETTLE_004059,CHECKOUT_COM,MERCH_0051,EUR,76.49,1.48,75.01,1,2026-01-19,SETTLED
SETTLE_004060,CHECKOUT_COM,MERCH_0021,CAD,565.99,13.80,552.19,1,2026-02-14,SETTLED
SETTLE_004061,STRIPE,MERCH_0074,CAD,570.49,16.84,553.65,1,2026-02-26,SETTLED
SETTLE_004062,STRIPE,MERCH_0074,GBP,38.95,0.94,38.01,1,2026-03-18,SETTLED
SETTLE_004063,CHECKOUT_COM,MERCH_0078,CAD,374.00,9.20,364.80,1,2026-02-19,SETTLED
SETTLE_004064,CHECKOUT_COM,MERCH_0085,GBP,604.95,11.04,593.91,1,2026-02-11,SETTLED
SETTLE_004065,PAYPAL,MERCH_0001,USD,66.50,2.81,63.69,1,2026-03-13,SETTLED
SETTLE_004066,ADYEN,MERCH_0048,EUR,64.95,1.02,63.93,1,2026-02-22,SETTLED
SETTLE_004067,STRIPE,MERCH_0096,CAD,1108.00,32.43,1075.57,1,2026-01-30,SETTLED
SETTLE_004068,ADYEN,MERCH_0010,GBP,45.25,0.78,44.47,1,2026-01-18,SETTLED
SETTLE_004069,STRIPE,MERCH_0048,EUR,205.95,4.16,201.79,1,2026-01-24,SETTLED
SETTLE_004070,STRIPE,MERCH_0063,USD,1274.75,37.27,1237.48,1,2026-02-12,SETTLED
SETTLE_004071,STRIPE,MERCH_0008,INR,4999.00,0.00,4999.00,1,2026-01-16,SETTLED
SETTLE_004072,PAYPAL,MERCH_0015,USD,479.75,17.23,462.52,1,2026-03-06,SETTLED
SETTLE_004073,CHECKOUT_COM,MERCH_0099,CAD,620.75,15.12,605.63,1,2026-01-26,SETTLED
SETTLE_004074,PAYPAL,MERCH_0071,USD,30.50,1.55,28.95,1,2026-02-22,SETTLED
SETTLE_004075,STRIPE,MERCH_0049,EUR,77.75,0.59,77.16,1,2026-01-19,SETTLED
SETTLE_004076,PAYPAL,MERCH_0070,GBP,18.99,0.85,18.14,1,2026-01-24,SETTLED
SETTLE_004077,ADYEN,MERCH_0004,USD,440.50,9.37,431.13,1,2026-01-22,SETTLED
SETTLE_004078,PAYPAL,MERCH_0020,GBP,26.25,1.06,25.19,1,2026-03-07,SETTLED
SETTLE_004079,ADYEN,MERCH_0100,GBP,315.80,4.84,310.96,1,2026-03-26,SETTLED
SETTLE_004080,STRIPE,MERCH_0084,INR,4999.00,0.00,4999.00,1,2026-02-13,SETTLED
SETTLE_004081,CHECKOUT_COM,MERCH_0047,EUR,69.95,1.37,68.58,1,2026-03-10,SETTLED
SETTLE_004082,STRIPE,MERCH_0091,EUR,3489.95,17.65,3472.30,1,2026-01-25,SETTLED
SETTLE_004083,PAYPAL,MERCH_0068,EUR,499.49,16.37,483.12,1,2026-01-28,SETTLED
SETTLE_004084,STRIPE,MERCH_0047,INR,2499.00,0.00,2499.00,1,2026-01-20,SETTLED
SETTLE_004085,ADYEN,MERCH_0098,EUR,74.99,0.41,74.58,1,2026-03-21,SETTLED
SETTLE_004086,STRIPE,MERCH_0066,USD,654.00,19.27,634.73,1,2026-02-22,SETTLED
SETTLE_004087,STRIPE,MERCH_0041,USD,398.95,11.44,387.51,1,2026-02-03,SETTLED
SETTLE_004088,ADYEN,MERCH_0048,USD,63.99,1.46,62.53,1,2026-01-24,SETTLED
SETTLE_004089,CHECKOUT_COM,MERCH_0092,EUR,234.80,4.17,230.63,1,2026-02-18,SETTLED
SETTLE_004090,ADYEN,MERCH_0094,USD,19.75,0.34,19.41,1,2026-03-16,SETTLED
SETTLE_004091,ADYEN,MERCH_0008,GBP,528.80,8.03,520.77,1,2026-03-25,SETTLED
SETTLE_004092,STRIPE,MERCH_0014,INR,15000.00,303.00,14697.00,1,2026-02-06,SETTLED
SETTLE_004093,ADYEN,MERCH_0020,USD,66.00,0.89,65.11,1,2026-02-19,SETTLED
SETTLE_004094,ADYEN,MERCH_0047,EUR,3361.75,47.17,3314.58,1,2026-03-29,SETTLED
SETTLE_004095,STRIPE,MERCH_0046,GBP,27.75,0.73,27.02,1,2026-02-04,SETTLED
SETTLE_004096,PAYPAL,MERCH_0036,EUR,538.99,17.64,521.35,1,2026-01-20,SETTLED
SETTLE_004097,ADYEN,MERCH_0031,USD,123.25,1.58,121.67,1,2026-01-10,SETTLED
SETTLE_004098,ADYEN,MERCH_0009,GBP,195.75,3.04,192.71,1,2026-03-24,SETTLED
SETTLE_004099,STRIPE,MERCH_0091,EUR,276.49,5.50,270.99,1,2026-03-06,SETTLED
SETTLE_004100,STRIPE,MERCH_0009,EUR,2778.80,14.09,2764.71,1,2026-02-01,SETTLED
SETTLE_004101,STRIPE,MERCH_0065,USD,138.50,4.32,134.18,1,2026-01-25,SETTLED
SETTLE_004102,STRIPE,MERCH_0042,USD,179.75,2.95,176.80,1,2026-03-27,SETTLED
SETTLE_004103,PAYPAL,MERCH_0054,EUR,359.49,11.89,347.60,1,2026-01-27,SETTLED
SETTLE_004104,STRIPE,MERCH_0046,USD,3278.50,26.48,3252.02,1,2026-02-15,SETTLED
SETTLE_004105,CHECKOUT_COM,MERCH_0059,EUR,63.00,1.25,61.75,1,2026-02-22,SETTLED
SETTLE_004106,ADYEN,MERCH_0001,GBP,191.95,4.15,187.80,1,2026-03-06,SETTLED
SETTLE_004107,PAYPAL,MERCH_0007,GBP,2423.99,70.60,2353.39,1,2026-02-09,SETTLED
SETTLE_004108,CHECKOUT_COM,MERCH_0080,CAD,549.99,13.42,536.57,1,2026-03-24,SETTLED
SETTLE_004109,STRIPE,MERCH_0074,EUR,312.95,6.20,306.75,1,2026-02-27,SETTLED
SETTLE_004110,PAYPAL,MERCH_0042,USD,99.25,3.95,95.30,1,2026-01-10,SETTLED
SETTLE_004111,ADYEN,MERCH_0035,USD,44.50,1.05,43.45,1,2026-01-09,SETTLED
SETTLE_004112,PAYPAL,MERCH_0056,INR,999.00,13.99,985.01,1,2026-03-17,SETTLED
SETTLE_004113,STRIPE,MERCH_0001,EUR,35.95,0.93,35.02,1,2026-01-25,SETTLED
SETTLE_004116,ADYEN,MERCH_0006,EUR,1532.99,21.57,1511.42,1,2026-01-07,SETTLED
SETTLE_004117,STRIPE,MERCH_0012,INR,3999.00,82.98,3916.02,1,2026-01-28,SETTLED
SETTLE_004118,STRIPE,MERCH_0080,EUR,2829.95,54.02,2775.93,1,2026-03-03,SETTLED
SETTLE_004119,PAYPAL,MERCH_0053,EUR,73.99,2.76,71.23,1,2026-03-29,SETTLED
SETTLE_004120,ADYEN,MERCH_0019,GBP,55.99,0.94,55.05,1,2026-02-09,SETTLED
SETTLE_004121,ADYEN,MERCH_0064,EUR,127.99,1.90,126.09,1,2026-02-13,SETTLED
SETTLE_004122,ADYEN,MERCH_0030,GBP,69.50,9.14,60.36,1,2026-01-12,SETTLED
SETTLE_004123,STRIPE,MERCH_0013,GBP,424.75,8.27,416.48,1,2026-02-08,SETTLED
SETTLE_004124,PAYPAL,MERCH_0012,GBP,40.75,1.48,39.27,1,2026-01-10,SETTLED
SETTLE_004125,ADYEN,MERCH_0021,USD,54.80,1.27,53.53,1,2026-02-20,SETTLED
SETTLE_004126,PAYPAL,MERCH_0096,EUR,470.49,15.45,455.04,1,2026-01-24,SETTLED
SETTLE_004127,CHECKOUT_COM,MERCH_0022,GBP,616.99,13.76,603.23,1,2026-02-22,SETTLED
SETTLE_004128,STRIPE,MERCH_0090,USD,50.80,1.77,49.03,1,2026-01-31,SETTLED
SETTLE_004129,CHECKOUT_COM,MERCH_0074,EUR,530.99,10.71,520.28,1,2026-01-12,SETTLED
SETTLE_004130,STRIPE,MERCH_0095,EUR,79.99,0.60,79.39,1,2026-01-27,SETTLED
SETTLE_004131,STRIPE,MERCH_0075,EUR,2755.99,52.61,2703.38,1,2026-01-30,SETTLED
SETTLE_004132,PAYPAL,MERCH_0086,GBP,105.25,3.35,101.90,1,2026-01-06,SETTLED
SETTLE_004133,ADYEN,MERCH_0023,EUR,363.25,5.20,358.05,1,2026-01-11,SETTLED
SETTLE_004134,STRIPE,MERCH_0045,CAD,611.80,18.04,593.76,1,2026-01-24,SETTLED
SETTLE_004135,CHECKOUT_COM,MERCH_0035,EUR,15.49,0.44,15.05,1,2026-03-04,SETTLED
SETTLE_004136,ADYEN,MERCH_0085,EUR,60.49,0.96,59.53,1,2026-03-31,SETTLED
SETTLE_004137,STRIPE,MERCH_0070,CAD,559.25,16.52,542.73,1,2026-03-26,SETTLED
SETTLE_004138,CHECKOUT_COM,MERCH_0069,CAD,54.49,1.53,52.96,1,2026-01-25,SETTLED
SETTLE_004139,PAYPAL,MERCH_0084,EUR,98.00,3.53,94.47,1,2026-03-23,SETTLED
SETTLE_004140,STRIPE,MERCH_0044,USD,15.00,0.73,14.27,1,2026-01-25,SETTLED
SETTLE_004141,STRIPE,MERCH_0028,GBP,467.80,9.09,458.71,1,2026-01-05,SETTLED
SETTLE_004142,ADYEN,MERCH_0027,GBP,41.99,0.73,41.26,1,2026-01-23,SETTLED
SETTLE_004143,ADYEN,MERCH_0034,EUR,33.75,0.58,33.17,1,2026-01-25,SETTLED
SETTLE_004144,STRIPE,MERCH_0007,CAD,1871.80,54.58,1817.22,1,2026-03-26,SETTLED
SETTLE_004145,STRIPE,MERCH_0038,USD,107.25,1.86,105.39,1,2026-02-12,SETTLED
SETTLE_004146,ADYEN,MERCH_0033,USD,46.49,0.66,45.83,1,2026-03-11,SETTLED
SETTLE_004147,STRIPE,MERCH_0078,CAD,54.25,1.87,52.38,1,2026-03-11,SETTLED
SETTLE_004148,STRIPE,MERCH_0023,USD,38.25,0.82,37.43,1,2026-01-06,SETTLED
SETTLE_004149,PAYPAL,MERCH_0060,EUR,407.75,13.44,394.31,1,2026-03-31,SETTLED
SETTLE_004150,CHECKOUT_COM,MERCH_0042,EUR,1970.95,33.69,1937.26,1,2026-03-05,SETTLED
SETTLE_004151,ADYEN,MERCH_0046,USD,80.49,1.07,79.42,1,2026-02-06,SETTLED
SETTLE_004152,CHECKOUT_COM,MERCH_0069,EUR,545.25,9.45,535.80,1,2026-02-12,SETTLED
SETTLE_004153,STRIPE,MERCH_0017,INR,1999.00,42.98,1956.02,1,2026-01-26,SETTLED
SETTLE_004154,CHECKOUT_COM,MERCH_0039,CAD,424.75,10.41,414.34,1,2026-03-14,SETTLED
SETTLE_004155,CHECKOUT_COM,MERCH_0080,CAD,211.75,5.30,206.45,1,2026-03-29,SETTLED
SETTLE_004156,STRIPE,MERCH_0005,INR,799.00,18.98,780.02,1,2026-02-04,SETTLED
SETTLE_004157,STRIPE,MERCH_0049,USD,3002.25,87.37,2914.88,1,2026-03-25,SETTLED
SETTLE_004158,ADYEN,MERCH_0014,USD,721.25,8.75,712.50,1,2026-02-17,SETTLED
SETTLE_004159,STRIPE,MERCH_0003,EUR,58.50,1.36,57.14,1,2026-01-19,SETTLED
SETTLE_004160,CHECKOUT_COM,MERCH_0018,GBP,1055.99,19.16,1036.83,1,2026-01-17,SETTLED
SETTLE_004161,ADYEN,MERCH_0053,USD,75.95,1.71,74.24,1,2026-01-13,SETTLED
SETTLE_004162,CHECKOUT_COM,MERCH_0016,GBP,593.80,10.84,582.96,1,2026-02-18,SETTLED
SETTLE_004163,STRIPE,MERCH_0098,GBP,386.50,11.51,374.99,1,2026-01-12,SETTLED
SETTLE_004164,PAYPAL,MERCH_0035,INR,999.00,13.99,985.01,1,2026-03-02,SETTLED
SETTLE_004165,STRIPE,MERCH_0005,USD,40.80,0.58,40.22,1,2026-02-14,SETTLED
SETTLE_004166,CHECKOUT_COM,MERCH_0044,GBP,246.80,4.59,242.21,1,2026-02-15,SETTLED
SETTLE_004167,STRIPE,MERCH_0087,USD,161.25,4.98,156.27,1,2026-01-24,SETTLED
SETTLE_004168,PAYPAL,MERCH_0072,USD,303.25,11.07,292.18,1,2026-02-19,SETTLED
SETTLE_004169,PAYPAL,MERCH_0038,INR,1499.00,19.99,1479.01,1,2026-03-22,SETTLED
SETTLE_004170,STRIPE,MERCH_0005,USD,78.99,0.88,78.11,1,2026-01-30,SETTLED
SETTLE_004171,STRIPE,MERCH_0027,CAD,791.50,23.25,768.25,1,2026-01-22,SETTLED
SETTLE_004172,CHECKOUT_COM,MERCH_0056,GBP,356.99,6.58,350.41,1,2026-02-13,SETTLED
SETTLE_004173,STRIPE,MERCH_0008,USD,340.95,2.98,337.97,1,2026-02-05,SETTLED
SETTLE_004174,STRIPE,MERCH_0047,CAD,60.49,2.05,58.44,1,2026-03-16,SETTLED
SETTLE_004175,ADYEN,MERCH_0085,USD,57.25,0.79,56.46,1,2026-02-16,SETTLED
SETTLE_004176,STRIPE,MERCH_0067,INR,999.00,0.00,999.00,1,2026-01-22,SETTLED
SETTLE_004178,PAYPAL,MERCH_0014,INR,299.00,5.59,293.41,1,2026-01-06,SETTLED
SETTLE_004179,STRIPE,MERCH_0016,EUR,22.95,0.69,22.26,1,2026-03-15,SETTLED
SETTLE_004180,STRIPE,MERCH_0062,GBP,2349.25,44.84,2304.41,1,2026-03-12,SETTLED
SETTLE_004182,ADYEN,MERCH_0028,EUR,210.00,0.88,209.12,1,2026-03-13,SETTLED
SETTLE_004183,ADYEN,MERCH_0091,EUR,2290.75,32.18,2258.57,1,2026-01-15,SETTLED
SETTLE_004184,PAYPAL,MERCH_0065,USD,643.49,22.95,620.54,1,2026-01-04,SETTLED
SETTLE_004185,CHECKOUT_COM,MERCH_0034,GBP,580.00,10.59,569.41,1,2026-03-19,SETTLED
SETTLE_004186,STRIPE,MERCH_0078,INR,499.00,12.98,486.02,1,2026-03-08,SETTLED
SETTLE_004187,STRIPE,MERCH_0061,CAD,22.75,0.96,21.79,2,2026-03-06,SETTLED
SETTLE_004188,CHECKOUT_COM,MERCH_0077,GBP,45.25,0.96,44.29,1,2026-01-02,SETTLED
SETTLE_004189,CHECKOUT_COM,MERCH_0024,USD,117.49,2.90,114.59,1,2026-01-21,SETTLED
SETTLE_004190,STRIPE,MERCH_0004,GBP,3007.99,57.35,2950.64,1,2026-01-21,SETTLED
SETTLE_004191,STRIPE,MERCH_0025,EUR,68.99,1.56,67.43,2,2026-01-09,SETTLED
SETTLE_004192,PAYPAL,MERCH_0021,GBP,62.25,2.11,60.14,1,2026-02-11,SETTLED
SETTLE_004193,PAYPAL,MERCH_0083,USD,30.49,1.55,28.94,1,2026-03-10,SETTLED
SETTLE_004194,STRIPE,MERCH_0049,USD,509.75,4.33,505.42,1,2026-02-19,SETTLED
SETTLE_004195,PAYPAL,MERCH_0022,GBP,56.50,1.94,54.56,1,2026-02-21,SETTLED
SETTLE_004196,STRIPE,MERCH_0098,INR,1999.00,0.00,1999.00,1,2026-01-22,SETTLED
SETTLE_004197,PAYPAL,MERCH_0045,INR,299.00,5.59,293.41,1,2026-01-13,SETTLED
SETTLE_004198,PAYPAL,MERCH_0012,GBP,20.49,0.89,19.60,1,2026-01-21,SETTLED
SETTLE_004200,STRIPE,MERCH_0084,EUR,17.95,0.59,17.36,1,2026-02-26,SETTLED
SETTLE_004201,CHECKOUT_COM,MERCH_0053,USD,272.50,6.47,266.03,1,2026-01-18,SETTLED
SETTLE_004202,CHECKOUT_COM,MERCH_0050,CAD,524.80,12.82,511.98,1,2026-02-11,SETTLED
SETTLE_004203,STRIPE,MERCH_0091,USD,31.75,0.50,31.25,1,2026-01-02,SETTLED
SETTLE_004204,STRIPE,MERCH_0013,GBP,576.25,11.15,565.10,1,2026-01-02,SETTLED
SETTLE_004205,PAYPAL,MERCH_0038,EUR,2092.49,67.35,2025.14,1,2026-01-29,SETTLED
SETTLE_004206,STRIPE,MERCH_0016,USD,415.75,6.49,409.26,1,2026-03-15,SETTLED
SETTLE_004207,CHECKOUT_COM,MERCH_0024,USD,154.99,3.76,151.23,1,2026-02-20,SETTLED
SETTLE_004208,STRIPE,MERCH_0009,GBP,58.75,1.32,57.43,1,2026-03-03,SETTLED
SETTLE_004209,STRIPE,MERCH_0006,USD,43.75,1.57,42.18,1,2026-02-26,SETTLED
SETTLE_004210,STRIPE,MERCH_0007,CAD,223.00,6.77,216.23,2,2026-02-16,SETTLED
SETTLE_004211,PAYPAL,MERCH_0089,GBP,765.50,22.50,743.00,1,2026-02-28,SETTLED
SETTLE_004212,CHECKOUT_COM,MERCH_0032,GBP,60.50,1.24,59.26,1,2026-03-14,SETTLED
SETTLE_004213,STRIPE,MERCH_0098,INR,9999.00,202.98,9796.02,1,2026-04-01,SETTLED
SETTLE_004214,ADYEN,MERCH_0069,EUR,381.00,1.48,379.52,1,2026-01-26,SETTLED
SETTLE_004215,CHECKOUT_COM,MERCH_0033,CAD,49.25,1.40,47.85,1,2026-03-20,SETTLED
SETTLE_004216,PAYPAL,MERCH_0068,INR,9999.00,121.99,9877.01,1,2026-02-01,SETTLED
SETTLE_004217,PAYPAL,MERCH_0019,USD,16.49,1.07,15.42,1,2026-01-19,SETTLED
SETTLE_004219,PAYPAL,MERCH_0032,GBP,2512.99,73.18,2439.81,1,2026-01-04,SETTLED
SETTLE_004220,STRIPE,MERCH_0037,GBP,36.80,0.90,35.90,1,2026-03-25,SETTLED
SETTLE_004221,STRIPE,MERCH_0084,EUR,63.25,1.45,61.80,1,2026-03-17,SETTLED
SETTLE_004222,CHECKOUT_COM,MERCH_0008,CAD,1120.99,27.12,1093.87,1,2026-03-15,SETTLED
SETTLE_004223,CHECKOUT_COM,MERCH_0065,EUR,1962.00,33.53,1928.47,1,2026-01-21,SETTLED
SETTLE_004224,STRIPE,MERCH_0032,GBP,423.50,8.25,415.25,1,2026-02-11,SETTLED
SETTLE_004225,ADYEN,MERCH_0068,GBP,24.75,0.47,24.28,1,2026-01-10,SETTLED
SETTLE_004226,CHECKOUT_COM,MERCH_0053,GBP,255.49,4.52,250.97,1,2026-01-29,SETTLED
SETTLE_004227,PAYPAL,MERCH_0044,INR,15000.00,182.00,14818.00,1,2026-03-18,SETTLED
SETTLE_004228,ADYEN,MERCH_0016,USD,39.25,0.94,38.31,1,2026-01-11,SETTLED
SETTLE_004229,STRIPE,MERCH_0076,INR,4999.00,0.00,4999.00,1,2026-01-11,SETTLED
SETTLE_004230,CHECKOUT_COM,MERCH_0030,EUR,33.25,0.75,32.50,1,2026-02-10,SETTLED
SETTLE_004232,PAYPAL,MERCH_0070,EUR,625.75,20.41,605.34,1,2026-03-26,SETTLED
SETTLE_004233,STRIPE,MERCH_0012,INR,999.00,0.00,999.00,1,2026-03-06,SETTLED
SETTLE_004234,STRIPE,MERCH_0013,USD,257.95,2.31,255.64,1,2026-01-13,SETTLED
SETTLE_004235,ADYEN,MERCH_0030,USD,74.95,1.69,73.26,1,2026-01-28,SETTLED
SETTLE_004236,ADYEN,MERCH_0073,USD,174.00,3.77,170.23,1,2026-01-23,SETTLED
SETTLE_004237,STRIPE,MERCH_0047,INR,9999.00,0.00,9999.00,1,2026-01-08,SETTLED
SETTLE_004238,ADYEN,MERCH_0057,EUR,477.49,1.82,475.67,2,2026-03-26,SETTLED
SETTLE_004240,STRIPE,MERCH_0040,USD,483.49,4.12,479.37,1,2026-04-01,SETTLED
SETTLE_004241,CHECKOUT_COM,MERCH_0008,USD,1917.50,44.30,1873.20,1,2026-02-07,SETTLED
SETTLE_004242,STRIPE,MERCH_0100,CAD,24.25,1.00,23.25,1,2026-02-11,SETTLED
SETTLE_004243,STRIPE,MERCH_0062,CAD,738.49,21.72,716.77,1,2026-03-27,SETTLED
SETTLE_004244,STRIPE,MERCH_0032,EUR,301.99,5.99,296.00,1,2026-01-15,SETTLED
SETTLE_004245,ADYEN,MERCH_0062,EUR,35.80,0.61,35.19,1,2026-03-18,SETTLED
SETTLE_004246,PAYPAL,MERCH_0089,INR,1999.00,25.99,1973.01,1,2026-01-12,SETTLED
SETTLE_004247,STRIPE,MERCH_0059,EUR,78.50,1.74,76.76,1,2026-01-10,SETTLED
SETTLE_004248,ADYEN,MERCH_0098,GBP,271.80,4.18,267.62,1,2026-02-26,SETTLED
SETTLE_004249,STRIPE,MERCH_0045,USD,30.99,0.50,30.49,1,2026-02-12,SETTLED
SETTLE_004250,CHECKOUT_COM,MERCH_0069,CAD,70.25,1.91,68.34,1,2026-03-24,SETTLED
SETTLE_004251,STRIPE,MERCH_0033,EUR,588.50,3.14,585.36,1,2026-01-29,SETTLED
SETTLE_004252,PAYPAL,MERCH_0029,USD,16.75,1.07,15.68,1,2026-02-24,SETTLED
SETTLE_004253,PAYPAL,MERCH_0071,INR,499.00,7.99,491.01,1,2026-03-24,SETTLED
SETTLE_004254,CHECKOUT_COM,MERCH_0019,GBP,20.80,0.52,20.28,2,2026-02-15,SETTLED
SETTLE_004255,STRIPE,MERCH_0095,USD,65.95,10.21,55.74,1,2026-02-26,SETTLED
SETTLE_004256,STRIPE,MERCH_0099,INR,2574.00,0.00,2574.00,1,2026-02-12,SETTLED
SETTLE_004257,CHECKOUT_COM,MERCH_0050,EUR,549.49,9.52,539.97,1,2026-03-08,SETTLED
SETTLE_004258,STRIPE,MERCH_0089,EUR,2863.99,54.67,2809.32,1,2026-03-03,SETTLED
SETTLE_004259,STRIPE,MERCH_0086,EUR,35.95,0.38,35.57,1,2026-01-11,SETTLED
SETTLE_004260,CHECKOUT_COM,MERCH_0005,EUR,818.99,14.10,804.89,1,2026-03-21,SETTLED
SETTLE_004261,PAYPAL,MERCH_0070,INR,3999.00,49.99,3949.01,1,2026-02-23,SETTLED
SETTLE_004262,PAYPAL,MERCH_0074,USD,169.75,6.41,163.34,1,2026-04-01,SETTLED
SETTLE_004263,PAYPAL,MERCH_0013,EUR,37.95,1.60,36.35,1,2026-01-29,SETTLED
SETTLE_004264,ADYEN,MERCH_0038,USD,281.80,6.04,275.76,1,2026-01-19,SETTLED
SETTLE_004265,STRIPE,MERCH_0053,INR,299.00,8.98,290.02,1,2026-02-18,SETTLED
SETTLE_004266,STRIPE,MERCH_0051,INR,499.00,12.98,486.02,1,2026-01-29,SETTLED
SETTLE_004267,ADYEN,MERCH_0077,GBP,273.49,4.20,269.29,1,2026-02-25,SETTLED
SETTLE_004268,PAYPAL,MERCH_0089,GBP,68.95,2.30,66.65,1,2026-03-02,SETTLED
SETTLE_004269,ADYEN,MERCH_0012,EUR,247.25,3.57,243.68,2,2026-01-23,SETTLED
SETTLE_004270,STRIPE,MERCH_0093,EUR,58.00,0.49,57.51,1,2026-01-05,SETTLED
SETTLE_004271,ADYEN,MERCH_0010,EUR,62.75,0.37,62.38,1,2026-02-12,SETTLED
SETTLE_004272,STRIPE,MERCH_0020,GBP,634.49,12.26,622.23,1,2026-01-04,SETTLED
SETTLE_004273,STRIPE,MERCH_0042,USD,570.49,16.84,553.65,1,2026-02-15,SETTLED
SETTLE_004274,STRIPE,MERCH_0001,INR,799.00,0.00,799.00,1,2026-01-17,SETTLED
SETTLE_004275,STRIPE,MERCH_0063,INR,2499.00,0.00,2499.00,1,2026-03-02,SETTLED
SETTLE_004276,ADYEN,MERCH_0098,USD,601.50,12.75,588.75,1,2026-02-20,SETTLED
SETTLE_004277,ADYEN,MERCH_0082,EUR,530.99,7.54,523.45,1,2026-02-13,SETTLED
SETTLE_004278,STRIPE,MERCH_0018,INR,2499.00,52.98,2446.02,1,2026-02-26,SETTLED
SETTLE_004279,STRIPE,MERCH_0012,EUR,583.50,3.12,580.38,1,2026-02-04,SETTLED
SETTLE_004280,STRIPE,MERCH_0062,INR,15000.00,303.00,14697.00,1,2026-02-09,SETTLED
SETTLE_004281,ADYEN,MERCH_0057,GBP,160.75,2.51,158.24,1,2026-02-14,SETTLED
SETTLE_004282,CHECKOUT_COM,MERCH_0100,EUR,2329.25,39.78,2289.47,1,2026-02-19,SETTLED
SETTLE_004283,STRIPE,MERCH_0086,GBP,18.00,0.54,17.46,1,2026-03-14,SETTLED
SETTLE_004284,STRIPE,MERCH_0052,USD,67.25,0.79,66.46,1,2026-01-16,SETTLED
SETTLE_004285,STRIPE,MERCH_0045,EUR,24.49,0.32,24.17,1,2026-01-10,SETTLED
SETTLE_004286,ADYEN,MERCH_0080,GBP,28.25,0.52,27.73,1,2026-02-22,SETTLED
SETTLE_004287,ADYEN,MERCH_0064,EUR,555.75,7.89,547.86,1,2026-03-20,SETTLED
SETTLE_004288,STRIPE,MERCH_0024,USD,64.50,0.77,63.73,1,2026-02-01,SETTLED
SETTLE_004290,STRIPE,MERCH_0060,CAD,142.49,4.43,138.06,1,2026-01-10,SETTLED
SETTLE_004291,CHECKOUT_COM,MERCH_0005,USD,421.99,9.91,412.08,1,2026-01-26,SETTLED
SETTLE_004292,CHECKOUT_COM,MERCH_0088,GBP,23.50,0.57,22.93,1,2026-01-16,SETTLED
SETTLE_004293,CHECKOUT_COM,MERCH_0075,CAD,80.75,2.16,78.59,1,2026-03-03,SETTLED
SETTLE_004294,CHECKOUT_COM,MERCH_0027,USD,423.99,9.95,414.04,1,2026-02-27,SETTLED
SETTLE_004295,ADYEN,MERCH_0007,USD,718.25,15.20,703.05,1,2026-01-27,SETTLED
SETTLE_004296,STRIPE,MERCH_0049,USD,284.95,8.56,276.39,1,2026-03-22,SETTLED
SETTLE_004297,CHECKOUT_COM,MERCH_0052,GBP,49.80,1.05,48.75,1,2026-02-20,SETTLED
SETTLE_004298,STRIPE,MERCH_0019,EUR,15000.00,0.00,15000.00,1,2026-03-09,SETTLED
SETTLE_004299,PAYPAL,MERCH_0076,INR,799.00,8.09,790.91,1,2026-01-11,SETTLED
SETTLE_004300,STRIPE,MERCH_0018,USD,50.75,0.66,50.09,1,2026-02-05,SETTLED
SETTLE_004301,CHECKOUT_COM,MERCH_0043,EUR,72.00,1.40,70.60,1,2026-01-24,SETTLED
SETTLE_004302,ADYEN,MERCH_0027,GBP,404.00,6.16,397.84,1,2026-01-17,SETTLED
SETTLE_004303,CHECKOUT_COM,MERCH_0055,GBP,305.95,5.66,300.29,1,2026-01-27,SETTLED
SETTLE_004304,ADYEN,MERCH_0030,EUR,70.95,1.10,69.85,1,2026-03-07,SETTLED
SETTLE_004305,PAYPAL,MERCH_0069,EUR,1788.25,57.61,1730.64,1,2026-01-09,SETTLED
SETTLE_004306,STRIPE,MERCH_0035,EUR,61.49,0.51,60.98,1,2026-01-11,SETTLED
SETTLE_004307,CHECKOUT_COM,MERCH_0089,EUR,31.49,0.72,30.77,1,2026-01-04,SETTLED
SETTLE_004308,CHECKOUT_COM,MERCH_0058,EUR,388.50,6.78,381.72,1,2026-02-15,SETTLED
SETTLE_004309,STRIPE,MERCH_0042,USD,29.49,0.49,29.00,1,2026-02-13,SETTLED
SETTLE_004310,PAYPAL,MERCH_0063,INR,799.00,11.59,787.41,1,2026-01-13,SETTLED
SETTLE_004311,ADYEN,MERCH_0030,GBP,42.95,0.74,42.21,1,2026-01-29,SETTLED
SETTLE_004312,ADYEN,MERCH_0045,EUR,54.80,0.88,53.92,1,2026-03-09,SETTLED
SETTLE_004313,STRIPE,MERCH_0063,EUR,29.25,0.35,28.90,2,2026-03-02,SETTLED
SETTLE_004314,CHECKOUT_COM,MERCH_0021,GBP,526.00,9.62,516.38,1,2026-03-25,SETTLED
SETTLE_004315,PAYPAL,MERCH_0049,EUR,200.00,6.79,193.21,1,2026-02-27,SETTLED
SETTLE_004316,STRIPE,MERCH_0045,CAD,257.99,15.28,242.71,1,2026-01-16,SETTLED
SETTLE_004317,STRIPE,MERCH_0088,USD,272.50,4.34,268.16,1,2026-01-02,SETTLED
SETTLE_004318,ADYEN,MERCH_0031,EUR,852.25,12.04,840.21,1,2026-03-13,SETTLED
SETTLE_004319,CHECKOUT_COM,MERCH_0050,USD,96.49,2.42,94.07,1,2026-03-25,SETTLED
SETTLE_004320,PAYPAL,MERCH_0060,USD,579.49,20.71,558.78,1,2026-03-30,SETTLED
SETTLE_004321,CHECKOUT_COM,MERCH_0008,CAD,520.99,12.72,508.27,1,2026-02-21,SETTLED
SETTLE_004322,ADYEN,MERCH_0055,EUR,54.00,0.87,53.13,1,2026-01-25,SETTLED
SETTLE_004323,STRIPE,MERCH_0008,INR,15000.00,0.00,15000.00,1,2026-01-17,SETTLED
SETTLE_004324,ADYEN,MERCH_0039,GBP,341.25,5.22,336.03,1,2026-02-23,SETTLED
SETTLE_004325,STRIPE,MERCH_0092,USD,16.00,0.76,15.24,1,2026-01-31,SETTLED
SETTLE_004326,STRIPE,MERCH_0025,INR,499.00,0.00,499.00,1,2026-02-20,SETTLED
SETTLE_004327,ADYEN,MERCH_0025,USD,69.75,0.94,68.81,1,2026-01-16,SETTLED
SETTLE_004328,STRIPE,MERCH_0031,USD,30.49,0.71,29.78,1,2026-02-03,SETTLED
SETTLE_004329,STRIPE,MERCH_0054,USD,59.00,1.14,57.86,1,2026-01-09,SETTLED
SETTLE_004330,PAYPAL,MERCH_0021,EUR,292.75,9.76,282.99,1,2026-02-19,SETTLED
SETTLE_004331,PAYPAL,MERCH_0008,USD,1573.25,51.90,1521.35,1,2026-02-09,SETTLED
SETTLE_004332,CHECKOUT_COM,MERCH_0007,EUR,427.99,7.46,420.53,1,2026-02-20,SETTLED
SETTLE_004333,STRIPE,MERCH_0095,CAD,50.80,1.77,49.03,1,2026-01-15,SETTLED
SETTLE_004334,CHECKOUT_COM,MERCH_0014,GBP,61.49,1.26,60.23,1,2026-03-04,SETTLED
SETTLE_004335,ADYEN,MERCH_0079,EUR,2533.95,9.02,2524.93,1,2026-01-17,SETTLED
SETTLE_004336,STRIPE,MERCH_0085,USD,66.25,1.24,65.01,2,2026-01-08,SETTLED
SETTLE_004337,STRIPE,MERCH_0061,USD,478.00,4.07,473.93,1,2026-01-24,SETTLED
SETTLE_004338,PAYPAL,MERCH_0054,EUR,103.00,3.69,99.31,1,2026-03-02,SETTLED
SETTLE_004339,ADYEN,MERCH_0079,EUR,38.49,0.28,38.21,1,2026-02-08,SETTLED
SETTLE_004340,STRIPE,MERCH_0065,INR,4999.00,102.98,4896.02,1,2026-01-31,SETTLED
SETTLE_004341,ADYEN,MERCH_0029,EUR,48.75,0.32,48.43,1,2026-03-10,SETTLED
SETTLE_004342,PAYPAL,MERCH_0067,INR,1999.00,25.99,1973.01,1,2026-01-13,SETTLED
SETTLE_004343,PAYPAL,MERCH_0041,USD,3385.25,118.64,3266.61,1,2026-03-20,SETTLED
SETTLE_004344,STRIPE,MERCH_0098,EUR,622.99,3.31,619.68,1,2026-03-07,SETTLED
SETTLE_004345,CHECKOUT_COM,MERCH_0069,GBP,46.80,0.99,45.81,1,2026-03-07,SETTLED
SETTLE_004346,STRIPE,MERCH_0065,INR,4999.00,102.98,4896.02,1,2026-02-05,SETTLED
SETTLE_004347,CHECKOUT_COM,MERCH_0093,USD,78.75,2.01,76.74,1,2026-02-15,SETTLED
SETTLE_004348,ADYEN,MERCH_0011,EUR,77.80,0.42,77.38,1,2026-01-10,SETTLED
SETTLE_004349,STRIPE,MERCH_0037,USD,2439.80,36.85,2402.95,1,2026-01-19,SETTLED
SETTLE_004350,PAYPAL,MERCH_0014,EUR,622.49,20.31,602.18,1,2026-03-04,SETTLED
SETTLE_004351,STRIPE,MERCH_0012,USD,363.50,5.70,357.80,1,2026-01-25,SETTLED
SETTLE_004352,STRIPE,MERCH_0011,INR,499.00,12.98,486.02,1,2026-03-13,SETTLED
SETTLE_004353,STRIPE,MERCH_0060,INR,999.00,0.00,999.00,1,2026-01-16,SETTLED
SETTLE_004354,ADYEN,MERCH_0049,USD,182.25,3.95,178.30,1,2026-02-21,SETTLED
SETTLE_004355,CHECKOUT_COM,MERCH_0051,USD,126.95,3.12,123.83,1,2026-03-03,SETTLED
SETTLE_004356,STRIPE,MERCH_0095,INR,1569.00,30.01,1538.99,1,2026-03-01,SETTLED
SETTLE_004357,PAYPAL,MERCH_0073,GBP,153.25,4.74,148.51,1,2026-02-23,SETTLED
SETTLE_004358,PAYPAL,MERCH_0094,USD,549.50,19.67,529.83,1,2026-03-25,SETTLED
SETTLE_004359,ADYEN,MERCH_0049,USD,72.25,1.64,70.61,1,2026-02-15,SETTLED
SETTLE_004360,STRIPE,MERCH_0028,USD,67.80,1.27,66.53,2,2026-01-03,SETTLED
SETTLE_004361,CHECKOUT_COM,MERCH_0073,USD,260.95,6.20,254.75,1,2026-01-29,SETTLED
SETTLE_004362,STRIPE,MERCH_0058,INR,1499.00,32.98,1466.02,1,2026-02-14,SETTLED
SETTLE_004363,STRIPE,MERCH_0059,USD,57.75,0.71,57.04,1,2026-01-15,SETTLED
SETTLE_004364,PAYPAL,MERCH_0068,INR,9999.00,121.99,9877.01,1,2026-01-18,SETTLED
SETTLE_004365,CHECKOUT_COM,MERCH_0080,CAD,113.75,2.95,110.80,1,2026-01-07,SETTLED
SETTLE_004366,ADYEN,MERCH_0088,USD,381.75,8.14,373.61,1,2026-02-04,SETTLED
SETTLE_004367,ADYEN,MERCH_0001,USD,195.25,4.22,191.03,1,2026-03-29,SETTLED
SETTLE_004368,ADYEN,MERCH_0079,USD,40.25,0.58,39.67,1,2026-03-04,SETTLED
SETTLE_004369,ADYEN,MERCH_0054,EUR,16.80,5.21,11.59,1,2026-03-04,SETTLED
SETTLE_004370,STRIPE,MERCH_0011,EUR,2281.99,43.61,2238.38,1,2026-01-16,SETTLED
SETTLE_004371,STRIPE,MERCH_0016,USD,243.95,7.37,236.58,1,2026-01-13,SETTLED
SETTLE_004372,STRIPE,MERCH_0071,GBP,65.49,1.44,64.05,1,2026-01-16,SETTLED
SETTLE_004374,STRIPE,MERCH_0039,GBP,2044.75,39.05,2005.70,1,2026-01-10,SETTLED
SETTLE_004375,STRIPE,MERCH_0045,CAD,572.00,16.89,555.11,1,2026-02-10,SETTLED
SETTLE_004376,CHECKOUT_COM,MERCH_0043,USD,56.95,1.51,55.44,1,2026-01-07,SETTLED
SETTLE_004377,STRIPE,MERCH_0012,INR,1499.00,32.98,1466.02,1,2026-02-06,SETTLED
SETTLE_004378,CHECKOUT_COM,MERCH_0081,CAD,293.49,7.26,286.23,1,2026-02-18,SETTLED
SETTLE_004379,STRIPE,MERCH_0036,INR,15000.00,0.00,15000.00,1,2026-02-13,SETTLED
SETTLE_004380,ADYEN,MERCH_0086,EUR,364.49,5.21,359.28,1,2026-01-21,SETTLED
SETTLE_004381,STRIPE,MERCH_0082,GBP,73.75,1.65,72.10,1,2026-02-06,SETTLED
SETTLE_004382,STRIPE,MERCH_0099,INR,3999.00,82.98,3916.02,1,2026-03-16,SETTLED
SETTLE_004383,STRIPE,MERCH_0083,USD,1516.49,23.00,1493.49,2,2026-02-06,SETTLED
SETTLE_004384,STRIPE,MERCH_0017,INR,4999.00,102.98,4896.02,1,2026-02-27,SETTLED
SETTLE_004385,STRIPE,MERCH_0091,EUR,297.50,5.90,291.60,1,2026-02-27,SETTLED
SETTLE_004386,PAYPAL,MERCH_0066,GBP,29.50,1.16,28.34,1,2026-03-31,SETTLED
SETTLE_004387,PAYPAL,MERCH_0052,USD,25.25,1.37,23.88,1,2026-03-09,SETTLED
SETTLE_004388,STRIPE,MERCH_0030,EUR,551.75,10.73,541.02,1,2026-02-26,SETTLED
SETTLE_004389,CHECKOUT_COM,MERCH_0092,USD,443.50,10.40,433.10,1,2026-03-26,SETTLED
SETTLE_004390,CHECKOUT_COM,MERCH_0035,EUR,550.49,9.54,540.95,1,2026-03-07,SETTLED
SETTLE_004391,ADYEN,MERCH_0069,USD,192.75,4.17,188.58,1,2026-01-30,SETTLED
SETTLE_004392,PAYPAL,MERCH_0067,GBP,530.95,15.70,515.25,1,2026-03-26,SETTLED
SETTLE_004393,ADYEN,MERCH_0018,GBP,650.75,9.86,640.89,1,2026-01-17,SETTLED
SETTLE_004394,ADYEN,MERCH_0044,USD,2786.99,58.65,2728.34,1,2026-01-12,SETTLED
SETTLE_004395,STRIPE,MERCH_0045,EUR,1499.00,0.00,1499.00,1,2026-01-29,SETTLED
SETTLE_004396,ADYEN,MERCH_0035,EUR,115.80,1.73,114.07,1,2026-01-02,SETTLED
SETTLE_004397,PAYPAL,MERCH_0023,GBP,49.50,1.74,47.76,1,2026-01-26,SETTLED
SETTLE_004398,ADYEN,MERCH_0016,EUR,2904.99,40.78,2864.21,1,2026-02-28,SETTLED
SETTLE_004399,STRIPE,MERCH_0092,EUR,109.99,2.34,107.65,1,2026-03-19,SETTLED
SETTLE_004400,STRIPE,MERCH_0091,GBP,72.00,1.57,70.43,1,2026-01-19,SETTLED
SETTLE_004401,STRIPE,MERCH_0022,INR,2499.00,0.00,2499.00,1,2026-02-21,SETTLED
SETTLE_004402,STRIPE,MERCH_0042,EUR,2943.00,14.91,2928.09,1,2026-02-24,SETTLED
SETTLE_004403,STRIPE,MERCH_0083,USD,19.50,0.87,18.63,1,2026-03-26,SETTLED
SETTLE_004404,STRIPE,MERCH_0001,EUR,346.75,1.93,344.82,1,2026-01-28,SETTLED
SETTLE_004405,PAYPAL,MERCH_0063,USD,26.00,1.40,24.60,1,2026-01-15,SETTLED
SETTLE_004406,STRIPE,MERCH_0077,EUR,605.99,3.23,602.76,1,2026-04-02,SETTLED
SETTLE_004407,STRIPE,MERCH_0022,USD,36.75,0.80,35.95,1,2026-03-20,SETTLED
SETTLE_004408,STRIPE,MERCH_0083,INR,4999.00,110.48,4888.52,1,2026-01-03,SETTLED
SETTLE_004409,STRIPE,MERCH_0019,USD,296.99,8.91,288.08,1,2026-02-08,SETTLED
SETTLE_004410,PAYPAL,MERCH_0100,GBP,837.25,24.58,812.67,1,2026-01-15,SETTLED
SETTLE_004411,STRIPE,MERCH_0074,EUR,193.49,3.93,189.56,1,2026-04-01,SETTLED
SETTLE_004412,CHECKOUT_COM,MERCH_0065,EUR,102.50,1.92,100.58,1,2026-01-26,SETTLED
SETTLE_004413,STRIPE,MERCH_0067,INR,9984.00,202.68,9781.32,1,2026-01-28,SETTLED
SETTLE_004414,PAYPAL,MERCH_0010,INR,9999.00,121.99,9877.01,1,2026-02-01,SETTLED
SETTLE_004415,STRIPE,MERCH_0057,USD,3159.80,47.65,3112.15,1,2026-01-07,SETTLED
SETTLE_004416,STRIPE,MERCH_0029,INR,9999.00,202.98,9796.02,2,2026-03-22,SETTLED
SETTLE_004417,PAYPAL,MERCH_0002,GBP,70.49,2.34,68.15,1,2026-03-16,SETTLED
SETTLE_004418,ADYEN,MERCH_0070,EUR,53.49,0.34,53.15,1,2026-01-07,SETTLED
SETTLE_004419,STRIPE,MERCH_0079,EUR,476.50,9.30,467.20,1,2026-03-01,SETTLED
SETTLE_004420,PAYPAL,MERCH_0027,GBP,642.25,18.93,623.32,1,2026-02-09,SETTLED
SETTLE_004421,STRIPE,MERCH_0034,USD,140.49,4.37,136.12,1,2026-03-17,SETTLED
SETTLE_004422,STRIPE,MERCH_0072,INR,999.00,0.00,999.00,1,2026-01-19,SETTLED
SETTLE_004423,PAYPAL,MERCH_0086,GBP,579.49,17.11,562.38,1,2026-03-02,SETTLED
SETTLE_004424,ADYEN,MERCH_0058,EUR,2292.95,32.21,2260.74,1,2026-01-13,SETTLED
SETTLE_004425,STRIPE,MERCH_0047,INR,299.00,0.00,299.00,1,2026-03-12,SETTLED
SETTLE_004427,STRIPE,MERCH_0090,CAD,36.49,1.36,35.13,1,2026-01-20,SETTLED
SETTLE_004428,STRIPE,MERCH_0098,USD,58.80,1.13,57.67,1,2026-03-12,SETTLED
SETTLE_004429,CHECKOUT_COM,MERCH_0056,CAD,72.49,1.96,70.53,1,2026-01-04,SETTLED
SETTLE_004430,ADYEN,MERCH_0048,USD,107.50,1.39,106.11,1,2026-01-04,SETTLED
SETTLE_004431,ADYEN,MERCH_0075,EUR,168.75,2.47,166.28,1,2026-02-05,SETTLED
SETTLE_004432,STRIPE,MERCH_0033,INR,4999.00,0.00,4999.00,1,2026-01-26,SETTLED
SETTLE_004433,PAYPAL,MERCH_0001,GBP,3219.25,93.66,3125.59,1,2026-03-04,SETTLED
SETTLE_004435,STRIPE,MERCH_0043,EUR,200.49,4.06,196.43,1,2026-02-24,SETTLED
SETTLE_004436,STRIPE,MERCH_0047,USD,1740.80,50.78,1690.02,1,2026-02-24,SETTLED
SETTLE_004437,STRIPE,MERCH_0090,INR,1999.00,0.00,1999.00,1,2026-01-08,SETTLED
SETTLE_004438,ADYEN,MERCH_0024,USD,532.99,11.31,521.68,1,2026-01-27,SETTLED
SETTLE_004439,PAYPAL,MERCH_0051,USD,924.00,32.74,891.26,1,2026-01-27,SETTLED
SETTLE_004440,ADYEN,MERCH_0076,USD,69.95,1.59,68.36,1,2026-02-03,SETTLED
SETTLE_004441,CHECKOUT_COM,MERCH_0054,GBP,303.80,5.62,298.18,1,2026-01-26,SETTLED
SETTLE_004442,ADYEN,MERCH_0050,EUR,385.50,5.51,379.99,1,2026-02-18,SETTLED
SETTLE_004443,CHECKOUT_COM,MERCH_0062,EUR,436.00,7.59,428.41,1,2026-02-28,SETTLED
SETTLE_004444,CHECKOUT_COM,MERCH_0048,EUR,512.80,8.90,503.90,1,2026-03-20,SETTLED
SETTLE_004445,STRIPE,MERCH_0014,EUR,68.80,0.54,68.26,1,2026-01-15,SETTLED
SETTLE_004446,STRIPE,MERCH_0024,USD,2483.80,20.12,2463.68,1,2026-01-02,SETTLED
SETTLE_004447,ADYEN,MERCH_0009,GBP,48.49,0.83,47.66,1,2026-01-14,SETTLED
SETTLE_004448,STRIPE,MERCH_0028,EUR,56.00,0.48,55.52,1,2026-03-06,SETTLED
SETTLE_004449,CHECKOUT_COM,MERCH_0100,GBP,29.99,0.69,29.30,1,2026-01-11,SETTLED
SETTLE_004450,CHECKOUT_COM,MERCH_0042,GBP,28.80,0.67,28.13,1,2026-01-19,SETTLED
SETTLE_004451,STRIPE,MERCH_0049,EUR,68.49,0.54,67.95,1,2026-02-25,SETTLED
SETTLE_004452,PAYPAL,MERCH_0049,GBP,293.75,8.82,284.93,1,2026-01-21,SETTLED
SETTLE_004453,CHECKOUT_COM,MERCH_0060,CAD,993.50,24.06,969.44,1,2026-01-11,SETTLED
SETTLE_004454,STRIPE,MERCH_0034,EUR,28.99,0.34,28.65,1,2026-03-30,SETTLED
SETTLE_004455,PAYPAL,MERCH_0084,USD,392.49,14.19,378.30,1,2026-02-16,SETTLED
SETTLE_004457,STRIPE,MERCH_0016,INR,1999.00,42.98,1956.02,1,2026-01-06,SETTLED
SETTLE_004458,PAYPAL,MERCH_0044,EUR,15.50,0.89,14.61,1,2026-02-04,SETTLED
SETTLE_004459,STRIPE,MERCH_0052,INR,15000.00,303.00,14697.00,1,2026-02-01,SETTLED
SETTLE_004460,STRIPE,MERCH_0081,USD,17.49,0.39,17.10,1,2026-04-01,SETTLED
SETTLE_004461,PAYPAL,MERCH_0054,GBP,29.95,1.17,28.78,1,2026-02-12,SETTLED
SETTLE_004462,PAYPAL,MERCH_0006,EUR,48.49,1.94,46.55,1,2026-01-06,SETTLED
SETTLE_004463,ADYEN,MERCH_0040,EUR,491.25,1.87,489.38,2,2026-02-04,SETTLED
SETTLE_004465,STRIPE,MERCH_0022,CAD,17.50,0.81,16.69,1,2026-03-19,SETTLED
SETTLE_004466,ADYEN,MERCH_0061,USD,249.75,5.36,244.39,1,2026-02-01,SETTLED
SETTLE_004467,PAYPAL,MERCH_0098,GBP,45.95,1.63,44.32,1,2026-01-18,SETTLED
SETTLE_004468,PAYPAL,MERCH_0087,INR,4999.00,61.99,4937.01,1,2026-02-24,SETTLED
SETTLE_004469,ADYEN,MERCH_0082,USD,390.95,8.33,382.62,1,2026-03-20,SETTLED
SETTLE_004470,ADYEN,MERCH_0095,USD,262.49,3.25,259.24,1,2026-01-31,SETTLED
SETTLE_004471,STRIPE,MERCH_0096,INR,2499.00,0.00,2499.00,1,2026-01-11,SETTLED
SETTLE_004472,STRIPE,MERCH_0075,INR,3999.00,82.98,3916.02,1,2026-01-28,SETTLED
SETTLE_004473,ADYEN,MERCH_0028,USD,33.95,0.51,33.44,1,2026-02-05,SETTLED
SETTLE_004474,ADYEN,MERCH_0023,GBP,316.30,4.84,311.46,1,2026-03-23,SETTLED
SETTLE_004475,ADYEN,MERCH_0079,EUR,76.25,0.42,75.83,1,2026-01-27,SETTLED
SETTLE_004476,PAYPAL,MERCH_0071,INR,4999.00,61.99,4937.01,1,2026-02-21,SETTLED
SETTLE_004477,STRIPE,MERCH_0069,USD,80.99,2.65,78.34,1,2026-02-04,SETTLED
SETTLE_004478,ADYEN,MERCH_0018,USD,497.25,6.07,491.18,1,2026-02-20,SETTLED
SETTLE_004479,STRIPE,MERCH_0060,INR,1499.00,32.98,1466.02,1,2026-02-01,SETTLED
SETTLE_004480,PAYPAL,MERCH_0091,EUR,19.80,1.02,18.78,1,2026-02-28,SETTLED
SETTLE_004481,STRIPE,MERCH_0042,USD,33.49,1.27,32.22,1,2026-02-03,SETTLED
SETTLE_004482,STRIPE,MERCH_0072,USD,2366.50,19.18,2347.32,1,2026-01-22,SETTLED
SETTLE_004483,STRIPE,MERCH_0030,EUR,20.50,0.30,20.20,1,2026-02-26,SETTLED
SETTLE_004484,STRIPE,MERCH_0053,USD,1475.25,22.38,1452.87,1,2026-02-13,SETTLED
SETTLE_004485,ADYEN,MERCH_0091,USD,99.00,2.20,96.80,1,2026-02-14,SETTLED
SETTLE_004486,PAYPAL,MERCH_0042,INR,799.00,11.59,787.41,1,2026-02-27,SETTLED
SETTLE_004487,STRIPE,MERCH_0094,USD,39.75,0.57,39.18,2,2026-01-16,SETTLED
SETTLE_004488,STRIPE,MERCH_0026,INR,2499.00,0.00,2499.00,2,2026-03-14,SETTLED
SETTLE_004489,STRIPE,MERCH_0056,CAD,355.75,10.62,345.13,1,2026-01-30,SETTLED
SETTLE_004490,STRIPE,MERCH_0097,USD,44.99,1.60,43.39,1,2026-01-19,SETTLED
SETTLE_004491,ADYEN,MERCH_0041,EUR,95.95,0.49,95.46,1,2026-01-17,SETTLED
SETTLE_004492,CHECKOUT_COM,MERCH_0060,GBP,285.95,5.30,280.65,1,2026-01-16,SETTLED
SETTLE_004493,CHECKOUT_COM,MERCH_0050,CAD,66.00,1.80,64.20,1,2026-02-27,SETTLED
SETTLE_004494,STRIPE,MERCH_0037,CAD,42.00,1.52,40.48,1,2026-03-14,SETTLED
SETTLE_004495,CHECKOUT_COM,MERCH_0030,USD,347.50,8.19,339.31,1,2026-01-04,SETTLED
SETTLE_004496,STRIPE,MERCH_0024,USD,313.80,9.40,304.40,1,2026-03-21,SETTLED
SETTLE_004497,ADYEN,MERCH_0007,EUR,3098.49,43.49,3055.00,1,2026-02-20,SETTLED
SETTLE_004498,ADYEN,MERCH_0072,USD,54.00,1.25,52.75,1,2026-02-22,SETTLED
SETTLE_004499,PAYPAL,MERCH_0060,USD,160.99,6.11,154.88,1,2026-03-22,SETTLED
SETTLE_004500,STRIPE,MERCH_0076,CAD,115.80,3.66,112.14,1,2026-03-06,SETTLED
SETTLE_004501,CHECKOUT_COM,MERCH_0087,EUR,316.25,5.56,310.69,1,2026-02-01,SETTLED
SETTLE_004502,ADYEN,MERCH_0100,USD,3331.49,70.08,3261.41,1,2026-01-12,SETTLED
SETTLE_004503,CHECKOUT_COM,MERCH_0060,USD,58.95,1.56,57.39,1,2026-02-18,SETTLED
SETTLE_004504,ADYEN,MERCH_0049,USD,71.25,0.95,70.30,1,2026-02-25,SETTLED
SETTLE_004505,ADYEN,MERCH_0084,EUR,461.99,1.77,460.22,1,2026-01-11,SETTLED
SETTLE_004506,ADYEN,MERCH_0056,USD,403.80,11.10,392.70,1,2026-02-19,SETTLED
SETTLE_004507,STRIPE,MERCH_0012,USD,40.00,0.57,39.43,1,2026-01-14,SETTLED
SETTLE_004508,STRIPE,MERCH_0010,USD,25.50,0.45,25.05,1,2026-01-10,SETTLED
SETTLE_004509,ADYEN,MERCH_0090,USD,179.80,2.26,177.54,1,2026-01-11,SETTLED
SETTLE_004510,STRIPE,MERCH_0100,GBP,56.49,1.27,55.22,1,2026-01-07,SETTLED
SETTLE_004511,STRIPE,MERCH_0096,USD,38.80,1.43,37.37,1,2026-02-20,SETTLED
SETTLE_004512,ADYEN,MERCH_0094,USD,37.50,0.91,36.59,1,2026-02-11,SETTLED
SETTLE_004513,ADYEN,MERCH_0050,USD,70.95,0.95,70.00,1,2026-03-04,SETTLED
SETTLE_004514,STRIPE,MERCH_0023,EUR,322.50,1.81,320.69,1,2026-02-15,SETTLED
SETTLE_004515,STRIPE,MERCH_0066,INR,1499.00,32.98,1466.02,1,2026-03-10,SETTLED
SETTLE_004516,STRIPE,MERCH_0047,GBP,606.00,11.71,594.29,1,2026-02-24,SETTLED
SETTLE_004517,STRIPE,MERCH_0018,INR,799.00,0.00,799.00,1,2026-01-31,SETTLED
SETTLE_004518,PAYPAL,MERCH_0080,INR,3999.00,49.99,3949.01,1,2026-01-12,SETTLED
SETTLE_004519,CHECKOUT_COM,MERCH_0045,EUR,69.50,1.36,68.14,1,2026-03-30,SETTLED
SETTLE_004520,STRIPE,MERCH_0032,USD,37.00,1.37,35.63,1,2026-01-16,SETTLED
SETTLE_004521,PAYPAL,MERCH_0062,GBP,402.95,11.99,390.96,1,2026-01-15,SETTLED
SETTLE_004522,CHECKOUT_COM,MERCH_0022,CAD,17.49,0.64,16.85,1,2026-01-14,SETTLED
SETTLE_004523,STRIPE,MERCH_0022,INR,1499.00,32.98,1466.02,1,2026-01-16,SETTLED
SETTLE_004525,STRIPE,MERCH_0070,GBP,277.75,5.48,272.27,1,2026-03-08,SETTLED
SETTLE_004526,PAYPAL,MERCH_0016,USD,80.80,3.31,77.49,1,2026-02-28,SETTLED
SETTLE_004527,PAYPAL,MERCH_0019,GBP,406.75,12.10,394.65,1,2026-01-25,SETTLED
SETTLE_004528,ADYEN,MERCH_0045,USD,239.95,5.16,234.79,1,2026-03-23,SETTLED
SETTLE_004529,STRIPE,MERCH_0079,INR,799.00,0.00,799.00,1,2026-03-21,SETTLED
SETTLE_004530,STRIPE,MERCH_0005,INR,15000.00,0.00,15000.00,1,2026-02-19,SETTLED
SETTLE_004531,STRIPE,MERCH_0019,USD,644.25,9.91,634.34,1,2026-03-16,SETTLED
SETTLE_004532,ADYEN,MERCH_0056,EUR,533.99,10.09,523.90,1,2026-02-18,SETTLED
SETTLE_004533,CHECKOUT_COM,MERCH_0030,CAD,119.75,3.09,116.66,1,2026-01-23,SETTLED
SETTLE_004534,ADYEN,MERCH_0042,USD,28.80,0.72,28.08,1,2026-03-01,SETTLED
SETTLE_004535,PAYPAL,MERCH_0096,EUR,19.25,1.01,18.24,1,2026-02-16,SETTLED
SETTLE_004536,CHECKOUT_COM,MERCH_0034,USD,541.99,12.67,529.32,1,2026-03-16,SETTLED
SETTLE_004537,STRIPE,MERCH_0061,EUR,57.80,5.10,52.70,1,2026-01-08,SETTLED
SETTLE_004538,STRIPE,MERCH_0032,USD,391.25,6.12,385.13,1,2026-01-13,SETTLED
SETTLE_004539,ADYEN,MERCH_0006,EUR,612.80,2.29,610.51,1,2026-01-14,SETTLED
SETTLE_004540,STRIPE,MERCH_0097,EUR,82.75,0.61,82.14,1,2026-03-25,SETTLED
SETTLE_004541,STRIPE,MERCH_0069,EUR,99.99,2.15,97.84,1,2026-03-21,SETTLED
SETTLE_004542,ADYEN,MERCH_0066,EUR,46.95,8.77,38.18,1,2026-01-20,SETTLED
SETTLE_004543,STRIPE,MERCH_0089,INR,9999.00,0.00,9999.00,1,2026-03-20,SETTLED
SETTLE_004544,PAYPAL,MERCH_0018,USD,2621.50,91.98,2529.52,1,2026-03-05,SETTLED
SETTLE_004545,CHECKOUT_COM,MERCH_0031,GBP,27.25,0.64,26.61,2,2026-03-25,SETTLED
SETTLE_004546,STRIPE,MERCH_0059,CAD,636.00,18.74,617.26,1,2026-02-11,SETTLED
SETTLE_004547,STRIPE,MERCH_0070,USD,631.80,9.73,622.07,1,2026-02-17,SETTLED
SETTLE_004548,CHECKOUT_COM,MERCH_0076,GBP,28.99,0.67,28.32,1,2026-01-13,SETTLED
SETTLE_004549,ADYEN,MERCH_0100,USD,28.80,0.45,28.35,1,2026-02-02,SETTLED
SETTLE_004550,STRIPE,MERCH_0044,GBP,85.75,1.83,83.92,1,2026-01-31,SETTLED
SETTLE_004552,ADYEN,MERCH_0029,EUR,1608.25,5.78,1602.47,1,2026-01-08,SETTLED
SETTLE_004553,STRIPE,MERCH_0060,EUR,441.95,5.15,436.80,1,2026-02-16,SETTLED
SETTLE_004555,ADYEN,MERCH_0013,USD,209.25,4.51,204.74,1,2026-03-10,SETTLED
SETTLE_004556,STRIPE,MERCH_0050,INR,4999.00,102.98,4896.02,1,2026-02-02,SETTLED
SETTLE_004557,STRIPE,MERCH_0062,INR,4999.00,110.48,4888.52,1,2026-02-23,SETTLED
SETTLE_004558,CHECKOUT_COM,MERCH_0010,EUR,38.00,0.83,37.17,1,2026-02-23,SETTLED
SETTLE_004559,CHECKOUT_COM,MERCH_0030,EUR,459.95,8.00,451.95,1,2026-01-17,SETTLED
SETTLE_004560,CHECKOUT_COM,MERCH_0057,EUR,71.50,1.40,70.10,1,2026-04-01,SETTLED
SETTLE_004561,ADYEN,MERCH_0040,EUR,348.25,1.37,346.88,1,2026-02-10,SETTLED
SETTLE_004562,CHECKOUT_COM,MERCH_0061,GBP,63.50,1.29,62.21,1,2026-03-02,SETTLED
SETTLE_004563,CHECKOUT_COM,MERCH_0070,EUR,262.00,4.63,257.37,1,2026-02-21,SETTLED
SETTLE_004564,CHECKOUT_COM,MERCH_0028,GBP,76.49,1.53,74.96,1,2026-03-20,SETTLED
SETTLE_004565,STRIPE,MERCH_0091,EUR,68.75,1.56,67.19,1,2026-03-16,SETTLED
SETTLE_004566,STRIPE,MERCH_0030,GBP,2699.50,51.49,2648.01,1,2026-03-08,SETTLED
SETTLE_004567,STRIPE,MERCH_0090,USD,20.95,0.56,20.39,1,2026-01-08,SETTLED
SETTLE_004568,CHECKOUT_COM,MERCH_0016,EUR,522.25,9.06,513.19,1,2026-01-30,SETTLED
SETTLE_004569,STRIPE,MERCH_0025,GBP,42.95,1.02,41.93,1,2026-02-18,SETTLED
SETTLE_004570,STRIPE,MERCH_0088,INR,1499.00,0.00,1499.00,1,2026-03-21,SETTLED
SETTLE_004571,ADYEN,MERCH_0073,USD,34.99,0.85,34.14,1,2026-02-25,SETTLED
SETTLE_004572,STRIPE,MERCH_0032,USD,66.95,0.79,66.16,1,2026-02-03,SETTLED
SETTLE_004573,STRIPE,MERCH_0033,EUR,453.00,8.86,444.14,2,2026-03-28,SETTLED
SETTLE_004574,PAYPAL,MERCH_0044,INR,299.00,5.59,293.41,1,2026-03-19,SETTLED
SETTLE_004575,STRIPE,MERCH_0085,GBP,49.80,1.15,48.65,1,2026-03-29,SETTLED
SETTLE_004576,PAYPAL,MERCH_0081,INR,3999.00,49.99,3949.01,1,2026-01-26,SETTLED
SETTLE_004577,STRIPE,MERCH_0055,EUR,533.75,2.87,530.88,1,2026-02-14,SETTLED
SETTLE_004578,STRIPE,MERCH_0041,CAD,266.00,8.01,257.99,1,2026-02-10,SETTLED
SETTLE_004579,PAYPAL,MERCH_0002,USD,633.00,22.58,610.42,1,2026-03-10,SETTLED
SETTLE_004580,STRIPE,MERCH_0036,CAD,60.25,2.05,58.20,1,2026-01-03,SETTLED
SETTLE_004581,PAYPAL,MERCH_0049,INR,4999.00,61.99,4937.01,1,2026-01-04,SETTLED
SETTLE_004582,ADYEN,MERCH_0017,USD,32.25,0.49,31.76,1,2026-01-24,SETTLED
SETTLE_004583,ADYEN,MERCH_0011,USD,96.25,2.14,94.11,1,2026-03-18,SETTLED
SETTLE_004584,PAYPAL,MERCH_0005,INR,999.00,13.99,985.01,1,2026-01-02,SETTLED
SETTLE_004585,CHECKOUT_COM,MERCH_0078,USD,148.50,3.62,144.88,1,2026-01-10,SETTLED
SETTLE_004586,STRIPE,MERCH_0026,INR,15000.00,0.00,15000.00,1,2026-03-16,SETTLED
SETTLE_004587,PAYPAL,MERCH_0007,EUR,57.80,2.24,55.56,1,2026-02-23,SETTLED
SETTLE_004588,STRIPE,MERCH_0069,USD,608.25,5.12,603.13,1,2026-03-24,SETTLED
SETTLE_004589,CHECKOUT_COM,MERCH_0014,CAD,53.80,1.51,52.29,1,2026-02-24,SETTLED
SETTLE_004590,ADYEN,MERCH_0082,USD,51.95,0.72,51.23,1,2026-02-20,SETTLED
SETTLE_004591,ADYEN,MERCH_0067,USD,32.75,0.49,32.26,1,2026-03-14,SETTLED
SETTLE_004592,STRIPE,MERCH_0091,USD,422.99,3.63,419.36,1,2026-02-01,SETTLED
SETTLE_004593,ADYEN,MERCH_0083,EUR,25.50,0.24,25.26,1,2026-03-22,SETTLED
SETTLE_004594,STRIPE,MERCH_0076,USD,45.99,0.94,45.05,1,2026-01-04,SETTLED
SETTLE_004595,ADYEN,MERCH_0088,USD,1628.75,34.32,1594.43,1,2026-03-04,SETTLED
SETTLE_004596,STRIPE,MERCH_0067,INR,15000.00,303.00,14697.00,1,2026-03-13,SETTLED
SETTLE_004597,PAYPAL,MERCH_0037,USD,259.50,9.55,249.95,1,2026-02-02,SETTLED
SETTLE_004598,CHECKOUT_COM,MERCH_0042,EUR,1010.80,17.36,993.44,1,2026-01-27,SETTLED
SETTLE_004599,STRIPE,MERCH_0006,GBP,26.25,0.70,25.55,1,2026-01-22,SETTLED
SETTLE_004600,PAYPAL,MERCH_0033,EUR,33.49,1.46,32.03,1,2026-03-10,SETTLED
SETTLE_004601,PAYPAL,MERCH_0001,EUR,1313.95,42.44,1271.51,1,2026-03-27,SETTLED
SETTLE_004602,STRIPE,MERCH_0074,CAD,56.99,1.95,55.04,1,2026-02-06,SETTLED
SETTLE_004603,STRIPE,MERCH_0049,EUR,18.75,0.29,18.46,1,2026-01-30,SETTLED
SETTLE_004604,ADYEN,MERCH_0015,USD,43.95,1.04,42.91,1,2026-02-16,SETTLED
SETTLE_004605,CHECKOUT_COM,MERCH_0096,USD,31.75,0.93,30.82,1,2026-01-03,SETTLED
SETTLE_004606,STRIPE,MERCH_0077,GBP,374.49,7.32,367.17,1,2026-02-07,SETTLED
SETTLE_004607,ADYEN,MERCH_0014,EUR,499.95,1.90,498.05,1,2026-01-12,SETTLED
SETTLE_004608,STRIPE,MERCH_0087,EUR,113.80,0.77,113.03,1,2026-03-06,SETTLED
SETTLE_004609,ADYEN,MERCH_0047,EUR,23.00,0.43,22.57,1,2026-04-01,SETTLED
SETTLE_004610,ADYEN,MERCH_0017,USD,15.99,0.29,15.70,1,2026-01-20,SETTLED
SETTLE_004611,CHECKOUT_COM,MERCH_0035,EUR,52.00,1.06,50.94,1,2026-03-14,SETTLED
SETTLE_004612,STRIPE,MERCH_0041,USD,41.00,0.58,40.42,1,2026-03-18,SETTLED
SETTLE_004614,CHECKOUT_COM,MERCH_0070,EUR,20.99,0.54,20.45,1,2026-03-02,SETTLED
SETTLE_004615,ADYEN,MERCH_0045,GBP,268.25,4.12,264.13,1,2026-03-12,SETTLED
SETTLE_004616,STRIPE,MERCH_0013,USD,2218.99,64.65,2154.34,1,2026-01-10,SETTLED
SETTLE_004617,PAYPAL,MERCH_0083,USD,90.00,3.63,86.37,1,2026-03-16,SETTLED
SETTLE_004618,CHECKOUT_COM,MERCH_0092,CAD,3242.75,78.05,3164.70,1,2026-02-03,SETTLED
SETTLE_004619,ADYEN,MERCH_0047,INR,121.80,2.68,119.12,1,2026-01-07,SETTLED
SETTLE_004620,STRIPE,MERCH_0060,GBP,35.99,0.88,35.11,1,2026-03-28,SETTLED
SETTLE_004621,STRIPE,MERCH_0020,GBP,69.50,1.52,67.98,1,2026-03-17,SETTLED
SETTLE_004622,STRIPE,MERCH_0031,INR,499.00,12.98,486.02,1,2026-03-30,SETTLED
SETTLE_004623,CHECKOUT_COM,MERCH_0100,CAD,445.00,10.90,434.10,1,2026-01-26,SETTLED
SETTLE_004624,STRIPE,MERCH_0028,EUR,204.00,4.13,199.87,1,2026-02-19,SETTLED
SETTLE_004625,STRIPE,MERCH_0005,USD,328.00,5.17,322.83,1,2026-03-17,SETTLED
SETTLE_004626,CHECKOUT_COM,MERCH_0008,EUR,620.25,10.72,609.53,1,2026-04-01,SETTLED
SETTLE_004627,CHECKOUT_COM,MERCH_0021,USD,60.80,1.60,59.20,1,2026-01-20,SETTLED
SETTLE_004628,CHECKOUT_COM,MERCH_0019,EUR,26.80,0.64,26.16,1,2026-01-19,SETTLED
SETTLE_004629,STRIPE,MERCH_0018,GBP,140.49,4.37,136.12,1,2026-03-17,SETTLED
SETTLE_004630,STRIPE,MERCH_0078,USD,17.95,0.39,17.56,1,2026-02-15,SETTLED
SETTLE_004631,STRIPE,MERCH_0058,GBP,46.95,1.09,45.86,1,2026-01-14,SETTLED
SETTLE_004632,CHECKOUT_COM,MERCH_0097,EUR,289.99,5.11,284.88,1,2026-01-08,SETTLED
SETTLE_004633,STRIPE,MERCH_0060,USD,60.25,1.15,59.10,1,2026-01-23,SETTLED
SETTLE_004634,ADYEN,MERCH_0050,CAD,18.80,0.37,18.43,1,2026-01-08,SETTLED
SETTLE_004635,STRIPE,MERCH_0035,EUR,559.75,3.00,556.75,1,2026-03-05,SETTLED
SETTLE_004636,STRIPE,MERCH_0004,USD,2072.49,16.83,2055.66,1,2026-02-09,SETTLED
SETTLE_004637,CHECKOUT_COM,MERCH_0039,GBP,492.49,9.01,483.48,1,2026-03-04,SETTLED
SETTLE_004638,PAYPAL,MERCH_0048,EUR,24.00,1.16,22.84,1,2026-02-22,SETTLED
SETTLE_004639,ADYEN,MERCH_0011,GBP,445.75,6.79,438.96,1,2026-03-28,SETTLED
SETTLE_004640,PAYPAL,MERCH_0050,GBP,494.49,14.64,479.85,1,2026-02-07,SETTLED
SETTLE_004641,STRIPE,MERCH_0035,EUR,1164.25,6.02,1158.23,1,2026-02-03,SETTLED
SETTLE_004642,STRIPE,MERCH_0089,INR,3999.00,82.98,3916.02,1,2026-03-08,SETTLED
SETTLE_004643,PAYPAL,MERCH_0044,EUR,38.50,1.62,36.88,1,2026-02-06,SETTLED
SETTLE_004644,STRIPE,MERCH_0042,INR,499.00,0.00,499.00,1,2026-03-12,SETTLED
SETTLE_004645,STRIPE,MERCH_0051,USD,476.49,4.06,472.43,1,2026-03-18,SETTLED
SETTLE_004646,STRIPE,MERCH_0069,CAD,55.99,1.92,54.07,1,2026-02-23,SETTLED
SETTLE_004648,ADYEN,MERCH_0033,EUR,1790.00,25.17,1764.83,1,2026-01-25,SETTLED
SETTLE_004649,PAYPAL,MERCH_0015,INR,799.00,11.59,787.41,1,2026-03-24,SETTLED
SETTLE_004650,ADYEN,MERCH_0025,USD,369.75,4.54,365.21,1,2026-01-31,SETTLED
SETTLE_004651,STRIPE,MERCH_0057,INR,15000.00,0.00,15000.00,1,2026-03-25,SETTLED
SETTLE_004652,CHECKOUT_COM,MERCH_0023,USD,3560.80,82.10,3478.70,1,2026-01-18,SETTLED
SETTLE_004653,STRIPE,MERCH_0063,GBP,371.80,7.26,364.54,1,2026-02-03,SETTLED
SETTLE_004654,PAYPAL,MERCH_0057,GBP,15.50,0.75,14.75,1,2026-01-31,SETTLED
SETTLE_004655,STRIPE,MERCH_0093,CAD,47.80,1.69,46.11,1,2026-01-30,SETTLED
SETTLE_004656,STRIPE,MERCH_0024,INR,999.00,22.98,976.02,1,2026-02-16,SETTLED
SETTLE_004657,PAYPAL,MERCH_0067,EUR,57.75,2.24,55.51,1,2026-02-21,SETTLED
SETTLE_004658,CHECKOUT_COM,MERCH_0024,USD,88.95,2.25,86.70,1,2026-02-14,SETTLED
SETTLE_004659,STRIPE,MERCH_0029,GBP,586.99,17.32,569.67,1,2026-03-29,SETTLED
SETTLE_004660,STRIPE,MERCH_0011,USD,93.00,1.65,91.35,1,2026-03-13,SETTLED
SETTLE_004661,CHECKOUT_COM,MERCH_0025,GBP,647.80,11.81,635.99,1,2026-03-09,SETTLED
SETTLE_004662,ADYEN,MERCH_0007,USD,40.25,0.58,39.67,1,2026-01-11,SETTLED
SETTLE_004663,ADYEN,MERCH_0097,USD,392.25,4.81,387.44,1,2026-02-10,SETTLED
SETTLE_004664,STRIPE,MERCH_0089,EUR,398.75,7.83,390.92,1,2026-03-26,SETTLED
SETTLE_004665,CHECKOUT_COM,MERCH_0077,EUR,403.75,7.04,396.71,1,2026-02-19,SETTLED
SETTLE_004666,CHECKOUT_COM,MERCH_0012,USD,68.25,1.38,66.87,1,2026-03-06,SETTLED
SETTLE_004667,STRIPE,MERCH_0011,INR,2574.00,0.00,2574.00,1,2026-02-04,SETTLED
SETTLE_004668,STRIPE,MERCH_0097,INR,499.00,0.00,499.00,1,2026-03-09,SETTLED
SETTLE_004669,ADYEN,MERCH_0083,EUR,38.99,5.29,33.70,1,2026-02-19,SETTLED
SETTLE_004670,STRIPE,MERCH_0029,CAD,61.75,2.09,59.66,1,2026-01-12,SETTLED
SETTLE_004671,ADYEN,MERCH_0039,GBP,34.99,0.62,34.37,1,2026-02-02,SETTLED
SETTLE_004672,PAYPAL,MERCH_0052,USD,453.25,16.31,436.94,1,2026-02-04,SETTLED
SETTLE_004673,STRIPE,MERCH_0100,EUR,64.95,1.48,63.47,1,2026-01-27,SETTLED
SETTLE_004674,PAYPAL,MERCH_0048,EUR,310.49,10.33,300.16,1,2026-03-25,SETTLED
SETTLE_004675,STRIPE,MERCH_0067,USD,608.25,5.12,603.13,1,2026-01-10,SETTLED
SETTLE_004676,CHECKOUT_COM,MERCH_0068,CAD,15.80,0.60,15.20,1,2026-03-24,SETTLED
SETTLE_004677,STRIPE,MERCH_0079,EUR,78.50,1.74,76.76,1,2026-01-26,SETTLED
SETTLE_004678,PAYPAL,MERCH_0044,USD,17.80,1.11,16.69,1,2026-03-13,SETTLED
SETTLE_004679,ADYEN,MERCH_0098,USD,205.99,4.45,201.54,1,2026-02-27,SETTLED
SETTLE_004680,STRIPE,MERCH_0011,EUR,52.80,0.46,52.34,1,2026-01-15,SETTLED
SETTLE_004681,CHECKOUT_COM,MERCH_0084,GBP,45.49,0.97,44.52,1,2026-01-05,SETTLED
SETTLE_004682,STRIPE,MERCH_0072,USD,37.00,0.80,36.20,1,2026-01-13,SETTLED
SETTLE_004683,PAYPAL,MERCH_0081,INR,799.00,11.59,787.41,1,2026-01-27,SETTLED
SETTLE_004684,STRIPE,MERCH_0007,USD,135.25,4.22,131.03,1,2026-01-09,SETTLED
SETTLE_004685,STRIPE,MERCH_0058,EUR,20.99,0.91,20.08,1,2026-01-04,SETTLED
SETTLE_004686,CHECKOUT_COM,MERCH_0047,CAD,595.95,14.52,581.43,1,2026-03-25,SETTLED
SETTLE_004687,ADYEN,MERCH_0037,USD,980.49,20.71,959.78,1,2026-03-10,SETTLED
SETTLE_004688,PAYPAL,MERCH_0045,GBP,124.75,3.92,120.83,1,2026-03-30,SETTLED
SETTLE_004689,STRIPE,MERCH_0043,INR,2499.00,0.00,2499.00,1,2026-02-09,SETTLED
SETTLE_004690,STRIPE,MERCH_0008,EUR,79.25,1.76,77.49,1,2026-02-16,SETTLED
SETTLE_004691,ADYEN,MERCH_0006,EUR,354.95,5.42,349.53,1,2026-02-26,SETTLED
SETTLE_004692,ADYEN,MERCH_0052,GBP,648.25,9.82,638.43,1,2026-01-14,SETTLED
SETTLE_004693,ADYEN,MERCH_0040,USD,123.75,1.59,122.16,1,2026-03-17,SETTLED
SETTLE_004694,CHECKOUT_COM,MERCH_0049,GBP,3241.25,58.49,3182.76,1,2026-01-26,SETTLED
SETTLE_004695,CHECKOUT_COM,MERCH_0051,USD,543.00,12.69,530.31,1,2026-01-21,SETTLED
SETTLE_004696,CHECKOUT_COM,MERCH_0069,USD,1127.95,26.14,1101.81,1,2026-01-04,SETTLED
SETTLE_004697,ADYEN,MERCH_0039,USD,64.25,0.87,63.38,1,2026-02-08,SETTLED
SETTLE_004698,PAYPAL,MERCH_0071,EUR,224.50,7.57,216.93,1,2026-01-22,SETTLED
SETTLE_004699,CHECKOUT_COM,MERCH_0013,EUR,1888.50,32.28,1856.22,1,2026-01-24,SETTLED
SETTLE_004700,STRIPE,MERCH_0093,USD,57.50,0.71,56.79,1,2026-04-01,SETTLED
SETTLE_004701,CHECKOUT_COM,MERCH_0095,EUR,263.99,4.67,259.32,1,2026-03-04,SETTLED
SETTLE_004702,STRIPE,MERCH_0004,CAD,51.80,1.80,50.00,1,2026-01-25,SETTLED
SETTLE_004703,ADYEN,MERCH_0007,USD,982.49,20.75,961.74,1,2026-03-11,SETTLED
SETTLE_004704,ADYEN,MERCH_0053,USD,232.75,5.01,227.74,1,2026-02-12,SETTLED
SETTLE_004705,STRIPE,MERCH_0071,USD,2953.75,85.96,2867.79,1,2026-03-10,SETTLED
SETTLE_004706,ADYEN,MERCH_0099,EUR,22.49,0.23,22.26,1,2026-03-11,SETTLED
SETTLE_004707,ADYEN,MERCH_0078,EUR,55.25,0.88,54.37,1,2026-03-29,SETTLED
SETTLE_004708,ADYEN,MERCH_0051,USD,269.50,5.78,263.72,1,2026-03-01,SETTLED
SETTLE_004709,ADYEN,MERCH_0065,USD,231.75,2.88,228.87,1,2026-03-12,SETTLED
SETTLE_004710,STRIPE,MERCH_0067,USD,133.80,4.18,129.62,1,2026-04-01,SETTLED
SETTLE_004711,PAYPAL,MERCH_0031,EUR,15.95,0.90,15.05,1,2026-01-11,SETTLED
SETTLE_004712,CHECKOUT_COM,MERCH_0020,EUR,53.95,1.10,52.85,1,2026-01-26,SETTLED
SETTLE_004713,STRIPE,MERCH_0061,EUR,600.75,3.20,597.55,1,2026-01-06,SETTLED
SETTLE_004714,STRIPE,MERCH_0048,USD,45.49,0.61,44.88,1,2026-03-31,SETTLED
SETTLE_004715,STRIPE,MERCH_0012,EUR,20.95,0.30,20.65,1,2026-03-08,SETTLED
SETTLE_004716,CHECKOUT_COM,MERCH_0049,GBP,23.95,8.58,15.37,1,2026-02-12,SETTLED
SETTLE_004717,ADYEN,MERCH_0012,GBP,508.80,7.73,501.07,1,2026-04-02,SETTLED
SETTLE_004718,STRIPE,MERCH_0091,USD,3471.00,28.02,3442.98,1,2026-03-04,SETTLED
SETTLE_004719,PAYPAL,MERCH_0020,USD,64.50,2.74,61.76,1,2026-04-01,SETTLED
SETTLE_004720,STRIPE,MERCH_0021,EUR,2719.99,51.93,2668.06,1,2026-03-30,SETTLED
SETTLE_004721,PAYPAL,MERCH_0047,USD,5.00,0.66,4.34,1,2026-02-12,SETTLED
SETTLE_004722,STRIPE,MERCH_0061,INR,299.00,0.00,299.00,1,2026-04-01,SETTLED
SETTLE_004723,STRIPE,MERCH_0043,INR,799.00,18.98,780.02,1,2026-02-08,SETTLED
SETTLE_004724,STRIPE,MERCH_0030,CAD,136.99,4.27,132.72,1,2026-03-09,SETTLED
SETTLE_004725,STRIPE,MERCH_0096,USD,42.50,1.53,40.97,1,2026-01-03,SETTLED
SETTLE_004726,ADYEN,MERCH_0056,USD,459.49,9.77,449.72,1,2026-02-16,SETTLED
SETTLE_004727,STRIPE,MERCH_0065,USD,27.95,0.67,27.28,1,2026-03-26,SETTLED
SETTLE_004728,STRIPE,MERCH_0039,EUR,435.50,8.52,426.98,1,2026-03-31,SETTLED
SETTLE_004729,STRIPE,MERCH_0093,INR,1499.00,32.98,1466.02,1,2026-01-21,SETTLED
SETTLE_004730,STRIPE,MERCH_0071,EUR,439.99,8.61,431.38,1,2026-02-19,SETTLED
SETTLE_004731,STRIPE,MERCH_0047,USD,338.95,5.33,333.62,1,2026-03-07,SETTLED
SETTLE_004732,PAYPAL,MERCH_0009,EUR,471.75,15.49,456.26,1,2026-03-22,SETTLED
SETTLE_004733,PAYPAL,MERCH_0100,INR,799.00,11.59,787.41,1,2026-02-04,SETTLED
SETTLE_004734,ADYEN,MERCH_0025,USD,3412.80,71.79,3341.01,1,2026-03-11,SETTLED
SETTLE_004735,STRIPE,MERCH_0048,GBP,24.95,0.67,24.28,1,2026-01-22,SETTLED
SETTLE_004736,STRIPE,MERCH_0056,GBP,48.00,1.11,46.89,1,2026-03-04,SETTLED
SETTLE_004737,CHECKOUT_COM,MERCH_0036,USD,512.80,11.99,500.81,1,2026-01-02,SETTLED
SETTLE_004738,STRIPE,MERCH_0094,EUR,397.80,7.81,389.99,1,2026-03-18,SETTLED
SETTLE_004739,ADYEN,MERCH_0023,EUR,327.75,4.70,323.05,1,2026-02-07,SETTLED
SETTLE_004740,STRIPE,MERCH_0014,EUR,50.75,0.45,50.30,1,2026-02-03,SETTLED
SETTLE_004741,CHECKOUT_COM,MERCH_0041,EUR,993.99,17.08,976.91,1,2026-01-21,SETTLED
SETTLE_004742,STRIPE,MERCH_0072,INR,15000.00,0.00,15000.00,1,2026-03-15,SETTLED
SETTLE_004743,STRIPE,MERCH_0018,USD,244.00,2.20,241.80,1,2026-02-04,SETTLED
SETTLE_004744,CHECKOUT_COM,MERCH_0039,GBP,44.95,0.96,43.99,1,2026-01-15,SETTLED
SETTLE_004745,STRIPE,MERCH_0063,CAD,62.50,2.11,60.39,1,2026-03-02,SETTLED
SETTLE_004746,STRIPE,MERCH_0033,CAD,43.75,1.57,42.18,1,2026-03-27,SETTLED
SETTLE_004747,CHECKOUT_COM,MERCH_0047,CAD,609.50,14.85,594.65,1,2026-02-25,SETTLED
SETTLE_004748,PAYPAL,MERCH_0027,GBP,17.00,0.79,16.21,1,2026-01-27,SETTLED
SETTLE_004749,STRIPE,MERCH_0029,USD,193.49,1.80,191.69,1,2026-01-11,SETTLED
SETTLE_004750,ADYEN,MERCH_0022,GBP,54.75,0.92,53.83,1,2026-03-26,SETTLED
SETTLE_004751,STRIPE,MERCH_0028,INR,1999.00,0.00,1999.00,1,2026-04-02,SETTLED
SETTLE_004752,PAYPAL,MERCH_0071,GBP,979.49,28.71,950.78,1,2026-02-22,SETTLED
SETTLE_004753,STRIPE,MERCH_0063,EUR,63.80,0.52,63.28,1,2026-03-20,SETTLED
SETTLE_004754,ADYEN,MERCH_0056,GBP,637.75,9.67,628.08,2,2026-03-22,SETTLED
SETTLE_004755,STRIPE,MERCH_0098,EUR,48.80,0.44,48.36,1,2026-03-16,SETTLED
SETTLE_004756,CHECKOUT_COM,MERCH_0049,GBP,349.99,6.45,343.54,1,2026-02-04,SETTLED
SETTLE_004757,STRIPE,MERCH_0016,EUR,630.99,12.24,618.75,1,2026-02-20,SETTLED
SETTLE_004758,STRIPE,MERCH_0031,GBP,49.80,1.15,48.65,2,2026-02-22,SETTLED
SETTLE_004759,PAYPAL,MERCH_0064,GBP,228.49,6.93,221.56,1,2026-02-23,SETTLED
SETTLE_004760,STRIPE,MERCH_0093,EUR,48.75,1.18,47.57,1,2026-02-11,SETTLED
SETTLE_004761,ADYEN,MERCH_0022,EUR,30.25,0.53,29.72,1,2026-02-02,SETTLED
SETTLE_004762,STRIPE,MERCH_0086,USD,2963.80,44.71,2919.09,1,2026-02-25,SETTLED
SETTLE_004763,PAYPAL,MERCH_0047,GBP,346.99,10.36,336.63,1,2026-02-23,SETTLED
SETTLE_004764,CHECKOUT_COM,MERCH_0036,USD,59.95,1.58,58.37,1,2026-03-07,SETTLED
SETTLE_004765,STRIPE,MERCH_0025,INR,1499.00,32.98,1466.02,1,2026-02-17,SETTLED
SETTLE_004767,STRIPE,MERCH_0068,USD,65.95,2.21,63.74,1,2026-03-21,SETTLED
SETTLE_004768,ADYEN,MERCH_0052,USD,48.80,0.69,48.11,1,2026-03-10,SETTLED
SETTLE_004769,STRIPE,MERCH_0063,EUR,613.49,11.27,602.22,1,2026-02-02,SETTLED
SETTLE_004770,STRIPE,MERCH_0036,CAD,65.75,2.21,63.54,1,2026-03-03,SETTLED
SETTLE_004771,ADYEN,MERCH_0080,EUR,413.50,1.60,411.90,1,2026-03-27,SETTLED
SETTLE_004772,CHECKOUT_COM,MERCH_0059,GBP,2707.50,48.89,2658.61,1,2026-02-22,SETTLED
SETTLE_004773,STRIPE,MERCH_0053,INR,799.00,18.98,780.02,1,2026-02-13,SETTLED
SETTLE_004774,STRIPE,MERCH_0076,USD,76.95,0.87,76.08,1,2026-03-22,SETTLED
SETTLE_004775,ADYEN,MERCH_0029,EUR,526.80,1.99,524.81,1,2026-03-14,SETTLED
SETTLE_004776,STRIPE,MERCH_0074,USD,19.25,0.54,18.71,1,2026-03-07,SETTLED
SETTLE_004777,STRIPE,MERCH_0028,USD,290.80,2.58,288.22,1,2026-02-27,SETTLED
SETTLE_004778,CHECKOUT_COM,MERCH_0024,CAD,186.80,4.70,182.10,1,2026-01-12,SETTLED
SETTLE_004779,PAYPAL,MERCH_0057,INR,299.00,5.59,293.41,1,2026-02-03,SETTLED
SETTLE_004780,ADYEN,MERCH_0100,USD,52.00,0.72,51.28,1,2026-02-22,SETTLED
SETTLE_004781,PAYPAL,MERCH_0021,GBP,182.25,5.59,176.66,1,2026-01-25,SETTLED
SETTLE_004782,ADYEN,MERCH_0074,EUR,69.25,0.39,68.86,1,2026-02-26,SETTLED
SETTLE_004783,STRIPE,MERCH_0080,INR,799.00,18.98,780.02,1,2026-02-08,SETTLED
SETTLE_004784,STRIPE,MERCH_0047,INR,15000.00,0.00,15000.00,1,2026-01-03,SETTLED
SETTLE_004785,STRIPE,MERCH_0030,USD,55.49,1.08,54.41,1,2026-02-27,SETTLED
SETTLE_004786,CHECKOUT_COM,MERCH_0061,EUR,3029.80,51.69,2978.11,1,2026-01-03,SETTLED
SETTLE_004787,ADYEN,MERCH_0016,EUR,505.25,7.18,498.07,1,2026-01-19,SETTLED
SETTLE_004788,STRIPE,MERCH_0017,EUR,1386.50,7.13,1379.37,1,2026-01-04,SETTLED
SETTLE_004789,ADYEN,MERCH_0012,EUR,88.25,1.35,86.90,1,2026-03-11,SETTLED
SETTLE_004790,STRIPE,MERCH_0070,CAD,18.50,0.84,17.66,1,2026-01-21,SETTLED
SETTLE_004791,ADYEN,MERCH_0077,EUR,455.95,1.75,454.20,1,2026-02-15,SETTLED
SETTLE_004792,STRIPE,MERCH_0041,INR,15000.00,0.00,15000.00,2,2026-02-25,SETTLED
SETTLE_004793,PAYPAL,MERCH_0020,EUR,478.50,15.70,462.80,1,2026-03-16,SETTLED
SETTLE_004794,STRIPE,MERCH_0092,INR,499.00,0.00,499.00,1,2026-03-23,SETTLED
SETTLE_004796,PAYPAL,MERCH_0061,INR,299.00,5.59,293.41,1,2026-02-08,SETTLED
SETTLE_004797,CHECKOUT_COM,MERCH_0040,CAD,71.00,1.92,69.08,1,2026-01-23,SETTLED
SETTLE_004798,ADYEN,MERCH_0034,EUR,192.50,0.82,191.68,1,2026-03-06,SETTLED
SETTLE_004799,STRIPE,MERCH_0083,INR,499.00,0.00,499.00,1,2026-02-27,SETTLED
SETTLE_004800,ADYEN,MERCH_0045,USD,479.49,5.85,473.64,1,2026-02-03,SETTLED
SETTLE_004801,PAYPAL,MERCH_0054,EUR,37.99,1.61,36.38,1,2026-03-25,SETTLED
SETTLE_004802,STRIPE,MERCH_0087,USD,182.75,2.99,179.76,1,2026-01-17,SETTLED
SETTLE_004803,STRIPE,MERCH_0039,GBP,3016.99,57.52,2959.47,1,2026-03-22,SETTLED
SETTLE_004804,CHECKOUT_COM,MERCH_0077,GBP,212.49,3.97,208.52,1,2026-03-14,SETTLED
SETTLE_004805,STRIPE,MERCH_0034,USD,28.80,0.68,28.12,1,2026-02-27,SETTLED
SETTLE_004806,CHECKOUT_COM,MERCH_0007,GBP,632.80,11.54,621.26,1,2026-03-12,SETTLED
SETTLE_004807,STRIPE,MERCH_0062,CAD,79.80,2.61,77.19,1,2026-02-03,SETTLED
SETTLE_004808,PAYPAL,MERCH_0024,GBP,74.00,2.45,71.55,1,2026-02-15,SETTLED
SETTLE_004809,STRIPE,MERCH_0066,USD,1700.95,49.63,1651.32,2,2026-03-27,SETTLED
SETTLE_004810,ADYEN,MERCH_0083,USD,351.49,7.50,343.99,1,2026-03-05,SETTLED
SETTLE_004811,ADYEN,MERCH_0090,EUR,39.25,0.66,38.59,1,2026-02-08,SETTLED
SETTLE_004812,ADYEN,MERCH_0022,USD,487.80,10.36,477.44,1,2026-01-08,SETTLED
SETTLE_004813,PAYPAL,MERCH_0090,CAD,68.95,2.30,66.65,1,2026-01-10,SETTLED
SETTLE_004814,PAYPAL,MERCH_0020,USD,238.80,8.82,229.98,1,2026-03-14,SETTLED
SETTLE_004815,ADYEN,MERCH_0036,USD,121.75,1.56,120.19,1,2026-01-24,SETTLED
SETTLE_004816,STRIPE,MERCH_0020,INR,2499.00,0.00,2499.00,1,2026-01-22,SETTLED
SETTLE_004817,STRIPE,MERCH_0030,CAD,3387.00,98.52,3288.48,1,2026-02-08,SETTLED
SETTLE_004818,STRIPE,MERCH_0017,USD,43.50,0.90,42.60,1,2026-01-21,SETTLED
SETTLE_004819,CHECKOUT_COM,MERCH_0006,CAD,2683.25,64.62,2618.63,1,2026-03-06,SETTLED
SETTLE_004820,STRIPE,MERCH_0025,EUR,200.50,4.06,196.44,1,2026-02-03,SETTLED
SETTLE_004821,CHECKOUT_COM,MERCH_0043,EUR,20.75,0.53,20.22,1,2026-02-08,SETTLED
SETTLE_004822,CHECKOUT_COM,MERCH_0094,USD,451.25,10.58,440.67,1,2026-02-23,SETTLED
SETTLE_004824,STRIPE,MERCH_0028,EUR,65.99,1.50,64.49,1,2026-02-09,SETTLED
SETTLE_004825,STRIPE,MERCH_0028,EUR,630.50,12.23,618.27,1,2026-01-09,SETTLED
SETTLE_004826,PAYPAL,MERCH_0022,GBP,340.99,10.19,330.80,1,2026-02-24,SETTLED
SETTLE_004827,CHECKOUT_COM,MERCH_0046,CAD,57.99,1.61,56.38,1,2026-03-21,SETTLED
SETTLE_004828,CHECKOUT_COM,MERCH_0040,GBP,633.80,15.56,618.24,1,2026-02-27,SETTLED
SETTLE_004829,STRIPE,MERCH_0001,EUR,116.25,0.78,115.47,1,2026-01-06,SETTLED
SETTLE_004830,PAYPAL,MERCH_0045,USD,15.00,1.01,13.99,1,2026-01-12,SETTLED
SETTLE_004831,CHECKOUT_COM,MERCH_0025,CAD,17.49,0.64,16.85,1,2026-02-23,SETTLED
SETTLE_004832,ADYEN,MERCH_0060,EUR,220.50,3.20,217.30,1,2026-01-08,SETTLED
SETTLE_004833,PAYPAL,MERCH_0090,GBP,227.49,6.90,220.59,1,2026-02-28,SETTLED
SETTLE_004834,STRIPE,MERCH_0099,USD,50.25,0.65,49.60,1,2026-01-31,SETTLED
SETTLE_004835,PAYPAL,MERCH_0096,INR,80.95,2.65,78.30,1,2026-01-31,SETTLED
SETTLE_004836,CHECKOUT_COM,MERCH_0003,GBP,2677.49,48.34,2629.15,1,2026-02-09,SETTLED
SETTLE_004837,ADYEN,MERCH_0013,EUR,586.00,2.20,583.80,1,2026-03-04,SETTLED
SETTLE_004838,ADYEN,MERCH_0087,USD,1071.95,22.63,1049.32,1,2026-01-03,SETTLED
SETTLE_004839,PAYPAL,MERCH_0091,GBP,23.95,0.99,22.96,1,2026-03-30,SETTLED
SETTLE_004840,STRIPE,MERCH_0031,GBP,516.25,10.01,506.24,1,2026-03-31,SETTLED
SETTLE_004841,CHECKOUT_COM,MERCH_0052,CAD,41.75,1.22,40.53,1,2026-03-21,SETTLED
SETTLE_004842,ADYEN,MERCH_0053,EUR,15.75,0.33,15.42,1,2026-03-24,SETTLED
SETTLE_004843,STRIPE,MERCH_0008,INR,1499.00,32.98,1466.02,1,2026-02-17,SETTLED
SETTLE_004844,STRIPE,MERCH_0040,GBP,601.99,11.64,590.35,1,2026-01-29,SETTLED
SETTLE_004845,STRIPE,MERCH_0100,CAD,523.25,15.47,507.78,1,2026-03-04,SETTLED
SETTLE_004846,CHECKOUT_COM,MERCH_0028,EUR,36.50,0.80,35.70,1,2026-01-26,SETTLED
SETTLE_004847,ADYEN,MERCH_0018,EUR,376.49,1.47,375.02,1,2026-01-02,SETTLED
SETTLE_004848,ADYEN,MERCH_0058,EUR,2316.00,32.53,2283.47,1,2026-04-01,SETTLED
SETTLE_004849,PAYPAL,MERCH_0011,USD,43.49,2.01,41.48,1,2026-03-14,SETTLED
SETTLE_004850,ADYEN,MERCH_0072,USD,71.25,0.95,70.30,1,2026-01-20,SETTLED
SETTLE_004851,STRIPE,MERCH_0039,EUR,33.95,0.37,33.58,1,2026-01-31,SETTLED
SETTLE_004852,ADYEN,MERCH_0055,EUR,53.00,0.34,52.66,1,2026-03-27,SETTLED
SETTLE_004853,ADYEN,MERCH_0040,EUR,692.25,2.57,689.68,1,2026-03-30,SETTLED
SETTLE_004854,CHECKOUT_COM,MERCH_0079,CAD,570.75,13.92,556.83,1,2026-03-16,SETTLED
SETTLE_004855,STRIPE,MERCH_0094,GBP,261.95,5.18,256.77,1,2026-03-31,SETTLED
SETTLE_004857,CHECKOUT_COM,MERCH_0092,GBP,374.80,6.90,367.90,1,2026-03-02,SETTLED
SETTLE_004858,CHECKOUT_COM,MERCH_0089,GBP,73.49,1.47,72.02,1,2026-02-10,SETTLED
SETTLE_004859,ADYEN,MERCH_0061,USD,353.25,4.34,348.91,1,2026-01-16,SETTLED
SETTLE_004860,ADYEN,MERCH_0059,EUR,629.25,8.92,620.33,1,2026-02-08,SETTLED
SETTLE_004861,ADYEN,MERCH_0044,EUR,576.50,8.18,568.32,1,2026-01-13,SETTLED
SETTLE_004862,PAYPAL,MERCH_0001,USD,718.25,25.56,692.69,1,2026-02-12,SETTLED
SETTLE_004863,STRIPE,MERCH_0049,USD,46.25,1.64,44.61,1,2026-02-19,SETTLED
SETTLE_004864,STRIPE,MERCH_0076,EUR,43.75,0.42,43.33,1,2026-02-08,SETTLED
SETTLE_004865,PAYPAL,MERCH_0047,USD,60.25,2.59,57.66,1,2026-03-20,SETTLED
SETTLE_004866,STRIPE,MERCH_0044,INR,499.00,0.00,499.00,1,2026-01-07,SETTLED
SETTLE_004867,CHECKOUT_COM,MERCH_0002,CAD,241.00,6.00,235.00,2,2026-02-25,SETTLED
SETTLE_004868,STRIPE,MERCH_0068,GBP,2654.50,50.64,2603.86,1,2026-01-26,SETTLED
SETTLE_004869,CHECKOUT_COM,MERCH_0052,GBP,176.50,3.33,173.17,1,2026-01-17,SETTLED
SETTLE_004870,STRIPE,MERCH_0056,EUR,455.80,8.91,446.89,1,2026-03-07,SETTLED
SETTLE_004871,STRIPE,MERCH_0012,INR,999.00,22.98,976.02,1,2026-02-02,SETTLED
SETTLE_004872,ADYEN,MERCH_0037,USD,52.75,4.98,47.77,1,2026-03-11,SETTLED
SETTLE_004873,STRIPE,MERCH_0051,USD,439.49,3.77,435.72,1,2026-03-14,SETTLED
SETTLE_004874,CHECKOUT_COM,MERCH_0086,USD,608.80,14.20,594.60,1,2026-02-07,SETTLED
SETTLE_004875,STRIPE,MERCH_0087,EUR,563.95,10.97,552.98,1,2026-03-26,SETTLED
SETTLE_004876,CHECKOUT_COM,MERCH_0020,EUR,2683.50,45.80,2637.70,1,2026-03-01,SETTLED
SETTLE_004877,STRIPE,MERCH_0051,EUR,461.49,2.51,458.98,1,2026-03-20,SETTLED
SETTLE_004878,CHECKOUT_COM,MERCH_0026,GBP,312.95,5.78,307.17,1,2026-02-12,SETTLED
SETTLE_004879,CHECKOUT_COM,MERCH_0014,USD,2512.99,58.00,2454.99,1,2026-02-07,SETTLED
SETTLE_004880,PAYPAL,MERCH_0055,EUR,623.80,20.35,603.45,1,2026-02-27,SETTLED
SETTLE_004881,STRIPE,MERCH_0017,GBP,2300.80,43.92,2256.88,1,2026-03-26,SETTLED
SETTLE_004882,ADYEN,MERCH_0027,EUR,473.80,1.81,471.99,1,2026-02-15,SETTLED
SETTLE_004883,CHECKOUT_COM,MERCH_0069,EUR,1741.99,29.79,1712.20,1,2026-03-08,SETTLED
SETTLE_004884,CHECKOUT_COM,MERCH_0015,EUR,304.99,5.36,299.63,1,2026-03-21,SETTLED
SETTLE_004885,STRIPE,MERCH_0007,USD,1398.49,21.23,1377.26,1,2026-01-13,SETTLED
SETTLE_004886,CHECKOUT_COM,MERCH_0062,USD,37.75,9.07,28.68,1,2026-03-18,SETTLED
SETTLE_004887,STRIPE,MERCH_0067,CAD,154.25,4.77,149.48,1,2026-01-31,SETTLED
SETTLE_004888,ADYEN,MERCH_0072,GBP,62.80,1.04,61.76,1,2026-01-17,SETTLED
SETTLE_004889,CHECKOUT_COM,MERCH_0010,GBP,3055.75,55.15,3000.60,1,2026-03-03,SETTLED
SETTLE_004890,STRIPE,MERCH_0049,USD,440.80,13.08,427.72,1,2026-02-08,SETTLED
SETTLE_004891,STRIPE,MERCH_0071,CAD,56.00,1.92,54.08,1,2026-03-31,SETTLED
SETTLE_004892,STRIPE,MERCH_0080,EUR,865.50,4.53,860.97,1,2026-01-16,SETTLED
SETTLE_004893,STRIPE,MERCH_0040,INR,15050.00,0.00,15050.00,1,2026-01-31,SETTLED
SETTLE_004894,CHECKOUT_COM,MERCH_0001,GBP,258.80,4.81,253.99,1,2026-03-14,SETTLED
SETTLE_004895,STRIPE,MERCH_0068,USD,478.49,14.18,464.31,1,2026-03-05,SETTLED
SETTLE_004896,STRIPE,MERCH_0019,INR,1999.00,0.00,1999.00,1,2026-01-06,SETTLED
SETTLE_004897,PAYPAL,MERCH_0096,INR,1999.00,25.99,1973.01,1,2026-02-10,SETTLED
SETTLE_004898,STRIPE,MERCH_0053,EUR,145.00,0.93,144.07,1,2026-01-18,SETTLED
SETTLE_004899,ADYEN,MERCH_0004,EUR,347.75,1.37,346.38,1,2026-04-02,SETTLED
SETTLE_004900,STRIPE,MERCH_0089,USD,71.50,2.37,69.13,1,2026-02-09,SETTLED
SETTLE_004901,STRIPE,MERCH_0040,EUR,466.80,9.12,457.68,1,2026-01-30,SETTLED
SETTLE_004902,STRIPE,MERCH_0012,INR,9999.00,202.98,9796.02,1,2026-01-18,SETTLED
SETTLE_004903,STRIPE,MERCH_0011,CAD,482.50,14.29,468.21,1,2026-03-17,SETTLED
SETTLE_004904,CHECKOUT_COM,MERCH_0020,EUR,2010.00,34.35,1975.65,1,2026-03-08,SETTLED
SETTLE_004905,STRIPE,MERCH_0087,USD,80.95,2.65,78.30,1,2026-03-01,SETTLED
SETTLE_004906,STRIPE,MERCH_0011,USD,19.95,4.63,15.32,1,2026-01-25,SETTLED
SETTLE_004907,STRIPE,MERCH_0062,USD,2089.80,16.97,2072.83,1,2026-01-13,SETTLED
SETTLE_004908,ADYEN,MERCH_0021,USD,609.00,7.41,601.59,2,2026-02-09,SETTLED
SETTLE_004909,STRIPE,MERCH_0078,GBP,458.95,8.92,450.03,1,2026-01-17,SETTLED
SETTLE_004910,PAYPAL,MERCH_0011,GBP,218.50,6.64,211.86,1,2026-02-27,SETTLED
SETTLE_004911,CHECKOUT_COM,MERCH_0009,GBP,58.50,1.20,57.30,1,2026-01-20,SETTLED
SETTLE_004912,CHECKOUT_COM,MERCH_0010,EUR,63.50,1.26,62.24,2,2026-03-12,SETTLED
SETTLE_004913,STRIPE,MERCH_0008,GBP,72.25,1.33,70.92,1,2026-03-05,SETTLED
SETTLE_004914,ADYEN,MERCH_0029,USD,1263.80,26.66,1237.14,1,2026-03-13,SETTLED
SETTLE_004915,ADYEN,MERCH_0096,EUR,404.99,5.78,399.21,1,2026-02-13,SETTLED
SETTLE_004916,PAYPAL,MERCH_0091,USD,935.49,33.14,902.35,1,2026-03-15,SETTLED
SETTLE_004917,ADYEN,MERCH_0007,GBP,26.49,0.50,25.99,1,2026-03-11,SETTLED
SETTLE_004918,ADYEN,MERCH_0020,USD,36.49,0.89,35.60,1,2026-03-14,SETTLED
SETTLE_004919,STRIPE,MERCH_0002,GBP,169.00,3.41,165.59,1,2026-01-22,SETTLED
SETTLE_004920,STRIPE,MERCH_0009,INR,15000.00,303.00,14697.00,1,2026-03-21,SETTLED
SETTLE_004921,STRIPE,MERCH_0007,INR,999.00,22.98,976.02,1,2026-03-23,SETTLED
SETTLE_004922,CHECKOUT_COM,MERCH_0023,USD,20.49,0.67,19.82,1,2026-02-15,SETTLED
SETTLE_004923,STRIPE,MERCH_0086,USD,76.00,2.50,73.50,1,2026-02-20,SETTLED
SETTLE_004924,CHECKOUT_COM,MERCH_0037,USD,554.80,12.96,541.84,1,2026-03-13,SETTLED
SETTLE_004925,STRIPE,MERCH_0099,USD,1972.75,16.03,1956.72,1,2026-03-03,SETTLED
SETTLE_004926,CHECKOUT_COM,MERCH_0059,GBP,205.99,3.86,202.13,1,2026-01-26,SETTLED
SETTLE_004927,STRIPE,MERCH_0034,GBP,599.99,11.60,588.39,1,2026-01-06,SETTLED
SETTLE_004928,STRIPE,MERCH_0082,EUR,3372.00,65.82,3306.18,1,2026-02-14,SETTLED
SETTLE_004929,ADYEN,MERCH_0078,USD,540.25,11.47,528.78,1,2026-02-13,SETTLED
SETTLE_004930,CHECKOUT_COM,MERCH_0064,CAD,526.49,12.86,513.63,1,2026-01-25,SETTLED
SETTLE_004931,STRIPE,MERCH_0061,EUR,202.00,12.09,189.91,1,2026-01-10,SETTLED
SETTLE_004932,PAYPAL,MERCH_0033,USD,26.75,1.42,25.33,1,2026-02-12,SETTLED
SETTLE_004933,PAYPAL,MERCH_0037,EUR,358.00,11.85,346.15,1,2026-03-12,SETTLED
SETTLE_004934,STRIPE,MERCH_0074,USD,516.25,15.27,500.98,1,2026-01-25,SETTLED
SETTLE_004935,CHECKOUT_COM,MERCH_0062,CAD,55.95,1.56,54.39,1,2026-03-19,SETTLED
SETTLE_004936,ADYEN,MERCH_0077,EUR,580.95,2.18,578.77,1,2026-01-08,SETTLED
SETTLE_004937,CHECKOUT_COM,MERCH_0046,GBP,49.75,1.05,48.70,1,2026-02-04,SETTLED
SETTLE_004938,PAYPAL,MERCH_0009,EUR,1455.99,46.98,1409.01,1,2026-03-15,SETTLED
SETTLE_004939,ADYEN,MERCH_0045,GBP,280.80,4.31,276.49,1,2026-01-14,SETTLED
SETTLE_004940,STRIPE,MERCH_0098,INR,499.00,12.98,486.02,1,2026-02-01,SETTLED
SETTLE_004941,PAYPAL,MERCH_0015,EUR,51.25,2.03,49.22,1,2026-03-13,SETTLED
SETTLE_004942,CHECKOUT_COM,MERCH_0003,EUR,2295.25,39.20,2256.05,1,2026-01-28,SETTLED
SETTLE_004943,PAYPAL,MERCH_0051,USD,42.95,1.99,40.96,1,2026-03-01,SETTLED
SETTLE_004944,STRIPE,MERCH_0081,USD,634.49,5.33,629.16,1,2026-01-05,SETTLED
SETTLE_004945,STRIPE,MERCH_0025,GBP,443.00,8.62,434.38,1,2026-04-01,SETTLED
SETTLE_004946,ADYEN,MERCH_0086,GBP,129.49,2.04,127.45,1,2026-02-23,SETTLED
SETTLE_004947,STRIPE,MERCH_0032,INR,2499.00,0.00,2499.00,1,2026-03-09,SETTLED
SETTLE_004948,ADYEN,MERCH_0066,USD,1639.80,34.56,1605.24,1,2026-01-06,SETTLED
SETTLE_004949,ADYEN,MERCH_0039,USD,38.49,0.93,37.56,1,2026-02-15,SETTLED
SETTLE_004950,PAYPAL,MERCH_0030,INR,799.00,11.59,787.41,1,2026-02-10,SETTLED
SETTLE_004951,CHECKOUT_COM,MERCH_0014,GBP,3001.50,55.68,2945.82,1,2026-03-26,SETTLED
SETTLE_004952,STRIPE,MERCH_0059,USD,2784.99,81.06,2703.93,1,2026-03-02,SETTLED
SETTLE_004953,STRIPE,MERCH_0007,EUR,1539.75,7.90,1531.85,1,2026-02-07,SETTLED
SETTLE_004954,STRIPE,MERCH_0066,INR,1499.00,0.00,1499.00,1,2026-02-04,SETTLED
SETTLE_004955,ADYEN,MERCH_0079,EUR,2604.75,9.27,2595.48,1,2026-01-27,SETTLED
SETTLE_004956,CHECKOUT_COM,MERCH_0094,USD,66.49,1.73,64.76,1,2026-01-28,SETTLED
SETTLE_004957,STRIPE,MERCH_0032,EUR,93.49,0.67,92.82,1,2026-01-14,SETTLED
SETTLE_004958,PAYPAL,MERCH_0018,INR,4999.00,61.99,4937.01,1,2026-02-18,SETTLED
SETTLE_004959,ADYEN,MERCH_0050,GBP,586.75,8.90,577.85,1,2026-02-11,SETTLED
SETTLE_004960,ADYEN,MERCH_0098,EUR,62.49,0.98,61.51,1,2026-03-11,SETTLED
SETTLE_004961,STRIPE,MERCH_0095,EUR,495.95,2.68,493.27,1,2026-01-14,SETTLED
SETTLE_004962,PAYPAL,MERCH_0100,USD,470.49,16.91,453.58,1,2026-01-02,SETTLED
SETTLE_004963,ADYEN,MERCH_0013,EUR,54.95,5.88,49.07,1,2026-03-19,SETTLED
SETTLE_004964,PAYPAL,MERCH_0071,USD,49.99,2.23,47.76,1,2026-02-08,SETTLED
SETTLE_004965,STRIPE,MERCH_0047,USD,47.50,0.63,46.87,1,2026-02-12,SETTLED
SETTLE_004966,PAYPAL,MERCH_0004,GBP,76.49,2.52,73.97,1,2026-01-04,SETTLED
SETTLE_004967,STRIPE,MERCH_0013,EUR,38.80,0.99,37.81,1,2026-03-15,SETTLED
SETTLE_004968,PAYPAL,MERCH_0039,EUR,605.99,19.78,586.21,1,2026-03-08,SETTLED
SETTLE_004969,CHECKOUT_COM,MERCH_0020,USD,27.75,0.84,26.91,1,2026-01-06,SETTLED
SETTLE_004971,PAYPAL,MERCH_0041,EUR,49.99,5.74,44.25,1,2026-03-05,SETTLED
SETTLE_004972,ADYEN,MERCH_0071,INR,80.75,1.82,78.93,1,2026-01-14,SETTLED
SETTLE_004973,ADYEN,MERCH_0084,USD,21.50,3.07,18.43,1,2026-01-31,SETTLED
SETTLE_004974,PAYPAL,MERCH_0043,INR,499.00,7.99,491.01,1,2026-02-27,SETTLED
SETTLE_004975,ADYEN,MERCH_0055,USD,59.95,0.82,59.13,1,2026-02-26,SETTLED
SETTLE_004976,STRIPE,MERCH_0031,INR,2499.00,0.00,2499.00,1,2026-01-06,SETTLED
SETTLE_004977,ADYEN,MERCH_0051,USD,45.00,0.64,44.36,1,2026-01-25,SETTLED
SETTLE_004979,PAYPAL,MERCH_0081,USD,43.75,3.52,40.23,1,2026-02-12,SETTLED
SETTLE_004980,PAYPAL,MERCH_0045,USD,375.00,17.58,357.42,1,2026-03-16,SETTLED
SETTLE_004981,PAYPAL,MERCH_0075,EUR,528.25,17.29,510.96,1,2026-01-04,SETTLED
SETTLE_004982,ADYEN,MERCH_0007,USD,275.80,3.41,272.39,1,2026-03-15,SETTLED
SETTLE_004983,ADYEN,MERCH_0044,GBP,278.50,4.28,274.22,1,2026-01-20,SETTLED
SETTLE_004984,PAYPAL,MERCH_0072,INR,999.00,13.99,985.01,1,2026-01-13,SETTLED
SETTLE_004985,CHECKOUT_COM,MERCH_0005,INR,3482.49,59.38,3423.11,1,2026-03-15,SETTLED
SETTLE_004986,CHECKOUT_COM,MERCH_0056,CAD,1479.95,35.74,1444.21,1,2026-03-07,SETTLED
SETTLE_004987,STRIPE,MERCH_0069,GBP,52.80,1.20,51.60,1,2026-03-07,SETTLED
SETTLE_004989,STRIPE,MERCH_0032,CAD,62.80,2.12,60.68,1,2026-02-02,SETTLED
SETTLE_004990,ADYEN,MERCH_0086,USD,17.25,0.48,16.77,1,2026-02-21,SETTLED
SETTLE_004991,PAYPAL,MERCH_0002,EUR,66.50,2.52,63.98,1,2026-03-31,SETTLED
SETTLE_004992,ADYEN,MERCH_0042,EUR,26.00,0.47,25.53,1,2026-02-06,SETTLED
SETTLE_004993,ADYEN,MERCH_0021,GBP,44.50,0.77,43.73,1,2026-03-20,SETTLED
SETTLE_004994,STRIPE,MERCH_0012,USD,263.00,4.20,258.80,1,2026-02-20,SETTLED
SETTLE_004995,STRIPE,MERCH_0042,INR,2499.00,0.00,2499.00,1,2026-02-17,SETTLED
SETTLE_004996,CHECKOUT_COM,MERCH_0096,USD,152.80,3.71,149.09,1,2026-01-11,SETTLED
SETTLE_004997,ADYEN,MERCH_0046,EUR,2685.75,9.55,2676.20,1,2026-02-04,SETTLED
SETTLE_004998,STRIPE,MERCH_0098,USD,17.50,0.81,16.69,1,2026-04-02,SETTLED
SETTLE_004999,ADYEN,MERCH_0049,EUR,62.50,0.37,62.13,1,2026-02-09,SETTLED
SETTLE_005000,CHECKOUT_COM,MERCH_0015,CAD,259.95,6.46,253.49,1,2026-01-14,SETTLED
SETTLE_005001,PAYPAL,MERCH_0099,EUR,51.95,2.05,49.90,1,2026-01-09,SETTLED
SETTLE_005002,ADYEN,MERCH_0056,GBP,618.49,9.38,609.11,1,2026-01-13,SETTLED
SETTLE_005003,STRIPE,MERCH_0031,EUR,1914.80,9.77,1905.03,1,2026-03-10,SETTLED
SETTLE_005004,STRIPE,MERCH_0031,USD,80.80,1.46,79.34,1,2026-01-21,SETTLED
SETTLE_005005,STRIPE,MERCH_0096,USD,317.95,5.02,312.93,1,2026-02-19,SETTLED
SETTLE_005006,CHECKOUT_COM,MERCH_0038,EUR,427.95,7.46,420.49,1,2026-01-27,SETTLED
SETTLE_005007,STRIPE,MERCH_0010,GBP,3211.49,61.22,3150.27,1,2026-01-14,SETTLED
SETTLE_005008,CHECKOUT_COM,MERCH_0021,GBP,80.25,1.59,78.66,1,2026-02-12,SETTLED
SETTLE_005009,STRIPE,MERCH_0048,INR,799.00,18.98,780.02,1,2026-01-09,SETTLED
SETTLE_005010,CHECKOUT_COM,MERCH_0003,EUR,186.25,3.35,182.90,1,2026-01-10,SETTLED
SETTLE_005011,CHECKOUT_COM,MERCH_0061,EUR,27.75,0.65,27.10,1,2026-03-25,SETTLED
SETTLE_005012,ADYEN,MERCH_0046,USD,2183.95,27.81,2156.14,1,2026-01-29,SETTLED
SETTLE_005013,STRIPE,MERCH_0053,INR,2499.00,8.00,2491.00,1,2026-03-11,SETTLED
SETTLE_005014,ADYEN,MERCH_0054,EUR,176.99,2.59,174.40,1,2026-03-30,SETTLED
SETTLE_005015,STRIPE,MERCH_0020,CAD,29.25,3.65,25.60,1,2026-03-17,SETTLED
SETTLE_005016,ADYEN,MERCH_0087,USD,27.99,0.71,27.28,2,2026-03-02,SETTLED
SETTLE_005017,PAYPAL,MERCH_0038,INR,1999.00,25.99,1973.01,1,2026-02-24,SETTLED
SETTLE_005018,STRIPE,MERCH_0093,USD,100.95,3.23,97.72,1,2026-02-21,SETTLED
SETTLE_005020,CHECKOUT_COM,MERCH_0013,EUR,3368.00,57.44,3310.56,1,2026-02-25,SETTLED
SETTLE_005021,STRIPE,MERCH_0034,EUR,149.25,3.09,146.16,1,2026-03-09,SETTLED
SETTLE_005022,CHECKOUT_COM,MERCH_0056,GBP,69.99,1.41,68.58,1,2026-03-22,SETTLED
SETTLE_005023,CHECKOUT_COM,MERCH_0019,USD,148.95,3.63,145.32,1,2026-02-06,SETTLED
SETTLE_005024,PAYPAL,MERCH_0052,USD,26.99,1.43,25.56,1,2026-03-19,SETTLED
SETTLE_005025,STRIPE,MERCH_0026,USD,47.99,4.72,43.27,1,2026-02-20,SETTLED
SETTLE_005026,ADYEN,MERCH_0085,GBP,32.99,0.27,32.72,1,2026-03-10,SETTLED
SETTLE_005027,PAYPAL,MERCH_0072,GBP,433.25,12.86,420.39,1,2026-03-02,SETTLED
SETTLE_005028,ADYEN,MERCH_0003,GBP,33.95,0.61,33.34,1,2026-01-12,SETTLED
SETTLE_005029,CHECKOUT_COM,MERCH_0067,GBP,29.75,0.69,29.06,1,2026-03-21,SETTLED
SETTLE_005030,STRIPE,MERCH_0001,GBP,35.25,0.87,34.38,1,2026-02-09,SETTLED
SETTLE_005031,STRIPE,MERCH_0057,EUR,643.00,12.47,630.53,1,2026-01-18,SETTLED
SETTLE_005032,ADYEN,MERCH_0018,EUR,50.80,0.33,50.47,1,2026-02-13,SETTLED
SETTLE_005033,ADYEN,MERCH_0003,USD,342.75,4.21,338.54,1,2026-02-15,SETTLED
SETTLE_005034,ADYEN,MERCH_0067,EUR,609.50,2.28,607.22,1,2026-01-02,SETTLED
SETTLE_005035,ADYEN,MERCH_0063,USD,167.50,3.64,163.86,1,2026-02-28,SETTLED
SETTLE_005036,STRIPE,MERCH_0079,USD,72.00,2.39,69.61,1,2026-03-19,SETTLED
SETTLE_005037,PAYPAL,MERCH_0091,USD,580.80,20.76,560.04,1,2026-01-23,SETTLED
SETTLE_005038,STRIPE,MERCH_0009,GBP,354.95,6.94,348.01,1,2026-03-08,SETTLED
SETTLE_005039,STRIPE,MERCH_0019,CAD,336.25,10.05,326.20,1,2026-01-04,SETTLED
SETTLE_005040,CHECKOUT_COM,MERCH_0100,EUR,608.00,10.52,597.48,1,2026-01-16,SETTLED
SETTLE_005041,STRIPE,MERCH_0031,USD,42.80,1.54,41.26,1,2026-01-20,SETTLED
SETTLE_005042,CHECKOUT_COM,MERCH_0071,EUR,638.99,11.04,627.95,2,2026-04-02,SETTLED
SETTLE_005043,CHECKOUT_COM,MERCH_0077,CAD,530.95,12.96,517.99,1,2026-01-29,SETTLED
SETTLE_005044,STRIPE,MERCH_0069,GBP,67.99,1.49,66.50,1,2026-01-26,SETTLED
SETTLE_005045,CHECKOUT_COM,MERCH_0050,GBP,2369.95,42.81,2327.14,1,2026-03-22,SETTLED
SETTLE_005046,PAYPAL,MERCH_0011,INR,499.00,7.99,491.01,1,2026-02-13,SETTLED
SETTLE_005047,CHECKOUT_COM,MERCH_0013,USD,27.25,0.83,26.42,1,2026-01-07,SETTLED
SETTLE_005048,ADYEN,MERCH_0094,EUR,100.95,0.50,100.45,1,2026-01-11,SETTLED
SETTLE_005049,STRIPE,MERCH_0040,USD,42.50,0.89,41.61,1,2026-03-21,SETTLED
SETTLE_005050,CHECKOUT_COM,MERCH_0045,CAD,35.25,1.07,34.18,1,2026-03-26,SETTLED
SETTLE_005051,STRIPE,MERCH_0098,EUR,150.80,0.95,149.85,1,2026-03-31,SETTLED
SETTLE_005052,STRIPE,MERCH_0056,INR,799.00,0.00,799.00,1,2026-02-01,SETTLED
SETTLE_005053,ADYEN,MERCH_0074,GBP,46.30,0.79,45.51,1,2026-03-08,SETTLED
SETTLE_005054,PAYPAL,MERCH_0036,GBP,2439.49,69.05,2370.44,1,2026-02-16,SETTLED
SETTLE_005055,CHECKOUT_COM,MERCH_0064,CAD,379.75,9.33,370.42,1,2026-01-20,SETTLED
SETTLE_005056,ADYEN,MERCH_0039,GBP,217.95,3.37,214.58,1,2026-01-07,SETTLED
SETTLE_005057,CHECKOUT_COM,MERCH_0007,CAD,350.99,8.64,342.35,1,2026-01-29,SETTLED
SETTLE_005058,ADYEN,MERCH_0040,EUR,147.75,0.67,147.08,1,2026-04-01,SETTLED
SETTLE_005059,ADYEN,MERCH_0050,EUR,76.80,1.19,75.61,1,2026-01-25,SETTLED
SETTLE_005060,STRIPE,MERCH_0059,INR,15000.00,0.00,15000.00,1,2026-02-11,SETTLED
SETTLE_005061,ADYEN,MERCH_0074,USD,50.49,1.18,49.31,1,2026-01-23,SETTLED
SETTLE_005062,ADYEN,MERCH_0055,EUR,371.75,5.31,366.44,1,2026-03-15,SETTLED
SETTLE_005063,STRIPE,MERCH_0052,USD,277.95,8.36,269.59,1,2026-01-03,SETTLED
SETTLE_005064,ADYEN,MERCH_0013,GBP,52.99,8.89,44.10,1,2026-01-20,SETTLED
SETTLE_005066,STRIPE,MERCH_0098,USD,117.00,3.69,113.31,1,2026-01-11,SETTLED
SETTLE_005067,ADYEN,MERCH_0048,GBP,53.95,0.91,53.04,1,2026-01-22,SETTLED
SETTLE_005068,STRIPE,MERCH_0075,CAD,27.49,1.10,26.39,1,2026-01-02,SETTLED
SETTLE_005069,CHECKOUT_COM,MERCH_0009,USD,427.49,10.03,417.46,1,2026-03-10,SETTLED
SETTLE_005070,PAYPAL,MERCH_0070,GBP,290.80,8.73,282.07,1,2026-01-12,SETTLED
SETTLE_005071,ADYEN,MERCH_0026,EUR,1746.49,6.26,1740.23,1,2026-01-21,SETTLED
SETTLE_005072,STRIPE,MERCH_0075,USD,54.25,0.68,53.57,1,2026-03-23,SETTLED
SETTLE_005073,CHECKOUT_COM,MERCH_0038,EUR,30.50,0.70,29.80,1,2026-02-25,SETTLED
SETTLE_005074,STRIPE,MERCH_0048,INR,399.00,0.00,399.00,1,2026-02-24,SETTLED
SETTLE_005075,STRIPE,MERCH_0012,EUR,24.50,0.72,23.78,1,2026-03-07,SETTLED
SETTLE_005076,ADYEN,MERCH_0091,EUR,194.50,0.83,193.67,1,2026-02-08,SETTLED
SETTLE_005077,STRIPE,MERCH_0043,INR,299.00,0.00,299.00,1,2026-02-28,SETTLED
SETTLE_005078,STRIPE,MERCH_0094,EUR,50.00,0.45,49.55,1,2026-03-10,SETTLED
SETTLE_005079,STRIPE,MERCH_0029,USD,609.00,9.38,599.62,1,2026-02-12,SETTLED
SETTLE_005080,PAYPAL,MERCH_0028,EUR,146.95,5.09,141.86,1,2026-02-12,SETTLED
SETTLE_005081,STRIPE,MERCH_0050,EUR,1719.99,8.80,1711.19,1,2026-02-23,SETTLED
SETTLE_005082,PAYPAL,MERCH_0012,INR,4999.00,61.99,4937.01,1,2026-01-21,SETTLED
SETTLE_005083,PAYPAL,MERCH_0027,EUR,211.00,7.14,203.86,1,2026-03-11,SETTLED
SETTLE_005084,STRIPE,MERCH_0052,EUR,495.75,9.67,486.08,1,2026-01-21,SETTLED
SETTLE_005085,STRIPE,MERCH_0043,USD,266.49,8.03,258.46,1,2026-02-18,SETTLED
SETTLE_005087,ADYEN,MERCH_0066,EUR,63.25,1.00,62.25,1,2026-03-17,SETTLED
SETTLE_005088,CHECKOUT_COM,MERCH_0037,USD,25.00,0.77,24.23,1,2026-02-16,SETTLED
SETTLE_005089,STRIPE,MERCH_0080,EUR,1814.95,9.27,1805.68,1,2026-03-20,SETTLED
SETTLE_005090,PAYPAL,MERCH_0028,USD,479.75,17.23,462.52,1,2026-01-26,SETTLED
SETTLE_005091,PAYPAL,MERCH_0070,EUR,383.49,12.66,370.83,1,2026-01-24,SETTLED
SETTLE_005092,PAYPAL,MERCH_0047,INR,999.00,13.99,985.01,1,2026-03-12,SETTLED
SETTLE_005093,CHECKOUT_COM,MERCH_0047,EUR,1167.95,20.04,1147.91,1,2026-01-20,SETTLED
SETTLE_005094,STRIPE,MERCH_0037,EUR,436.80,2.38,434.42,1,2026-03-24,SETTLED
SETTLE_005095,ADYEN,MERCH_0093,USD,563.95,11.96,551.99,1,2026-02-10,SETTLED
SETTLE_005096,STRIPE,MERCH_0006,INR,299.00,0.00,299.00,1,2026-03-20,SETTLED
SETTLE_005097,CHECKOUT_COM,MERCH_0061,CAD,609.50,14.85,594.65,1,2026-02-05,SETTLED
SETTLE_005098,STRIPE,MERCH_0082,USD,26.95,1.08,25.87,1,2026-03-25,SETTLED
SETTLE_005099,PAYPAL,MERCH_0021,INR,1499.00,19.99,1479.01,1,2026-03-05,SETTLED
SETTLE_005100,ADYEN,MERCH_0097,USD,1542.49,18.61,1523.88,1,2026-02-09,SETTLED
SETTLE_005101,CHECKOUT_COM,MERCH_0006,USD,247.49,5.89,241.60,1,2026-01-21,SETTLED
SETTLE_005102,STRIPE,MERCH_0094,INR,4999.00,102.98,4896.02,1,2026-01-03,SETTLED
SETTLE_005103,STRIPE,MERCH_0011,GBP,48.95,1.13,47.82,1,2026-03-04,SETTLED
SETTLE_005104,STRIPE,MERCH_0030,USD,447.99,3.83,444.16,1,2026-03-01,SETTLED
SETTLE_005105,CHECKOUT_COM,MERCH_0047,GBP,55.95,1.16,54.79,1,2026-03-20,SETTLED
SETTLE_005106,CHECKOUT_COM,MERCH_0042,CAD,3017.80,72.65,2945.15,1,2026-03-14,SETTLED
SETTLE_005107,ADYEN,MERCH_0031,EUR,519.75,7.39,512.36,1,2026-03-06,SETTLED
SETTLE_005108,STRIPE,MERCH_0081,USD,2109.99,17.13,2092.86,1,2026-02-14,SETTLED
SETTLE_005109,STRIPE,MERCH_0077,EUR,1168.25,22.45,1145.80,1,2026-03-06,SETTLED
SETTLE_005110,CHECKOUT_COM,MERCH_0072,EUR,133.95,2.46,131.49,1,2026-01-22,SETTLED
SETTLE_005111,PAYPAL,MERCH_0032,INR,799.00,11.59,787.41,1,2026-02-12,SETTLED
SETTLE_005112,STRIPE,MERCH_0043,USD,23.99,1.00,22.99,1,2026-01-27,SETTLED
SETTLE_005113,CHECKOUT_COM,MERCH_0042,CAD,30.80,0.96,29.84,1,2026-01-20,SETTLED
SETTLE_005114,ADYEN,MERCH_0002,USD,62.49,1.43,61.06,1,2026-03-28,SETTLED
SETTLE_005115,STRIPE,MERCH_0004,USD,49.80,0.65,49.15,1,2026-02-07,SETTLED
SETTLE_005116,STRIPE,MERCH_0044,USD,49.80,1.74,48.06,1,2026-03-25,SETTLED
SETTLE_005117,ADYEN,MERCH_0023,USD,56.25,1.30,54.95,2,2026-01-24,SETTLED
SETTLE_005118,STRIPE,MERCH_0081,EUR,269.80,1.55,268.25,1,2026-03-20,SETTLED
SETTLE_005119,CHECKOUT_COM,MERCH_0030,CAD,276.75,6.86,269.89,1,2026-03-30,SETTLED
SETTLE_005120,STRIPE,MERCH_0046,CAD,22.95,0.97,21.98,1,2026-01-16,SETTLED
SETTLE_005121,STRIPE,MERCH_0088,USD,473.75,4.04,469.71,1,2026-03-19,SETTLED
SETTLE_005122,STRIPE,MERCH_0050,USD,142.99,2.39,140.60,1,2026-02-12,SETTLED
SETTLE_005123,STRIPE,MERCH_0012,GBP,27.95,0.73,27.22,1,2026-01-24,SETTLED
SETTLE_005124,CHECKOUT_COM,MERCH_0035,CAD,27.75,0.89,26.86,1,2026-03-31,SETTLED
SETTLE_005125,PAYPAL,MERCH_0014,INR,799.00,11.59,787.41,1,2026-03-30,SETTLED
SETTLE_005126,CHECKOUT_COM,MERCH_0034,GBP,82.49,1.63,80.86,1,2026-01-30,SETTLED
SETTLE_005127,STRIPE,MERCH_0061,CAD,640.25,18.87,621.38,1,2026-02-23,SETTLED
SETTLE_005128,PAYPAL,MERCH_0097,GBP,301.95,9.06,292.89,1,2026-02-20,SETTLED
SETTLE_005129,PAYPAL,MERCH_0073,GBP,339.75,8.15,331.60,1,2026-01-19,SETTLED
SETTLE_005130,CHECKOUT_COM,MERCH_0001,GBP,79.95,1.59,78.36,1,2026-03-06,SETTLED
SETTLE_005131,CHECKOUT_COM,MERCH_0008,EUR,1919.49,32.81,1886.68,1,2026-03-22,SETTLED
SETTLE_005132,STRIPE,MERCH_0072,USD,536.49,4.54,531.95,1,2026-01-03,SETTLED
SETTLE_005133,PAYPAL,MERCH_0010,EUR,305.49,10.17,295.32,2,2026-03-12,SETTLED
SETTLE_005134,PAYPAL,MERCH_0059,GBP,47.95,1.69,46.26,1,2026-02-20,SETTLED
SETTLE_005135,STRIPE,MERCH_0052,USD,420.49,3.61,416.88,1,2026-01-15,SETTLED
SETTLE_005136,ADYEN,MERCH_0093,EUR,58.50,0.93,57.57,1,2026-02-10,SETTLED
SETTLE_005137,CHECKOUT_COM,MERCH_0001,CAD,386.80,9.50,377.30,1,2026-02-23,SETTLED
SETTLE_005138,STRIPE,MERCH_0057,GBP,69.99,1.53,68.46,1,2026-01-17,SETTLED
SETTLE_005139,ADYEN,MERCH_0073,USD,585.49,12.42,573.07,1,2026-02-05,SETTLED
SETTLE_005140,STRIPE,MERCH_0087,GBP,563.75,8.71,555.04,1,2026-03-13,SETTLED
SETTLE_005141,CHECKOUT_COM,MERCH_0089,USD,3028.99,69.87,2959.12,1,2026-03-19,SETTLED
SETTLE_005142,STRIPE,MERCH_0089,USD,121.95,1.23,120.72,1,2026-03-08,SETTLED
SETTLE_005143,PAYPAL,MERCH_0030,EUR,154.49,5.33,149.16,1,2026-02-15,SETTLED
SETTLE_005144,ADYEN,MERCH_0042,EUR,555.99,7.89,548.10,1,2026-04-01,SETTLED
SETTLE_005146,ADYEN,MERCH_0035,EUR,2641.00,9.39,2631.61,1,2026-02-09,SETTLED
SETTLE_005147,ADYEN,MERCH_0027,EUR,34.80,0.60,34.20,1,2026-01-05,SETTLED
SETTLE_005148,PAYPAL,MERCH_0087,GBP,352.50,10.52,341.98,1,2026-02-22,SETTLED
SETTLE_005149,PAYPAL,MERCH_0070,INR,1499.00,19.99,1479.01,1,2026-03-15,SETTLED
SETTLE_005150,STRIPE,MERCH_0065,INR,499.00,12.98,486.02,2,2026-03-02,SETTLED
SETTLE_005151,STRIPE,MERCH_0036,EUR,346.80,6.84,339.96,1,2026-01-14,SETTLED
SETTLE_005152,ADYEN,MERCH_0096,USD,18.25,0.50,17.75,1,2026-01-29,SETTLED
SETTLE_005153,PAYPAL,MERCH_0028,INR,1499.00,19.99,1479.01,1,2026-02-12,SETTLED
SETTLE_005154,PAYPAL,MERCH_0029,USD,56.00,2.44,53.56,1,2026-02-14,SETTLED
SETTLE_005155,ADYEN,MERCH_0055,EUR,629.00,8.92,620.08,1,2026-01-04,SETTLED
SETTLE_005156,PAYPAL,MERCH_0093,USD,134.49,5.18,129.31,1,2026-03-08,SETTLED
SETTLE_005157,CHECKOUT_COM,MERCH_0036,EUR,71.99,1.40,70.59,1,2026-01-08,SETTLED
SETTLE_005158,PAYPAL,MERCH_0057,EUR,2789.99,89.67,2700.32,1,2026-01-29,SETTLED
SETTLE_005159,CHECKOUT_COM,MERCH_0092,CAD,411.99,10.11,401.88,1,2026-01-06,SETTLED
SETTLE_005160,STRIPE,MERCH_0064,EUR,408.50,8.01,400.49,1,2026-01-18,SETTLED
SETTLE_005161,PAYPAL,MERCH_0061,USD,566.25,20.25,546.00,1,2026-03-07,SETTLED
SETTLE_005162,CHECKOUT_COM,MERCH_0084,USD,32.49,0.95,31.54,1,2026-01-27,SETTLED
SETTLE_005163,STRIPE,MERCH_0033,USD,19.75,0.41,19.34,1,2026-03-28,SETTLED
SETTLE_005164,STRIPE,MERCH_0083,EUR,45.99,1.12,44.87,1,2026-02-26,SETTLED
SETTLE_005165,ADYEN,MERCH_0089,USD,69.00,1.57,67.43,1,2026-01-18,SETTLED
SETTLE_005167,ADYEN,MERCH_0056,GBP,387.25,5.91,381.34,1,2026-01-21,SETTLED
SETTLE_005168,ADYEN,MERCH_0072,EUR,2551.00,35.82,2515.18,1,2026-02-25,SETTLED
SETTLE_005169,ADYEN,MERCH_0023,USD,527.50,11.20,516.30,1,2026-01-08,SETTLED
SETTLE_005170,STRIPE,MERCH_0042,EUR,326.49,1.83,324.66,1,2026-01-08,SETTLED
SETTLE_005171,ADYEN,MERCH_0003,EUR,244.00,1.00,243.00,1,2026-03-09,SETTLED
SETTLE_005172,CHECKOUT_COM,MERCH_0060,USD,384.99,9.05,375.94,1,2026-02-16,SETTLED
SETTLE_005173,STRIPE,MERCH_0018,EUR,360.99,2.00,358.99,1,2026-02-17,SETTLED
SETTLE_005174,STRIPE,MERCH_0075,USD,746.75,6.22,740.53,1,2026-03-10,SETTLED
SETTLE_005175,ADYEN,MERCH_0020,EUR,47.99,0.78,47.21,1,2026-03-23,SETTLED
SETTLE_005176,STRIPE,MERCH_0031,CAD,55.50,1.91,53.59,1,2026-03-14,SETTLED
SETTLE_005177,STRIPE,MERCH_0095,CAD,27.00,1.08,25.92,1,2026-03-06,SETTLED
SETTLE_005179,STRIPE,MERCH_0066,EUR,460.75,9.00,451.75,1,2026-03-15,SETTLED
SETTLE_005180,PAYPAL,MERCH_0010,USD,2900.00,101.70,2798.30,1,2026-02-21,SETTLED
SETTLE_005181,PAYPAL,MERCH_0029,EUR,45.49,1.85,43.64,1,2026-01-06,SETTLED
SETTLE_005182,CHECKOUT_COM,MERCH_0021,CAD,497.50,12.16,485.34,1,2026-03-26,SETTLED
SETTLE_005183,ADYEN,MERCH_0035,USD,46.25,0.66,45.59,1,2026-01-22,SETTLED
SETTLE_005184,CHECKOUT_COM,MERCH_0063,CAD,650.00,15.82,634.18,1,2026-02-13,SETTLED
SETTLE_005185,PAYPAL,MERCH_0035,GBP,2820.99,82.11,2738.88,1,2026-01-21,SETTLED
SETTLE_005186,PAYPAL,MERCH_0004,INR,299.00,5.59,293.41,1,2026-01-20,SETTLED
SETTLE_005187,PAYPAL,MERCH_0019,GBP,646.95,19.06,627.89,1,2026-04-02,SETTLED
SETTLE_005188,PAYPAL,MERCH_0052,INR,1999.00,25.99,1973.01,1,2026-03-06,SETTLED
SETTLE_005189,STRIPE,MERCH_0087,EUR,46.95,1.14,45.81,1,2026-03-13,SETTLED
SETTLE_005191,CHECKOUT_COM,MERCH_0088,CAD,75.49,2.03,73.46,1,2026-01-07,SETTLED
SETTLE_005192,PAYPAL,MERCH_0091,INR,2499.00,31.99,2467.01,1,2026-02-01,SETTLED
SETTLE_005193,STRIPE,MERCH_0062,EUR,16.49,0.56,15.93,1,2026-02-08,SETTLED
SETTLE_005194,ADYEN,MERCH_0002,EUR,1362.99,19.19,1343.80,1,2026-04-01,SETTLED
SETTLE_005195,STRIPE,MERCH_0037,USD,375.95,11.20,364.75,1,2026-02-13,SETTLED
SETTLE_005196,ADYEN,MERCH_0014,USD,532.80,6.49,526.31,1,2026-01-29,SETTLED
SETTLE_005197,STRIPE,MERCH_0077,USD,1609.80,24.40,1585.40,1,2026-03-05,SETTLED
SETTLE_005198,CHECKOUT_COM,MERCH_0079,USD,337.95,7.97,329.98,1,2026-02-16,SETTLED
SETTLE_005199,STRIPE,MERCH_0042,USD,285.49,8.58,276.91,2,2026-02-04,SETTLED
SETTLE_005200,STRIPE,MERCH_0099,CAD,513.80,2.77,511.03,1,2026-03-13,SETTLED
SETTLE_005201,STRIPE,MERCH_0096,EUR,3430.25,17.35,3412.90,1,2026-01-04,SETTLED
SETTLE_005202,STRIPE,MERCH_0049,GBP,939.75,18.06,921.69,1,2026-03-30,SETTLED
SETTLE_005203,ADYEN,MERCH_0066,GBP,2173.50,32.70,2140.80,1,2026-01-29,SETTLED
SETTLE_005204,CHECKOUT_COM,MERCH_0067,CAD,489.50,11.97,477.53,1,2026-02-09,SETTLED
SETTLE_005205,CHECKOUT_COM,MERCH_0037,USD,24.95,0.77,24.18,1,2026-02-13,SETTLED
SETTLE_005206,STRIPE,MERCH_0046,CAD,619.49,18.27,601.22,1,2026-03-18,SETTLED
SETTLE_005207,STRIPE,MERCH_0054,CAD,461.95,13.70,448.25,1,2026-01-28,SETTLED
SETTLE_005208,STRIPE,MERCH_0082,CAD,2586.99,75.32,2511.67,1,2026-03-17,SETTLED
SETTLE_005209,CHECKOUT_COM,MERCH_0015,USD,547.50,12.79,534.71,1,2026-03-24,SETTLED
SETTLE_005210,STRIPE,MERCH_0057,INR,2499.00,52.98,2446.02,1,2026-01-14,SETTLED
SETTLE_005211,STRIPE,MERCH_0046,GBP,543.75,10.53,533.22,1,2026-03-20,SETTLED
SETTLE_005212,CHECKOUT_COM,MERCH_0033,GBP,65.25,1.32,63.93,1,2026-04-01,SETTLED
SETTLE_005213,STRIPE,MERCH_0073,INR,4999.00,102.98,4896.02,1,2026-02-10,SETTLED
SETTLE_005214,STRIPE,MERCH_0005,EUR,578.49,3.09,575.40,1,2026-01-29,SETTLED
SETTLE_005216,STRIPE,MERCH_0075,GBP,3408.80,64.97,3343.83,1,2026-03-15,SETTLED
SETTLE_005217,PAYPAL,MERCH_0092,INR,299.00,5.59,293.41,1,2026-02-18,SETTLED
SETTLE_005218,STRIPE,MERCH_0090,USD,39.00,0.56,38.44,1,2026-02-21,SETTLED
SETTLE_005219,ADYEN,MERCH_0025,USD,468.50,5.72,462.78,1,2026-03-02,SETTLED
SETTLE_005220,STRIPE,MERCH_0042,CAD,57.50,1.97,55.53,1,2026-03-10,SETTLED
SETTLE_005221,STRIPE,MERCH_0065,USD,349.99,10.45,339.54,1,2026-03-25,SETTLED
SETTLE_005222,STRIPE,MERCH_0069,EUR,43.75,0.42,43.33,1,2026-03-14,SETTLED
SETTLE_005223,CHECKOUT_COM,MERCH_0087,CAD,432.00,10.59,421.41,1,2026-03-07,SETTLED
SETTLE_005224,ADYEN,MERCH_0069,USD,493.00,10.47,482.53,1,2026-03-27,SETTLED
SETTLE_005225,PAYPAL,MERCH_0068,GBP,28.80,1.14,27.66,1,2026-01-25,SETTLED
SETTLE_005226,CHECKOUT_COM,MERCH_0041,GBP,15.00,0.42,14.58,1,2026-03-09,SETTLED
SETTLE_005227,STRIPE,MERCH_0030,USD,276.75,2.46,274.29,1,2026-03-05,SETTLED
SETTLE_005228,PAYPAL,MERCH_0040,INR,1499.00,23.99,1475.01,1,2026-03-03,SETTLED
SETTLE_005229,PAYPAL,MERCH_0047,GBP,15.75,0.76,14.99,1,2026-02-13,SETTLED
SETTLE_005230,PAYPAL,MERCH_0039,USD,64.49,2.74,61.75,1,2026-03-09,SETTLED
SETTLE_005231,STRIPE,MERCH_0085,INR,9999.00,0.00,9999.00,1,2026-01-07,SETTLED
SETTLE_005232,STRIPE,MERCH_0013,EUR,267.49,5.33,262.16,1,2026-03-24,SETTLED
SETTLE_005233,STRIPE,MERCH_0008,EUR,35.75,0.38,35.37,1,2026-01-04,SETTLED
SETTLE_005234,CHECKOUT_COM,MERCH_0092,CAD,38.49,1.14,37.35,1,2026-02-01,SETTLED
SETTLE_005236,STRIPE,MERCH_0029,USD,595.99,17.58,578.41,1,2026-01-11,SETTLED
SETTLE_005237,ADYEN,MERCH_0038,USD,392.49,4.81,387.68,1,2026-03-05,SETTLED
SETTLE_005238,ADYEN,MERCH_0069,GBP,28.75,0.53,28.22,1,2026-02-18,SETTLED
SETTLE_005239,STRIPE,MERCH_0036,EUR,134.25,2.80,131.45,1,2026-03-14,SETTLED
SETTLE_005240,STRIPE,MERCH_0087,EUR,437.00,2.39,434.61,1,2026-02-21,SETTLED
SETTLE_005241,PAYPAL,MERCH_0079,GBP,276.50,8.32,268.18,1,2026-01-20,SETTLED
SETTLE_005242,STRIPE,MERCH_0017,EUR,403.00,2.22,400.78,1,2026-03-05,SETTLED
SETTLE_005243,STRIPE,MERCH_0057,EUR,399.80,2.20,397.60,1,2026-03-30,SETTLED
SETTLE_005245,STRIPE,MERCH_0099,USD,97.80,1.72,96.08,1,2026-02-15,SETTLED
SETTLE_005246,STRIPE,MERCH_0071,EUR,899.50,17.34,882.16,1,2026-03-23,SETTLED
SETTLE_005247,STRIPE,MERCH_0037,USD,175.50,5.39,170.11,1,2026-01-28,SETTLED
SETTLE_005248,ADYEN,MERCH_0088,USD,214.25,2.67,211.58,1,2026-01-12,SETTLED
SETTLE_005249,STRIPE,MERCH_0015,USD,38.95,1.43,37.52,1,2026-02-10,SETTLED
SETTLE_005251,ADYEN,MERCH_0075,EUR,46.49,0.31,46.18,1,2026-01-18,SETTLED
SETTLE_005252,PAYPAL,MERCH_0027,GBP,558.00,16.48,541.52,1,2026-03-02,SETTLED
SETTLE_005253,STRIPE,MERCH_0092,USD,125.99,2.14,123.85,2,2026-03-31,SETTLED
SETTLE_005254,STRIPE,MERCH_0002,INR,1999.00,0.00,1999.00,1,2026-01-27,SETTLED
SETTLE_005255,CHECKOUT_COM,MERCH_0011,EUR,434.95,7.57,427.38,1,2026-03-22,SETTLED
SETTLE_005256,ADYEN,MERCH_0076,USD,26.99,0.42,26.57,1,2026-01-29,SETTLED
SETTLE_005257,ADYEN,MERCH_0058,USD,1189.95,25.11,1164.84,1,2026-03-26,SETTLED
SETTLE_005258,PAYPAL,MERCH_0082,INR,1499.00,19.99,1479.01,1,2026-02-03,SETTLED
SETTLE_005259,PAYPAL,MERCH_0036,GBP,53.99,1.87,52.12,1,2026-03-23,SETTLED
SETTLE_005260,CHECKOUT_COM,MERCH_0056,GBP,146.50,2.79,143.71,1,2026-02-24,SETTLED
SETTLE_005261,STRIPE,MERCH_0014,EUR,96.95,2.09,94.86,1,2026-01-12,SETTLED
SETTLE_005262,STRIPE,MERCH_0029,INR,299.00,8.98,290.02,1,2026-03-27,SETTLED
SETTLE_005264,ADYEN,MERCH_0092,USD,64.49,1.47,63.02,1,2026-02-26,SETTLED
SETTLE_005265,PAYPAL,MERCH_0065,INR,799.00,11.59,787.41,1,2026-03-13,SETTLED
SETTLE_005266,ADYEN,MERCH_0090,EUR,514.49,1.95,512.54,1,2026-03-07,SETTLED
SETTLE_005267,ADYEN,MERCH_0052,EUR,73.25,0.41,72.84,1,2026-01-03,SETTLED
SETTLE_005268,ADYEN,MERCH_0008,GBP,311.80,4.78,307.02,1,2026-02-26,SETTLED
SETTLE_005269,STRIPE,MERCH_0030,CAD,257.25,7.76,249.49,1,2026-01-29,SETTLED
SETTLE_005270,CHECKOUT_COM,MERCH_0092,EUR,377.95,6.61,371.34,1,2026-01-22,SETTLED
SETTLE_005271,CHECKOUT_COM,MERCH_0015,GBP,127.25,2.44,124.81,1,2026-02-16,SETTLED
SETTLE_005272,STRIPE,MERCH_0043,EUR,452.25,8.84,443.41,2,2026-03-24,SETTLED
SETTLE_005273,ADYEN,MERCH_0014,USD,78.25,1.76,76.49,2,2026-03-25,SETTLED
SETTLE_005274,ADYEN,MERCH_0055,EUR,370.75,1.45,369.30,1,2026-01-22,SETTLED
SETTLE_005275,PAYPAL,MERCH_0019,EUR,43.50,1.78,41.72,1,2026-01-11,SETTLED
SETTLE_005276,ADYEN,MERCH_0030,EUR,1301.00,4.70,1296.30,1,2026-01-07,SETTLED
SETTLE_005277,STRIPE,MERCH_0048,USD,523.95,4.44,519.51,1,2026-02-11,SETTLED
SETTLE_005278,STRIPE,MERCH_0033,GBP,31.50,0.80,30.70,1,2026-03-30,SETTLED
SETTLE_005279,STRIPE,MERCH_0094,INR,9999.00,0.00,9999.00,1,2026-01-19,SETTLED
SETTLE_005280,CHECKOUT_COM,MERCH_0055,CAD,58.49,1.62,56.87,1,2026-01-31,SETTLED
SETTLE_005281,STRIPE,MERCH_0067,USD,199.75,7.59,192.16,1,2026-02-19,SETTLED
SETTLE_005282,PAYPAL,MERCH_0025,INR,4999.00,61.99,4937.01,1,2026-03-06,SETTLED
SETTLE_005283,ADYEN,MERCH_0070,EUR,645.25,2.41,642.84,1,2026-01-07,SETTLED
SETTLE_005284,STRIPE,MERCH_0009,CAD,3060.00,89.04,2970.96,1,2026-03-25,SETTLED
SETTLE_005285,ADYEN,MERCH_0034,USD,64.95,1.48,63.47,1,2026-03-21,SETTLED
SETTLE_005286,ADYEN,MERCH_0051,USD,68.99,1.57,67.42,1,2026-02-03,SETTLED
SETTLE_005287,STRIPE,MERCH_0003,USD,570.99,16.86,554.13,1,2026-02-25,SETTLED
SETTLE_005288,CHECKOUT_COM,MERCH_0092,CAD,135.95,3.48,132.47,1,2026-02-06,SETTLED
SETTLE_005289,PAYPAL,MERCH_0028,EUR,316.50,10.52,305.98,1,2026-03-01,SETTLED
SETTLE_005290,CHECKOUT_COM,MERCH_0070,USD,308.75,7.30,301.45,1,2026-02-04,SETTLED
SETTLE_005291,ADYEN,MERCH_0099,EUR,255.80,3.69,252.11,1,2026-03-11,SETTLED
SETTLE_005292,ADYEN,MERCH_0056,EUR,25.49,0.47,25.02,1,2026-01-06,SETTLED
SETTLE_005293,STRIPE,MERCH_0012,CAD,2944.75,85.70,2859.05,1,2026-01-25,SETTLED
SETTLE_005294,STRIPE,MERCH_0074,USD,418.00,6.52,411.48,1,2026-02-14,SETTLED
SETTLE_005295,PAYPAL,MERCH_0016,EUR,56.50,2.20,54.30,1,2026-01-17,SETTLED
SETTLE_005296,STRIPE,MERCH_0031,GBP,56.50,0.70,55.80,1,2026-02-14,SETTLED
SETTLE_005297,STRIPE,MERCH_0001,GBP,604.80,11.69,593.11,1,2026-02-20,SETTLED
SETTLE_005299,PAYPAL,MERCH_0062,INR,299.00,5.59,293.41,1,2026-01-03,SETTLED
SETTLE_005300,PAYPAL,MERCH_0030,USD,78.75,3.24,75.51,1,2026-03-21,SETTLED
SETTLE_005301,STRIPE,MERCH_0083,INR,299.00,8.98,290.02,1,2026-01-22,SETTLED
SETTLE_005302,STRIPE,MERCH_0088,USD,44.50,0.61,43.89,1,2026-01-23,SETTLED
SETTLE_005303,CHECKOUT_COM,MERCH_0057,GBP,124.49,2.39,122.10,1,2026-01-06,SETTLED
SETTLE_005304,CHECKOUT_COM,MERCH_0006,CAD,90.99,2.40,88.59,1,2026-01-16,SETTLED
SETTLE_005305,ADYEN,MERCH_0081,GBP,155.75,2.44,153.31,1,2026-03-07,SETTLED
SETTLE_005306,CHECKOUT_COM,MERCH_0071,USD,48.75,1.32,47.43,1,2026-02-22,SETTLED
SETTLE_005307,STRIPE,MERCH_0017,USD,16.80,0.79,16.01,1,2026-01-07,SETTLED
SETTLE_005308,CHECKOUT_COM,MERCH_0065,CAD,72.50,1.96,70.54,1,2026-01-03,SETTLED
SETTLE_005309,ADYEN,MERCH_0021,EUR,257.80,3.72,254.08,1,2026-01-26,SETTLED
SETTLE_005310,CHECKOUT_COM,MERCH_0045,USD,574.95,13.42,561.53,1,2026-03-09,SETTLED
SETTLE_005311,CHECKOUT_COM,MERCH_0069,USD,306.99,7.26,299.73,1,2026-03-18,SETTLED
SETTLE_005312,ADYEN,MERCH_0099,GBP,1683.00,25.34,1657.66,1,2026-02-15,SETTLED
SETTLE_005313,ADYEN,MERCH_0078,USD,619.95,7.54,612.41,1,2026-03-16,SETTLED
SETTLE_005314,ADYEN,MERCH_0083,EUR,2334.75,32.80,2301.95,1,2026-04-01,SETTLED
SETTLE_005315,CHECKOUT_COM,MERCH_0065,USD,54.00,1.44,52.56,1,2026-01-27,SETTLED
SETTLE_005316,PAYPAL,MERCH_0066,USD,27.99,1.47,26.52,1,2026-01-27,SETTLED
SETTLE_005317,STRIPE,MERCH_0065,EUR,76.00,6.69,69.31,1,2026-01-21,SETTLED
SETTLE_005318,STRIPE,MERCH_0071,USD,78.25,0.88,77.37,1,2026-03-25,SETTLED
SETTLE_005319,PAYPAL,MERCH_0058,INR,299.00,5.59,293.41,1,2026-03-18,SETTLED
SETTLE_005320,STRIPE,MERCH_0023,CAD,58.00,1.98,56.02,1,2026-02-12,SETTLED
SETTLE_005321,CHECKOUT_COM,MERCH_0044,EUR,552.25,9.57,542.68,1,2026-02-03,SETTLED
SETTLE_005322,PAYPAL,MERCH_0013,INR,1499.00,19.99,1479.01,1,2026-03-05,SETTLED
SETTLE_005323,ADYEN,MERCH_0062,USD,184.95,4.00,180.95,1,2026-02-20,SETTLED
SETTLE_005324,CHECKOUT_COM,MERCH_0095,GBP,305.00,5.64,299.36,1,2026-01-16,SETTLED
SETTLE_005325,PAYPAL,MERCH_0022,EUR,46.00,1.86,44.14,1,2026-01-24,SETTLED
SETTLE_005326,ADYEN,MERCH_0025,USD,32.49,0.49,32.00,1,2026-04-01,SETTLED
SETTLE_005327,STRIPE,MERCH_0065,EUR,533.95,10.40,523.55,1,2026-01-09,SETTLED
SETTLE_005328,STRIPE,MERCH_0015,CAD,492.00,14.57,477.43,1,2026-03-03,SETTLED
SETTLE_005329,CHECKOUT_COM,MERCH_0100,CAD,317.49,7.84,309.65,2,2026-01-11,SETTLED
SETTLE_005330,CHECKOUT_COM,MERCH_0056,CAD,74.75,5.76,68.99,1,2026-03-08,SETTLED
SETTLE_005331,ADYEN,MERCH_0099,GBP,15.95,0.29,15.66,1,2026-03-20,SETTLED
SETTLE_005332,ADYEN,MERCH_0050,USD,313.25,3.86,309.39,1,2026-03-08,SETTLED
SETTLE_005333,PAYPAL,MERCH_0010,GBP,214.75,6.53,208.22,1,2026-02-04,SETTLED
SETTLE_005334,STRIPE,MERCH_0063,GBP,134.25,2.75,131.50,2,2026-01-20,SETTLED
SETTLE_005335,CHECKOUT_COM,MERCH_0099,CAD,74.95,2.02,72.93,1,2026-01-04,SETTLED
SETTLE_005336,PAYPAL,MERCH_0012,INR,1499.00,19.99,1479.01,1,2026-02-17,SETTLED
SETTLE_005337,ADYEN,MERCH_0011,USD,603.50,7.34,596.16,1,2026-01-03,SETTLED
SETTLE_005338,STRIPE,MERCH_0097,USD,2095.50,17.01,2078.49,1,2026-01-17,SETTLED
SETTLE_005339,ADYEN,MERCH_0020,GBP,68.99,1.13,67.86,1,2026-02-12,SETTLED
SETTLE_005340,STRIPE,MERCH_0057,USD,464.49,7.22,457.27,1,2026-02-14,SETTLED
SETTLE_005341,CHECKOUT_COM,MERCH_0068,USD,550.95,12.87,538.08,1,2026-02-04,SETTLED
SETTLE_005342,STRIPE,MERCH_0080,USD,640.80,13.38,627.42,1,2026-03-10,SETTLED
SETTLE_005343,STRIPE,MERCH_0047,EUR,41.25,1.03,40.22,1,2026-02-28,SETTLED
SETTLE_005344,ADYEN,MERCH_0062,EUR,90.50,0.47,90.03,1,2026-02-04,SETTLED
SETTLE_005345,ADYEN,MERCH_0074,GBP,2764.99,41.57,2723.42,1,2026-01-06,SETTLED
SETTLE_005347,CHECKOUT_COM,MERCH_0007,USD,105.95,2.64,103.31,1,2026-03-20,SETTLED
SETTLE_005348,STRIPE,MERCH_0015,USD,2263.49,65.94,2197.55,1,2026-02-17,SETTLED
SETTLE_005349,ADYEN,MERCH_0021,EUR,2239.50,7.99,2231.51,1,2026-02-10,SETTLED
SETTLE_005350,CHECKOUT_COM,MERCH_0014,CAD,112.80,2.93,109.87,1,2026-03-12,SETTLED
SETTLE_005351,STRIPE,MERCH_0071,EUR,637.25,12.36,624.89,1,2026-01-21,SETTLED
SETTLE_005352,CHECKOUT_COM,MERCH_0095,CAD,336.50,6.30,330.20,1,2026-04-02,SETTLED
SETTLE_005353,PAYPAL,MERCH_0039,USD,591.49,19.32,572.17,1,2026-03-09,SETTLED
SETTLE_005354,STRIPE,MERCH_0020,EUR,311.50,1.76,309.74,1,2026-03-17,SETTLED
SETTLE_005355,CHECKOUT_COM,MERCH_0012,CAD,55.80,1.56,54.24,1,2026-03-28,SETTLED
SETTLE_005356,STRIPE,MERCH_0063,CAD,29.50,1.16,28.34,1,2026-02-05,SETTLED
SETTLE_005357,PAYPAL,MERCH_0005,USD,201.95,6.16,195.79,1,2026-03-13,SETTLED
SETTLE_005358,PAYPAL,MERCH_0071,USD,445.25,16.03,429.22,1,2026-02-21,SETTLED
SETTLE_005359,ADYEN,MERCH_0036,USD,444.99,9.46,435.53,1,2026-03-16,SETTLED
SETTLE_005360,ADYEN,MERCH_0059,EUR,33.99,0.27,33.72,1,2026-01-18,SETTLED
SETTLE_005361,PAYPAL,MERCH_0021,USD,1839.99,64.71,1775.28,1,2026-02-08,SETTLED
SETTLE_005362,STRIPE,MERCH_0008,EUR,604.99,3.22,601.77,1,2026-01-11,SETTLED
SETTLE_005363,STRIPE,MERCH_0077,USD,90.99,2.94,88.05,1,2026-03-31,SETTLED
SETTLE_005364,PAYPAL,MERCH_0064,USD,214.25,7.97,206.28,1,2026-02-25,SETTLED
SETTLE_005365,STRIPE,MERCH_0017,USD,46.00,0.62,45.38,1,2026-02-09,SETTLED
SETTLE_005366,ADYEN,MERCH_0078,USD,416.00,5.09,410.91,1,2026-01-04,SETTLED
SETTLE_005367,STRIPE,MERCH_0002,USD,2370.75,35.81,2334.94,1,2026-03-17,SETTLED
SETTLE_005368,ADYEN,MERCH_0010,EUR,27.00,0.49,26.51,1,2026-03-07,SETTLED
SETTLE_005369,STRIPE,MERCH_0057,EUR,349.80,6.90,342.90,1,2026-02-25,SETTLED
SETTLE_005370,ADYEN,MERCH_0061,EUR,30.75,0.54,30.21,1,2026-02-14,SETTLED
SETTLE_005371,STRIPE,MERCH_0054,INR,4999.00,102.98,4896.02,1,2026-01-23,SETTLED
SETTLE_005372,STRIPE,MERCH_0076,EUR,221.25,4.45,216.80,1,2026-01-26,SETTLED
SETTLE_005373,CHECKOUT_COM,MERCH_0013,GBP,279.80,5.19,274.61,1,2026-03-08,SETTLED
SETTLE_005374,PAYPAL,MERCH_0071,GBP,47.49,1.68,45.81,1,2026-03-23,SETTLED
SETTLE_005375,ADYEN,MERCH_0022,USD,68.25,1.55,66.70,1,2026-02-10,SETTLED
SETTLE_005376,PAYPAL,MERCH_0054,GBP,110.95,3.52,107.43,2,2026-02-28,SETTLED
SETTLE_005377,PAYPAL,MERCH_0023,EUR,136.50,4.76,131.74,1,2026-02-01,SETTLED
SETTLE_005378,PAYPAL,MERCH_0096,GBP,533.49,15.77,517.72,1,2026-02-01,SETTLED
SETTLE_005379,CHECKOUT_COM,MERCH_0055,CAD,17.49,0.64,16.85,1,2026-02-11,SETTLED
SETTLE_005380,STRIPE,MERCH_0055,USD,190.49,1.77,188.72,1,2026-01-06,SETTLED
SETTLE_005381,STRIPE,MERCH_0068,USD,251.49,4.02,247.47,1,2026-03-07,SETTLED
SETTLE_005382,STRIPE,MERCH_0017,USD,360.00,3.13,356.87,1,2026-01-08,SETTLED
SETTLE_005383,PAYPAL,MERCH_0007,USD,74.49,3.09,71.40,1,2026-02-28,SETTLED
SETTLE_005384,STRIPE,MERCH_0081,USD,53.99,0.68,53.31,1,2026-01-10,SETTLED
SETTLE_005385,CHECKOUT_COM,MERCH_0010,CAD,420.80,10.32,410.48,1,2026-01-18,SETTLED
SETTLE_005386,PAYPAL,MERCH_0025,USD,16.80,1.08,15.72,1,2026-01-07,SETTLED
SETTLE_005387,STRIPE,MERCH_0031,EUR,62.49,1.44,61.05,1,2026-03-31,SETTLED
SETTLE_005388,ADYEN,MERCH_0064,GBP,59.49,0.99,58.50,1,2026-03-16,SETTLED
SETTLE_005389,STRIPE,MERCH_0044,GBP,44.80,1.05,43.75,1,2026-01-08,SETTLED
SETTLE_005390,STRIPE,MERCH_0046,INR,15000.00,303.00,14697.00,1,2026-03-17,SETTLED
SETTLE_005391,ADYEN,MERCH_0062,EUR,63.25,1.00,62.25,1,2026-01-21,SETTLED
SETTLE_005392,STRIPE,MERCH_0065,EUR,75.99,1.69,74.30,1,2026-01-09,SETTLED
SETTLE_005393,ADYEN,MERCH_0061,GBP,2542.50,38.24,2504.26,1,2026-03-30,SETTLED
SETTLE_005394,STRIPE,MERCH_0037,USD,41.75,0.88,40.87,1,2026-03-18,SETTLED
SETTLE_005395,CHECKOUT_COM,MERCH_0068,CAD,74.49,2.01,72.48,1,2026-03-26,SETTLED
SETTLE_005396,STRIPE,MERCH_0015,USD,406.00,12.07,393.93,2,2026-03-02,SETTLED
SETTLE_005397,CHECKOUT_COM,MERCH_0096,CAD,54.49,6.53,47.96,1,2026-01-31,SETTLED
SETTLE_005398,ADYEN,MERCH_0052,GBP,433.75,6.61,427.14,1,2026-01-19,SETTLED
SETTLE_005399,STRIPE,MERCH_0069,INR,499.00,0.00,499.00,1,2026-01-20,SETTLED
SETTLE_005400,CHECKOUT_COM,MERCH_0060,USD,67.49,1.75,65.74,1,2026-03-09,SETTLED
SETTLE_005401,STRIPE,MERCH_0011,EUR,585.75,11.38,574.37,1,2026-01-12,SETTLED
SETTLE_005402,PAYPAL,MERCH_0086,USD,328.50,11.95,316.55,1,2026-03-05,SETTLED
SETTLE_005403,ADYEN,MERCH_0019,USD,134.00,2.93,131.07,1,2026-02-25,SETTLED
SETTLE_005404,STRIPE,MERCH_0043,INR,2499.00,0.00,2499.00,1,2026-02-28,SETTLED
SETTLE_005405,ADYEN,MERCH_0024,EUR,2784.50,39.09,2745.41,1,2026-03-15,SETTLED
SETTLE_005406,STRIPE,MERCH_0082,USD,350.80,10.47,340.33,1,2026-01-27,SETTLED
SETTLE_005407,CHECKOUT_COM,MERCH_0053,USD,328.50,7.76,320.74,1,2026-02-19,SETTLED
SETTLE_005408,STRIPE,MERCH_0043,CAD,35.00,5.06,29.94,1,2026-03-21,SETTLED
SETTLE_005409,ADYEN,MERCH_0003,EUR,41.99,0.70,41.29,1,2026-02-22,SETTLED
SETTLE_005410,ADYEN,MERCH_0063,EUR,42.25,0.70,41.55,1,2026-03-26,SETTLED
SETTLE_005412,STRIPE,MERCH_0019,EUR,495.99,9.67,486.32,1,2026-01-16,SETTLED
SETTLE_005413,CHECKOUT_COM,MERCH_0074,EUR,187.99,3.38,184.61,1,2026-03-12,SETTLED
SETTLE_005414,STRIPE,MERCH_0048,USD,558.25,16.49,541.76,1,2026-03-21,SETTLED
SETTLE_005415,PAYPAL,MERCH_0083,USD,3349.50,117.39,3232.11,1,2026-01-27,SETTLED
SETTLE_005416,CHECKOUT_COM,MERCH_0002,EUR,44.75,0.94,43.81,1,2026-01-09,SETTLED
SETTLE_005417,STRIPE,MERCH_0089,EUR,2127.80,40.68,2087.12,1,2026-02-12,SETTLED
SETTLE_005418,ADYEN,MERCH_0060,GBP,617.49,9.36,608.13,1,2026-01-04,SETTLED
SETTLE_005419,STRIPE,MERCH_0070,CAD,571.49,16.87,554.62,1,2026-02-27,SETTLED
SETTLE_005420,PAYPAL,MERCH_0071,INR,1599.00,21.19,1577.81,1,2026-01-28,SETTLED
SETTLE_005422,CHECKOUT_COM,MERCH_0049,EUR,625.00,10.80,614.20,1,2026-02-01,SETTLED
SETTLE_005423,STRIPE,MERCH_0002,CAD,52.25,1.82,50.43,1,2026-03-14,SETTLED
SETTLE_005424,STRIPE,MERCH_0051,GBP,217.80,4.34,213.46,1,2026-02-28,SETTLED
SETTLE_005425,CHECKOUT_COM,MERCH_0040,EUR,43.25,0.92,42.33,1,2026-02-19,SETTLED
SETTLE_005426,ADYEN,MERCH_0055,EUR,30.75,0.54,30.21,1,2026-01-27,SETTLED
SETTLE_005427,STRIPE,MERCH_0099,EUR,1129.50,5.85,1123.65,1,2026-02-03,SETTLED
SETTLE_005428,ADYEN,MERCH_0053,GBP,2150.99,32.36,2118.63,1,2026-03-25,SETTLED
SETTLE_005429,CHECKOUT_COM,MERCH_0083,USD,543.95,12.71,531.24,1,2026-01-23,SETTLED
SETTLE_005430,STRIPE,MERCH_0010,USD,72.50,0.83,71.67,1,2026-03-23,SETTLED
SETTLE_005431,PAYPAL,MERCH_0061,INR,499.00,7.99,491.01,1,2026-01-14,SETTLED
SETTLE_005432,CHECKOUT_COM,MERCH_0076,CAD,524.50,12.81,511.69,1,2026-01-18,SETTLED
SETTLE_005433,ADYEN,MERCH_0011,EUR,563.00,7.99,555.01,1,2026-01-23,SETTLED
SETTLE_005434,CHECKOUT_COM,MERCH_0078,GBP,573.75,10.48,563.27,1,2026-02-19,SETTLED
SETTLE_005435,PAYPAL,MERCH_0043,USD,2148.99,75.49,2073.50,1,2026-01-13,SETTLED
SETTLE_005436,PAYPAL,MERCH_0061,INR,299.00,5.59,293.41,1,2026-02-15,SETTLED
SETTLE_005437,STRIPE,MERCH_0064,USD,3067.25,24.79,3042.46,1,2026-02-18,SETTLED
SETTLE_005438,PAYPAL,MERCH_0083,USD,37.25,1.79,35.46,1,2026-01-20,SETTLED
SETTLE_005439,STRIPE,MERCH_0048,INR,499.00,0.00,499.00,1,2026-03-13,SETTLED
SETTLE_005440,CHECKOUT_COM,MERCH_0069,GBP,46.50,0.99,45.51,1,2026-02-08,SETTLED
SETTLE_005441,STRIPE,MERCH_0089,CAD,3226.50,93.87,3132.63,1,2026-02-02,SETTLED
SETTLE_005442,PAYPAL,MERCH_0090,USD,53.00,2.34,50.66,1,2026-03-02,SETTLED
SETTLE_005443,ADYEN,MERCH_0036,USD,15.49,0.45,15.04,1,2026-03-23,SETTLED
SETTLE_005444,STRIPE,MERCH_0006,EUR,633.25,12.28,620.97,1,2026-02-12,SETTLED
SETTLE_005445,CHECKOUT_COM,MERCH_0098,EUR,2450.00,41.83,2408.17,1,2026-01-26,SETTLED
SETTLE_005446,ADYEN,MERCH_0018,EUR,58.75,0.36,58.39,2,2026-01-08,SETTLED
SETTLE_005447,ADYEN,MERCH_0097,EUR,143.50,2.12,141.38,1,2026-02-17,SETTLED
SETTLE_005448,PAYPAL,MERCH_0004,INR,1999.00,28.49,1970.51,1,2026-02-28,SETTLED
SETTLE_005449,ADYEN,MERCH_0063,EUR,78.75,1.21,77.54,1,2026-01-09,SETTLED
SETTLE_005450,PAYPAL,MERCH_0020,INR,499.00,7.99,491.01,1,2026-02-20,SETTLED
SETTLE_005451,STRIPE,MERCH_0064,EUR,47.25,0.44,46.81,1,2026-01-24,SETTLED
SETTLE_005452,ADYEN,MERCH_0094,EUR,3079.80,10.93,3068.87,1,2026-02-02,SETTLED
SETTLE_005453,ADYEN,MERCH_0018,GBP,1262.95,19.04,1243.91,1,2026-03-30,SETTLED
SETTLE_005454,PAYPAL,MERCH_0021,INR,799.00,11.59,787.41,1,2026-01-06,SETTLED
SETTLE_005455,ADYEN,MERCH_0013,EUR,49.75,0.81,48.94,2,2026-03-06,SETTLED
SETTLE_005456,STRIPE,MERCH_0094,USD,33.50,0.52,32.98,1,2026-03-16,SETTLED
SETTLE_005457,ADYEN,MERCH_0046,EUR,180.50,2.64,177.86,1,2026-02-19,SETTLED
SETTLE_005458,CHECKOUT_COM,MERCH_0099,GBP,261.00,4.85,256.15,1,2026-03-03,SETTLED
SETTLE_005459,ADYEN,MERCH_0011,USD,400.95,4.91,396.04,1,2026-02-05,SETTLED
SETTLE_005460,STRIPE,MERCH_0083,INR,799.00,18.98,780.02,1,2026-04-01,SETTLED
SETTLE_005461,STRIPE,MERCH_0033,CAD,461.80,13.69,448.11,1,2026-01-23,SETTLED
SETTLE_005462,STRIPE,MERCH_0030,USD,2245.49,18.21,2227.28,1,2026-01-21,SETTLED
SETTLE_005463,PAYPAL,MERCH_0045,EUR,441.25,14.51,426.74,1,2026-03-10,SETTLED
SETTLE_005464,PAYPAL,MERCH_0062,EUR,309.49,10.29,299.20,1,2026-02-06,SETTLED
SETTLE_005465,STRIPE,MERCH_0022,USD,54.49,1.88,52.61,1,2026-02-04,SETTLED
SETTLE_005466,STRIPE,MERCH_0034,INR,999.00,22.98,976.02,1,2026-01-09,SETTLED
SETTLE_005467,STRIPE,MERCH_0005,INR,799.00,18.98,780.02,1,2026-02-15,SETTLED
SETTLE_005468,CHECKOUT_COM,MERCH_0054,GBP,504.00,8.75,495.25,1,2026-01-02,SETTLED
SETTLE_005469,STRIPE,MERCH_0041,EUR,420.50,8.24,412.26,1,2026-02-25,SETTLED
SETTLE_005470,PAYPAL,MERCH_0080,GBP,275.75,10.11,265.64,1,2026-01-31,SETTLED
SETTLE_005471,PAYPAL,MERCH_0048,EUR,593.25,19.37,573.88,1,2026-01-14,SETTLED
SETTLE_005472,ADYEN,MERCH_0032,EUR,287.99,1.16,286.83,1,2026-03-25,SETTLED
SETTLE_005473,ADYEN,MERCH_0085,EUR,1105.95,4.02,1101.93,1,2026-02-07,SETTLED
SETTLE_005474,STRIPE,MERCH_0053,EUR,714.75,3.77,710.98,1,2026-03-02,SETTLED
SETTLE_005475,STRIPE,MERCH_0007,USD,284.95,8.56,276.39,1,2026-01-03,SETTLED
SETTLE_005476,PAYPAL,MERCH_0065,INR,9999.00,121.99,9877.01,1,2026-02-01,SETTLED
SETTLE_005477,STRIPE,MERCH_0016,CAD,35.75,1.34,34.41,1,2026-02-06,SETTLED
SETTLE_005478,ADYEN,MERCH_0065,GBP,168.49,2.63,165.86,1,2026-01-25,SETTLED
SETTLE_005479,PAYPAL,MERCH_0009,GBP,61.49,2.08,59.41,1,2026-03-25,SETTLED
SETTLE_005480,CHECKOUT_COM,MERCH_0066,EUR,34.00,0.76,33.24,1,2026-02-26,SETTLED
SETTLE_005481,STRIPE,MERCH_0055,USD,398.00,6.22,391.78,1,2026-01-12,SETTLED
SETTLE_005482,ADYEN,MERCH_0018,USD,25.75,0.41,25.34,1,2026-02-08,SETTLED
SETTLE_005483,STRIPE,MERCH_0062,EUR,31.75,0.36,31.39,1,2026-03-22,SETTLED
SETTLE_005484,CHECKOUT_COM,MERCH_0066,EUR,300.95,5.30,295.65,1,2026-01-10,SETTLED
SETTLE_005485,ADYEN,MERCH_0056,EUR,577.75,2.17,575.58,1,2026-02-17,SETTLED
SETTLE_005486,CHECKOUT_COM,MERCH_0048,CAD,202.75,5.09,197.66,1,2026-01-27,SETTLED
SETTLE_005487,ADYEN,MERCH_0001,USD,210.80,2.63,208.17,1,2026-02-26,SETTLED
SETTLE_005488,STRIPE,MERCH_0055,INR,15000.00,0.00,15000.00,1,2026-01-23,SETTLED
SETTLE_005489,STRIPE,MERCH_0054,USD,50.49,1.76,48.73,1,2026-01-09,SETTLED
SETTLE_005490,CHECKOUT_COM,MERCH_0050,USD,494.80,11.58,483.22,1,2026-03-16,SETTLED
SETTLE_005491,ADYEN,MERCH_0063,USD,54.50,1.26,53.24,1,2026-01-25,SETTLED
SETTLE_005492,STRIPE,MERCH_0073,EUR,348.25,6.87,341.38,1,2026-01-26,SETTLED
SETTLE_005493,ADYEN,MERCH_0086,USD,28.99,0.73,28.26,2,2026-02-17,SETTLED
SETTLE_005494,PAYPAL,MERCH_0063,GBP,548.99,16.22,532.77,1,2026-04-01,SETTLED
SETTLE_005495,PAYPAL,MERCH_0048,GBP,35.00,1.31,33.69,1,2026-03-09,SETTLED
SETTLE_005496,ADYEN,MERCH_0092,USD,560.95,6.83,554.12,1,2026-01-20,SETTLED
SETTLE_005497,STRIPE,MERCH_0072,USD,64.49,1.22,63.27,1,2026-01-06,SETTLED
SETTLE_005498,PAYPAL,MERCH_0031,INR,799.00,11.59,787.41,2,2026-01-14,SETTLED
SETTLE_005499,CHECKOUT_COM,MERCH_0021,EUR,2597.00,44.33,2552.67,1,2026-03-06,SETTLED
SETTLE_005500,STRIPE,MERCH_0006,USD,39.75,0.85,38.90,1,2026-01-16,SETTLED
SETTLE_005501,STRIPE,MERCH_0003,USD,2127.50,17.27,2110.23,1,2026-03-05,SETTLED
SETTLE_005502,PAYPAL,MERCH_0040,USD,16.99,1.08,15.91,1,2026-03-26,SETTLED
SETTLE_005503,PAYPAL,MERCH_0050,EUR,21.99,1.09,20.90,1,2026-01-09,SETTLED
SETTLE_005504,ADYEN,MERCH_0018,GBP,59.99,1.00,58.99,2,2026-03-07,SETTLED
SETTLE_005505,STRIPE,MERCH_0062,GBP,303.49,5.97,297.52,1,2026-01-28,SETTLED
SETTLE_005506,PAYPAL,MERCH_0008,USD,59.99,2.58,57.41,1,2026-01-02,SETTLED
SETTLE_005507,STRIPE,MERCH_0081,INR,4999.00,102.98,4896.02,1,2026-02-10,SETTLED
SETTLE_005508,STRIPE,MERCH_0083,CAD,65.25,2.19,63.06,1,2026-03-06,SETTLED
SETTLE_005509,CHECKOUT_COM,MERCH_0017,EUR,562.00,9.73,552.27,1,2026-03-04,SETTLED
SETTLE_005510,PAYPAL,MERCH_0012,EUR,540.80,17.70,523.10,1,2026-03-24,SETTLED
SETTLE_005511,ADYEN,MERCH_0003,USD,366.75,4.50,362.25,1,2026-02-04,SETTLED
SETTLE_005512,CHECKOUT_COM,MERCH_0006,GBP,236.80,4.41,232.39,1,2026-03-20,SETTLED
SETTLE_005513,ADYEN,MERCH_0043,USD,598.49,12.69,585.80,1,2026-03-29,SETTLED
SETTLE_005514,STRIPE,MERCH_0056,INR,999.00,22.98,976.02,1,2026-01-04,SETTLED
SETTLE_005515,STRIPE,MERCH_0054,EUR,1460.75,28.00,1432.75,1,2026-01-23,SETTLED
SETTLE_005516,PAYPAL,MERCH_0069,INR,999.00,13.99,985.01,1,2026-01-28,SETTLED
SETTLE_005517,CHECKOUT_COM,MERCH_0035,CAD,360.49,5.37,355.12,1,2026-03-19,SETTLED
SETTLE_005518,PAYPAL,MERCH_0071,EUR,74.49,2.77,71.72,1,2026-02-03,SETTLED
SETTLE_005519,PAYPAL,MERCH_0074,GBP,636.00,18.74,617.26,1,2026-02-13,SETTLED
SETTLE_005520,PAYPAL,MERCH_0004,EUR,1738.50,56.02,1682.48,1,2026-03-10,SETTLED
SETTLE_005521,CHECKOUT_COM,MERCH_0061,EUR,418.99,7.30,411.69,1,2026-02-11,SETTLED
SETTLE_005522,CHECKOUT_COM,MERCH_0015,CAD,3493.80,80.56,3413.24,1,2026-03-15,SETTLED
SETTLE_005523,ADYEN,MERCH_0085,EUR,33.99,0.27,33.72,1,2026-01-10,SETTLED
SETTLE_005524,STRIPE,MERCH_0053,USD,149.50,1.45,148.05,1,2026-02-05,SETTLED
SETTLE_005525,ADYEN,MERCH_0081,EUR,362.49,1.42,361.07,1,2026-01-19,SETTLED
SETTLE_005526,CHECKOUT_COM,MERCH_0037,EUR,1513.99,25.92,1488.07,1,2026-02-28,SETTLED
SETTLE_005528,STRIPE,MERCH_0058,USD,30.80,0.50,30.30,1,2026-03-02,SETTLED
SETTLE_005529,CHECKOUT_COM,MERCH_0067,CAD,40.95,1.20,39.75,1,2026-03-14,SETTLED
SETTLE_005530,ADYEN,MERCH_0012,USD,558.95,11.86,547.09,1,2026-03-10,SETTLED
SETTLE_005531,PAYPAL,MERCH_0044,USD,431.75,15.56,416.19,1,2026-01-12,SETTLED
SETTLE_005532,STRIPE,MERCH_0009,INR,484.00,12.68,471.32,1,2026-01-20,SETTLED
SETTLE_005533,CHECKOUT_COM,MERCH_0033,GBP,37.75,0.83,36.92,1,2026-03-17,SETTLED
SETTLE_005534,ADYEN,MERCH_0075,USD,251.75,5.41,246.34,1,2026-03-28,SETTLED
SETTLE_005535,CHECKOUT_COM,MERCH_0086,GBP,603.80,11.02,592.78,1,2026-01-22,SETTLED
SETTLE_005536,CHECKOUT_COM,MERCH_0074,CAD,368.80,9.07,359.73,1,2026-01-27,SETTLED
SETTLE_005537,CHECKOUT_COM,MERCH_0007,EUR,68.80,1.39,67.41,1,2026-02-23,SETTLED
SETTLE_005538,STRIPE,MERCH_0035,EUR,80.25,1.77,78.48,1,2026-01-10,SETTLED
SETTLE_005539,STRIPE,MERCH_0005,GBP,555.49,10.75,544.74,1,2026-01-25,SETTLED
SETTLE_005540,CHECKOUT_COM,MERCH_0010,GBP,439.00,8.05,430.95,1,2026-03-23,SETTLED
SETTLE_005541,STRIPE,MERCH_0048,USD,526.00,15.55,510.45,1,2026-01-29,SETTLED
SETTLE_005542,ADYEN,MERCH_0018,USD,419.75,5.14,414.61,1,2026-02-14,SETTLED
SETTLE_005543,PAYPAL,MERCH_0010,USD,1356.49,47.83,1308.66,1,2026-02-10,SETTLED
SETTLE_005544,ADYEN,MERCH_0031,USD,316.95,6.78,310.17,1,2026-01-04,SETTLED
SETTLE_005545,ADYEN,MERCH_0014,GBP,62.49,1.04,61.45,1,2026-03-23,SETTLED
SETTLE_005546,CHECKOUT_COM,MERCH_0008,USD,448.25,10.51,437.74,1,2026-01-24,SETTLED
SETTLE_005547,STRIPE,MERCH_0062,USD,119.75,2.05,117.70,1,2026-02-26,SETTLED
SETTLE_005548,CHECKOUT_COM,MERCH_0064,EUR,255.50,4.52,250.98,1,2026-03-06,SETTLED
SETTLE_005549,STRIPE,MERCH_0045,GBP,157.49,3.19,154.30,1,2026-01-14,SETTLED
SETTLE_005550,STRIPE,MERCH_0080,GBP,538.95,10.44,528.51,1,2026-02-22,SETTLED
SETTLE_005551,CHECKOUT_COM,MERCH_0042,USD,1001.80,23.24,978.56,1,2026-01-04,SETTLED
SETTLE_005552,PAYPAL,MERCH_0033,INR,4999.00,61.99,4937.01,1,2026-03-25,SETTLED
SETTLE_005553,STRIPE,MERCH_0067,INR,1499.00,32.98,1466.02,1,2026-02-02,SETTLED
SETTLE_005554,PAYPAL,MERCH_0023,INR,299.00,5.59,293.41,1,2026-03-29,SETTLED
SETTLE_005555,STRIPE,MERCH_0060,USD,16.49,0.50,15.99,1,2026-02-17,SETTLED
SETTLE_005556,STRIPE,MERCH_0028,GBP,53.25,1.21,52.04,1,2026-02-22,SETTLED
SETTLE_005557,STRIPE,MERCH_0045,GBP,2331.00,35.21,2295.79,1,2026-01-08,SETTLED
SETTLE_005558,STRIPE,MERCH_0041,INR,799.00,0.00,799.00,1,2026-01-09,SETTLED
SETTLE_005559,PAYPAL,MERCH_0045,EUR,363.80,12.03,351.77,1,2026-03-19,SETTLED
SETTLE_005560,ADYEN,MERCH_0054,USD,244.50,5.25,239.25,1,2026-03-27,SETTLED
SETTLE_005561,STRIPE,MERCH_0093,USD,24.50,1.01,23.49,1,2026-01-28,SETTLED
SETTLE_005562,ADYEN,MERCH_0079,USD,34.00,0.51,33.49,1,2026-01-12,SETTLED
SETTLE_005563,PAYPAL,MERCH_0040,USD,53.00,2.34,50.66,1,2026-03-08,SETTLED
SETTLE_005564,STRIPE,MERCH_0082,GBP,62.75,1.39,61.36,1,2026-02-26,SETTLED
SETTLE_005565,ADYEN,MERCH_0004,USD,68.49,1.56,66.93,1,2026-03-29,SETTLED
SETTLE_005566,CHECKOUT_COM,MERCH_0059,USD,564.80,13.19,551.61,1,2026-03-17,SETTLED
SETTLE_005568,STRIPE,MERCH_0078,USD,340.25,5.35,334.90,1,2026-03-12,SETTLED
SETTLE_005569,PAYPAL,MERCH_0032,INR,2499.00,31.99,2467.01,1,2026-02-06,SETTLED
SETTLE_005570,ADYEN,MERCH_0011,USD,63.50,1.45,62.05,1,2026-02-06,SETTLED
SETTLE_005571,STRIPE,MERCH_0029,GBP,2181.49,41.65,2139.84,1,2026-01-22,SETTLED
SETTLE_005572,STRIPE,MERCH_0024,INR,9999.00,202.98,9796.02,1,2026-03-28,SETTLED
SETTLE_005573,PAYPAL,MERCH_0067,INR,1499.00,19.99,1479.01,2,2026-02-08,SETTLED
SETTLE_005574,CHECKOUT_COM,MERCH_0098,EUR,77.80,1.50,76.30,1,2026-02-21,SETTLED
SETTLE_005576,ADYEN,MERCH_0082,GBP,1629.49,24.54,1604.95,1,2026-03-16,SETTLED
SETTLE_005577,STRIPE,MERCH_0100,GBP,79.75,1.72,78.03,1,2026-03-24,SETTLED
SETTLE_005578,CHECKOUT_COM,MERCH_0011,EUR,2238.75,38.24,2200.51,1,2026-01-04,SETTLED
SETTLE_005579,PAYPAL,MERCH_0015,USD,629.25,22.45,606.80,1,2026-02-14,SETTLED
SETTLE_005580,ADYEN,MERCH_0013,GBP,453.50,6.90,446.60,1,2026-01-08,SETTLED
SETTLE_005581,STRIPE,MERCH_0021,EUR,32.80,0.36,32.44,1,2026-03-21,SETTLED
SETTLE_005582,STRIPE,MERCH_0078,EUR,69.80,0.55,69.25,1,2026-03-16,SETTLED
SETTLE_005583,CHECKOUT_COM,MERCH_0019,CAD,539.25,13.16,526.09,1,2026-02-18,SETTLED
SETTLE_005584,PAYPAL,MERCH_0070,GBP,67.49,2.26,65.23,1,2026-04-02,SETTLED
SETTLE_005585,STRIPE,MERCH_0032,EUR,64.95,1.48,63.47,1,2026-01-03,SETTLED
SETTLE_005586,STRIPE,MERCH_0098,EUR,599.50,11.64,587.86,1,2026-02-25,SETTLED
SETTLE_005587,ADYEN,MERCH_0093,GBP,1740.25,26.20,1714.05,1,2026-01-23,SETTLED
SETTLE_005588,STRIPE,MERCH_0091,USD,621.49,18.32,603.17,1,2026-01-08,SETTLED
SETTLE_005589,PAYPAL,MERCH_0085,EUR,2403.75,77.31,2326.44,1,2026-01-20,SETTLED
SETTLE_005590,ADYEN,MERCH_0054,GBP,534.25,8.11,526.14,1,2026-01-18,SETTLED
SETTLE_005591,PAYPAL,MERCH_0044,INR,999.00,13.99,985.01,1,2026-02-18,SETTLED
SETTLE_005592,ADYEN,MERCH_0099,GBP,395.95,6.04,389.91,1,2026-02-10,SETTLED
SETTLE_005593,STRIPE,MERCH_0016,USD,126.25,3.96,122.29,1,2026-01-10,SETTLED
SETTLE_005594,STRIPE,MERCH_0039,CAD,677.99,19.96,658.03,1,2026-01-13,SETTLED
SETTLE_005595,STRIPE,MERCH_0052,USD,454.25,7.06,447.19,1,2026-01-09,SETTLED
SETTLE_005596,ADYEN,MERCH_0061,USD,38.95,0.57,38.38,1,2026-01-04,SETTLED
SETTLE_005597,STRIPE,MERCH_0036,GBP,2189.95,41.81,2148.14,1,2026-03-11,SETTLED
SETTLE_005598,CHECKOUT_COM,MERCH_0092,EUR,299.00,5.26,293.74,1,2026-02-22,SETTLED
SETTLE_005599,STRIPE,MERCH_0049,USD,393.25,9.70,383.55,1,2026-01-06,SETTLED
SETTLE_005600,STRIPE,MERCH_0087,USD,182.80,5.60,177.20,1,2026-01-30,SETTLED
SETTLE_005601,STRIPE,MERCH_0043,INR,9999.00,0.00,9999.00,1,2026-02-11,SETTLED
SETTLE_005602,STRIPE,MERCH_0039,EUR,50.25,1.20,49.05,1,2026-03-20,SETTLED
SETTLE_005603,ADYEN,MERCH_0047,USD,157.49,1.99,155.50,1,2026-03-15,SETTLED
SETTLE_005604,ADYEN,MERCH_0023,GBP,2379.99,35.80,2344.19,1,2026-01-17,SETTLED
SETTLE_005605,STRIPE,MERCH_0018,INR,3999.00,0.00,3999.00,1,2026-01-24,SETTLED
SETTLE_005606,ADYEN,MERCH_0069,EUR,3312.99,11.75,3301.24,1,2026-03-11,SETTLED
SETTLE_005607,STRIPE,MERCH_0085,USD,521.75,4.42,517.33,1,2026-03-10,SETTLED
SETTLE_005608,CHECKOUT_COM,MERCH_0022,CAD,108.80,2.83,105.97,1,2026-03-12,SETTLED
SETTLE_005609,STRIPE,MERCH_0073,USD,863.75,7.16,856.59,1,2026-03-07,SETTLED
SETTLE_005610,STRIPE,MERCH_0018,INR,1999.00,42.98,1956.02,1,2026-03-17,SETTLED
SETTLE_005611,STRIPE,MERCH_0005,USD,146.49,1.42,145.07,1,2026-01-23,SETTLED
SETTLE_005612,STRIPE,MERCH_0043,EUR,144.95,0.92,144.03,1,2026-03-04,SETTLED
SETTLE_005613,STRIPE,MERCH_0051,USD,608.00,9.37,598.63,1,2026-03-19,SETTLED
SETTLE_005614,STRIPE,MERCH_0082,USD,63.99,0.76,63.23,1,2026-01-05,SETTLED
SETTLE_005615,CHECKOUT_COM,MERCH_0093,USD,147.49,3.59,143.90,1,2026-02-16,SETTLED
SETTLE_005616,ADYEN,MERCH_0061,GBP,131.00,2.06,128.94,1,2026-01-30,SETTLED
SETTLE_005617,STRIPE,MERCH_0004,EUR,474.99,9.27,465.72,1,2026-03-11,SETTLED
SETTLE_005618,STRIPE,MERCH_0099,EUR,24.50,0.72,23.78,1,2026-01-12,SETTLED
SETTLE_005619,STRIPE,MERCH_0054,USD,457.50,7.11,450.39,1,2026-02-20,SETTLED
SETTLE_005620,CHECKOUT_COM,MERCH_0053,EUR,435.00,7.58,427.42,1,2026-03-28,SETTLED
SETTLE_005621,CHECKOUT_COM,MERCH_0019,GBP,517.49,9.46,508.03,1,2026-03-12,SETTLED
SETTLE_005622,ADYEN,MERCH_0079,USD,78.25,1.04,77.21,1,2026-02-26,SETTLED
SETTLE_005623,PAYPAL,MERCH_0064,GBP,34.50,1.30,33.20,1,2026-03-04,SETTLED
SETTLE_005624,CHECKOUT_COM,MERCH_0005,EUR,416.80,7.27,409.53,1,2026-03-10,SETTLED
SETTLE_005625,PAYPAL,MERCH_0018,INR,3999.00,49.99,3949.01,1,2026-02-27,SETTLED
SETTLE_005626,ADYEN,MERCH_0044,EUR,203.00,2.95,200.05,1,2026-02-20,SETTLED
SETTLE_005627,STRIPE,MERCH_0046,CAD,66.50,2.23,64.27,1,2026-01-04,SETTLED
SETTLE_005628,STRIPE,MERCH_0030,INR,4999.00,102.98,4896.02,1,2026-02-06,SETTLED
SETTLE_005629,CHECKOUT_COM,MERCH_0021,EUR,511.80,8.88,502.92,1,2026-02-11,SETTLED
SETTLE_005630,CHECKOUT_COM,MERCH_0038,INR,3201.00,77.04,3123.96,1,2026-01-07,SETTLED
SETTLE_005631,CHECKOUT_COM,MERCH_0022,CAD,58.99,5.39,53.60,1,2026-01-29,SETTLED
SETTLE_005632,CHECKOUT_COM,MERCH_0037,USD,120.49,2.97,117.52,1,2026-01-11,SETTLED
SETTLE_005633,PAYPAL,MERCH_0043,GBP,3304.75,96.14,3208.61,1,2026-01-24,SETTLED
SETTLE_005634,CHECKOUT_COM,MERCH_0081,EUR,41.99,0.89,41.10,1,2026-01-29,SETTLED
SETTLE_005635,PAYPAL,MERCH_0093,USD,25.75,6.39,19.36,1,2026-02-07,SETTLED
SETTLE_005636,STRIPE,MERCH_0013,USD,1916.25,28.99,1887.26,1,2026-02-05,SETTLED
SETTLE_005637,ADYEN,MERCH_0097,GBP,80.99,1.31,79.68,1,2026-02-26,SETTLED
SETTLE_005638,STRIPE,MERCH_0019,INR,299.00,8.98,290.02,1,2026-02-10,SETTLED
SETTLE_005639,CHECKOUT_COM,MERCH_0100,EUR,60.80,1.21,59.59,1,2026-01-11,SETTLED
SETTLE_005640,ADYEN,MERCH_0091,USD,187.50,4.06,183.44,1,2026-03-20,SETTLED
SETTLE_005641,STRIPE,MERCH_0096,INR,299.00,8.98,290.02,1,2026-03-29,SETTLED
SETTLE_005642,STRIPE,MERCH_0079,EUR,45.75,1.12,44.63,1,2026-02-06,SETTLED
SETTLE_005643,ADYEN,MERCH_0099,GBP,22.75,0.44,22.31,1,2026-02-21,SETTLED
SETTLE_005644,ADYEN,MERCH_0049,USD,582.75,7.09,575.66,1,2026-01-31,SETTLED
SETTLE_005645,CHECKOUT_COM,MERCH_0047,CAD,18.99,0.68,18.31,1,2026-01-22,SETTLED
SETTLE_005646,STRIPE,MERCH_0034,CAD,50.49,1.76,48.73,1,2026-03-14,SETTLED
SETTLE_005647,STRIPE,MERCH_0044,INR,799.00,0.00,799.00,1,2026-02-13,SETTLED
SETTLE_005648,STRIPE,MERCH_0010,USD,25.80,1.05,24.75,1,2026-03-04,SETTLED
SETTLE_005650,STRIPE,MERCH_0098,EUR,139.25,2.90,136.35,1,2026-03-15,SETTLED
SETTLE_005651,CHECKOUT_COM,MERCH_0095,USD,33.00,0.96,32.04,1,2026-02-23,SETTLED
SETTLE_005652,ADYEN,MERCH_0083,USD,144.95,3.16,141.79,1,2026-03-16,SETTLED
SETTLE_005653,ADYEN,MERCH_0021,GBP,271.95,4.18,267.77,1,2026-01-18,SETTLED
SETTLE_005654,STRIPE,MERCH_0100,USD,294.75,4.67,290.08,1,2026-03-28,SETTLED
SETTLE_005655,ADYEN,MERCH_0091,USD,567.75,6.91,560.84,1,2026-01-17,SETTLED
SETTLE_005656,ADYEN,MERCH_0053,EUR,328.95,1.30,327.65,1,2026-01-08,SETTLED
SETTLE_005657,ADYEN,MERCH_0093,EUR,44.00,0.30,43.70,1,2026-01-15,SETTLED
SETTLE_005658,PAYPAL,MERCH_0074,CAD,49.00,1.72,47.28,1,2026-01-11,SETTLED
SETTLE_005660,STRIPE,MERCH_0019,GBP,2399.49,45.79,2353.70,1,2026-03-30,SETTLED
SETTLE_005661,PAYPAL,MERCH_0046,USD,27.80,1.46,26.34,1,2026-03-17,SETTLED
SETTLE_005662,STRIPE,MERCH_0032,EUR,33.25,0.37,32.88,1,2026-01-11,SETTLED
SETTLE_005663,PAYPAL,MERCH_0037,INR,499.00,7.99,491.01,1,2026-02-24,SETTLED
SETTLE_005664,CHECKOUT_COM,MERCH_0036,GBP,63.00,1.28,61.72,1,2026-03-28,SETTLED
SETTLE_005666,ADYEN,MERCH_0036,EUR,412.45,5.88,406.57,1,2026-02-26,SETTLED
SETTLE_005667,CHECKOUT_COM,MERCH_0039,CAD,42.99,1.25,41.74,1,2026-02-25,SETTLED
SETTLE_005668,CHECKOUT_COM,MERCH_0024,EUR,31.80,0.72,31.08,1,2026-03-27,SETTLED
SETTLE_005669,STRIPE,MERCH_0054,EUR,579.99,3.10,576.89,1,2026-02-15,SETTLED
SETTLE_005670,CHECKOUT_COM,MERCH_0006,CAD,76.50,2.06,74.44,1,2026-02-06,SETTLED
SETTLE_005671,ADYEN,MERCH_0009,USD,576.80,7.02,569.78,1,2026-02-21,SETTLED
SETTLE_005672,ADYEN,MERCH_0051,EUR,93.80,0.48,93.32,1,2026-03-10,SETTLED
SETTLE_005673,STRIPE,MERCH_0073,EUR,71.00,0.55,70.45,1,2026-02-17,SETTLED
SETTLE_005674,STRIPE,MERCH_0095,USD,58.49,1.13,57.36,1,2026-03-23,SETTLED
SETTLE_005675,PAYPAL,MERCH_0079,EUR,2871.80,92.29,2779.51,1,2026-03-30,SETTLED
SETTLE_005676,STRIPE,MERCH_0019,INR,1499.00,32.98,1466.02,1,2026-03-08,SETTLED
SETTLE_005677,PAYPAL,MERCH_0057,USD,44.95,2.06,42.89,1,2026-02-04,SETTLED
SETTLE_005678,STRIPE,MERCH_0068,USD,71.75,1.33,70.42,1,2026-04-01,SETTLED
SETTLE_005679,ADYEN,MERCH_0061,EUR,316.50,4.54,311.96,1,2026-03-23,SETTLED
SETTLE_005680,STRIPE,MERCH_0018,USD,74.75,2.47,72.28,1,2026-01-05,SETTLED
SETTLE_005681,CHECKOUT_COM,MERCH_0023,GBP,1674.00,28.64,1645.36,1,2026-02-21,SETTLED
SETTLE_005682,PAYPAL,MERCH_0027,EUR,434.50,14.29,420.21,1,2026-01-21,SETTLED
SETTLE_005683,ADYEN,MERCH_0029,USD,32.75,0.81,31.94,1,2026-01-04,SETTLED
SETTLE_005684,STRIPE,MERCH_0041,USD,556.95,8.60,548.35,1,2026-02-13,SETTLED
SETTLE_005685,PAYPAL,MERCH_0087,EUR,44.99,1.83,43.16,1,2026-03-08,SETTLED
SETTLE_005686,STRIPE,MERCH_0058,USD,64.80,2.18,62.62,1,2026-03-18,SETTLED
SETTLE_005687,CHECKOUT_COM,MERCH_0010,USD,148.49,3.62,144.87,1,2026-03-30,SETTLED
SETTLE_005688,PAYPAL,MERCH_0042,EUR,23.50,1.14,22.36,1,2026-02-21,SETTLED
SETTLE_005689,PAYPAL,MERCH_0080,GBP,452.49,13.42,439.07,1,2026-01-29,SETTLED
SETTLE_005690,ADYEN,MERCH_0069,EUR,21.80,0.23,21.57,1,2026-01-13,SETTLED
SETTLE_005691,STRIPE,MERCH_0008,INR,9999.00,0.00,9999.00,1,2026-03-07,SETTLED
SETTLE_005692,PAYPAL,MERCH_0042,EUR,283.00,9.45,273.55,1,2026-01-16,SETTLED
SETTLE_005693,CHECKOUT_COM,MERCH_0062,GBP,215.75,4.03,211.72,1,2026-03-26,SETTLED
SETTLE_005694,STRIPE,MERCH_0093,USD,320.80,5.06,315.74,1,2026-01-22,SETTLED
SETTLE_005695,ADYEN,MERCH_0094,EUR,60.49,0.36,60.13,1,2026-01-29,SETTLED
SETTLE_005696,STRIPE,MERCH_0089,CAD,110.49,3.50,106.99,1,2026-01-20,SETTLED
SETTLE_005697,PAYPAL,MERCH_0052,INR,499.00,7.99,491.01,1,2026-03-30,SETTLED
SETTLE_005698,ADYEN,MERCH_0066,USD,67.00,1.53,65.47,1,2026-03-21,SETTLED
SETTLE_005699,STRIPE,MERCH_0089,INR,799.00,15.48,783.52,1,2026-02-28,SETTLED
SETTLE_005700,PAYPAL,MERCH_0098,INR,3999.00,49.99,3949.01,1,2026-03-08,SETTLED
SETTLE_005701,CHECKOUT_COM,MERCH_0015,EUR,70.25,1.37,68.88,1,2026-01-17,SETTLED
SETTLE_005702,STRIPE,MERCH_0020,INR,2499.00,0.00,2499.00,1,2026-03-10,SETTLED
SETTLE_005703,STRIPE,MERCH_0003,EUR,934.49,18.01,916.48,1,2026-03-06,SETTLED
SETTLE_005704,STRIPE,MERCH_0065,USD,211.95,6.45,205.50,1,2026-01-02,SETTLED
SETTLE_005705,ADYEN,MERCH_0013,GBP,74.99,1.22,73.77,1,2026-02-01,SETTLED
SETTLE_005706,STRIPE,MERCH_0078,INR,15000.00,303.00,14697.00,1,2026-03-23,SETTLED
SETTLE_005707,CHECKOUT_COM,MERCH_0057,GBP,53.99,2.62,51.37,1,2026-03-01,SETTLED
SETTLE_005708,CHECKOUT_COM,MERCH_0025,GBP,204.49,3.83,200.66,1,2026-02-19,SETTLED
SETTLE_005709,STRIPE,MERCH_0072,INR,4999.00,102.98,4896.02,1,2026-03-03,SETTLED
SETTLE_005710,STRIPE,MERCH_0012,USD,151.95,4.71,147.24,1,2026-02-22,SETTLED
SETTLE_005711,PAYPAL,MERCH_0016,INR,2499.00,31.99,2467.01,1,2026-02-28,SETTLED
SETTLE_005712,PAYPAL,MERCH_0035,EUR,106.80,3.81,102.99,1,2026-03-26,SETTLED
SETTLE_005713,ADYEN,MERCH_0030,USD,71.75,1.63,70.12,1,2026-01-23,SETTLED
SETTLE_005714,CHECKOUT_COM,MERCH_0039,EUR,107.80,2.01,105.79,1,2026-01-10,SETTLED
SETTLE_005715,STRIPE,MERCH_0020,INR,9999.00,0.00,9999.00,1,2026-03-12,SETTLED
SETTLE_005716,ADYEN,MERCH_0069,GBP,282.00,4.33,277.67,1,2026-03-02,SETTLED
SETTLE_005717,ADYEN,MERCH_0007,GBP,51.50,0.87,50.63,1,2026-01-16,SETTLED
SETTLE_005718,STRIPE,MERCH_0019,CAD,71.49,2.37,69.12,1,2026-02-15,SETTLED
SETTLE_005719,STRIPE,MERCH_0013,GBP,489.99,9.51,480.48,1,2026-03-07,SETTLED
SETTLE_005720,CHECKOUT_COM,MERCH_0014,USD,185.50,4.47,181.03,1,2026-02-26,SETTLED
SETTLE_005721,CHECKOUT_COM,MERCH_0069,USD,377.75,12.89,364.86,1,2026-01-05,SETTLED
SETTLE_005722,ADYEN,MERCH_0058,EUR,428.25,1.65,426.60,1,2026-01-29,SETTLED
SETTLE_005723,ADYEN,MERCH_0012,USD,1196.50,25.25,1171.25,1,2026-03-12,SETTLED
SETTLE_005724,PAYPAL,MERCH_0061,GBP,21.50,0.92,20.58,1,2026-03-28,SETTLED
SETTLE_005725,STRIPE,MERCH_0071,INR,1999.00,0.00,1999.00,1,2026-02-13,SETTLED
SETTLE_005726,CHECKOUT_COM,MERCH_0014,EUR,162.25,2.94,159.31,1,2026-02-16,SETTLED
SETTLE_005727,STRIPE,MERCH_0048,USD,78.49,2.58,75.91,1,2026-03-04,SETTLED
SETTLE_005728,ADYEN,MERCH_0052,GBP,345.50,5.28,340.22,1,2026-01-07,SETTLED
SETTLE_005729,CHECKOUT_COM,MERCH_0034,USD,319.49,7.55,311.94,1,2026-01-03,SETTLED
SETTLE_005730,PAYPAL,MERCH_0087,GBP,2469.80,71.92,2397.88,1,2026-02-03,SETTLED
SETTLE_005731,ADYEN,MERCH_0005,USD,46.99,0.66,46.33,1,2026-02-12,SETTLED
SETTLE_005732,PAYPAL,MERCH_0036,CAD,242.75,8.16,234.59,1,2026-03-04,SETTLED
SETTLE_005733,PAYPAL,MERCH_0030,GBP,39.50,1.45,38.05,1,2026-03-03,SETTLED
SETTLE_005734,PAYPAL,MERCH_0032,USD,75.00,3.11,71.89,1,2026-02-24,SETTLED
SETTLE_005735,ADYEN,MERCH_0010,GBP,432.75,6.59,426.16,1,2026-02-24,SETTLED
SETTLE_005736,CHECKOUT_COM,MERCH_0089,GBP,42.95,0.92,42.03,1,2026-01-15,SETTLED
SETTLE_005737,STRIPE,MERCH_0073,EUR,44.80,1.10,43.70,1,2026-03-22,SETTLED
SETTLE_005738,STRIPE,MERCH_0079,CAD,18.75,0.84,17.91,1,2026-01-15,SETTLED
SETTLE_005740,PAYPAL,MERCH_0071,GBP,596.99,17.61,579.38,1,2026-03-02,SETTLED
SETTLE_005741,ADYEN,MERCH_0079,EUR,361.99,5.18,356.81,2,2026-01-08,SETTLED
SETTLE_005742,ADYEN,MERCH_0005,EUR,365.95,1.43,364.52,1,2026-01-25,SETTLED
SETTLE_005743,PAYPAL,MERCH_0068,INR,9999.00,121.99,9877.01,1,2026-01-28,SETTLED
SETTLE_005744,PAYPAL,MERCH_0028,INR,3999.00,49.99,3949.01,1,2026-03-05,SETTLED
SETTLE_005745,STRIPE,MERCH_0033,USD,16.49,0.50,15.99,1,2026-03-19,SETTLED
SETTLE_005746,STRIPE,MERCH_0014,EUR,560.80,10.91,549.89,1,2026-03-30,SETTLED
SETTLE_005747,STRIPE,MERCH_0003,GBP,314.80,6.18,308.62,1,2026-01-07,SETTLED
SETTLE_005748,STRIPE,MERCH_0063,USD,31.00,0.50,30.50,1,2026-01-29,SETTLED
SETTLE_005749,ADYEN,MERCH_0055,EUR,2585.25,9.20,2576.05,1,2026-02-25,SETTLED
SETTLE_005750,STRIPE,MERCH_0064,INR,2499.00,0.00,2499.00,1,2026-03-17,SETTLED
SETTLE_005751,ADYEN,MERCH_0090,EUR,438.49,1.68,436.81,1,2026-03-13,SETTLED
SETTLE_005752,ADYEN,MERCH_0029,USD,3273.50,68.86,3204.64,1,2026-02-19,SETTLED
SETTLE_005753,PAYPAL,MERCH_0099,EUR,66.75,2.53,64.22,1,2026-02-17,SETTLED
SETTLE_005754,CHECKOUT_COM,MERCH_0086,USD,1971.95,45.55,1926.40,1,2026-02-09,SETTLED
SETTLE_005755,PAYPAL,MERCH_0041,USD,644.49,22.98,621.51,1,2026-02-28,SETTLED
SETTLE_005756,STRIPE,MERCH_0041,EUR,35.80,0.38,35.42,1,2026-03-28,SETTLED
SETTLE_005757,ADYEN,MERCH_0015,EUR,39.49,0.29,39.20,1,2026-01-13,SETTLED
SETTLE_005758,ADYEN,MERCH_0004,USD,55.99,1.30,54.69,1,2026-01-17,SETTLED
SETTLE_005759,STRIPE,MERCH_0023,EUR,3320.75,63.34,3257.41,1,2026-03-16,SETTLED
SETTLE_005760,STRIPE,MERCH_0034,USD,580.99,8.96,572.03,1,2026-01-04,SETTLED
SETTLE_005761,PAYPAL,MERCH_0022,EUR,74.49,2.77,71.72,1,2026-02-18,SETTLED
SETTLE_005762,STRIPE,MERCH_0048,GBP,66.00,1.45,64.55,1,2026-01-03,SETTLED
SETTLE_005763,STRIPE,MERCH_0007,USD,50.95,1.78,49.17,1,2026-01-15,SETTLED
SETTLE_005764,STRIPE,MERCH_0038,USD,76.49,1.40,75.09,1,2026-02-02,SETTLED
SETTLE_005765,STRIPE,MERCH_0031,USD,644.00,9.91,634.09,1,2026-03-13,SETTLED
SETTLE_005766,ADYEN,MERCH_0073,EUR,63.95,0.37,63.58,1,2026-01-17,SETTLED
SETTLE_005767,ADYEN,MERCH_0004,INR,1527.99,23.02,1504.97,1,2026-02-18,SETTLED
SETTLE_005768,PAYPAL,MERCH_0002,EUR,587.50,19.19,568.31,1,2026-03-15,SETTLED
SETTLE_005769,STRIPE,MERCH_0073,USD,66.80,2.24,64.56,1,2026-02-21,SETTLED
SETTLE_005770,CHECKOUT_COM,MERCH_0008,EUR,59.99,1.20,58.79,1,2026-02-16,SETTLED
SETTLE_005772,STRIPE,MERCH_0001,USD,17.00,0.79,16.21,1,2026-01-19,SETTLED
SETTLE_005773,ADYEN,MERCH_0052,USD,1834.95,22.12,1812.83,1,2026-03-03,SETTLED
SETTLE_005774,CHECKOUT_COM,MERCH_0002,EUR,41.50,0.89,40.61,1,2026-03-21,SETTLED
SETTLE_005775,STRIPE,MERCH_0067,EUR,51.25,0.46,50.79,1,2026-02-25,SETTLED
SETTLE_005776,STRIPE,MERCH_0071,EUR,65.50,0.53,64.97,1,2026-01-23,SETTLED
SETTLE_005777,ADYEN,MERCH_0065,EUR,600.50,8.52,591.98,1,2026-03-04,SETTLED
SETTLE_005778,PAYPAL,MERCH_0027,GBP,2484.99,72.36,2412.63,1,2026-03-19,SETTLED
SETTLE_005779,ADYEN,MERCH_0047,EUR,18.95,0.38,18.57,1,2026-02-13,SETTLED
SETTLE_005780,PAYPAL,MERCH_0017,USD,83.50,3.40,80.10,1,2026-02-18,SETTLED
SETTLE_005781,PAYPAL,MERCH_0031,INR,15000.00,182.00,14818.00,1,2026-03-30,SETTLED
SETTLE_005782,ADYEN,MERCH_0008,GBP,60.00,1.00,59.00,1,2026-03-08,SETTLED
SETTLE_005783,ADYEN,MERCH_0014,EUR,554.80,2.09,552.71,1,2026-03-21,SETTLED
SETTLE_005784,STRIPE,MERCH_0025,CAD,229.25,6.95,222.30,1,2026-02-17,SETTLED
SETTLE_005785,PAYPAL,MERCH_0022,INR,1499.00,19.99,1479.01,2,2026-03-13,SETTLED
SETTLE_005786,STRIPE,MERCH_0024,USD,171.25,2.82,168.43,1,2026-02-25,SETTLED
SETTLE_005787,STRIPE,MERCH_0039,EUR,284.80,1.62,283.18,1,2026-02-03,SETTLED
SETTLE_005788,STRIPE,MERCH_0005,CAD,244.75,7.40,237.35,1,2026-03-14,SETTLED
SETTLE_005789,CHECKOUT_COM,MERCH_0078,EUR,44.00,0.93,43.07,1,2026-02-18,SETTLED
SETTLE_005790,STRIPE,MERCH_0075,INR,1999.00,42.98,1956.02,1,2026-03-21,SETTLED
SETTLE_005791,STRIPE,MERCH_0019,INR,9999.00,202.98,9796.02,1,2026-03-06,SETTLED
SETTLE_005792,ADYEN,MERCH_0046,EUR,374.80,5.36,369.44,1,2026-01-03,SETTLED
SETTLE_005793,CHECKOUT_COM,MERCH_0089,EUR,103.95,1.95,102.00,1,2026-01-11,SETTLED
SETTLE_005794,STRIPE,MERCH_0019,CAD,1668.75,48.69,1620.06,1,2026-02-07,SETTLED
SETTLE_005795,STRIPE,MERCH_0052,USD,67.80,1.27,66.53,1,2026-04-02,SETTLED
SETTLE_005796,ADYEN,MERCH_0047,USD,3316.50,39.90,3276.60,1,2026-03-18,SETTLED
SETTLE_005797,STRIPE,MERCH_0077,CAD,2852.95,83.04,2769.91,1,2026-02-09,SETTLED
SETTLE_005798,STRIPE,MERCH_0094,USD,326.75,5.15,321.60,1,2026-02-28,SETTLED
SETTLE_005799,CHECKOUT_COM,MERCH_0040,GBP,29.75,0.69,29.06,1,2026-01-31,SETTLED
SETTLE_005800,STRIPE,MERCH_0002,INR,3999.00,82.98,3916.02,1,2026-03-01,SETTLED
SETTLE_005801,CHECKOUT_COM,MERCH_0083,GBP,280.00,5.19,274.81,1,2026-02-10,SETTLED
SETTLE_005802,CHECKOUT_COM,MERCH_0060,CAD,441.00,10.80,430.20,1,2026-02-15,SETTLED
SETTLE_005803,STRIPE,MERCH_0018,USD,3439.95,27.77,3412.18,1,2026-01-21,SETTLED
SETTLE_005804,CHECKOUT_COM,MERCH_0058,EUR,2540.25,43.36,2496.89,1,2026-02-06,SETTLED
SETTLE_005805,CHECKOUT_COM,MERCH_0089,USD,318.25,7.52,310.73,1,2026-02-16,SETTLED
SETTLE_005806,CHECKOUT_COM,MERCH_0087,GBP,15.25,0.42,14.83,1,2026-02-14,SETTLED
SETTLE_005807,PAYPAL,MERCH_0100,GBP,59.95,5.79,54.16,1,2026-02-18,SETTLED
SETTLE_005808,STRIPE,MERCH_0096,EUR,62.49,1.44,61.05,1,2026-03-08,SETTLED
SETTLE_005809,PAYPAL,MERCH_0086,GBP,345.75,10.33,335.42,1,2026-01-14,SETTLED
SETTLE_005810,STRIPE,MERCH_0061,CAD,136.75,4.27,132.48,1,2026-01-23,SETTLED
SETTLE_005811,PAYPAL,MERCH_0087,INR,1499.00,19.99,1479.01,1,2026-01-21,SETTLED
SETTLE_005812,ADYEN,MERCH_0068,USD,23.49,0.61,22.88,1,2026-01-10,SETTLED
SETTLE_005814,ADYEN,MERCH_0054,USD,370.99,4.55,366.44,1,2026-01-13,SETTLED
SETTLE_005815,CHECKOUT_COM,MERCH_0039,CAD,22.49,0.76,21.73,1,2026-01-02,SETTLED
SETTLE_005816,CHECKOUT_COM,MERCH_0055,CAD,184.25,4.64,179.61,1,2026-02-18,SETTLED
SETTLE_005817,CHECKOUT_COM,MERCH_0046,CAD,289.75,7.17,282.58,1,2026-01-25,SETTLED
SETTLE_005818,STRIPE,MERCH_0004,USD,276.80,4.40,272.40,1,2026-01-10,SETTLED
SETTLE_005819,ADYEN,MERCH_0011,USD,62.49,1.43,61.06,1,2026-03-31,SETTLED
SETTLE_005820,PAYPAL,MERCH_0059,EUR,61.75,2.37,59.38,1,2026-01-07,SETTLED
SETTLE_005821,ADYEN,MERCH_0046,EUR,881.80,3.24,878.56,1,2026-02-01,SETTLED
SETTLE_005822,CHECKOUT_COM,MERCH_0006,CAD,2530.00,60.94,2469.06,1,2026-01-15,SETTLED
SETTLE_005823,STRIPE,MERCH_0026,USD,40.00,0.57,39.43,1,2026-02-11,SETTLED
SETTLE_005824,CHECKOUT_COM,MERCH_0082,USD,56.00,1.49,54.51,1,2026-03-27,SETTLED
SETTLE_005825,PAYPAL,MERCH_0072,EUR,54.25,2.13,52.12,2,2026-01-10,SETTLED
SETTLE_005826,STRIPE,MERCH_0037,USD,251.99,7.61,244.38,1,2026-03-03,SETTLED
SETTLE_005827,CHECKOUT_COM,MERCH_0026,EUR,433.25,7.55,425.70,1,2026-02-02,SETTLED
SETTLE_005828,STRIPE,MERCH_0049,INR,9999.00,0.00,9999.00,1,2026-03-11,SETTLED
SETTLE_005829,PAYPAL,MERCH_0013,USD,470.50,16.91,453.59,2,2026-03-06,SETTLED
SETTLE_005830,CHECKOUT_COM,MERCH_0093,CAD,452.75,10.61,442.14,1,2026-02-08,SETTLED
SETTLE_005831,STRIPE,MERCH_0056,EUR,1545.25,29.61,1515.64,1,2026-01-16,SETTLED
SETTLE_005832,STRIPE,MERCH_0071,INR,499.00,0.00,499.00,1,2026-03-16,SETTLED
SETTLE_005833,ADYEN,MERCH_0018,USD,241.49,5.19,236.30,1,2026-04-01,SETTLED
SETTLE_005834,ADYEN,MERCH_0042,USD,616.80,7.50,609.30,1,2026-03-24,SETTLED
SETTLE_005835,CHECKOUT_COM,MERCH_0049,USD,3371.75,77.75,3294.00,1,2026-03-13,SETTLED
SETTLE_005836,ADYEN,MERCH_0056,EUR,15.50,0.20,15.30,1,2026-01-05,SETTLED
SETTLE_005837,CHECKOUT_COM,MERCH_0013,EUR,414.00,7.60,406.40,1,2026-03-03,SETTLED
SETTLE_005838,CHECKOUT_COM,MERCH_0018,EUR,58.75,1.18,57.57,1,2026-02-13,SETTLED
SETTLE_005839,STRIPE,MERCH_0028,USD,63.50,0.76,62.74,1,2026-01-09,SETTLED
SETTLE_005840,PAYPAL,MERCH_0063,INR,9999.00,121.99,9877.01,1,2026-03-08,SETTLED
SETTLE_005841,STRIPE,MERCH_0032,USD,331.99,9.93,322.06,1,2026-01-29,SETTLED
SETTLE_005842,ADYEN,MERCH_0018,GBP,69.50,1.14,68.36,1,2026-03-19,SETTLED
SETTLE_005843,ADYEN,MERCH_0036,EUR,79.25,0.43,78.82,1,2026-03-07,SETTLED
SETTLE_005844,STRIPE,MERCH_0002,INR,299.00,8.98,290.02,1,2026-03-23,SETTLED
SETTLE_005845,CHECKOUT_COM,MERCH_0010,USD,335.75,7.92,327.83,1,2026-01-08,SETTLED
SETTLE_005846,PAYPAL,MERCH_0071,USD,50.95,2.27,48.68,1,2026-02-24,SETTLED
SETTLE_005847,STRIPE,MERCH_0089,INR,4999.00,102.98,4896.02,1,2026-01-17,SETTLED
SETTLE_005848,PAYPAL,MERCH_0029,INR,3999.00,49.99,3949.01,1,2026-01-15,SETTLED
SETTLE_005849,ADYEN,MERCH_0014,EUR,44.95,0.31,44.64,1,2026-02-01,SETTLED
SETTLE_005850,ADYEN,MERCH_0029,USD,274.75,3.40,271.35,2,2026-03-30,SETTLED
SETTLE_005851,CHECKOUT_COM,MERCH_0002,CAD,627.49,15.28,612.21,1,2026-01-19,SETTLED
SETTLE_005852,PAYPAL,MERCH_0077,INR,299.00,5.59,293.41,1,2026-01-26,SETTLED
SETTLE_005853,STRIPE,MERCH_0037,USD,109.25,1.89,107.36,1,2026-02-25,SETTLED
SETTLE_005854,ADYEN,MERCH_0087,USD,67.80,1.54,66.26,1,2026-03-25,SETTLED
SETTLE_005855,CHECKOUT_COM,MERCH_0070,USD,58.80,1.55,57.25,1,2026-04-01,SETTLED
SETTLE_005856,STRIPE,MERCH_0077,USD,53.80,1.06,52.74,1,2026-03-12,SETTLED
SETTLE_005857,PAYPAL,MERCH_0097,INR,499.00,7.99,491.01,1,2026-03-02,SETTLED
SETTLE_005858,ADYEN,MERCH_0074,EUR,1885.75,34.01,1851.74,1,2026-03-15,SETTLED
SETTLE_005859,STRIPE,MERCH_0065,INR,799.00,18.98,780.02,1,2026-02-15,SETTLED
SETTLE_005860,ADYEN,MERCH_0080,EUR,120.75,1.80,118.95,1,2026-01-03,SETTLED
SETTLE_005861,STRIPE,MERCH_0035,USD,17.99,0.82,17.17,1,2026-03-04,SETTLED
SETTLE_005862,CHECKOUT_COM,MERCH_0006,EUR,68.50,1.34,67.16,1,2026-03-15,SETTLED
SETTLE_005863,ADYEN,MERCH_0047,USD,78.95,1.05,77.90,1,2026-01-26,SETTLED
SETTLE_005864,CHECKOUT_COM,MERCH_0024,USD,56.95,1.51,55.44,1,2026-03-20,SETTLED
SETTLE_005865,ADYEN,MERCH_0063,USD,384.49,4.71,379.78,1,2026-02-12,SETTLED
SETTLE_005866,ADYEN,MERCH_0096,EUR,270.00,1.09,268.91,1,2026-03-19,SETTLED
SETTLE_005867,CHECKOUT_COM,MERCH_0086,EUR,78.95,1.52,77.43,1,2026-02-26,SETTLED
SETTLE_005868,CHECKOUT_COM,MERCH_0067,CAD,623.00,15.17,607.83,1,2026-01-15,SETTLED
SETTLE_005869,STRIPE,MERCH_0085,USD,16.99,0.28,16.71,1,2026-03-07,SETTLED
SETTLE_005870,CHECKOUT_COM,MERCH_0021,GBP,637.00,11.62,625.38,1,2026-02-27,SETTLED
SETTLE_005871,PAYPAL,MERCH_0085,USD,2716.80,95.31,2621.49,1,2026-02-28,SETTLED
SETTLE_005872,STRIPE,MERCH_0050,EUR,2532.50,48.37,2484.13,1,2026-01-26,SETTLED
SETTLE_005873,ADYEN,MERCH_0056,GBP,568.25,8.62,559.63,1,2026-02-09,SETTLED
SETTLE_005874,ADYEN,MERCH_0068,USD,73.25,1.66,71.59,1,2026-01-31,SETTLED
SETTLE_005875,CHECKOUT_COM,MERCH_0094,USD,166.49,4.03,162.46,1,2026-04-01,SETTLED
SETTLE_005876,PAYPAL,MERCH_0090,GBP,39.49,1.45,38.04,1,2026-03-06,SETTLED
SETTLE_005877,STRIPE,MERCH_0010,EUR,565.49,10.99,554.50,1,2026-01-17,SETTLED
SETTLE_005878,STRIPE,MERCH_0051,USD,22.80,0.59,22.21,1,2026-01-03,SETTLED
SETTLE_005879,ADYEN,MERCH_0038,CAD,21.95,0.43,21.52,1,2026-03-05,SETTLED
SETTLE_005880,STRIPE,MERCH_0093,GBP,224.80,4.47,220.33,1,2026-02-20,SETTLED
SETTLE_005882,PAYPAL,MERCH_0020,EUR,645.99,21.06,624.93,1,2026-03-20,SETTLED
SETTLE_005883,STRIPE,MERCH_0046,CAD,38.75,1.42,37.33,2,2026-02-27,SETTLED
SETTLE_005884,STRIPE,MERCH_0015,INR,3999.00,0.00,3999.00,1,2026-02-28,SETTLED
SETTLE_005885,CHECKOUT_COM,MERCH_0040,CAD,418.00,10.25,407.75,1,2026-02-10,SETTLED
SETTLE_005886,STRIPE,MERCH_0025,INR,999.00,0.00,999.00,1,2026-02-02,SETTLED
SETTLE_005887,STRIPE,MERCH_0028,USD,51.25,1.79,49.46,1,2026-03-22,SETTLED
SETTLE_005888,CHECKOUT_COM,MERCH_0081,EUR,56.50,1.14,55.36,1,2026-03-19,SETTLED
SETTLE_005889,PAYPAL,MERCH_0041,EUR,336.95,11.17,325.78,1,2026-01-12,SETTLED
SETTLE_005890,ADYEN,MERCH_0079,GBP,1928.00,29.02,1898.98,1,2026-03-22,SETTLED
SETTLE_005891,PAYPAL,MERCH_0081,EUR,3178.99,102.12,3076.87,1,2026-02-03,SETTLED
SETTLE_005892,CHECKOUT_COM,MERCH_0040,CAD,33.95,1.03,32.92,1,2026-04-01,SETTLED
SETTLE_005893,STRIPE,MERCH_0047,INR,799.00,18.98,780.02,1,2026-03-01,SETTLED
SETTLE_005894,STRIPE,MERCH_0042,EUR,43.25,1.07,42.18,1,2026-01-19,SETTLED
SETTLE_005895,PAYPAL,MERCH_0060,USD,365.75,13.25,352.50,2,2026-02-26,SETTLED
SETTLE_005896,STRIPE,MERCH_0013,USD,48.99,1.72,47.27,1,2026-03-21,SETTLED
SETTLE_005897,STRIPE,MERCH_0068,USD,493.50,14.61,478.89,1,2026-01-25,SETTLED
SETTLE_005898,STRIPE,MERCH_0030,INR,9999.00,0.00,9999.00,1,2026-03-26,SETTLED
SETTLE_005899,CHECKOUT_COM,MERCH_0011,GBP,2331.50,42.12,2289.38,1,2026-03-15,SETTLED
SETTLE_005900,STRIPE,MERCH_0023,USD,339.80,5.35,334.45,2,2026-01-31,SETTLED
SETTLE_005901,STRIPE,MERCH_0002,GBP,74.49,1.62,72.87,1,2026-01-23,SETTLED
SETTLE_005902,CHECKOUT_COM,MERCH_0087,EUR,75.95,1.47,74.48,1,2026-03-09,SETTLED
SETTLE_005903,ADYEN,MERCH_0035,EUR,420.99,1.62,419.37,1,2026-03-10,SETTLED
SETTLE_005904,PAYPAL,MERCH_0057,EUR,649.95,21.19,628.76,1,2026-02-07,SETTLED
SETTLE_005905,CHECKOUT_COM,MERCH_0083,GBP,80.95,1.61,79.34,1,2026-01-19,SETTLED
SETTLE_005906,STRIPE,MERCH_0082,USD,30.50,0.71,29.79,1,2026-01-10,SETTLED
SETTLE_005907,ADYEN,MERCH_0073,EUR,71.75,1.11,70.64,1,2026-02-15,SETTLED
SETTLE_005908,STRIPE,MERCH_0044,USD,618.25,9.52,608.73,1,2026-02-27,SETTLED
SETTLE_005909,STRIPE,MERCH_0089,EUR,592.25,11.50,580.75,1,2026-03-27,SETTLED
SETTLE_005910,STRIPE,MERCH_0086,INR,1999.00,42.98,1956.02,1,2026-03-15,SETTLED
SETTLE_005911,PAYPAL,MERCH_0058,INR,3999.00,49.99,3949.01,1,2026-02-10,SETTLED
SETTLE_005912,CHECKOUT_COM,MERCH_0024,CAD,2496.99,60.15,2436.84,1,2026-03-19,SETTLED
SETTLE_005913,ADYEN,MERCH_0093,GBP,46.75,0.80,45.95,1,2026-03-27,SETTLED
SETTLE_005914,STRIPE,MERCH_0049,USD,174.95,6.65,168.30,1,2026-01-15,SETTLED
SETTLE_005915,PAYPAL,MERCH_0058,INR,499.00,7.99,491.01,1,2026-01-12,SETTLED
SETTLE_005916,PAYPAL,MERCH_0083,INR,15012.50,182.15,14830.35,1,2026-04-01,SETTLED
SETTLE_005917,STRIPE,MERCH_0001,CAD,36.49,1.36,35.13,1,2026-03-06,SETTLED
SETTLE_005918,PAYPAL,MERCH_0009,EUR,29.50,1.33,28.17,1,2026-02-01,SETTLED
SETTLE_005919,STRIPE,MERCH_0094,INR,9999.00,205.48,9793.52,1,2026-02-17,SETTLED
SETTLE_005920,STRIPE,MERCH_0025,EUR,646.25,12.53,633.72,1,2026-01-06,SETTLED
SETTLE_005921,ADYEN,MERCH_0088,EUR,449.95,6.41,443.54,1,2026-03-24,SETTLED
SETTLE_005922,ADYEN,MERCH_0065,USD,614.95,7.48,607.47,1,2026-03-16,SETTLED
SETTLE_005923,PAYPAL,MERCH_0091,GBP,34.25,1.29,32.96,1,2026-01-19,SETTLED
SETTLE_005924,STRIPE,MERCH_0014,INR,499.00,0.00,499.00,1,2026-01-31,SETTLED
SETTLE_005925,CHECKOUT_COM,MERCH_0032,USD,486.75,11.40,475.35,1,2026-03-07,SETTLED
SETTLE_005926,ADYEN,MERCH_0082,USD,517.80,10.99,506.81,1,2026-03-13,SETTLED
SETTLE_005927,CHECKOUT_COM,MERCH_0074,USD,71.49,1.84,69.65,1,2026-01-04,SETTLED
SETTLE_005928,PAYPAL,MERCH_0020,INR,2499.00,31.99,2467.01,1,2026-03-17,SETTLED
SETTLE_005929,PAYPAL,MERCH_0069,GBP,378.49,11.28,367.21,1,2026-01-20,SETTLED
SETTLE_005930,CHECKOUT_COM,MERCH_0037,CAD,66.50,1.82,64.68,1,2026-03-05,SETTLED
SETTLE_005931,ADYEN,MERCH_0059,USD,99.50,1.29,98.21,1,2026-02-15,SETTLED
SETTLE_005932,CHECKOUT_COM,MERCH_0039,CAD,23.75,0.79,22.96,1,2026-01-09,SETTLED
SETTLE_005933,STRIPE,MERCH_0017,INR,2499.00,52.98,2446.02,1,2026-03-28,SETTLED
SETTLE_005934,PAYPAL,MERCH_0041,EUR,35.25,1.52,33.73,1,2026-03-30,SETTLED
SETTLE_005935,STRIPE,MERCH_0085,INR,1499.00,0.00,1499.00,1,2026-03-19,SETTLED
SETTLE_005936,CHECKOUT_COM,MERCH_0021,EUR,377.00,6.59,370.41,1,2026-03-22,SETTLED
SETTLE_005937,STRIPE,MERCH_0012,INR,4999.00,0.00,4999.00,1,2026-03-28,SETTLED
SETTLE_005938,STRIPE,MERCH_0020,INR,999.00,22.98,976.02,1,2026-03-07,SETTLED
SETTLE_005939,CHECKOUT_COM,MERCH_0078,CAD,155.00,3.94,151.06,1,2026-03-01,SETTLED
SETTLE_005940,STRIPE,MERCH_0073,INR,2499.00,52.98,2446.02,1,2026-02-18,SETTLED
SETTLE_005942,ADYEN,MERCH_0039,USD,1621.75,34.18,1587.57,1,2026-01-10,SETTLED
SETTLE_005943,PAYPAL,MERCH_0029,GBP,63.75,2.15,61.60,1,2026-02-24,SETTLED
SETTLE_005944,STRIPE,MERCH_0063,USD,2862.49,23.15,2839.34,1,2026-02-05,SETTLED
SETTLE_005945,STRIPE,MERCH_0007,GBP,146.95,2.99,143.96,1,2026-01-17,SETTLED
SETTLE_005946,CHECKOUT_COM,MERCH_0035,USD,334.25,7.89,326.36,1,2026-02-07,SETTLED
SETTLE_005947,STRIPE,MERCH_0043,INR,3999.00,0.00,3999.00,1,2026-03-19,SETTLED
SETTLE_005948,STRIPE,MERCH_0022,USD,1268.49,19.28,1249.21,1,2026-03-08,SETTLED
SETTLE_005949,STRIPE,MERCH_0062,INR,499.00,12.98,486.02,1,2026-01-22,SETTLED
SETTLE_005950,CHECKOUT_COM,MERCH_0060,USD,135.49,3.32,132.17,1,2026-02-24,SETTLED
SETTLE_005951,STRIPE,MERCH_0088,USD,51.75,0.66,51.09,1,2026-02-09,SETTLED
SETTLE_005952,ADYEN,MERCH_0091,USD,74.99,1.00,73.99,1,2026-01-27,SETTLED
SETTLE_005953,PAYPAL,MERCH_0080,GBP,172.50,5.30,167.20,1,2026-02-14,SETTLED
SETTLE_005954,PAYPAL,MERCH_0062,INR,4999.00,61.99,4937.01,1,2026-02-06,SETTLED
SETTLE_005955,STRIPE,MERCH_0004,USD,66.25,0.78,65.47,2,2026-03-26,SETTLED
SETTLE_005956,STRIPE,MERCH_0047,EUR,133.00,2.78,130.22,1,2026-02-24,SETTLED
SETTLE_005957,STRIPE,MERCH_0085,EUR,723.75,14.00,709.75,1,2026-03-05,SETTLED
SETTLE_005958,PAYPAL,MERCH_0004,EUR,235.25,7.92,227.33,1,2026-01-26,SETTLED
SETTLE_005959,STRIPE,MERCH_0085,GBP,473.49,9.20,464.29,1,2026-02-15,SETTLED
SETTLE_005960,CHECKOUT_COM,MERCH_0043,GBP,76.00,1.52,74.48,1,2026-02-12,SETTLED
SETTLE_005961,PAYPAL,MERCH_0086,EUR,72.75,2.72,70.03,1,2026-01-04,SETTLED
SETTLE_005962,PAYPAL,MERCH_0085,INR,299.00,5.59,293.41,1,2026-02-03,SETTLED
SETTLE_005963,PAYPAL,MERCH_0008,USD,31.95,1.61,30.34,2,2026-01-20,SETTLED
SETTLE_005964,PAYPAL,MERCH_0033,INR,799.00,11.59,787.41,1,2026-01-18,SETTLED
SETTLE_005965,STRIPE,MERCH_0066,USD,24.75,1.02,23.73,1,2026-01-26,SETTLED
SETTLE_005966,STRIPE,MERCH_0075,INR,15250.00,0.00,15250.00,1,2026-03-29,SETTLED
SETTLE_005967,CHECKOUT_COM,MERCH_0016,USD,580.00,13.54,566.46,1,2026-03-24,SETTLED
SETTLE_005968,ADYEN,MERCH_0044,USD,440.75,9.38,431.37,1,2026-01-21,SETTLED
SETTLE_005969,STRIPE,MERCH_0059,USD,152.49,1.47,151.02,1,2026-03-19,SETTLED
SETTLE_005970,ADYEN,MERCH_0028,USD,401.00,4.91,396.09,1,2026-03-11,SETTLED
SETTLE_005971,PAYPAL,MERCH_0051,EUR,4999.00,61.99,4937.01,1,2026-03-20,SETTLED
SETTLE_005972,STRIPE,MERCH_0022,INR,999.00,22.98,976.02,1,2026-03-29,SETTLED
SETTLE_005973,STRIPE,MERCH_0022,INR,799.00,18.98,780.02,1,2026-03-24,SETTLED
SETTLE_005974,STRIPE,MERCH_0082,USD,53.50,1.85,51.65,1,2026-02-16,SETTLED
SETTLE_005975,STRIPE,MERCH_0011,GBP,351.75,6.88,344.87,1,2026-01-02,SETTLED
SETTLE_005977,STRIPE,MERCH_0098,CAD,33.00,1.26,31.74,1,2026-01-08,SETTLED
SETTLE_005978,ADYEN,MERCH_0014,USD,26.75,0.68,26.07,1,2026-02-24,SETTLED
SETTLE_005980,ADYEN,MERCH_0088,USD,108.80,1.41,107.39,1,2026-02-27,SETTLED
SETTLE_005981,STRIPE,MERCH_0007,GBP,42.99,1.02,41.97,1,2026-03-24,SETTLED
SETTLE_005982,STRIPE,MERCH_0029,INR,1499.00,32.98,1466.02,1,2026-01-28,SETTLED
SETTLE_005983,ADYEN,MERCH_0030,GBP,2345.50,35.28,2310.22,1,2026-03-03,SETTLED
SETTLE_005984,PAYPAL,MERCH_0098,GBP,73.50,2.43,71.07,1,2026-03-18,SETTLED
SETTLE_005985,CHECKOUT_COM,MERCH_0099,GBP,27.49,0.64,26.85,1,2026-02-24,SETTLED
SETTLE_005986,ADYEN,MERCH_0047,USD,335.49,7.17,328.32,1,2026-03-03,SETTLED
SETTLE_005987,CHECKOUT_COM,MERCH_0076,EUR,62.95,1.25,61.70,1,2026-02-25,SETTLED
SETTLE_005988,STRIPE,MERCH_0066,GBP,79.95,1.72,78.23,1,2026-01-27,SETTLED
SETTLE_005989,ADYEN,MERCH_0024,CAD,21.50,0.36,21.14,1,2026-03-18,SETTLED
SETTLE_005990,ADYEN,MERCH_0091,EUR,496.99,7.07,489.92,1,2026-03-26,SETTLED
SETTLE_005991,STRIPE,MERCH_0016,USD,122.75,3.86,118.89,1,2026-02-16,SETTLED
SETTLE_005992,STRIPE,MERCH_0036,INR,9999.00,202.98,9796.02,1,2026-03-20,SETTLED
SETTLE_005993,STRIPE,MERCH_0055,INR,15000.00,303.00,14697.00,1,2026-01-09,SETTLED
SETTLE_005994,STRIPE,MERCH_0035,GBP,67.25,1.48,65.77,1,2026-02-13,SETTLED
SETTLE_005995,ADYEN,MERCH_0030,EUR,1192.49,16.80,1175.69,1,2026-03-07,SETTLED
SETTLE_005996,STRIPE,MERCH_0077,USD,352.99,5.54,347.45,1,2026-02-16,SETTLED
SETTLE_005997,ADYEN,MERCH_0029,GBP,2692.95,40.49,2652.46,1,2026-01-07,SETTLED
SETTLE_005998,STRIPE,MERCH_0001,USD,134.50,1.33,133.17,1,2026-03-15,SETTLED
SETTLE_005999,ADYEN,MERCH_0014,USD,1244.00,26.24,1217.76,1,2026-02-12,SETTLED
SETTLE_006000,STRIPE,MERCH_0073,USD,53.49,4.80,48.69,1,2026-01-03,SETTLED
SETTLE_006001,STRIPE,MERCH_0010,INR,799.00,0.00,799.00,1,2026-01-19,SETTLED
SETTLE_006002,STRIPE,MERCH_0072,EUR,401.80,15.38,386.42,1,2026-03-19,SETTLED
SETTLE_006003,STRIPE,MERCH_0057,EUR,497.75,2.69,495.06,1,2026-03-25,SETTLED
SETTLE_006004,CHECKOUT_COM,MERCH_0075,GBP,75.25,1.50,73.75,1,2026-03-09,SETTLED
SETTLE_006005,CHECKOUT_COM,MERCH_0015,CAD,370.80,10.62,360.18,1,2026-03-18,SETTLED
SETTLE_006006,PAYPAL,MERCH_0026,GBP,71.80,2.38,69.42,1,2026-02-17,SETTLED
SETTLE_006007,STRIPE,MERCH_0050,INR,499.00,20.48,478.52,1,2026-01-12,SETTLED
SETTLE_006008,ADYEN,MERCH_0007,EUR,37.50,0.28,37.22,1,2026-03-10,SETTLED
SETTLE_006009,ADYEN,MERCH_0081,USD,50.25,0.70,49.55,1,2026-03-29,SETTLED
SETTLE_006010,STRIPE,MERCH_0077,EUR,180.75,1.10,179.65,1,2026-03-13,SETTLED
SETTLE_006011,ADYEN,MERCH_0045,USD,2051.95,24.72,2027.23,1,2026-01-16,SETTLED
SETTLE_006012,STRIPE,MERCH_0040,EUR,63.99,0.52,63.47,1,2026-02-23,SETTLED
SETTLE_006013,STRIPE,MERCH_0045,CAD,157.95,4.88,153.07,1,2026-01-08,SETTLED
SETTLE_006014,STRIPE,MERCH_0037,EUR,32.75,0.36,32.39,1,2026-01-29,SETTLED
SETTLE_006015,PAYPAL,MERCH_0083,EUR,33.80,1.47,32.33,1,2026-01-29,SETTLED
SETTLE_006016,STRIPE,MERCH_0031,GBP,23.50,0.65,22.85,1,2026-02-01,SETTLED
SETTLE_006017,STRIPE,MERCH_0087,USD,51.00,1.02,49.98,1,2026-02-15,SETTLED
SETTLE_006018,STRIPE,MERCH_0016,USD,1321.95,20.08,1301.87,1,2026-01-18,SETTLED
SETTLE_006019,STRIPE,MERCH_0045,USD,118.80,1.20,117.60,1,2026-01-13,SETTLED
SETTLE_006020,CHECKOUT_COM,MERCH_0031,GBP,64.25,1.31,62.94,1,2026-02-25,SETTLED
SETTLE_006021,ADYEN,MERCH_0074,GBP,314.50,4.82,309.68,1,2026-01-02,SETTLED
SETTLE_006022,CHECKOUT_COM,MERCH_0072,EUR,156.49,2.84,153.65,1,2026-02-22,SETTLED
SETTLE_006023,STRIPE,MERCH_0099,EUR,30.75,0.83,29.92,1,2026-01-20,SETTLED
SETTLE_006024,ADYEN,MERCH_0093,USD,2815.80,59.25,2756.55,1,2026-02-02,SETTLED
SETTLE_006025,STRIPE,MERCH_0075,USD,41.00,0.58,40.42,1,2026-03-02,SETTLED
SETTLE_006026,STRIPE,MERCH_0010,USD,489.50,14.50,475.00,1,2026-02-03,SETTLED
SETTLE_006027,STRIPE,MERCH_0001,USD,516.99,15.29,501.70,1,2026-01-22,SETTLED
SETTLE_006028,STRIPE,MERCH_0050,EUR,59.25,0.50,58.75,1,2026-03-15,SETTLED
SETTLE_006029,CHECKOUT_COM,MERCH_0063,GBP,54.99,1.14,53.85,1,2026-01-06,SETTLED
SETTLE_006030,STRIPE,MERCH_0041,GBP,440.75,11.07,429.68,1,2026-03-06,SETTLED
SETTLE_006031,ADYEN,MERCH_0069,EUR,605.49,2.27,603.22,2,2026-03-25,SETTLED
SETTLE_006032,STRIPE,MERCH_0007,CAD,60.49,2.05,58.44,1,2026-02-09,SETTLED
SETTLE_006033,ADYEN,MERCH_0001,GBP,70.80,1.16,69.64,2,2026-02-21,SETTLED
SETTLE_006034,STRIPE,MERCH_0014,GBP,28.00,0.73,27.27,1,2026-03-01,SETTLED
SETTLE_006035,ADYEN,MERCH_0088,EUR,604.00,8.57,595.43,1,2026-02-25,SETTLED
SETTLE_006036,STRIPE,MERCH_0086,INR,10249.00,0.00,10249.00,1,2026-04-01,SETTLED
SETTLE_006037,STRIPE,MERCH_0005,INR,799.00,18.98,780.02,1,2026-03-30,SETTLED
SETTLE_006038,CHECKOUT_COM,MERCH_0031,USD,78.99,2.02,76.97,1,2026-01-22,SETTLED
SETTLE_006039,PAYPAL,MERCH_0017,GBP,3230.49,93.98,3136.51,1,2026-01-05,SETTLED
SETTLE_006040,CHECKOUT_COM,MERCH_0079,USD,557.80,13.03,544.77,1,2026-02-06,SETTLED
SETTLE_006041,STRIPE,MERCH_0002,INR,9999.00,0.00,9999.00,1,2026-03-04,SETTLED
SETTLE_006042,CHECKOUT_COM,MERCH_0055,GBP,54.25,6.13,48.12,1,2026-02-26,SETTLED
SETTLE_006043,CHECKOUT_COM,MERCH_0056,EUR,42.99,0.91,42.08,1,2026-02-26,SETTLED
SETTLE_006044,STRIPE,MERCH_0027,USD,41.49,1.50,39.99,1,2026-02-23,SETTLED
SETTLE_006045,PAYPAL,MERCH_0069,INR,1499.00,19.99,1479.01,1,2026-02-07,SETTLED
SETTLE_006046,STRIPE,MERCH_0043,USD,910.95,7.54,903.41,1,2026-02-09,SETTLED
SETTLE_006047,CHECKOUT_COM,MERCH_0050,CAD,60.75,1.68,59.07,1,2026-01-11,SETTLED
SETTLE_006048,STRIPE,MERCH_0083,INR,9999.00,0.00,9999.00,1,2026-01-16,SETTLED
SETTLE_006049,PAYPAL,MERCH_0098,USD,15.00,1.01,13.99,1,2026-02-03,SETTLED
SETTLE_006050,CHECKOUT_COM,MERCH_0094,CAD,602.49,14.68,587.81,1,2026-02-27,SETTLED
SETTLE_006051,ADYEN,MERCH_0047,USD,38.75,0.93,37.82,1,2026-03-12,SETTLED
SETTLE_006052,PAYPAL,MERCH_0072,USD,56.49,2.46,54.03,1,2026-03-16,SETTLED
SETTLE_006053,ADYEN,MERCH_0056,EUR,20.99,0.22,20.77,1,2026-02-23,SETTLED
SETTLE_006054,PAYPAL,MERCH_0010,GBP,553.99,16.37,537.62,1,2026-01-20,SETTLED
SETTLE_006055,STRIPE,MERCH_0034,EUR,99.95,0.70,99.25,1,2026-01-16,SETTLED
SETTLE_006056,PAYPAL,MERCH_0042,EUR,404.75,13.34,391.41,1,2026-01-22,SETTLED
SETTLE_006057,ADYEN,MERCH_0006,EUR,464.50,1.78,462.72,1,2026-03-07,SETTLED
SETTLE_006058,ADYEN,MERCH_0098,USD,450.75,5.51,445.24,1,2026-03-25,SETTLED
SETTLE_006060,STRIPE,MERCH_0061,INR,499.00,12.98,486.02,1,2026-02-09,SETTLED
SETTLE_006061,CHECKOUT_COM,MERCH_0060,GBP,53.49,1.11,52.38,1,2026-03-13,SETTLED
SETTLE_006062,CHECKOUT_COM,MERCH_0020,GBP,17.95,0.47,17.48,1,2026-01-12,SETTLED
SETTLE_006063,CHECKOUT_COM,MERCH_0066,USD,1518.75,35.13,1483.62,1,2026-02-02,SETTLED
SETTLE_006064,STRIPE,MERCH_0081,USD,286.99,4.55,282.44,1,2026-01-31,SETTLED
SETTLE_006065,ADYEN,MERCH_0036,INR,507.00,7.21,499.79,1,2026-02-24,SETTLED
SETTLE_006066,ADYEN,MERCH_0080,EUR,31.99,0.56,31.43,1,2026-02-08,SETTLED
SETTLE_006067,STRIPE,MERCH_0042,EUR,36.75,0.95,35.80,1,2026-02-23,SETTLED
SETTLE_006068,STRIPE,MERCH_0004,USD,603.80,5.08,598.72,2,2026-03-01,SETTLED
SETTLE_006069,ADYEN,MERCH_0060,EUR,20.50,0.22,20.28,1,2026-01-03,SETTLED
SETTLE_006070,CHECKOUT_COM,MERCH_0060,GBP,1379.00,24.97,1354.03,1,2026-03-21,SETTLED
SETTLE_006071,STRIPE,MERCH_0090,INR,299.00,0.00,299.00,1,2026-03-05,SETTLED
SETTLE_006072,PAYPAL,MERCH_0007,EUR,1190.25,38.48,1151.77,1,2026-02-19,SETTLED
SETTLE_006073,CHECKOUT_COM,MERCH_0021,CAD,25.50,0.83,24.67,1,2026-02-28,SETTLED
SETTLE_006074,PAYPAL,MERCH_0015,INR,15000.00,182.00,14818.00,1,2026-01-17,SETTLED
SETTLE_006075,STRIPE,MERCH_0011,USD,51.75,1.80,49.95,1,2026-02-18,SETTLED
SETTLE_006076,STRIPE,MERCH_0041,EUR,428.80,2.34,426.46,1,2026-03-21,SETTLED
SETTLE_006077,STRIPE,MERCH_0036,INR,2499.00,0.00,2499.00,1,2026-02-28,SETTLED
SETTLE_006078,PAYPAL,MERCH_0079,GBP,35.25,1.32,33.93,1,2026-02-19,SETTLED
SETTLE_006079,STRIPE,MERCH_0082,USD,68.50,2.29,66.21,1,2026-03-19,SETTLED
SETTLE_006080,ADYEN,MERCH_0028,USD,292.50,3.61,288.89,1,2026-01-29,SETTLED
SETTLE_006081,STRIPE,MERCH_0041,INR,2499.00,52.98,2446.02,1,2026-03-24,SETTLED
SETTLE_006082,STRIPE,MERCH_0016,GBP,125.00,2.58,122.42,1,2026-02-11,SETTLED
SETTLE_006083,PAYPAL,MERCH_0007,GBP,385.25,11.47,373.78,1,2026-03-16,SETTLED
SETTLE_006084,CHECKOUT_COM,MERCH_0098,EUR,58.00,4.92,53.08,1,2026-01-03,SETTLED
SETTLE_006085,STRIPE,MERCH_0063,EUR,186.25,3.79,182.46,1,2026-01-17,SETTLED
SETTLE_006086,STRIPE,MERCH_0015,USD,21.95,0.94,21.01,1,2026-03-14,SETTLED
SETTLE_006087,ADYEN,MERCH_0019,USD,594.00,12.59,581.41,1,2026-01-16,SETTLED
SETTLE_006088,CHECKOUT_COM,MERCH_0085,CAD,720.80,17.52,703.28,1,2026-03-27,SETTLED
SETTLE_006089,STRIPE,MERCH_0012,EUR,1121.00,5.81,1115.19,1,2026-01-06,SETTLED
SETTLE_006090,ADYEN,MERCH_0024,CAD,35.75,0.64,35.11,1,2026-03-28,SETTLED
SETTLE_006091,ADYEN,MERCH_0058,USD,855.80,18.09,837.71,1,2026-02-02,SETTLED
SETTLE_006092,CHECKOUT_COM,MERCH_0080,USD,3439.80,79.32,3360.48,2,2026-02-28,SETTLED
SETTLE_006093,ADYEN,MERCH_0065,INR,35.50,0.87,34.63,1,2026-02-19,SETTLED
SETTLE_006094,ADYEN,MERCH_0002,USD,1375.50,16.61,1358.89,1,2026-01-31,SETTLED
SETTLE_006095,STRIPE,MERCH_0018,EUR,416.80,8.17,408.63,1,2026-01-27,SETTLED
SETTLE_006096,ADYEN,MERCH_0010,GBP,118.25,1.87,116.38,1,2026-01-31,SETTLED
SETTLE_006097,STRIPE,MERCH_0084,INR,999.00,22.98,976.02,1,2026-01-23,SETTLED
SETTLE_006098,CHECKOUT_COM,MERCH_0019,USD,61.75,1.62,60.13,1,2026-03-09,SETTLED
SETTLE_006099,CHECKOUT_COM,MERCH_0088,CAD,1.25,0.25,1.00,1,2026-01-25,SETTLED
SETTLE_006100,STRIPE,MERCH_0065,USD,362.75,5.69,357.06,1,2026-01-20,SETTLED
SETTLE_006101,CHECKOUT_COM,MERCH_0046,EUR,57.99,1.17,56.82,1,2026-03-16,SETTLED
SETTLE_006102,PAYPAL,MERCH_0021,USD,641.49,22.88,618.61,1,2026-03-02,SETTLED
SETTLE_006103,STRIPE,MERCH_0011,USD,619.49,18.27,601.22,1,2026-02-16,SETTLED
SETTLE_006104,CHECKOUT_COM,MERCH_0076,EUR,2948.99,50.31,2898.68,1,2026-02-10,SETTLED
SETTLE_006105,ADYEN,MERCH_0011,USD,59.95,1.38,58.57,1,2026-02-18,SETTLED
SETTLE_006106,PAYPAL,MERCH_0062,EUR,24.50,1.17,23.33,1,2026-03-27,SETTLED
SETTLE_006107,PAYPAL,MERCH_0013,INR,1999.00,25.99,1973.01,1,2026-03-03,SETTLED
SETTLE_006108,ADYEN,MERCH_0025,EUR,72.95,0.41,72.54,1,2026-01-18,SETTLED
SETTLE_006109,ADYEN,MERCH_0014,GBP,104.99,1.67,103.32,1,2026-01-28,SETTLED
SETTLE_006110,PAYPAL,MERCH_0036,GBP,324.50,9.71,314.79,1,2026-01-08,SETTLED
SETTLE_006111,PAYPAL,MERCH_0058,USD,310.50,11.33,299.17,1,2026-02-26,SETTLED
SETTLE_006112,PAYPAL,MERCH_0009,INR,15000.00,182.00,14818.00,1,2026-03-23,SETTLED
SETTLE_006113,ADYEN,MERCH_0093,EUR,421.95,6.02,415.93,1,2026-01-11,SETTLED
SETTLE_006115,STRIPE,MERCH_0045,CAD,768.95,22.60,746.35,1,2026-01-04,SETTLED
SETTLE_006116,ADYEN,MERCH_0035,USD,1245.75,26.28,1219.47,1,2026-02-07,SETTLED
SETTLE_006117,STRIPE,MERCH_0072,EUR,402.80,7.90,394.90,1,2026-01-20,SETTLED
SETTLE_006118,ADYEN,MERCH_0066,EUR,34.99,0.27,34.72,2,2026-03-06,SETTLED
SETTLE_006119,ADYEN,MERCH_0077,USD,132.50,2.90,129.60,1,2026-02-15,SETTLED
SETTLE_006120,CHECKOUT_COM,MERCH_0016,CAD,28.49,0.90,27.59,1,2026-01-15,SETTLED
SETTLE_006121,PAYPAL,MERCH_0092,GBP,53.80,1.86,51.94,2,2026-02-24,SETTLED
SETTLE_006122,STRIPE,MERCH_0094,USD,2965.80,44.74,2921.06,1,2026-01-14,SETTLED
SETTLE_006123,STRIPE,MERCH_0030,EUR,147.99,0.94,147.05,1,2026-02-12,SETTLED
SETTLE_006124,CHECKOUT_COM,MERCH_0085,EUR,66.95,1.32,65.63,1,2026-02-13,SETTLED
SETTLE_006125,PAYPAL,MERCH_0071,GBP,400.95,11.93,389.02,1,2026-02-23,SETTLED
SETTLE_006126,ADYEN,MERCH_0035,EUR,1560.95,5.61,1555.34,1,2026-02-20,SETTLED
SETTLE_006127,STRIPE,MERCH_0054,GBP,2377.80,45.38,2332.42,1,2026-03-29,SETTLED
SETTLE_006128,CHECKOUT_COM,MERCH_0012,GBP,1013.75,18.40,995.35,1,2026-03-23,SETTLED
SETTLE_006129,ADYEN,MERCH_0067,EUR,58.75,0.36,58.39,1,2026-01-04,SETTLED
SETTLE_006130,ADYEN,MERCH_0009,EUR,648.25,9.19,639.06,1,2026-01-30,SETTLED
SETTLE_006131,ADYEN,MERCH_0039,EUR,613.50,8.70,604.80,1,2026-01-22,SETTLED
SETTLE_006132,STRIPE,MERCH_0045,CAD,37.25,1.38,35.87,1,2026-03-20,SETTLED
SETTLE_006133,STRIPE,MERCH_0013,INR,4999.00,0.00,4999.00,1,2026-03-04,SETTLED
SETTLE_006134,STRIPE,MERCH_0045,EUR,88.50,1.93,86.57,1,2026-02-16,SETTLED
SETTLE_006135,STRIPE,MERCH_0005,EUR,3419.49,65.22,3354.27,1,2026-02-12,SETTLED
SETTLE_006136,ADYEN,MERCH_0020,USD,39.00,0.94,38.06,1,2026-03-18,SETTLED
SETTLE_006137,ADYEN,MERCH_0081,EUR,42.25,0.70,41.55,1,2026-03-09,SETTLED
SETTLE_006138,STRIPE,MERCH_0051,EUR,70.99,1.60,69.39,1,2026-03-25,SETTLED
SETTLE_006139,PAYPAL,MERCH_0086,GBP,1127.99,33.01,1094.98,1,2026-02-17,SETTLED
SETTLE_006140,STRIPE,MERCH_0018,INR,1999.00,0.00,1999.00,1,2026-02-25,SETTLED
SETTLE_006141,CHECKOUT_COM,MERCH_0044,USD,449.25,10.53,438.72,1,2026-01-11,SETTLED
SETTLE_006142,CHECKOUT_COM,MERCH_0067,USD,2571.80,59.35,2512.45,1,2026-03-15,SETTLED
SETTLE_006143,STRIPE,MERCH_0018,USD,18.95,0.40,18.55,1,2026-02-15,SETTLED
SETTLE_006144,STRIPE,MERCH_0070,INR,499.00,15.48,483.52,1,2026-02-17,SETTLED
SETTLE_006145,STRIPE,MERCH_0047,EUR,21.25,0.65,20.60,1,2026-03-31,SETTLED
SETTLE_006146,PAYPAL,MERCH_0068,INR,1499.00,19.99,1479.01,1,2026-03-18,SETTLED
SETTLE_006147,ADYEN,MERCH_0084,EUR,332.95,4.77,328.18,1,2026-01-13,SETTLED
SETTLE_006148,PAYPAL,MERCH_0019,USD,74.00,5.57,68.43,1,2026-02-12,SETTLED
SETTLE_006149,STRIPE,MERCH_0060,EUR,67.75,1.54,66.21,1,2026-03-09,SETTLED
SETTLE_006150,STRIPE,MERCH_0053,GBP,137.25,2.81,134.44,1,2026-02-13,SETTLED
SETTLE_006152,STRIPE,MERCH_0038,USD,108.75,1.88,106.87,1,2026-02-11,SETTLED
SETTLE_006153,CHECKOUT_COM,MERCH_0002,USD,75.95,1.95,74.00,1,2026-02-27,SETTLED
SETTLE_006154,PAYPAL,MERCH_0035,EUR,58.50,2.26,56.24,1,2026-03-24,SETTLED
SETTLE_006155,ADYEN,MERCH_0073,GBP,37.00,0.65,36.35,1,2026-02-01,SETTLED
SETTLE_006156,STRIPE,MERCH_0050,USD,2182.80,17.71,2165.09,1,2026-01-21,SETTLED
SETTLE_006157,STRIPE,MERCH_0088,EUR,30.75,0.35,30.40,1,2026-01-27,SETTLED
SETTLE_006158,STRIPE,MERCH_0082,INR,1999.00,42.98,1956.02,1,2026-01-04,SETTLED
SETTLE_006159,PAYPAL,MERCH_0062,EUR,28.49,1.30,27.19,1,2026-01-24,SETTLED
SETTLE_006160,ADYEN,MERCH_0031,EUR,1012.25,3.69,1008.56,2,2026-02-18,SETTLED
SETTLE_006161,STRIPE,MERCH_0016,EUR,56.99,0.48,56.51,2,2026-01-17,SETTLED
SETTLE_006162,PAYPAL,MERCH_0023,GBP,313.00,9.38,303.62,1,2026-02-13,SETTLED
SETTLE_006163,STRIPE,MERCH_0045,USD,46.25,0.94,45.31,1,2026-01-19,SETTLED
SETTLE_006164,PAYPAL,MERCH_0091,USD,300.95,10.99,289.96,1,2026-02-24,SETTLED
SETTLE_006165,CHECKOUT_COM,MERCH_0059,CAD,59.50,1.65,57.85,1,2026-01-22,SETTLED
SETTLE_006167,PAYPAL,MERCH_0013,INR,4999.00,61.99,4937.01,1,2026-01-23,SETTLED
SETTLE_006168,PAYPAL,MERCH_0009,GBP,90.25,2.92,87.33,1,2026-01-27,SETTLED
SETTLE_006169,CHECKOUT_COM,MERCH_0039,GBP,937.49,17.02,920.47,1,2026-02-14,SETTLED
SETTLE_006170,ADYEN,MERCH_0054,GBP,62.75,1.04,61.71,1,2026-03-28,SETTLED
SETTLE_006171,PAYPAL,MERCH_0060,USD,72.99,3.04,69.95,1,2026-01-24,SETTLED
SETTLE_006172,STRIPE,MERCH_0016,EUR,3099.25,59.14,3040.11,1,2026-02-18,SETTLED
SETTLE_006173,CHECKOUT_COM,MERCH_0100,GBP,31.49,0.72,30.77,1,2026-02-01,SETTLED
SETTLE_006174,ADYEN,MERCH_0086,EUR,36.00,0.28,35.72,1,2026-02-01,SETTLED
SETTLE_006175,STRIPE,MERCH_0068,EUR,59.80,0.50,59.30,1,2026-02-26,SETTLED
SETTLE_006176,PAYPAL,MERCH_0027,USD,3106.80,108.92,2997.88,1,2026-03-12,SETTLED
SETTLE_006177,ADYEN,MERCH_0064,USD,509.49,10.82,498.67,1,2026-03-04,SETTLED
SETTLE_006178,PAYPAL,MERCH_0039,INR,3999.00,49.99,3949.01,1,2026-02-28,SETTLED
SETTLE_006179,ADYEN,MERCH_0021,USD,48.49,1.14,47.35,1,2026-01-08,SETTLED
SETTLE_006180,STRIPE,MERCH_0076,USD,284.75,2.53,282.22,1,2026-01-26,SETTLED
SETTLE_006181,STRIPE,MERCH_0042,INR,3999.00,1.50,3997.50,1,2026-03-15,SETTLED
SETTLE_006182,CHECKOUT_COM,MERCH_0051,GBP,188.99,3.55,185.44,1,2026-03-21,SETTLED
SETTLE_006183,STRIPE,MERCH_0036,INR,999.00,0.00,999.00,1,2026-03-15,SETTLED
SETTLE_006184,CHECKOUT_COM,MERCH_0015,GBP,133.00,2.54,130.46,1,2026-03-31,SETTLED
SETTLE_006185,STRIPE,MERCH_0083,USD,163.49,1.56,161.93,1,2026-01-16,SETTLED
SETTLE_006186,PAYPAL,MERCH_0097,INR,2499.00,31.99,2467.01,1,2026-01-09,SETTLED
SETTLE_006187,ADYEN,MERCH_0078,USD,169.25,2.13,167.12,1,2026-02-19,SETTLED
SETTLE_006188,STRIPE,MERCH_0044,GBP,346.75,6.79,339.96,1,2026-03-24,SETTLED
SETTLE_006189,ADYEN,MERCH_0100,EUR,76.25,1.18,75.07,1,2026-01-22,SETTLED
SETTLE_006190,PAYPAL,MERCH_0057,EUR,511.75,16.77,494.98,1,2026-03-30,SETTLED
SETTLE_006191,STRIPE,MERCH_0070,EUR,1608.95,8.24,1600.71,1,2026-03-11,SETTLED
SETTLE_006192,PAYPAL,MERCH_0086,INR,299.00,5.59,293.41,1,2026-03-23,SETTLED
SETTLE_006193,CHECKOUT_COM,MERCH_0019,EUR,241.99,4.29,237.70,1,2026-03-15,SETTLED
SETTLE_006194,STRIPE,MERCH_0056,EUR,85.95,1.88,84.07,1,2026-01-27,SETTLED
SETTLE_006195,STRIPE,MERCH_0072,USD,36.75,1.37,35.38,1,2026-01-26,SETTLED
SETTLE_006196,ADYEN,MERCH_0050,EUR,104.25,1.57,102.68,1,2026-01-31,SETTLED
SETTLE_006197,CHECKOUT_COM,MERCH_0055,GBP,1826.00,33.02,1792.98,1,2026-02-01,SETTLED
SETTLE_006198,ADYEN,MERCH_0039,EUR,27.49,0.49,27.00,1,2026-02-10,SETTLED
SETTLE_006199,CHECKOUT_COM,MERCH_0002,CAD,1788.75,43.15,1745.60,1,2026-02-22,SETTLED
SETTLE_006200,STRIPE,MERCH_0043,USD,36.80,0.80,36.00,1,2026-03-16,SETTLED
SETTLE_006201,CHECKOUT_COM,MERCH_0003,EUR,21.95,0.55,21.40,1,2026-03-12,SETTLED
SETTLE_006202,STRIPE,MERCH_0061,EUR,1499.00,32.98,1466.02,1,2026-01-07,SETTLED
SETTLE_006203,PAYPAL,MERCH_0052,INR,4999.00,61.99,4937.01,1,2026-02-10,SETTLED
SETTLE_006204,ADYEN,MERCH_0038,USD,1419.25,17.13,1402.12,1,2026-03-27,SETTLED
SETTLE_006205,STRIPE,MERCH_0026,EUR,73.25,0.57,72.68,1,2026-02-02,SETTLED
SETTLE_006206,STRIPE,MERCH_0041,USD,62.00,4.60,57.40,1,2026-01-13,SETTLED
SETTLE_006207,CHECKOUT_COM,MERCH_0048,EUR,119.95,2.22,117.73,1,2026-01-25,SETTLED
SETTLE_006208,PAYPAL,MERCH_0067,GBP,615.00,18.13,596.87,1,2026-03-26,SETTLED
SETTLE_006209,STRIPE,MERCH_0068,EUR,22.50,0.31,22.19,1,2026-03-20,SETTLED
SETTLE_006210,STRIPE,MERCH_0030,EUR,32.50,0.36,32.14,1,2026-01-19,SETTLED
SETTLE_006211,CHECKOUT_COM,MERCH_0019,CAD,25.75,0.84,24.91,1,2026-03-03,SETTLED
SETTLE_006212,ADYEN,MERCH_0084,GBP,358.49,5.48,353.01,1,2026-03-13,SETTLED
SETTLE_006213,STRIPE,MERCH_0026,CAD,572.95,16.92,556.03,1,2026-01-15,SETTLED
SETTLE_006214,PAYPAL,MERCH_0030,USD,206.00,7.68,198.32,1,2026-03-05,SETTLED
SETTLE_006215,STRIPE,MERCH_0028,INR,999.00,0.00,999.00,2,2026-02-18,SETTLED
SETTLE_006216,CHECKOUT_COM,MERCH_0031,GBP,2127.49,39.94,2087.55,1,2026-01-10,SETTLED
SETTLE_006217,CHECKOUT_COM,MERCH_0008,CAD,2046.25,49.33,1996.92,1,2026-01-11,SETTLED
SETTLE_006218,ADYEN,MERCH_0047,GBP,171.75,2.68,169.07,1,2026-02-17,SETTLED
SETTLE_006219,STRIPE,MERCH_0039,INR,999.00,22.98,976.02,1,2026-03-04,SETTLED
SETTLE_006220,ADYEN,MERCH_0076,EUR,266.75,3.84,262.91,1,2026-03-13,SETTLED
SETTLE_006221,ADYEN,MERCH_0001,USD,37.50,0.91,36.59,1,2026-03-12,SETTLED
SETTLE_006222,STRIPE,MERCH_0080,USD,169.80,2.80,167.00,1,2026-02-16,SETTLED
SETTLE_006223,STRIPE,MERCH_0096,INR,999.00,22.98,976.02,2,2026-03-11,SETTLED
SETTLE_006224,CHECKOUT_COM,MERCH_0029,EUR,70.95,1.39,69.56,1,2026-03-10,SETTLED
SETTLE_006225,ADYEN,MERCH_0050,USD,1031.49,21.78,1009.71,1,2026-03-11,SETTLED
SETTLE_006226,STRIPE,MERCH_0075,GBP,1580.50,30.23,1550.27,1,2026-04-01,SETTLED
SETTLE_006227,STRIPE,MERCH_0028,USD,550.25,8.50,541.75,1,2026-02-12,SETTLED
SETTLE_006228,STRIPE,MERCH_0013,USD,22.80,0.96,21.84,1,2026-03-04,SETTLED
SETTLE_006229,PAYPAL,MERCH_0089,INR,15000.00,182.00,14818.00,1,2026-02-27,SETTLED
SETTLE_006230,STRIPE,MERCH_0092,INR,999.00,22.98,976.02,1,2026-02-25,SETTLED
SETTLE_006231,STRIPE,MERCH_0091,CAD,68.00,1.49,66.51,1,2026-02-02,SETTLED
SETTLE_006232,PAYPAL,MERCH_0085,USD,3420.75,119.87,3300.88,1,2026-03-20,SETTLED
SETTLE_006233,STRIPE,MERCH_0035,GBP,67.25,1.48,65.77,1,2026-03-27,SETTLED
SETTLE_006234,CHECKOUT_COM,MERCH_0005,USD,36.25,1.03,35.22,1,2026-02-01,SETTLED
SETTLE_006235,CHECKOUT_COM,MERCH_0095,GBP,1436.49,26.01,1410.48,1,2026-01-19,SETTLED
SETTLE_006236,CHECKOUT_COM,MERCH_0051,EUR,241.50,4.29,237.21,1,2026-01-08,SETTLED
SETTLE_006237,ADYEN,MERCH_0056,EUR,31.25,0.26,30.99,1,2026-02-25,SETTLED
SETTLE_006238,STRIPE,MERCH_0007,USD,383.95,7.50,376.45,1,2026-03-12,SETTLED
SETTLE_006239,PAYPAL,MERCH_0054,INR,499.00,7.99,491.01,1,2026-03-07,SETTLED
SETTLE_006240,CHECKOUT_COM,MERCH_0039,USD,34.00,0.98,33.02,1,2026-01-27,SETTLED
SETTLE_006241,CHECKOUT_COM,MERCH_0039,CAD,49.25,1.40,47.85,1,2026-03-15,SETTLED
SETTLE_006242,STRIPE,MERCH_0050,EUR,56.99,1.33,55.66,1,2026-01-31,SETTLED
SETTLE_006243,STRIPE,MERCH_0002,USD,1018.50,15.53,1002.97,1,2026-03-16,SETTLED
SETTLE_006244,STRIPE,MERCH_0023,USD,590.95,17.44,573.51,1,2026-01-29,SETTLED
SETTLE_006245,STRIPE,MERCH_0011,INR,1999.00,42.98,1956.02,1,2026-01-15,SETTLED
SETTLE_006246,PAYPAL,MERCH_0040,USD,1514.49,53.35,1461.14,1,2026-01-15,SETTLED
SETTLE_006247,STRIPE,MERCH_0076,EUR,2333.49,44.59,2288.90,1,2026-03-20,SETTLED
SETTLE_006248,ADYEN,MERCH_0028,USD,79.49,1.05,78.44,1,2026-02-07,SETTLED
SETTLE_006249,CHECKOUT_COM,MERCH_0088,CAD,89.75,2.37,87.38,1,2026-02-02,SETTLED
SETTLE_006250,ADYEN,MERCH_0049,USD,319.00,3.93,315.07,1,2026-03-24,SETTLED
SETTLE_006252,STRIPE,MERCH_0025,INR,999.00,0.00,999.00,1,2026-03-05,SETTLED
SETTLE_006253,CHECKOUT_COM,MERCH_0039,CAD,49.00,1.40,47.60,1,2026-01-23,SETTLED
SETTLE_006254,ADYEN,MERCH_0051,USD,2316.99,48.78,2268.21,1,2026-01-26,SETTLED
SETTLE_006255,CHECKOUT_COM,MERCH_0077,CAD,193.99,4.88,189.11,1,2026-02-10,SETTLED
SETTLE_006256,STRIPE,MERCH_0068,USD,1578.25,23.92,1554.33,1,2026-02-12,SETTLED
SETTLE_006257,ADYEN,MERCH_0084,USD,425.99,9.07,416.92,1,2026-02-04,SETTLED
SETTLE_006258,STRIPE,MERCH_0029,USD,54.95,0.69,54.26,1,2026-02-11,SETTLED
SETTLE_006259,STRIPE,MERCH_0046,INR,499.00,0.00,499.00,1,2026-01-08,SETTLED
SETTLE_006260,ADYEN,MERCH_0005,USD,185.50,4.02,181.48,1,2026-03-13,SETTLED
SETTLE_006261,STRIPE,MERCH_0096,USD,420.25,6.55,413.70,1,2026-01-12,SETTLED
SETTLE_006263,CHECKOUT_COM,MERCH_0038,GBP,404.50,7.43,397.07,1,2026-02-11,SETTLED
SETTLE_006264,STRIPE,MERCH_0020,USD,473.49,7.35,466.14,1,2026-02-07,SETTLED
SETTLE_006265,CHECKOUT_COM,MERCH_0087,EUR,2424.80,41.40,2383.40,1,2026-02-13,SETTLED
SETTLE_006266,STRIPE,MERCH_0075,INR,3999.00,82.98,3916.02,1,2026-02-10,SETTLED
SETTLE_006267,PAYPAL,MERCH_0093,INR,2499.00,31.99,2467.01,1,2026-01-12,SETTLED
SETTLE_006268,STRIPE,MERCH_0046,GBP,1581.50,30.25,1551.25,1,2026-02-03,SETTLED
SETTLE_006269,PAYPAL,MERCH_0082,INR,1999.00,25.99,1973.01,1,2026-01-21,SETTLED
SETTLE_006270,ADYEN,MERCH_0010,INR,2583.50,9.19,2574.31,1,2026-02-21,SETTLED
SETTLE_006271,ADYEN,MERCH_0086,USD,347.00,7.41,339.59,1,2026-02-03,SETTLED
SETTLE_006272,ADYEN,MERCH_0014,GBP,266.95,4.10,262.85,1,2026-01-23,SETTLED
SETTLE_006273,STRIPE,MERCH_0074,EUR,49.00,0.45,48.55,1,2026-02-15,SETTLED
SETTLE_006274,STRIPE,MERCH_0029,USD,2327.49,67.80,2259.69,2,2026-02-01,SETTLED
SETTLE_006275,STRIPE,MERCH_0066,USD,37.50,0.55,36.95,1,2026-03-08,SETTLED
SETTLE_006276,ADYEN,MERCH_0052,GBP,67.95,1.12,66.83,1,2026-02-06,SETTLED
SETTLE_006277,CHECKOUT_COM,MERCH_0037,EUR,179.80,3.24,176.56,1,2026-01-10,SETTLED
SETTLE_006278,ADYEN,MERCH_0068,EUR,425.49,1.64,423.85,1,2026-03-03,SETTLED
SETTLE_006279,ADYEN,MERCH_0072,USD,44.75,1.06,43.69,1,2026-01-27,SETTLED
SETTLE_006280,CHECKOUT_COM,MERCH_0054,USD,48.25,1.31,46.94,1,2026-01-05,SETTLED
SETTLE_006281,STRIPE,MERCH_0090,CAD,34.95,1.31,33.64,1,2026-03-05,SETTLED
SETTLE_006282,STRIPE,MERCH_0069,CAD,384.00,11.44,372.56,1,2026-01-26,SETTLED
SETTLE_006283,ADYEN,MERCH_0070,EUR,385.75,5.51,380.24,1,2026-03-28,SETTLED
SETTLE_006284,CHECKOUT_COM,MERCH_0021,USD,80.95,2.06,78.89,1,2026-03-04,SETTLED
SETTLE_006285,CHECKOUT_COM,MERCH_0038,USD,777.50,18.08,759.42,1,2026-02-23,SETTLED
SETTLE_006286,ADYEN,MERCH_0025,USD,55.50,0.77,54.73,1,2026-02-05,SETTLED
SETTLE_006287,CHECKOUT_COM,MERCH_0046,USD,23.49,0.74,22.75,1,2026-02-04,SETTLED
SETTLE_006288,STRIPE,MERCH_0020,USD,1086.95,33.32,1053.63,1,2026-03-01,SETTLED
SETTLE_006289,PAYPAL,MERCH_0027,GBP,70.99,2.36,68.63,1,2026-01-21,SETTLED
SETTLE_006290,CHECKOUT_COM,MERCH_0069,GBP,2527.99,45.65,2482.34,1,2026-02-23,SETTLED
SETTLE_006291,PAYPAL,MERCH_0028,INR,499.00,7.99,491.01,1,2026-01-03,SETTLED
SETTLE_006292,ADYEN,MERCH_0034,GBP,166.95,2.60,164.35,1,2026-01-15,SETTLED
SETTLE_006293,CHECKOUT_COM,MERCH_0016,GBP,38.99,0.85,38.14,1,2026-02-05,SETTLED
SETTLE_006294,ADYEN,MERCH_0014,EUR,3038.75,10.79,3027.96,1,2026-01-18,SETTLED
SETTLE_006295,STRIPE,MERCH_0093,INR,1499.00,0.00,1499.00,1,2026-02-26,SETTLED
SETTLE_006296,PAYPAL,MERCH_0087,INR,499.00,7.99,491.01,1,2026-02-15,SETTLED
SETTLE_006297,STRIPE,MERCH_0025,USD,646.99,9.95,637.04,1,2026-02-01,SETTLED
SETTLE_006298,PAYPAL,MERCH_0052,GBP,563.75,16.65,547.10,1,2026-01-29,SETTLED
SETTLE_006299,STRIPE,MERCH_0076,USD,1187.95,34.75,1153.20,1,2026-01-23,SETTLED
SETTLE_006300,STRIPE,MERCH_0026,USD,118.75,1.20,117.55,1,2026-01-18,SETTLED
SETTLE_006301,STRIPE,MERCH_0051,INR,2499.00,52.98,2446.02,1,2026-01-19,SETTLED
SETTLE_006302,ADYEN,MERCH_0013,USD,72.25,0.97,71.28,1,2026-02-18,SETTLED
SETTLE_006303,ADYEN,MERCH_0069,USD,387.25,8.25,379.00,1,2026-01-30,SETTLED
SETTLE_006304,ADYEN,MERCH_0037,GBP,75.00,1.23,73.77,1,2026-01-11,SETTLED
SETTLE_006305,ADYEN,MERCH_0047,EUR,862.99,3.17,859.82,1,2026-01-06,SETTLED
SETTLE_006306,STRIPE,MERCH_0061,INR,499.00,0.00,499.00,2,2026-01-13,SETTLED
SETTLE_006307,CHECKOUT_COM,MERCH_0025,CAD,583.75,14.23,569.52,1,2026-01-12,SETTLED
SETTLE_006308,STRIPE,MERCH_0008,GBP,461.80,7.18,454.62,1,2026-03-28,SETTLED
SETTLE_006309,PAYPAL,MERCH_0016,USD,313.25,11.42,301.83,1,2026-02-13,SETTLED
SETTLE_006310,STRIPE,MERCH_0056,INR,499.00,0.00,499.00,1,2026-02-11,SETTLED
SETTLE_006311,STRIPE,MERCH_0009,USD,56.99,1.95,55.04,1,2026-02-11,SETTLED
SETTLE_006312,ADYEN,MERCH_0064,EUR,1046.49,3.81,1042.68,1,2026-03-18,SETTLED
SETTLE_006313,ADYEN,MERCH_0058,USD,79.80,1.80,78.00,1,2026-01-24,SETTLED
SETTLE_006314,STRIPE,MERCH_0053,EUR,436.50,2.38,434.12,1,2026-02-07,SETTLED
SETTLE_006315,CHECKOUT_COM,MERCH_0022,GBP,2876.75,51.93,2824.82,1,2026-02-26,SETTLED
SETTLE_006316,STRIPE,MERCH_0010,INR,299.00,0.00,299.00,1,2026-02-20,SETTLED
SETTLE_006317,STRIPE,MERCH_0062,EUR,52.80,1.25,51.55,1,2026-01-13,SETTLED
SETTLE_006318,PAYPAL,MERCH_0069,GBP,196.25,5.99,190.26,1,2026-02-02,SETTLED
SETTLE_006319,STRIPE,MERCH_0060,USD,174.50,5.36,169.14,1,2026-02-08,SETTLED
SETTLE_006320,PAYPAL,MERCH_0005,INR,2499.00,31.99,2467.01,1,2026-04-01,SETTLED
SETTLE_006321,STRIPE,MERCH_0039,USD,66.50,1.25,65.25,1,2026-01-14,SETTLED
SETTLE_006322,STRIPE,MERCH_0061,EUR,61.50,0.51,60.99,1,2026-03-13,SETTLED
SETTLE_006323,STRIPE,MERCH_0100,USD,71.75,0.82,70.93,1,2026-03-16,SETTLED
SETTLE_006324,CHECKOUT_COM,MERCH_0057,GBP,45.00,0.96,44.04,1,2026-01-16,SETTLED
SETTLE_006325,PAYPAL,MERCH_0067,GBP,187.50,5.74,181.76,1,2026-02-19,SETTLED
SETTLE_006326,ADYEN,MERCH_0042,USD,38.75,0.93,37.82,1,2026-02-23,SETTLED
SETTLE_006327,STRIPE,MERCH_0089,GBP,346.50,6.78,339.72,1,2026-03-26,SETTLED
SETTLE_006328,STRIPE,MERCH_0037,GBP,60.49,1.35,59.14,1,2026-01-22,SETTLED
SETTLE_006329,PAYPAL,MERCH_0038,EUR,74.50,2.77,71.73,1,2026-03-15,SETTLED
SETTLE_006330,CHECKOUT_COM,MERCH_0093,GBP,134.95,2.58,132.37,1,2026-03-24,SETTLED
SETTLE_006331,STRIPE,MERCH_0021,CAD,462.25,13.71,448.54,1,2026-03-17,SETTLED
SETTLE_006332,STRIPE,MERCH_0009,CAD,451.95,13.41,438.54,1,2026-03-21,SETTLED
SETTLE_006333,PAYPAL,MERCH_0045,INR,9999.00,121.99,9877.01,1,2026-03-30,SETTLED
SETTLE_006334,CHECKOUT_COM,MERCH_0041,EUR,77.00,1.49,75.51,1,2026-01-21,SETTLED
SETTLE_006335,ADYEN,MERCH_0001,USD,179.00,3.88,175.12,1,2026-01-20,SETTLED
SETTLE_006336,ADYEN,MERCH_0020,EUR,194.49,5.83,188.66,1,2026-03-17,SETTLED
SETTLE_006337,CHECKOUT_COM,MERCH_0017,CAD,18.99,0.68,18.31,1,2026-02-16,SETTLED
SETTLE_006338,STRIPE,MERCH_0021,USD,401.75,11.95,389.80,1,2026-03-16,SETTLED
SETTLE_006339,STRIPE,MERCH_0073,USD,247.49,3.96,243.53,1,2026-03-23,SETTLED
SETTLE_006340,CHECKOUT_COM,MERCH_0081,CAD,49.00,1.40,47.60,1,2026-03-09,SETTLED
SETTLE_006341,PAYPAL,MERCH_0090,USD,2239.99,78.67,2161.32,1,2026-02-23,SETTLED
SETTLE_006342,STRIPE,MERCH_0051,INR,299.00,0.00,299.00,1,2026-03-12,SETTLED
SETTLE_006343,STRIPE,MERCH_0083,USD,240.25,7.27,232.98,1,2026-02-09,SETTLED
SETTLE_006344,CHECKOUT_COM,MERCH_0093,EUR,421.95,7.35,414.60,1,2026-04-02,SETTLED
SETTLE_006345,CHECKOUT_COM,MERCH_0049,USD,165.25,4.00,161.25,1,2026-01-06,SETTLED
SETTLE_006346,STRIPE,MERCH_0096,EUR,68.99,0.54,68.45,1,2026-02-05,SETTLED
SETTLE_006347,CHECKOUT_COM,MERCH_0082,CAD,50.99,1.44,49.55,1,2026-02-14,SETTLED
SETTLE_006348,STRIPE,MERCH_0072,EUR,295.95,1.68,294.27,1,2026-01-26,SETTLED
SETTLE_006349,CHECKOUT_COM,MERCH_0060,CAD,68.49,1.86,66.63,1,2026-03-31,SETTLED
SETTLE_006350,PAYPAL,MERCH_0004,INR,299.00,5.59,293.41,1,2026-02-12,SETTLED
SETTLE_006351,CHECKOUT_COM,MERCH_0083,USD,484.95,11.35,473.60,1,2026-02-27,SETTLED
SETTLE_006352,CHECKOUT_COM,MERCH_0077,CAD,174.80,4.42,170.38,1,2026-01-17,SETTLED
SETTLE_006353,STRIPE,MERCH_0029,EUR,45.00,1.10,43.90,1,2026-02-26,SETTLED
SETTLE_006354,STRIPE,MERCH_0054,USD,336.00,10.04,325.96,1,2026-03-05,SETTLED
SETTLE_006355,CHECKOUT_COM,MERCH_0059,CAD,49.50,1.04,48.46,1,2026-03-30,SETTLED
SETTLE_006356,ADYEN,MERCH_0007,USD,60.25,1.39,58.86,1,2026-02-19,SETTLED
SETTLE_006357,STRIPE,MERCH_0012,USD,71.80,1.33,70.47,1,2026-02-28,SETTLED
SETTLE_006358,CHECKOUT_COM,MERCH_0076,GBP,81.95,1.63,80.32,1,2026-01-28,SETTLED
SETTLE_006359,STRIPE,MERCH_0057,USD,70.25,2.34,67.91,2,2026-02-11,SETTLED
SETTLE_006360,ADYEN,MERCH_0067,USD,553.49,11.74,541.75,1,2026-03-22,SETTLED
SETTLE_006361,CHECKOUT_COM,MERCH_0034,GBP,246.80,4.59,242.21,1,2026-02-22,SETTLED
SETTLE_006362,ADYEN,MERCH_0089,USD,2115.49,44.55,2070.94,1,2026-03-10,SETTLED
SETTLE_006363,ADYEN,MERCH_0061,EUR,260.25,1.06,259.19,1,2026-01-18,SETTLED
SETTLE_006364,ADYEN,MERCH_0055,USD,61.49,0.84,60.65,1,2026-02-03,SETTLED
SETTLE_006365,PAYPAL,MERCH_0026,EUR,28.99,1.32,27.67,1,2026-03-01,SETTLED
SETTLE_006366,ADYEN,MERCH_0088,USD,458.25,5.60,452.65,1,2026-01-06,SETTLED
SETTLE_006368,ADYEN,MERCH_0096,GBP,566.25,8.59,557.66,1,2026-03-08,SETTLED
SETTLE_006369,CHECKOUT_COM,MERCH_0087,USD,191.99,4.62,187.37,1,2026-03-02,SETTLED
SETTLE_006370,PAYPAL,MERCH_0061,INR,299.00,5.59,293.41,1,2026-03-07,SETTLED
SETTLE_006371,ADYEN,MERCH_0081,GBP,78.00,1.27,76.73,1,2026-01-03,SETTLED
SETTLE_006372,STRIPE,MERCH_0031,INR,499.00,0.00,499.00,1,2026-01-24,SETTLED
SETTLE_006373,STRIPE,MERCH_0078,USD,335.95,10.04,325.91,1,2026-01-30,SETTLED
SETTLE_006374,CHECKOUT_COM,MERCH_0003,EUR,39.00,0.84,38.16,1,2026-02-21,SETTLED
SETTLE_006375,ADYEN,MERCH_0015,EUR,125.00,0.59,124.41,1,2026-01-16,SETTLED
SETTLE_006376,ADYEN,MERCH_0080,GBP,489.95,7.45,482.50,1,2026-03-30,SETTLED
SETTLE_006378,STRIPE,MERCH_0001,USD,16.49,0.50,15.99,1,2026-01-20,SETTLED
SETTLE_006379,STRIPE,MERCH_0078,USD,34.95,0.77,34.18,1,2026-02-27,SETTLED
SETTLE_006380,ADYEN,MERCH_0036,USD,48.99,1.15,47.84,1,2026-02-10,SETTLED
SETTLE_006381,STRIPE,MERCH_0019,GBP,3210.49,61.20,3149.29,1,2026-01-03,SETTLED
SETTLE_006382,STRIPE,MERCH_0053,INR,9999.00,202.98,9796.02,1,2026-03-09,SETTLED
SETTLE_006383,STRIPE,MERCH_0089,EUR,572.99,13.64,559.35,1,2026-01-06,SETTLED
SETTLE_006384,PAYPAL,MERCH_0037,USD,610.95,21.81,589.14,1,2026-03-13,SETTLED
SETTLE_006385,PAYPAL,MERCH_0011,GBP,181.75,5.57,176.18,1,2026-03-05,SETTLED
SETTLE_006386,STRIPE,MERCH_0087,USD,455.95,3.90,452.05,1,2026-02-23,SETTLED
SETTLE_006387,ADYEN,MERCH_0059,USD,2638.00,55.52,2582.48,1,2026-01-03,SETTLED
SETTLE_006388,STRIPE,MERCH_0012,GBP,315.25,6.19,309.06,1,2026-03-05,SETTLED
SETTLE_006389,CHECKOUT_COM,MERCH_0079,USD,18.00,0.61,17.39,1,2026-02-03,SETTLED
SETTLE_006390,STRIPE,MERCH_0039,INR,824.00,19.48,804.52,1,2026-02-05,SETTLED
SETTLE_006391,PAYPAL,MERCH_0091,EUR,368.99,10.20,358.79,1,2026-02-06,SETTLED
SETTLE_006392,STRIPE,MERCH_0084,EUR,517.99,10.09,507.90,1,2026-01-15,SETTLED
SETTLE_006393,CHECKOUT_COM,MERCH_0018,GBP,57.75,1.19,56.56,1,2026-01-13,SETTLED
SETTLE_006394,PAYPAL,MERCH_0023,EUR,43.25,1.77,41.48,1,2026-01-24,SETTLED
SETTLE_006395,ADYEN,MERCH_0058,USD,36.95,0.54,36.41,1,2026-03-27,SETTLED
SETTLE_006396,CHECKOUT_COM,MERCH_0016,CAD,2638.99,63.56,2575.43,2,2026-01-05,SETTLED
SETTLE_006397,STRIPE,MERCH_0068,GBP,72.80,1.58,71.22,1,2026-02-25,SETTLED
SETTLE_006398,STRIPE,MERCH_0006,INR,1499.00,32.98,1466.02,1,2026-01-14,SETTLED
SETTLE_006399,ADYEN,MERCH_0096,EUR,64.80,1.02,63.78,1,2026-01-28,SETTLED
SETTLE_006400,PAYPAL,MERCH_0096,GBP,48.49,1.71,46.78,1,2026-01-30,SETTLED
SETTLE_006401,ADYEN,MERCH_0029,GBP,73.00,1.20,71.80,1,2026-03-29,SETTLED
SETTLE_006402,STRIPE,MERCH_0068,USD,105.00,1.09,103.91,1,2026-03-15,SETTLED
SETTLE_006403,PAYPAL,MERCH_0085,INR,1999.00,25.99,1973.01,1,2026-03-26,SETTLED
SETTLE_006404,PAYPAL,MERCH_0029,EUR,644.95,21.03,623.92,1,2026-01-29,SETTLED
SETTLE_006405,PAYPAL,MERCH_0097,INR,799.00,11.59,787.41,1,2026-03-13,SETTLED
SETTLE_006406,ADYEN,MERCH_0065,EUR,252.49,1.03,251.46,1,2026-01-31,SETTLED
SETTLE_006407,CHECKOUT_COM,MERCH_0027,EUR,31.50,0.72,30.78,1,2026-02-25,SETTLED
SETTLE_006408,CHECKOUT_COM,MERCH_0078,GBP,639.95,11.67,628.28,1,2026-02-12,SETTLED
SETTLE_006409,STRIPE,MERCH_0058,GBP,37.50,0.39,37.11,1,2026-01-21,SETTLED
SETTLE_006410,CHECKOUT_COM,MERCH_0037,CAD,42.99,1.25,41.74,1,2026-02-03,SETTLED
SETTLE_006411,STRIPE,MERCH_0096,INR,799.00,18.98,780.02,1,2026-03-11,SETTLED
SETTLE_006412,STRIPE,MERCH_0008,USD,41.99,1.52,40.47,1,2026-03-24,SETTLED
SETTLE_006413,STRIPE,MERCH_0026,INR,299.00,8.98,290.02,1,2026-03-22,SETTLED
SETTLE_006414,STRIPE,MERCH_0090,USD,61.80,0.74,61.06,1,2026-02-12,SETTLED
SETTLE_006415,CHECKOUT_COM,MERCH_0018,CAD,33.80,1.03,32.77,1,2026-03-10,SETTLED
SETTLE_006416,STRIPE,MERCH_0078,GBP,42.75,1.01,41.74,1,2026-02-26,SETTLED
SETTLE_006417,STRIPE,MERCH_0043,GBP,83.50,1.79,81.71,1,2026-03-26,SETTLED
SETTLE_006418,ADYEN,MERCH_0001,EUR,31.95,0.26,31.69,1,2026-03-11,SETTLED
SETTLE_006420,CHECKOUT_COM,MERCH_0041,CAD,83.25,2.22,81.03,1,2026-01-10,SETTLED
SETTLE_006421,STRIPE,MERCH_0084,EUR,358.99,1.99,357.00,1,2026-02-07,SETTLED
SETTLE_006422,ADYEN,MERCH_0040,USD,72.99,0.98,72.01,1,2026-03-12,SETTLED
SETTLE_006423,STRIPE,MERCH_0033,INR,15000.00,0.00,15000.00,1,2026-02-03,SETTLED
SETTLE_006424,PAYPAL,MERCH_0011,USD,463.95,16.68,447.27,1,2026-02-01,SETTLED
SETTLE_006425,STRIPE,MERCH_0028,GBP,34.99,0.86,34.13,1,2026-03-25,SETTLED
SETTLE_006426,PAYPAL,MERCH_0054,USD,377.80,13.68,364.12,1,2026-01-18,SETTLED
SETTLE_006427,PAYPAL,MERCH_0089,INR,999.00,13.99,985.01,1,2026-02-14,SETTLED
SETTLE_006428,STRIPE,MERCH_0051,USD,286.80,4.55,282.25,1,2026-01-10,SETTLED
SETTLE_006429,ADYEN,MERCH_0093,EUR,643.49,9.12,634.37,1,2026-01-25,SETTLED
SETTLE_006430,CHECKOUT_COM,MERCH_0021,CAD,249.25,6.20,243.05,1,2026-01-28,SETTLED
SETTLE_006431,STRIPE,MERCH_0086,USD,2306.75,67.20,2239.55,1,2026-01-12,SETTLED
SETTLE_006432,PAYPAL,MERCH_0001,INR,4999.00,61.99,4937.01,1,2026-02-24,SETTLED
SETTLE_006433,STRIPE,MERCH_0090,USD,30.00,1.17,28.83,1,2026-02-13,SETTLED
SETTLE_006434,CHECKOUT_COM,MERCH_0016,CAD,430.95,10.56,420.39,1,2026-01-04,SETTLED
SETTLE_006435,STRIPE,MERCH_0019,EUR,476.95,9.31,467.64,1,2026-01-04,SETTLED
SETTLE_006436,STRIPE,MERCH_0012,EUR,55.00,1.29,53.71,1,2026-03-03,SETTLED
SETTLE_006437,STRIPE,MERCH_0025,USD,536.75,4.54,532.21,1,2026-03-17,SETTLED
SETTLE_006438,STRIPE,MERCH_0094,EUR,59.80,1.39,58.41,1,2026-03-12,SETTLED
SETTLE_006439,STRIPE,MERCH_0062,EUR,51.25,1.22,50.03,1,2026-01-17,SETTLED
SETTLE_006440,STRIPE,MERCH_0073,INR,1499.00,0.00,1499.00,1,2026-01-21,SETTLED
SETTLE_006441,STRIPE,MERCH_0065,CAD,59.80,2.03,57.77,1,2026-03-16,SETTLED
SETTLE_006442,STRIPE,MERCH_0064,EUR,208.95,4.22,204.73,1,2026-01-04,SETTLED
SETTLE_006443,CHECKOUT_COM,MERCH_0036,EUR,20.25,0.52,19.73,1,2026-02-05,SETTLED
SETTLE_006444,ADYEN,MERCH_0088,EUR,1980.95,27.84,1953.11,1,2026-03-22,SETTLED
SETTLE_006445,PAYPAL,MERCH_0041,INR,3999.00,49.99,3949.01,2,2026-02-13,SETTLED
SETTLE_006446,CHECKOUT_COM,MERCH_0074,GBP,195.95,3.68,192.27,1,2026-03-13,SETTLED
SETTLE_006447,ADYEN,MERCH_0037,EUR,1578.00,22.20,1555.80,1,2026-01-27,SETTLED
SETTLE_006448,PAYPAL,MERCH_0082,USD,243.49,8.99,234.50,1,2026-03-05,SETTLED
SETTLE_006449,PAYPAL,MERCH_0014,EUR,157.25,5.42,151.83,1,2026-03-19,SETTLED
SETTLE_006450,ADYEN,MERCH_0003,GBP,354.75,5.42,349.33,1,2026-01-13,SETTLED
SETTLE_006451,PAYPAL,MERCH_0003,USD,17.00,1.08,15.92,1,2026-02-22,SETTLED
SETTLE_006452,CHECKOUT_COM,MERCH_0017,CAD,301.50,7.46,294.04,1,2026-01-05,SETTLED
SETTLE_006453,CHECKOUT_COM,MERCH_0061,CAD,22.99,0.77,22.22,1,2026-01-24,SETTLED
SETTLE_006454,STRIPE,MERCH_0087,USD,24.50,0.45,24.05,1,2026-01-17,SETTLED
SETTLE_006455,STRIPE,MERCH_0016,INR,999.00,25.48,973.52,1,2026-02-03,SETTLED
SETTLE_006456,STRIPE,MERCH_0015,INR,9999.00,0.00,9999.00,1,2026-03-28,SETTLED
SETTLE_006457,STRIPE,MERCH_0027,USD,568.99,4.80,564.19,1,2026-02-27,SETTLED
SETTLE_006458,ADYEN,MERCH_0081,USD,316.95,6.78,310.17,1,2026-02-08,SETTLED
SETTLE_006460,STRIPE,MERCH_0086,EUR,77.49,0.59,76.90,1,2026-03-15,SETTLED
SETTLE_006461,STRIPE,MERCH_0090,EUR,226.25,4.55,221.70,1,2026-04-01,SETTLED
SETTLE_006462,STRIPE,MERCH_0012,USD,52.50,1.82,50.68,1,2026-03-26,SETTLED
SETTLE_006463,STRIPE,MERCH_0025,GBP,144.99,2.95,142.04,1,2026-02-12,SETTLED
SETTLE_006464,ADYEN,MERCH_0014,EUR,326.50,4.68,321.82,1,2026-02-11,SETTLED
SETTLE_006465,STRIPE,MERCH_0079,CAD,534.50,15.80,518.70,1,2026-01-06,SETTLED
SETTLE_006466,STRIPE,MERCH_0050,USD,51.49,1.79,49.70,1,2026-02-27,SETTLED
SETTLE_006467,CHECKOUT_COM,MERCH_0076,USD,468.99,10.99,458.00,1,2026-03-07,SETTLED
SETTLE_006468,PAYPAL,MERCH_0092,INR,269.00,5.23,263.77,1,2026-02-19,SETTLED
SETTLE_006469,STRIPE,MERCH_0036,GBP,117.95,2.44,115.51,1,2026-02-22,SETTLED
SETTLE_006470,PAYPAL,MERCH_0004,INR,15000.00,182.00,14818.00,1,2026-03-09,SETTLED
SETTLE_006471,STRIPE,MERCH_0094,EUR,37.80,0.39,37.41,1,2026-03-15,SETTLED
SETTLE_006472,STRIPE,MERCH_0079,EUR,157.99,3.25,154.74,1,2026-03-07,SETTLED
SETTLE_006473,ADYEN,MERCH_0017,GBP,500.25,7.60,492.65,1,2026-01-04,SETTLED
SETTLE_006474,STRIPE,MERCH_0099,INR,9999.00,202.98,9796.02,1,2026-01-18,SETTLED
SETTLE_006475,ADYEN,MERCH_0009,EUR,2137.99,10.13,2127.86,1,2026-03-12,SETTLED
SETTLE_006476,PAYPAL,MERCH_0086,INR,2499.00,31.99,2467.01,1,2026-01-22,SETTLED
SETTLE_006477,ADYEN,MERCH_0081,USD,60.00,0.82,59.18,1,2026-03-31,SETTLED
SETTLE_006478,STRIPE,MERCH_0014,EUR,496.80,2.68,494.12,1,2026-03-10,SETTLED
SETTLE_006479,ADYEN,MERCH_0005,EUR,287.99,4.14,283.85,1,2026-03-23,SETTLED
SETTLE_006480,PAYPAL,MERCH_0017,EUR,425.49,14.01,411.48,1,2026-02-28,SETTLED
SETTLE_006481,CHECKOUT_COM,MERCH_0032,EUR,67.49,1.33,66.16,1,2026-02-27,SETTLED
SETTLE_006482,STRIPE,MERCH_0092,USD,79.25,1.44,77.81,1,2026-03-05,SETTLED
SETTLE_006483,PAYPAL,MERCH_0011,INR,2499.00,31.99,2467.01,1,2026-02-16,SETTLED
SETTLE_006484,ADYEN,MERCH_0084,USD,36.99,0.54,36.45,1,2026-01-07,SETTLED
SETTLE_006485,CHECKOUT_COM,MERCH_0084,CAD,74.95,2.02,72.93,1,2026-03-28,SETTLED
SETTLE_006486,ADYEN,MERCH_0044,USD,196.25,4.24,192.01,1,2026-03-22,SETTLED
SETTLE_006487,ADYEN,MERCH_0074,EUR,1940.49,6.94,1933.55,1,2026-03-25,SETTLED
SETTLE_006488,STRIPE,MERCH_0089,EUR,36.99,0.38,36.61,1,2026-01-08,SETTLED
SETTLE_006489,STRIPE,MERCH_0097,INR,1499.00,32.98,1466.02,1,2026-03-31,SETTLED
SETTLE_006490,STRIPE,MERCH_0023,INR,499.00,12.98,486.02,2,2026-01-09,SETTLED
SETTLE_006491,PAYPAL,MERCH_0059,EUR,2390.80,76.90,2313.90,1,2026-03-15,SETTLED
SETTLE_006492,STRIPE,MERCH_0002,CAD,411.50,12.23,399.27,1,2026-03-21,SETTLED
SETTLE_006493,STRIPE,MERCH_0050,INR,3999.00,0.00,3999.00,1,2026-01-15,SETTLED
SETTLE_006494,PAYPAL,MERCH_0052,USD,70.50,2.95,67.55,1,2026-03-21,SETTLED
SETTLE_006495,STRIPE,MERCH_0075,USD,842.95,24.75,818.20,1,2026-02-27,SETTLED
SETTLE_006496,CHECKOUT_COM,MERCH_0093,GBP,583.50,10.65,572.85,1,2026-02-15,SETTLED
SETTLE_006498,CHECKOUT_COM,MERCH_0035,GBP,284.99,5.28,279.71,1,2026-04-01,SETTLED
SETTLE_006499,CHECKOUT_COM,MERCH_0016,CAD,625.75,15.24,610.51,1,2026-01-27,SETTLED
SETTLE_006500,CHECKOUT_COM,MERCH_0099,USD,57.75,6.53,51.22,1,2026-02-04,SETTLED
SETTLE_006501,ADYEN,MERCH_0010,EUR,23.50,0.44,23.06,1,2026-01-20,SETTLED
SETTLE_006502,STRIPE,MERCH_0079,EUR,33.00,0.36,32.64,1,2026-02-03,SETTLED
SETTLE_006503,CHECKOUT_COM,MERCH_0053,CAD,468.00,11.45,456.55,1,2026-01-21,SETTLED
SETTLE_006504,PAYPAL,MERCH_0090,INR,1499.00,21.49,1477.51,1,2026-01-24,SETTLED
SETTLE_006505,CHECKOUT_COM,MERCH_0091,USD,186.25,4.48,181.77,1,2026-03-18,SETTLED
SETTLE_006506,STRIPE,MERCH_0004,CAD,319.00,9.55,309.45,1,2026-02-18,SETTLED
SETTLE_006507,PAYPAL,MERCH_0086,USD,193.00,7.23,185.77,1,2026-01-23,SETTLED
SETTLE_006508,STRIPE,MERCH_0022,USD,2878.75,83.78,2794.97,1,2026-03-18,SETTLED
SETTLE_006509,CHECKOUT_COM,MERCH_0015,USD,373.50,8.79,364.71,1,2026-01-12,SETTLED
SETTLE_006510,ADYEN,MERCH_0037,EUR,43.99,0.73,43.26,1,2026-03-01,SETTLED
SETTLE_006511,STRIPE,MERCH_0041,GBP,40.00,0.96,39.04,1,2026-01-17,SETTLED
SETTLE_006512,CHECKOUT_COM,MERCH_0090,EUR,66.99,1.32,65.67,1,2026-02-22,SETTLED
SETTLE_006513,CHECKOUT_COM,MERCH_0052,EUR,603.50,10.44,593.06,1,2026-02-01,SETTLED
SETTLE_006514,STRIPE,MERCH_0029,USD,533.25,4.52,528.73,1,2026-01-06,SETTLED
SETTLE_006515,STRIPE,MERCH_0002,EUR,779.75,15.07,764.68,1,2026-01-28,SETTLED
SETTLE_006516,ADYEN,MERCH_0023,EUR,60.80,0.96,59.84,1,2026-01-23,SETTLED
SETTLE_006517,CHECKOUT_COM,MERCH_0023,CAD,50.49,1.43,49.06,1,2026-03-05,SETTLED
SETTLE_006518,PAYPAL,MERCH_0029,GBP,423.49,12.58,410.91,1,2026-02-27,SETTLED
SETTLE_006519,STRIPE,MERCH_0071,EUR,649.49,12.59,636.90,1,2026-03-06,SETTLED
SETTLE_006520,ADYEN,MERCH_0034,USD,805.49,17.04,788.45,1,2026-03-04,SETTLED
SETTLE_006521,ADYEN,MERCH_0020,USD,109.95,2.43,107.52,1,2026-02-06,SETTLED
SETTLE_006522,CHECKOUT_COM,MERCH_0088,GBP,91.50,1.80,89.70,1,2026-01-10,SETTLED
SETTLE_006523,STRIPE,MERCH_0071,USD,75.95,1.39,74.56,1,2026-01-11,SETTLED
SETTLE_006524,STRIPE,MERCH_0053,CAD,58.75,2.00,56.75,1,2026-01-30,SETTLED
SETTLE_006525,ADYEN,MERCH_0040,EUR,60.50,0.36,60.14,1,2026-03-07,SETTLED
SETTLE_006526,ADYEN,MERCH_0042,USD,39.75,0.58,39.17,1,2026-03-01,SETTLED
SETTLE_006527,PAYPAL,MERCH_0093,INR,1999.00,23.99,1975.01,1,2026-02-03,SETTLED
SETTLE_006528,STRIPE,MERCH_0081,USD,333.80,2.92,330.88,1,2026-01-14,SETTLED
SETTLE_006529,STRIPE,MERCH_0084,GBP,3346.99,63.79,3283.20,1,2026-01-31,SETTLED
SETTLE_006530,ADYEN,MERCH_0052,GBP,99.00,1.58,97.42,1,2026-01-14,SETTLED
SETTLE_006531,STRIPE,MERCH_0039,EUR,61.99,1.43,60.56,1,2026-02-10,SETTLED
SETTLE_006532,PAYPAL,MERCH_0025,INR,1999.00,25.99,1973.01,1,2026-02-10,SETTLED
SETTLE_006533,STRIPE,MERCH_0069,INR,499.00,12.98,486.02,1,2026-01-08,SETTLED
SETTLE_006534,STRIPE,MERCH_0089,USD,64.00,1.21,62.79,1,2026-01-09,SETTLED
SETTLE_006535,CHECKOUT_COM,MERCH_0096,CAD,360.49,8.87,351.62,1,2026-03-03,SETTLED
SETTLE_006536,PAYPAL,MERCH_0074,GBP,49.49,1.74,47.75,1,2026-02-02,SETTLED
SETTLE_006537,PAYPAL,MERCH_0014,GBP,65.49,2.20,63.29,1,2026-03-21,SETTLED
SETTLE_006538,STRIPE,MERCH_0022,USD,54.75,1.89,52.86,1,2026-01-03,SETTLED
SETTLE_006539,CHECKOUT_COM,MERCH_0080,GBP,52.75,1.10,51.65,1,2026-02-21,SETTLED
SETTLE_006540,STRIPE,MERCH_0053,INR,499.00,0.00,499.00,1,2026-01-27,SETTLED
SETTLE_006541,STRIPE,MERCH_0098,EUR,592.50,3.16,589.34,1,2026-02-08,SETTLED
SETTLE_006542,STRIPE,MERCH_0026,USD,103.75,3.31,100.44,1,2026-01-03,SETTLED
SETTLE_006543,ADYEN,MERCH_0018,USD,185.50,4.02,181.48,1,2026-03-02,SETTLED
SETTLE_006544,STRIPE,MERCH_0064,USD,368.50,3.20,365.30,1,2026-03-30,SETTLED
SETTLE_006545,CHECKOUT_COM,MERCH_0019,EUR,1385.75,23.74,1362.01,1,2026-02-11,SETTLED
SETTLE_006546,STRIPE,MERCH_0022,GBP,3100.00,59.10,3040.90,1,2026-03-14,SETTLED
SETTLE_006547,STRIPE,MERCH_0080,INR,4999.00,102.98,4896.02,1,2026-01-29,SETTLED
SETTLE_006548,STRIPE,MERCH_0071,USD,462.25,13.71,448.54,1,2026-01-23,SETTLED
SETTLE_006549,PAYPAL,MERCH_0094,GBP,76.00,2.50,73.50,1,2026-03-13,SETTLED
SETTLE_006550,STRIPE,MERCH_0011,GBP,50.50,1.16,49.34,1,2026-01-28,SETTLED
SETTLE_006551,CHECKOUT_COM,MERCH_0012,EUR,92.50,1.75,90.75,1,2026-01-19,SETTLED
SETTLE_006552,STRIPE,MERCH_0013,EUR,3338.25,63.68,3274.57,1,2026-02-26,SETTLED
SETTLE_006553,STRIPE,MERCH_0041,USD,328.25,2.88,325.37,1,2026-03-05,SETTLED
SETTLE_006554,STRIPE,MERCH_0019,CAD,566.80,16.74,550.06,1,2026-01-11,SETTLED
SETTLE_006555,CHECKOUT_COM,MERCH_0066,CAD,42.75,1.25,41.50,1,2026-03-07,SETTLED
SETTLE_006556,PAYPAL,MERCH_0008,EUR,75.50,2.81,72.69,1,2026-01-29,SETTLED
SETTLE_006557,CHECKOUT_COM,MERCH_0060,CAD,928.00,22.49,905.51,1,2026-02-19,SETTLED
SETTLE_006558,ADYEN,MERCH_0078,GBP,392.50,7.49,385.01,1,2026-03-25,SETTLED
SETTLE_006559,ADYEN,MERCH_0005,USD,1069.80,12.94,1056.86,1,2026-03-14,SETTLED
SETTLE_006560,ADYEN,MERCH_0027,USD,100.00,2.22,97.78,1,2026-03-07,SETTLED
SETTLE_006561,STRIPE,MERCH_0038,EUR,58.49,0.49,58.00,1,2026-01-27,SETTLED
SETTLE_006562,PAYPAL,MERCH_0013,USD,73.00,3.04,69.96,1,2026-03-19,SETTLED
SETTLE_006564,PAYPAL,MERCH_0055,INR,9999.00,121.99,9877.01,1,2026-03-05,SETTLED
SETTLE_006565,ADYEN,MERCH_0083,USD,61.00,9.40,51.60,1,2026-02-16,SETTLED
SETTLE_006566,STRIPE,MERCH_0037,INR,9999.00,202.98,9796.02,1,2026-02-16,SETTLED
SETTLE_006567,STRIPE,MERCH_0075,CAD,606.49,17.89,588.60,1,2026-03-07,SETTLED
SETTLE_006568,STRIPE,MERCH_0074,INR,9999.00,0.00,9999.00,1,2026-03-27,SETTLED
SETTLE_006569,CHECKOUT_COM,MERCH_0075,GBP,30.00,0.69,29.31,1,2026-03-09,SETTLED
SETTLE_006570,PAYPAL,MERCH_0099,USD,23.99,1.33,22.66,1,2026-02-21,SETTLED
SETTLE_006571,CHECKOUT_COM,MERCH_0058,EUR,17.99,0.49,17.50,1,2026-02-15,SETTLED
SETTLE_006572,CHECKOUT_COM,MERCH_0071,EUR,2996.80,51.13,2945.67,1,2026-01-30,SETTLED
SETTLE_006573,PAYPAL,MERCH_0072,USD,552.80,19.78,533.02,1,2026-02-06,SETTLED
SETTLE_006574,CHECKOUT_COM,MERCH_0024,EUR,381.00,6.66,374.34,1,2026-01-13,SETTLED
SETTLE_006575,CHECKOUT_COM,MERCH_0086,USD,3030.75,69.91,2960.84,1,2026-02-27,SETTLED
SETTLE_006576,ADYEN,MERCH_0029,EUR,444.50,6.33,438.17,1,2026-03-14,SETTLED
SETTLE_006577,STRIPE,MERCH_0045,INR,1499.00,32.98,1466.02,1,2026-02-03,SETTLED
SETTLE_006578,STRIPE,MERCH_0096,EUR,65.95,1.50,64.45,1,2026-02-05,SETTLED
SETTLE_006579,STRIPE,MERCH_0075,USD,304.25,2.68,301.57,1,2026-03-23,SETTLED
SETTLE_006580,CHECKOUT_COM,MERCH_0003,GBP,353.99,6.52,347.47,1,2026-03-08,SETTLED
SETTLE_006581,STRIPE,MERCH_0013,GBP,280.49,5.53,274.96,1,2026-03-07,SETTLED
SETTLE_006582,ADYEN,MERCH_0099,EUR,2622.00,9.33,2612.67,1,2026-01-16,SETTLED
SETTLE_006583,PAYPAL,MERCH_0043,INR,15000.00,182.00,14818.00,1,2026-02-23,SETTLED
SETTLE_006584,PAYPAL,MERCH_0087,EUR,365.95,12.10,353.85,1,2026-02-26,SETTLED
SETTLE_006585,PAYPAL,MERCH_0050,USD,471.75,16.95,454.80,1,2026-01-19,SETTLED
SETTLE_006586,STRIPE,MERCH_0094,GBP,583.50,11.29,572.21,1,2026-01-05,SETTLED
SETTLE_006587,STRIPE,MERCH_0096,INR,3999.00,0.00,3999.00,2,2026-01-22,SETTLED
SETTLE_006589,CHECKOUT_COM,MERCH_0024,CAD,46.95,1.35,45.60,1,2026-02-28,SETTLED
SETTLE_006590,ADYEN,MERCH_0045,GBP,304.75,4.67,300.08,1,2026-03-16,SETTLED
SETTLE_006591,STRIPE,MERCH_0023,GBP,148.49,3.02,145.47,1,2026-01-05,SETTLED
SETTLE_006592,PAYPAL,MERCH_0009,EUR,59.80,2.30,57.50,1,2026-02-06,SETTLED
SETTLE_006593,ADYEN,MERCH_0078,GBP,117.00,1.85,115.15,1,2026-03-16,SETTLED
SETTLE_006594,STRIPE,MERCH_0066,CAD,551.00,16.28,534.72,1,2026-03-30,SETTLED
SETTLE_006595,PAYPAL,MERCH_0065,INR,15000.00,182.00,14818.00,1,2026-02-20,SETTLED
SETTLE_006596,ADYEN,MERCH_0046,GBP,181.50,2.82,178.68,1,2026-01-20,SETTLED
SETTLE_006597,STRIPE,MERCH_0058,INR,999.00,22.98,976.02,1,2026-01-28,SETTLED
SETTLE_006598,CHECKOUT_COM,MERCH_0027,CAD,71.75,1.94,69.81,1,2026-02-21,SETTLED
SETTLE_006599,PAYPAL,MERCH_0060,EUR,16.49,0.92,15.57,1,2026-01-28,SETTLED
SETTLE_006600,CHECKOUT_COM,MERCH_0093,GBP,240.49,4.48,236.01,1,2026-02-26,SETTLED
SETTLE_006601,ADYEN,MERCH_0031,USD,26.00,0.67,25.33,1,2026-03-09,SETTLED
SETTLE_006602,ADYEN,MERCH_0099,USD,137.25,1.75,135.50,1,2026-01-21,SETTLED
SETTLE_006603,ADYEN,MERCH_0027,GBP,538.50,8.18,530.32,1,2026-03-03,SETTLED
SETTLE_006604,STRIPE,MERCH_0069,EUR,261.80,5.22,256.58,1,2026-01-08,SETTLED
SETTLE_006605,STRIPE,MERCH_0087,INR,9999.00,202.98,9796.02,1,2026-02-07,SETTLED
SETTLE_006606,ADYEN,MERCH_0051,EUR,100.50,0.50,100.00,1,2026-03-12,SETTLED
SETTLE_006607,STRIPE,MERCH_0044,CAD,70.80,2.35,68.45,1,2026-01-04,SETTLED
SETTLE_006608,STRIPE,MERCH_0027,INR,499.00,0.00,499.00,1,2026-03-28,SETTLED
SETTLE_006610,STRIPE,MERCH_0008,USD,3015.95,87.76,2928.19,1,2026-03-12,SETTLED
SETTLE_006611,CHECKOUT_COM,MERCH_0014,EUR,24.75,0.60,24.15,1,2026-01-03,SETTLED
SETTLE_006612,STRIPE,MERCH_0003,EUR,419.80,2.30,417.50,1,2026-01-04,SETTLED
SETTLE_006613,CHECKOUT_COM,MERCH_0011,GBP,477.95,8.75,469.20,1,2026-02-02,SETTLED
SETTLE_006614,CHECKOUT_COM,MERCH_0038,CAD,15.50,0.59,14.91,1,2026-01-31,SETTLED
SETTLE_006615,STRIPE,MERCH_0022,GBP,500.75,11.21,489.54,1,2026-02-08,SETTLED
SETTLE_006616,PAYPAL,MERCH_0040,INR,1999.00,25.99,1973.01,1,2026-03-27,SETTLED
SETTLE_006617,CHECKOUT_COM,MERCH_0089,GBP,41.00,0.89,40.11,1,2026-02-22,SETTLED
SETTLE_006618,PAYPAL,MERCH_0075,GBP,59.50,2.03,57.47,1,2026-03-23,SETTLED
SETTLE_006619,CHECKOUT_COM,MERCH_0079,USD,51.49,1.38,50.11,1,2026-01-19,SETTLED
SETTLE_006620,STRIPE,MERCH_0083,USD,157.25,2.61,154.64,1,2026-01-08,SETTLED
SETTLE_006621,STRIPE,MERCH_0081,USD,28.50,0.48,28.02,1,2026-03-27,SETTLED
SETTLE_006622,CHECKOUT_COM,MERCH_0099,CAD,608.80,14.83,593.97,2,2026-01-25,SETTLED
SETTLE_006623,ADYEN,MERCH_0090,USD,303.00,3.74,299.26,1,2026-01-18,SETTLED
SETTLE_006624,STRIPE,MERCH_0028,INR,499.00,0.00,499.00,1,2026-03-10,SETTLED
SETTLE_006625,STRIPE,MERCH_0017,INR,299.00,0.00,299.00,1,2026-01-08,SETTLED
SETTLE_006626,PAYPAL,MERCH_0016,INR,1499.00,19.99,1479.01,1,2026-01-04,SETTLED
SETTLE_006627,ADYEN,MERCH_0074,USD,25.00,0.65,24.35,1,2026-01-21,SETTLED
SETTLE_006628,PAYPAL,MERCH_0078,INR,3999.00,49.99,3949.01,1,2026-03-26,SETTLED
SETTLE_006629,CHECKOUT_COM,MERCH_0029,CAD,55.80,1.56,54.24,1,2026-02-07,SETTLED
SETTLE_006630,CHECKOUT_COM,MERCH_0009,CAD,170.80,4.32,166.48,1,2026-01-02,SETTLED
SETTLE_006631,STRIPE,MERCH_0038,GBP,52.80,1.20,51.60,1,2026-02-10,SETTLED
SETTLE_006632,STRIPE,MERCH_0059,CAD,464.95,13.78,451.17,1,2026-02-13,SETTLED
SETTLE_006633,PAYPAL,MERCH_0032,GBP,3088.80,89.88,2998.92,1,2026-03-02,SETTLED
SETTLE_006634,CHECKOUT_COM,MERCH_0049,CAD,2017.50,48.64,1968.86,1,2026-02-26,SETTLED
SETTLE_006635,STRIPE,MERCH_0073,INR,499.00,12.98,486.02,1,2026-03-27,SETTLED
SETTLE_006636,STRIPE,MERCH_0085,EUR,64.49,1.48,63.01,1,2026-01-07,SETTLED
SETTLE_006637,ADYEN,MERCH_0066,GBP,495.25,7.53,487.72,1,2026-02-28,SETTLED
SETTLE_006638,PAYPAL,MERCH_0088,USD,25.49,1.38,24.11,1,2026-03-30,SETTLED
SETTLE_006639,STRIPE,MERCH_0041,USD,503.95,7.81,496.14,1,2026-02-26,SETTLED
SETTLE_006640,PAYPAL,MERCH_0097,EUR,23.95,1.16,22.79,1,2026-03-16,SETTLED
SETTLE_006641,STRIPE,MERCH_0079,CAD,67.00,2.24,64.76,1,2026-02-06,SETTLED
SETTLE_006642,STRIPE,MERCH_0081,EUR,54.00,1.28,52.72,1,2026-02-16,SETTLED
SETTLE_006643,STRIPE,MERCH_0019,USD,1702.49,25.79,1676.70,1,2026-02-01,SETTLED
SETTLE_006644,CHECKOUT_COM,MERCH_0083,EUR,22.75,0.57,22.18,1,2026-03-04,SETTLED
SETTLE_006645,STRIPE,MERCH_0066,GBP,807.80,15.55,792.25,1,2026-03-12,SETTLED
SETTLE_006646,PAYPAL,MERCH_0043,CAD,96.00,3.08,92.92,1,2026-03-02,SETTLED
SETTLE_006647,CHECKOUT_COM,MERCH_0100,GBP,44.00,0.94,43.06,1,2026-03-02,SETTLED
SETTLE_006648,STRIPE,MERCH_0100,CAD,220.00,6.68,213.32,1,2026-01-12,SETTLED
SETTLE_006649,CHECKOUT_COM,MERCH_0076,USD,292.49,6.93,285.56,1,2026-03-28,SETTLED
SETTLE_006650,STRIPE,MERCH_0016,EUR,24.99,0.72,24.27,1,2026-02-26,SETTLED
SETTLE_006651,STRIPE,MERCH_0076,USD,30.50,1.18,29.32,1,2026-02-18,SETTLED
SETTLE_006652,CHECKOUT_COM,MERCH_0032,GBP,637.99,11.63,626.36,1,2026-02-09,SETTLED
SETTLE_006653,STRIPE,MERCH_0065,USD,645.25,5.41,639.84,1,2026-01-30,SETTLED
SETTLE_006654,PAYPAL,MERCH_0046,INR,2599.00,33.19,2565.81,1,2026-01-14,SETTLED
SETTLE_006655,STRIPE,MERCH_0042,EUR,470.49,9.19,461.30,1,2026-04-01,SETTLED
SETTLE_006656,ADYEN,MERCH_0003,USD,502.50,10.67,491.83,1,2026-01-16,SETTLED
SETTLE_006657,CHECKOUT_COM,MERCH_0074,USD,202.50,4.86,197.64,1,2026-01-07,SETTLED
SETTLE_006658,PAYPAL,MERCH_0064,GBP,20.25,0.89,19.36,1,2026-03-27,SETTLED
SETTLE_006659,STRIPE,MERCH_0071,EUR,27.00,0.76,26.24,1,2026-01-31,SETTLED
SETTLE_006660,ADYEN,MERCH_0002,USD,337.00,7.20,329.80,1,2026-02-20,SETTLED
SETTLE_006661,STRIPE,MERCH_0020,CAD,31.00,1.20,29.80,1,2026-01-13,SETTLED
SETTLE_006662,CHECKOUT_COM,MERCH_0007,USD,40.49,1.13,39.36,2,2026-02-07,SETTLED
SETTLE_006663,STRIPE,MERCH_0060,EUR,401.49,2.21,399.28,1,2026-01-09,SETTLED
SETTLE_006664,ADYEN,MERCH_0011,USD,64.25,1.47,62.78,1,2026-03-07,SETTLED
SETTLE_006665,STRIPE,MERCH_0063,INR,1499.00,0.00,1499.00,1,2026-01-16,SETTLED
SETTLE_006666,PAYPAL,MERCH_0068,USD,57.80,2.51,55.29,1,2026-01-31,SETTLED
SETTLE_006667,CHECKOUT_COM,MERCH_0004,CAD,75.75,2.04,73.71,1,2026-03-25,SETTLED
SETTLE_006668,CHECKOUT_COM,MERCH_0095,USD,173.50,4.19,169.31,2,2026-01-09,SETTLED
SETTLE_006669,CHECKOUT_COM,MERCH_0032,GBP,465.99,8.54,457.45,1,2026-01-19,SETTLED
SETTLE_006670,STRIPE,MERCH_0010,USD,2223.00,18.03,2204.97,1,2026-03-25,SETTLED
SETTLE_006671,ADYEN,MERCH_0020,GBP,282.50,4.34,278.16,1,2026-01-18,SETTLED
SETTLE_006672,STRIPE,MERCH_0036,USD,19.99,0.55,19.44,1,2026-03-25,SETTLED
SETTLE_006673,PAYPAL,MERCH_0019,INR,15000.00,182.00,14818.00,1,2026-03-22,SETTLED
SETTLE_006674,ADYEN,MERCH_0012,EUR,3161.95,11.22,3150.73,1,2026-02-20,SETTLED
SETTLE_006675,CHECKOUT_COM,MERCH_0077,USD,2686.00,61.98,2624.02,1,2026-03-04,SETTLED
SETTLE_006676,STRIPE,MERCH_0091,USD,71.25,2.37,68.88,1,2026-03-14,SETTLED
SETTLE_006677,STRIPE,MERCH_0009,USD,450.49,13.36,437.13,1,2026-01-20,SETTLED
SETTLE_006678,PAYPAL,MERCH_0040,INR,9999.00,121.99,9877.01,1,2026-01-20,SETTLED
SETTLE_006679,STRIPE,MERCH_0023,GBP,623.50,12.05,611.45,1,2026-03-13,SETTLED
SETTLE_006680,STRIPE,MERCH_0034,EUR,74.95,1.67,73.28,1,2026-01-05,SETTLED
SETTLE_006681,STRIPE,MERCH_0046,USD,104.95,1.82,103.13,1,2026-01-11,SETTLED
SETTLE_006682,ADYEN,MERCH_0005,USD,62.00,0.84,61.16,1,2026-01-18,SETTLED
SETTLE_006683,STRIPE,MERCH_0012,INR,10074.00,204.48,9869.52,1,2026-01-12,SETTLED
SETTLE_006684,ADYEN,MERCH_0061,USD,228.80,4.92,223.88,1,2026-02-20,SETTLED
SETTLE_006685,PAYPAL,MERCH_0022,EUR,286.80,17.07,269.73,1,2026-01-10,SETTLED
SETTLE_006686,ADYEN,MERCH_0045,EUR,58.49,0.35,58.14,1,2026-03-18,SETTLED
SETTLE_006687,PAYPAL,MERCH_0057,INR,3999.00,49.99,3949.01,1,2026-01-11,SETTLED
SETTLE_006688,ADYEN,MERCH_0071,USD,383.49,4.70,378.79,1,2026-03-18,SETTLED
SETTLE_006689,PAYPAL,MERCH_0091,USD,452.25,16.27,435.98,1,2026-01-11,SETTLED
SETTLE_006690,PAYPAL,MERCH_0095,GBP,41.99,1.52,40.47,1,2026-01-04,SETTLED
SETTLE_006691,ADYEN,MERCH_0002,USD,591.80,7.20,584.60,1,2026-01-09,SETTLED
SETTLE_006692,PAYPAL,MERCH_0053,EUR,1313.50,42.42,1271.08,1,2026-01-17,SETTLED
SETTLE_006693,STRIPE,MERCH_0025,CAD,612.99,18.08,594.91,1,2026-01-14,SETTLED
SETTLE_006694,STRIPE,MERCH_0038,GBP,38.00,0.92,37.08,1,2026-02-13,SETTLED
SETTLE_006695,STRIPE,MERCH_0058,USD,3161.75,25.54,3136.21,1,2026-03-17,SETTLED
SETTLE_006696,PAYPAL,MERCH_0066,GBP,308.50,9.25,299.25,1,2026-02-20,SETTLED
SETTLE_006697,STRIPE,MERCH_0099,GBP,32.00,0.81,31.19,1,2026-03-24,SETTLED
SETTLE_006698,CHECKOUT_COM,MERCH_0047,USD,530.75,12.41,518.34,1,2026-03-05,SETTLED
SETTLE_006699,CHECKOUT_COM,MERCH_0060,EUR,581.25,10.06,571.19,1,2026-03-28,SETTLED
SETTLE_006700,STRIPE,MERCH_0085,USD,32.99,0.74,32.25,1,2026-03-16,SETTLED
SETTLE_006701,PAYPAL,MERCH_0002,INR,2469.00,31.63,2437.37,1,2026-02-20,SETTLED
SETTLE_006702,STRIPE,MERCH_0059,EUR,2097.95,10.69,2087.26,1,2026-03-05,SETTLED
SETTLE_006703,PAYPAL,MERCH_0033,INR,1499.00,19.99,1479.01,1,2026-02-26,SETTLED
SETTLE_006704,STRIPE,MERCH_0058,USD,78.75,0.88,77.87,2,2026-03-23,SETTLED
SETTLE_006705,STRIPE,MERCH_0037,USD,12.00,0.65,11.35,1,2026-03-05,SETTLED
SETTLE_006706,STRIPE,MERCH_0064,EUR,576.49,3.08,573.41,1,2026-03-25,SETTLED
SETTLE_006707,PAYPAL,MERCH_0060,INR,1499.00,19.99,1479.01,2,2026-01-18,SETTLED
SETTLE_006708,CHECKOUT_COM,MERCH_0050,GBP,62.50,1.28,61.22,1,2026-03-05,SETTLED
SETTLE_006709,PAYPAL,MERCH_0096,USD,78.25,3.22,75.03,1,2026-02-05,SETTLED
SETTLE_006710,CHECKOUT_COM,MERCH_0031,CAD,69.80,6.90,62.90,1,2026-01-02,SETTLED
SETTLE_006711,STRIPE,MERCH_0098,GBP,334.95,6.56,328.39,1,2026-02-20,SETTLED
SETTLE_006712,PAYPAL,MERCH_0090,INR,2499.00,31.99,2467.01,1,2026-03-08,SETTLED
SETTLE_006713,ADYEN,MERCH_0055,USD,1624.49,19.59,1604.90,1,2026-01-29,SETTLED
SETTLE_006714,CHECKOUT_COM,MERCH_0059,CAD,397.99,9.77,388.22,1,2026-01-30,SETTLED
SETTLE_006715,PAYPAL,MERCH_0022,INR,9999.00,121.99,9877.01,1,2026-02-02,SETTLED
SETTLE_006716,PAYPAL,MERCH_0061,EUR,80.95,2.98,77.97,1,2026-01-28,SETTLED
SETTLE_006717,STRIPE,MERCH_0086,EUR,668.50,3.54,664.96,1,2026-01-19,SETTLED
SETTLE_006718,STRIPE,MERCH_0049,USD,441.25,3.78,437.47,1,2026-01-10,SETTLED
SETTLE_006719,CHECKOUT_COM,MERCH_0077,CAD,201.80,5.06,196.74,1,2026-03-25,SETTLED
SETTLE_006720,CHECKOUT_COM,MERCH_0008,CAD,3013.25,72.54,2940.71,1,2026-03-14,SETTLED
SETTLE_006721,STRIPE,MERCH_0064,GBP,324.95,6.37,318.58,1,2026-01-16,SETTLED
SETTLE_006722,ADYEN,MERCH_0065,USD,23.50,0.38,23.12,1,2026-02-15,SETTLED
SETTLE_006723,CHECKOUT_COM,MERCH_0079,EUR,404.50,7.06,397.44,1,2026-03-15,SETTLED
SETTLE_006724,ADYEN,MERCH_0027,EUR,68.00,0.39,67.61,1,2026-01-11,SETTLED
SETTLE_006725,CHECKOUT_COM,MERCH_0089,CAD,61.95,1.71,60.24,1,2026-02-26,SETTLED
SETTLE_006726,ADYEN,MERCH_0048,USD,75.80,1.01,74.79,1,2026-03-07,SETTLED
SETTLE_006727,CHECKOUT_COM,MERCH_0087,CAD,122.49,3.16,119.33,1,2026-02-23,SETTLED
SETTLE_006729,PAYPAL,MERCH_0050,INR,1999.00,25.99,1973.01,1,2026-01-15,SETTLED
SETTLE_006730,STRIPE,MERCH_0097,EUR,44.49,0.42,44.07,1,2026-01-29,SETTLED
SETTLE_006731,STRIPE,MERCH_0094,INR,4999.00,102.98,4896.02,1,2026-01-27,SETTLED
SETTLE_006732,STRIPE,MERCH_0057,INR,799.00,18.98,780.02,1,2026-01-08,SETTLED
SETTLE_006733,STRIPE,MERCH_0036,USD,194.99,7.45,187.54,1,2026-03-10,SETTLED
SETTLE_006734,STRIPE,MERCH_0083,USD,133.49,4.17,129.32,1,2026-01-17,SETTLED
SETTLE_006735,PAYPAL,MERCH_0053,EUR,35.25,1.52,33.73,1,2026-01-30,SETTLED
SETTLE_006736,ADYEN,MERCH_0014,USD,38.49,0.56,37.93,1,2026-02-20,SETTLED
SETTLE_006737,STRIPE,MERCH_0092,USD,531.99,2.86,529.13,1,2026-01-13,SETTLED
SETTLE_006738,STRIPE,MERCH_0058,CAD,92.00,2.97,89.03,1,2026-02-23,SETTLED
SETTLE_006739,STRIPE,MERCH_0044,USD,14.75,0.73,14.02,1,2026-01-06,SETTLED
SETTLE_006740,ADYEN,MERCH_0028,USD,51.80,0.72,51.08,1,2026-03-15,SETTLED
SETTLE_006741,PAYPAL,MERCH_0020,INR,499.00,7.99,491.01,1,2026-03-11,SETTLED
SETTLE_006743,CHECKOUT_COM,MERCH_0065,GBP,53.50,1.11,52.39,1,2026-02-08,SETTLED
SETTLE_006744,ADYEN,MERCH_0024,USD,384.80,4.72,380.08,1,2026-01-23,SETTLED
SETTLE_006745,STRIPE,MERCH_0045,EUR,1458.25,27.96,1430.29,1,2026-03-19,SETTLED
SETTLE_006746,STRIPE,MERCH_0086,GBP,114.75,2.38,112.37,1,2026-02-16,SETTLED
SETTLE_006747,STRIPE,MERCH_0039,GBP,1033.80,19.84,1013.96,1,2026-01-03,SETTLED
SETTLE_006748,PAYPAL,MERCH_0095,USD,75.50,3.12,72.38,1,2026-02-22,SETTLED
SETTLE_006749,PAYPAL,MERCH_0087,GBP,279.80,8.41,271.39,1,2026-02-08,SETTLED
SETTLE_006750,ADYEN,MERCH_0088,USD,27.00,0.42,26.58,1,2026-03-02,SETTLED
SETTLE_006751,PAYPAL,MERCH_0066,USD,35.25,1.72,33.53,1,2026-02-07,SETTLED
SETTLE_006752,STRIPE,MERCH_0071,GBP,1962.49,37.49,1925.00,1,2026-01-03,SETTLED
SETTLE_006753,STRIPE,MERCH_0049,EUR,103.25,2.21,101.04,1,2026-03-21,SETTLED
SETTLE_006754,STRIPE,MERCH_0060,CAD,17.95,0.82,17.13,1,2026-03-30,SETTLED
SETTLE_006755,STRIPE,MERCH_0017,USD,138.99,2.33,136.66,1,2026-03-21,SETTLED
SETTLE_006756,PAYPAL,MERCH_0035,GBP,173.50,5.33,168.17,1,2026-02-20,SETTLED
SETTLE_006757,CHECKOUT_COM,MERCH_0088,EUR,259.50,4.59,254.91,1,2026-02-21,SETTLED
SETTLE_006758,ADYEN,MERCH_0056,GBP,1117.75,13.37,1104.38,1,2026-01-20,SETTLED
SETTLE_006759,STRIPE,MERCH_0039,USD,640.80,5.38,635.42,1,2026-03-09,SETTLED
SETTLE_006760,ADYEN,MERCH_0034,GBP,29.50,0.54,28.96,2,2026-03-16,SETTLED
SETTLE_006761,STRIPE,MERCH_0074,USD,74.95,1.37,73.58,1,2026-03-31,SETTLED
SETTLE_006762,CHECKOUT_COM,MERCH_0003,EUR,1712.00,29.28,1682.72,1,2026-02-17,SETTLED
SETTLE_006763,CHECKOUT_COM,MERCH_0082,EUR,1358.80,23.28,1335.52,1,2026-01-14,SETTLED
SETTLE_006765,STRIPE,MERCH_0048,INR,2499.00,52.98,2446.02,1,2026-02-21,SETTLED
SETTLE_006766,STRIPE,MERCH_0015,EUR,283.75,1.62,282.13,1,2026-01-22,SETTLED
SETTLE_006767,STRIPE,MERCH_0073,EUR,3078.75,15.59,3063.16,1,2026-01-20,SETTLED
SETTLE_006768,ADYEN,MERCH_0046,USD,574.00,8.49,565.51,1,2026-02-24,SETTLED
SETTLE_006769,CHECKOUT_COM,MERCH_0072,GBP,57.80,1.19,56.61,1,2026-01-13,SETTLED
SETTLE_006770,STRIPE,MERCH_0013,USD,65.75,1.24,64.51,2,2026-01-14,SETTLED
SETTLE_006771,PAYPAL,MERCH_0010,USD,595.00,21.26,573.74,1,2026-02-10,SETTLED
SETTLE_006772,PAYPAL,MERCH_0055,EUR,196.00,6.66,189.34,1,2026-02-08,SETTLED
SETTLE_006773,STRIPE,MERCH_0075,USD,66.95,1.25,65.70,1,2026-04-01,SETTLED
SETTLE_006774,STRIPE,MERCH_0033,CAD,244.99,7.40,237.59,1,2026-01-18,SETTLED
SETTLE_006775,CHECKOUT_COM,MERCH_0074,CAD,20.00,0.70,19.30,1,2026-02-18,SETTLED
SETTLE_006776,ADYEN,MERCH_0014,GBP,59.80,1.00,58.80,1,2026-03-04,SETTLED
SETTLE_006777,STRIPE,MERCH_0041,CAD,381.99,11.38,370.61,1,2026-02-02,SETTLED
SETTLE_006778,ADYEN,MERCH_0099,EUR,209.95,3.05,206.90,1,2026-02-05,SETTLED
SETTLE_006779,STRIPE,MERCH_0040,INR,9999.00,0.00,9999.00,1,2026-01-10,SETTLED
SETTLE_006780,STRIPE,MERCH_0042,INR,999.00,0.00,999.00,1,2026-02-04,SETTLED
SETTLE_006781,STRIPE,MERCH_0011,GBP,1233.80,23.64,1210.16,1,2026-01-13,SETTLED
SETTLE_006782,STRIPE,MERCH_0009,USD,46.80,1.66,45.14,1,2026-03-24,SETTLED
SETTLE_006783,CHECKOUT_COM,MERCH_0036,USD,19.99,0.66,19.33,1,2026-04-02,SETTLED
SETTLE_006784,STRIPE,MERCH_0046,USD,17.49,0.51,16.98,1,2026-03-14,SETTLED
SETTLE_006785,PAYPAL,MERCH_0080,INR,1499.00,19.99,1479.01,1,2026-01-14,SETTLED
SETTLE_006786,STRIPE,MERCH_0017,USD,353.00,10.54,342.46,1,2026-01-18,SETTLED
SETTLE_006787,ADYEN,MERCH_0060,GBP,32.80,0.59,32.21,1,2026-03-10,SETTLED
SETTLE_006788,ADYEN,MERCH_0026,GBP,37.50,0.66,36.84,1,2026-02-05,SETTLED
SETTLE_006789,STRIPE,MERCH_0091,EUR,1178.25,22.64,1155.61,1,2026-02-07,SETTLED
SETTLE_006790,ADYEN,MERCH_0052,GBP,1793.75,27.01,1766.74,1,2026-03-08,SETTLED
SETTLE_006791,CHECKOUT_COM,MERCH_0051,USD,57.50,1.52,55.98,1,2026-02-24,SETTLED
SETTLE_006792,STRIPE,MERCH_0044,INR,1499.00,0.00,1499.00,1,2026-01-04,SETTLED
SETTLE_006793,CHECKOUT_COM,MERCH_0027,EUR,29.25,0.68,28.57,1,2026-01-21,SETTLED
SETTLE_006795,PAYPAL,MERCH_0059,INR,1999.00,25.99,1973.01,1,2026-01-31,SETTLED
SETTLE_006796,ADYEN,MERCH_0090,GBP,427.95,6.52,421.43,1,2026-03-23,SETTLED
SETTLE_006797,STRIPE,MERCH_0060,EUR,520.99,10.15,510.84,1,2026-01-29,SETTLED
SETTLE_006799,STRIPE,MERCH_0032,INR,799.00,18.98,780.02,1,2026-03-25,SETTLED
SETTLE_006800,PAYPAL,MERCH_0069,USD,56.80,2.47,54.33,1,2026-03-10,SETTLED
SETTLE_006801,STRIPE,MERCH_0079,INR,3999.00,82.98,3916.02,1,2026-03-19,SETTLED
SETTLE_006803,CHECKOUT_COM,MERCH_0047,USD,582.00,13.59,568.41,1,2026-02-13,SETTLED
SETTLE_006804,ADYEN,MERCH_0034,USD,64.00,0.87,63.13,1,2026-03-26,SETTLED
SETTLE_006805,ADYEN,MERCH_0072,GBP,100.75,1.61,99.14,1,2026-03-27,SETTLED
SETTLE_006806,STRIPE,MERCH_0053,EUR,76.49,0.58,75.91,1,2026-03-20,SETTLED
SETTLE_006807,STRIPE,MERCH_0092,INR,1499.00,0.00,1499.00,1,2026-02-02,SETTLED
SETTLE_006808,STRIPE,MERCH_0001,USD,67.00,2.24,64.76,1,2026-04-02,SETTLED
SETTLE_006809,STRIPE,MERCH_0090,EUR,577.50,11.22,566.28,1,2026-03-14,SETTLED
SETTLE_006810,STRIPE,MERCH_0051,USD,162.49,5.01,157.48,1,2026-03-12,SETTLED
SETTLE_006811,ADYEN,MERCH_0056,USD,3146.95,37.86,3109.09,1,2026-01-24,SETTLED
SETTLE_006812,STRIPE,MERCH_0012,USD,28.49,1.13,27.36,1,2026-01-28,SETTLED
SETTLE_006813,CHECKOUT_COM,MERCH_0077,USD,480.00,11.24,468.76,1,2026-03-30,SETTLED
SETTLE_006814,STRIPE,MERCH_0024,USD,306.75,4.85,301.90,1,2026-02-17,SETTLED
SETTLE_006815,PAYPAL,MERCH_0070,INR,2499.00,31.99,2467.01,2,2026-02-05,SETTLED
SETTLE_006816,ADYEN,MERCH_0094,USD,73.95,0.99,72.96,1,2026-01-15,SETTLED
SETTLE_006817,PAYPAL,MERCH_0068,EUR,256.99,8.61,248.38,1,2026-03-12,SETTLED
SETTLE_006818,PAYPAL,MERCH_0084,EUR,42.00,1.73,40.27,1,2026-03-22,SETTLED
SETTLE_006819,STRIPE,MERCH_0078,EUR,196.49,3.98,192.51,1,2026-03-11,SETTLED
SETTLE_006820,PAYPAL,MERCH_0083,USD,54.00,2.37,51.63,1,2026-02-07,SETTLED
SETTLE_006821,ADYEN,MERCH_0017,EUR,2182.25,7.79,2174.46,1,2026-03-23,SETTLED
SETTLE_006822,CHECKOUT_COM,MERCH_0010,EUR,19.00,0.50,18.50,1,2026-01-21,SETTLED
SETTLE_006823,CHECKOUT_COM,MERCH_0036,EUR,78.99,1.52,77.47,1,2026-01-06,SETTLED
SETTLE_006824,STRIPE,MERCH_0033,USD,26.80,1.08,25.72,1,2026-02-11,SETTLED
SETTLE_006825,STRIPE,MERCH_0061,EUR,68.99,0.54,68.45,1,2026-02-25,SETTLED
SETTLE_006826,PAYPAL,MERCH_0067,INR,799.00,11.59,787.41,1,2026-02-25,SETTLED
SETTLE_006827,STRIPE,MERCH_0040,USD,52.80,1.04,51.76,1,2026-03-22,SETTLED
SETTLE_006828,STRIPE,MERCH_0090,EUR,452.80,2.46,450.34,1,2026-01-04,SETTLED
SETTLE_006829,STRIPE,MERCH_0019,USD,3084.00,46.51,3037.49,1,2026-02-06,SETTLED
SETTLE_006830,CHECKOUT_COM,MERCH_0055,EUR,59.99,1.20,58.79,1,2026-03-22,SETTLED
SETTLE_006831,ADYEN,MERCH_0028,GBP,53.95,0.91,53.04,1,2026-01-03,SETTLED
SETTLE_006832,PAYPAL,MERCH_0017,USD,486.99,17.49,469.50,1,2026-03-11,SETTLED
SETTLE_006833,STRIPE,MERCH_0068,INR,4999.00,0.00,4999.00,1,2026-03-22,SETTLED
SETTLE_006834,ADYEN,MERCH_0011,USD,69.80,1.59,68.21,1,2026-02-07,SETTLED
SETTLE_006835,STRIPE,MERCH_0069,USD,79.95,2.62,77.33,1,2026-03-24,SETTLED
SETTLE_006836,PAYPAL,MERCH_0091,INR,1999.00,25.99,1973.01,1,2026-02-19,SETTLED
SETTLE_006837,PAYPAL,MERCH_0029,EUR,133.99,4.68,129.31,1,2026-02-13,SETTLED
SETTLE_006838,CHECKOUT_COM,MERCH_0020,CAD,32.99,1.01,31.98,1,2026-02-17,SETTLED
SETTLE_006839,STRIPE,MERCH_0025,USD,30.80,0.50,30.30,1,2026-03-31,SETTLED
SETTLE_006840,STRIPE,MERCH_0032,EUR,23.75,0.32,23.43,1,2026-02-14,SETTLED
SETTLE_006841,ADYEN,MERCH_0006,USD,2801.45,33.72,2767.73,1,2026-03-01,SETTLED
SETTLE_006842,CHECKOUT_COM,MERCH_0027,USD,72.00,1.86,70.14,1,2026-02-11,SETTLED
SETTLE_006843,ADYEN,MERCH_0008,EUR,260.99,1.06,259.93,1,2026-01-20,SETTLED
SETTLE_006844,CHECKOUT_COM,MERCH_0091,GBP,80.00,1.59,78.41,1,2026-01-10,SETTLED
SETTLE_006845,STRIPE,MERCH_0025,EUR,41.49,0.41,41.08,1,2026-02-16,SETTLED
SETTLE_006846,PAYPAL,MERCH_0090,GBP,76.75,7.53,69.22,1,2026-02-01,SETTLED
SETTLE_006847,STRIPE,MERCH_0071,INR,799.00,0.00,799.00,1,2026-01-07,SETTLED
SETTLE_006848,PAYPAL,MERCH_0054,GBP,47.75,1.68,46.07,1,2026-02-25,SETTLED
SETTLE_006849,PAYPAL,MERCH_0085,GBP,988.25,28.96,959.29,1,2026-03-26,SETTLED
SETTLE_006850,STRIPE,MERCH_0096,EUR,68.99,1.56,67.43,1,2026-03-21,SETTLED
SETTLE_006851,STRIPE,MERCH_0069,EUR,2260.50,43.20,2217.30,1,2026-03-25,SETTLED
SETTLE_006852,CHECKOUT_COM,MERCH_0064,USD,45.80,1.25,44.55,1,2026-03-20,SETTLED
SETTLE_006853,STRIPE,MERCH_0016,EUR,1453.99,27.88,1426.11,1,2026-01-15,SETTLED
SETTLE_006854,STRIPE,MERCH_0059,INR,799.00,18.98,780.02,1,2026-02-26,SETTLED
SETTLE_006855,ADYEN,MERCH_0066,EUR,73.95,0.41,73.54,1,2026-01-06,SETTLED
SETTLE_006856,CHECKOUT_COM,MERCH_0051,EUR,616.49,10.66,605.83,1,2026-03-29,SETTLED
SETTLE_006857,CHECKOUT_COM,MERCH_0100,EUR,525.25,9.11,516.14,1,2026-02-07,SETTLED
SETTLE_006858,PAYPAL,MERCH_0087,EUR,295.50,9.85,285.65,1,2026-03-12,SETTLED
SETTLE_006859,STRIPE,MERCH_0100,USD,69.00,1.28,67.72,1,2026-01-05,SETTLED
SETTLE_006860,ADYEN,MERCH_0050,USD,144.25,1.83,142.42,1,2026-03-10,SETTLED
SETTLE_006861,ADYEN,MERCH_0024,EUR,2667.00,37.45,2629.55,1,2026-01-29,SETTLED
SETTLE_006862,STRIPE,MERCH_0008,EUR,534.99,4.37,530.62,1,2026-02-11,SETTLED
SETTLE_006863,PAYPAL,MERCH_0035,INR,1999.00,25.99,1973.01,1,2026-01-17,SETTLED
SETTLE_006864,PAYPAL,MERCH_0037,INR,9999.00,121.99,9877.01,1,2026-02-08,SETTLED
SETTLE_006865,STRIPE,MERCH_0022,EUR,437.50,2.39,435.11,1,2026-03-14,SETTLED
SETTLE_006866,PAYPAL,MERCH_0039,INR,799.00,11.59,787.41,1,2026-02-07,SETTLED
SETTLE_006867,PAYPAL,MERCH_0066,EUR,28.80,1.31,27.49,1,2026-01-21,SETTLED
SETTLE_006868,STRIPE,MERCH_0039,GBP,174.99,3.52,171.47,1,2026-02-16,SETTLED
SETTLE_006869,ADYEN,MERCH_0045,EUR,61.50,0.97,60.53,1,2026-01-29,SETTLED
SETTLE_006870,ADYEN,MERCH_0092,EUR,554.99,7.88,547.11,1,2026-01-07,SETTLED
SETTLE_006871,STRIPE,MERCH_0096,INR,999.00,0.00,999.00,1,2026-03-19,SETTLED
SETTLE_006872,PAYPAL,MERCH_0049,EUR,364.99,12.07,352.92,1,2026-01-13,SETTLED
SETTLE_006873,STRIPE,MERCH_0045,EUR,63.80,1.46,62.34,1,2026-02-08,SETTLED
SETTLE_006874,CHECKOUT_COM,MERCH_0060,USD,257.95,6.13,251.82,1,2026-02-18,SETTLED
SETTLE_006875,STRIPE,MERCH_0084,CAD,25.80,1.05,24.75,1,2026-02-07,SETTLED
SETTLE_006876,STRIPE,MERCH_0073,EUR,554.25,2.97,551.28,1,2026-03-31,SETTLED
SETTLE_006877,CHECKOUT_COM,MERCH_0027,EUR,18.49,0.49,18.00,2,2026-03-02,SETTLED
SETTLE_006878,STRIPE,MERCH_0012,CAD,121.50,3.82,117.68,1,2026-03-28,SETTLED
SETTLE_006880,PAYPAL,MERCH_0005,EUR,3446.49,110.68,3335.81,1,2026-01-12,SETTLED
SETTLE_006881,ADYEN,MERCH_0083,GBP,45.50,0.78,44.72,1,2026-03-03,SETTLED
SETTLE_006882,CHECKOUT_COM,MERCH_0070,CAD,196.80,4.94,191.86,1,2026-03-09,SETTLED
SETTLE_006883,ADYEN,MERCH_0039,USD,168.00,3.65,164.35,1,2026-02-07,SETTLED
SETTLE_006884,ADYEN,MERCH_0095,GBP,607.95,9.22,598.73,1,2026-03-19,SETTLED
SETTLE_006885,STRIPE,MERCH_0049,EUR,69.99,0.55,69.44,1,2026-02-16,SETTLED
SETTLE_006886,STRIPE,MERCH_0001,GBP,32.75,0.82,31.93,1,2026-02-28,SETTLED
SETTLE_006887,STRIPE,MERCH_0054,EUR,618.50,12.00,606.50,1,2026-01-24,SETTLED
SETTLE_006888,STRIPE,MERCH_0043,USD,445.25,6.93,438.32,2,2026-02-19,SETTLED
SETTLE_006889,CHECKOUT_COM,MERCH_0024,EUR,75.00,1.46,73.54,1,2026-03-27,SETTLED
SETTLE_006890,STRIPE,MERCH_0013,EUR,2537.50,48.46,2489.04,1,2026-03-24,SETTLED
SETTLE_006891,CHECKOUT_COM,MERCH_0083,EUR,61.75,1.23,60.52,1,2026-01-15,SETTLED
SETTLE_006892,ADYEN,MERCH_0087,EUR,55.50,0.89,54.61,1,2026-02-24,SETTLED
SETTLE_006893,STRIPE,MERCH_0056,USD,1622.80,24.59,1598.21,1,2026-03-23,SETTLED
SETTLE_006894,STRIPE,MERCH_0059,EUR,438.50,6.14,432.36,1,2026-01-09,SETTLED
SETTLE_006895,PAYPAL,MERCH_0092,INR,499.00,7.99,491.01,1,2026-01-16,SETTLED
SETTLE_006896,PAYPAL,MERCH_0085,GBP,59.00,2.01,56.99,1,2026-01-11,SETTLED
SETTLE_006897,PAYPAL,MERCH_0081,GBP,3287.80,95.65,3192.15,1,2026-02-05,SETTLED
SETTLE_006898,ADYEN,MERCH_0005,USD,1261.50,26.61,1234.89,1,2026-03-23,SETTLED
SETTLE_006899,STRIPE,MERCH_0074,USD,373.25,5.85,367.40,1,2026-02-23,SETTLED
SETTLE_006900,STRIPE,MERCH_0028,EUR,247.99,4.96,243.03,1,2026-02-13,SETTLED
SETTLE_006901,CHECKOUT_COM,MERCH_0047,USD,161.49,3.91,157.58,1,2026-03-01,SETTLED
SETTLE_006902,STRIPE,MERCH_0028,EUR,151.99,3.14,148.85,1,2026-02-21,SETTLED
SETTLE_006903,PAYPAL,MERCH_0096,GBP,47.49,1.68,45.81,1,2026-02-24,SETTLED
SETTLE_006904,STRIPE,MERCH_0033,INR,1999.00,0.00,1999.00,1,2026-03-07,SETTLED
SETTLE_006905,PAYPAL,MERCH_0050,USD,601.00,21.46,579.54,1,2026-01-21,SETTLED
SETTLE_006906,STRIPE,MERCH_0073,USD,1857.50,15.11,1842.39,1,2026-03-24,SETTLED
SETTLE_006907,STRIPE,MERCH_0096,EUR,54.80,0.47,54.33,1,2026-01-09,SETTLED
SETTLE_006908,PAYPAL,MERCH_0020,INR,999.00,13.99,985.01,1,2026-02-25,SETTLED
SETTLE_006909,ADYEN,MERCH_0053,EUR,542.80,7.71,535.09,1,2026-02-16,SETTLED
SETTLE_006910,ADYEN,MERCH_0082,EUR,1490.80,5.37,1485.43,1,2026-03-15,SETTLED
SETTLE_006911,CHECKOUT_COM,MERCH_0088,USD,900.50,20.91,879.59,1,2026-01-21,SETTLED
SETTLE_006912,CHECKOUT_COM,MERCH_0009,EUR,320.50,5.63,314.87,1,2026-01-09,SETTLED
SETTLE_006913,STRIPE,MERCH_0021,EUR,615.49,3.28,612.21,1,2026-02-18,SETTLED
SETTLE_006914,STRIPE,MERCH_0018,INR,52.50,0.46,52.04,1,2026-01-27,SETTLED
SETTLE_006915,STRIPE,MERCH_0023,INR,799.00,18.98,780.02,1,2026-03-14,SETTLED
SETTLE_006916,STRIPE,MERCH_0020,EUR,3271.95,16.56,3255.39,1,2026-03-21,SETTLED
SETTLE_006917,CHECKOUT_COM,MERCH_0013,USD,632.95,14.76,618.19,1,2026-03-07,SETTLED
SETTLE_006918,CHECKOUT_COM,MERCH_0002,USD,1279.50,29.63,1249.87,1,2026-02-06,SETTLED
SETTLE_006919,STRIPE,MERCH_0073,GBP,32.75,0.82,31.93,1,2026-03-11,SETTLED
SETTLE_006920,STRIPE,MERCH_0100,EUR,68.00,0.54,67.46,1,2026-01-25,SETTLED
SETTLE_006921,ADYEN,MERCH_0082,EUR,124.00,0.58,123.42,1,2026-02-05,SETTLED
SETTLE_006922,CHECKOUT_COM,MERCH_0029,EUR,38.00,0.83,37.17,1,2026-01-31,SETTLED
SETTLE_006923,STRIPE,MERCH_0002,INR,9999.00,202.98,9796.02,1,2026-03-24,SETTLED
SETTLE_006924,CHECKOUT_COM,MERCH_0011,USD,125.75,3.09,122.66,1,2026-03-13,SETTLED
SETTLE_006925,ADYEN,MERCH_0057,GBP,300.00,4.60,295.40,1,2026-03-06,SETTLED
SETTLE_006926,PAYPAL,MERCH_0045,USD,529.00,15.64,513.36,1,2026-02-26,SETTLED
SETTLE_006927,CHECKOUT_COM,MERCH_0099,CAD,46.49,1.34,45.15,1,2026-01-06,SETTLED
SETTLE_006928,ADYEN,MERCH_0017,EUR,1076.50,15.18,1061.32,1,2026-02-10,SETTLED
SETTLE_006929,STRIPE,MERCH_0095,USD,1788.75,14.56,1774.19,1,2026-02-17,SETTLED
SETTLE_006930,CHECKOUT_COM,MERCH_0091,GBP,2200.25,39.75,2160.50,1,2026-03-17,SETTLED
SETTLE_006931,CHECKOUT_COM,MERCH_0027,CAD,619.95,15.10,604.85,1,2026-01-11,SETTLED
SETTLE_006932,PAYPAL,MERCH_0010,USD,329.00,11.97,317.03,1,2026-01-05,SETTLED
SETTLE_006933,ADYEN,MERCH_0081,EUR,64.80,1.02,63.78,1,2026-01-19,SETTLED
SETTLE_006934,ADYEN,MERCH_0073,EUR,34.49,0.27,34.22,1,2026-03-30,SETTLED
SETTLE_006935,CHECKOUT_COM,MERCH_0031,USD,817.99,19.01,798.98,1,2026-02-13,SETTLED
SETTLE_006936,PAYPAL,MERCH_0063,EUR,390.80,12.90,377.90,1,2026-03-01,SETTLED
SETTLE_006938,ADYEN,MERCH_0047,USD,74.75,1.69,73.06,1,2026-01-30,SETTLED
SETTLE_006939,PAYPAL,MERCH_0098,USD,3014.75,105.70,2909.05,1,2026-01-16,SETTLED
SETTLE_006940,CHECKOUT_COM,MERCH_0092,CAD,29.25,0.92,28.33,1,2026-03-14,SETTLED
SETTLE_006941,CHECKOUT_COM,MERCH_0037,USD,78.50,2.01,76.49,1,2026-02-23,SETTLED
SETTLE_006942,STRIPE,MERCH_0066,GBP,3065.25,58.44,3006.81,1,2026-02-21,SETTLED
SETTLE_006943,STRIPE,MERCH_0010,INR,499.00,12.98,486.02,1,2026-03-30,SETTLED
SETTLE_006944,STRIPE,MERCH_0081,CAD,72.75,2.41,70.34,1,2026-02-10,SETTLED
SETTLE_006945,STRIPE,MERCH_0063,CAD,268.75,8.09,260.66,1,2026-01-06,SETTLED
SETTLE_006946,STRIPE,MERCH_0053,USD,224.00,3.61,220.39,1,2026-01-27,SETTLED
SETTLE_006947,PAYPAL,MERCH_0031,EUR,223.95,7.56,216.39,1,2026-01-24,SETTLED
SETTLE_006948,ADYEN,MERCH_0084,USD,57.50,1.33,56.17,1,2026-01-22,SETTLED
SETTLE_006949,ADYEN,MERCH_0017,EUR,51.99,0.33,51.66,1,2026-03-27,SETTLED
SETTLE_006950,PAYPAL,MERCH_0047,USD,39.00,1.85,37.15,1,2026-02-28,SETTLED
SETTLE_006951,ADYEN,MERCH_0016,USD,76.75,1.73,75.02,1,2026-02-17,SETTLED
SETTLE_006952,STRIPE,MERCH_0075,USD,1358.95,23.13,1335.82,1,2026-02-08,SETTLED
SETTLE_006953,STRIPE,MERCH_0059,CAD,409.80,12.18,397.62,1,2026-01-28,SETTLED
SETTLE_006954,PAYPAL,MERCH_0017,GBP,20.80,0.90,19.90,1,2026-01-12,SETTLED
SETTLE_006955,STRIPE,MERCH_0053,EUR,195.80,3.97,191.83,1,2026-02-24,SETTLED
SETTLE_006956,ADYEN,MERCH_0033,USD,567.49,6.91,560.58,1,2026-02-16,SETTLED
SETTLE_006957,ADYEN,MERCH_0006,GBP,640.99,9.71,631.28,1,2026-01-10,SETTLED
SETTLE_006958,STRIPE,MERCH_0059,CAD,74.49,2.46,72.03,1,2026-03-24,SETTLED
SETTLE_006959,STRIPE,MERCH_0037,EUR,1264.50,6.52,1257.98,1,2026-01-26,SETTLED
SETTLE_006960,STRIPE,MERCH_0052,CAD,395.50,11.77,383.73,1,2026-03-09,SETTLED
SETTLE_006961,STRIPE,MERCH_0048,EUR,406.80,7.98,398.82,1,2026-03-27,SETTLED
SETTLE_006962,STRIPE,MERCH_0012,USD,394.99,11.75,383.24,1,2026-02-14,SETTLED
SETTLE_006963,STRIPE,MERCH_0057,USD,52.99,1.84,51.15,1,2026-01-23,SETTLED
SETTLE_006964,CHECKOUT_COM,MERCH_0029,EUR,598.00,10.35,587.65,1,2026-02-01,SETTLED
SETTLE_006965,PAYPAL,MERCH_0066,USD,578.49,20.68,557.81,1,2026-03-24,SETTLED
SETTLE_006966,CHECKOUT_COM,MERCH_0090,GBP,488.95,8.95,480.00,1,2026-03-29,SETTLED
SETTLE_006967,STRIPE,MERCH_0019,INR,3999.00,0.00,3999.00,1,2026-03-19,SETTLED
SETTLE_006968,STRIPE,MERCH_0059,EUR,143.80,4.48,139.32,1,2026-02-11,SETTLED
SETTLE_006969,STRIPE,MERCH_0078,USD,1791.00,27.11,1763.89,1,2026-01-17,SETTLED
SETTLE_006970,STRIPE,MERCH_0001,USD,214.75,3.47,211.28,1,2026-03-03,SETTLED
SETTLE_006971,ADYEN,MERCH_0029,EUR,3347.25,11.87,3335.38,1,2026-02-05,SETTLED
SETTLE_006972,ADYEN,MERCH_0026,EUR,257.80,1.05,256.75,1,2026-01-05,SETTLED
SETTLE_006973,STRIPE,MERCH_0044,INR,799.00,0.00,799.00,1,2026-02-08,SETTLED
SETTLE_006974,STRIPE,MERCH_0048,USD,175.49,5.39,170.10,1,2026-02-16,SETTLED
SETTLE_006975,PAYPAL,MERCH_0077,GBP,62.00,2.10,59.90,1,2026-02-27,SETTLED
SETTLE_006976,STRIPE,MERCH_0048,USD,139.50,1.37,138.13,1,2026-03-25,SETTLED
SETTLE_006977,STRIPE,MERCH_0083,EUR,429.25,8.41,420.84,1,2026-01-29,SETTLED
SETTLE_006978,CHECKOUT_COM,MERCH_0014,GBP,162.99,3.08,159.91,1,2026-01-19,SETTLED
SETTLE_006979,STRIPE,MERCH_0053,EUR,39.00,0.99,38.01,1,2026-02-16,SETTLED
SETTLE_006980,STRIPE,MERCH_0071,USD,397.80,11.84,385.96,1,2026-02-15,SETTLED
SETTLE_006981,ADYEN,MERCH_0012,EUR,316.00,4.53,311.47,1,2026-02-16,SETTLED
SETTLE_006982,STRIPE,MERCH_0076,CAD,51.49,1.79,49.70,1,2026-01-26,SETTLED
SETTLE_006983,ADYEN,MERCH_0084,EUR,412.25,1.59,410.66,1,2026-01-26,SETTLED
SETTLE_006984,STRIPE,MERCH_0030,INR,999.00,0.00,999.00,1,2026-02-12,SETTLED
SETTLE_006985,PAYPAL,MERCH_0099,INR,299.00,5.59,293.41,1,2026-02-09,SETTLED
SETTLE_006986,ADYEN,MERCH_0004,GBP,999.75,15.10,984.65,1,2026-02-23,SETTLED
SETTLE_006987,PAYPAL,MERCH_0050,INR,4999.00,61.99,4937.01,1,2026-01-15,SETTLED
SETTLE_006988,STRIPE,MERCH_0007,USD,42.95,0.59,42.36,1,2026-03-11,SETTLED
SETTLE_006989,ADYEN,MERCH_0001,GBP,44.99,0.77,44.22,1,2026-01-30,SETTLED
SETTLE_006990,ADYEN,MERCH_0048,USD,53.99,1.25,52.74,1,2026-02-10,SETTLED
SETTLE_006991,STRIPE,MERCH_0076,USD,58.49,2.00,56.49,1,2026-01-29,SETTLED
SETTLE_006992,STRIPE,MERCH_0068,USD,1212.99,35.48,1177.51,1,2026-02-21,SETTLED
SETTLE_006993,STRIPE,MERCH_0019,GBP,57.50,1.29,56.21,1,2026-02-11,SETTLED
SETTLE_006994,STRIPE,MERCH_0049,INR,299.00,0.00,299.00,1,2026-03-13,SETTLED
SETTLE_006995,PAYPAL,MERCH_0060,EUR,1268.49,40.98,1227.51,1,2026-02-26,SETTLED
SETTLE_006996,STRIPE,MERCH_0067,USD,65.99,1.24,64.75,1,2026-03-27,SETTLED
SETTLE_006997,STRIPE,MERCH_0095,USD,258.95,4.13,254.82,1,2026-03-15,SETTLED
SETTLE_006998,PAYPAL,MERCH_0085,EUR,251.80,8.45,243.35,1,2026-01-12,SETTLED
SETTLE_006999,ADYEN,MERCH_0069,EUR,31.95,0.56,31.39,1,2026-01-22,SETTLED
SETTLE_007000,PAYPAL,MERCH_0003,GBP,422.49,12.55,409.94,1,2026-02-10,SETTLED
SETTLE_007001,STRIPE,MERCH_0079,USD,636.99,18.77,618.22,1,2026-01-22,SETTLED
SETTLE_007002,STRIPE,MERCH_0041,INR,499.00,12.98,486.02,1,2026-03-25,SETTLED
SETTLE_007003,STRIPE,MERCH_0055,GBP,620.80,12.00,608.80,1,2026-01-14,SETTLED
SETTLE_007004,PAYPAL,MERCH_0055,INR,299.00,5.59,293.41,1,2026-01-18,SETTLED
SETTLE_007005,PAYPAL,MERCH_0071,USD,27.99,1.47,26.52,1,2026-02-15,SETTLED
SETTLE_007006,ADYEN,MERCH_0009,GBP,2828.80,42.53,2786.27,1,2026-03-01,SETTLED
SETTLE_007007,STRIPE,MERCH_0046,CAD,21.95,5.94,16.01,1,2026-02-24,SETTLED
SETTLE_007008,STRIPE,MERCH_0037,INR,2499.00,52.98,2446.02,1,2026-01-03,SETTLED
SETTLE_007009,STRIPE,MERCH_0012,INR,999.00,0.00,999.00,1,2026-01-26,SETTLED
SETTLE_007010,PAYPAL,MERCH_0065,USD,1327.25,46.81,1280.44,1,2026-03-21,SETTLED
SETTLE_007011,ADYEN,MERCH_0057,USD,57.25,1.32,55.93,1,2026-03-26,SETTLED
SETTLE_007012,ADYEN,MERCH_0055,GBP,2130.50,32.06,2098.44,1,2026-03-19,SETTLED
SETTLE_007014,CHECKOUT_COM,MERCH_0077,CAD,76.25,2.05,74.20,1,2026-03-22,SETTLED
SETTLE_007015,PAYPAL,MERCH_0033,USD,271.50,6.47,265.03,1,2026-03-17,SETTLED
SETTLE_007016,STRIPE,MERCH_0059,EUR,95.50,2.06,93.44,1,2026-03-02,SETTLED
SETTLE_007017,ADYEN,MERCH_0014,USD,479.25,10.18,469.07,1,2026-03-29,SETTLED
SETTLE_007018,CHECKOUT_COM,MERCH_0095,USD,44.49,1.22,43.27,1,2026-01-30,SETTLED
SETTLE_007019,CHECKOUT_COM,MERCH_0054,INR,15.50,0.44,15.06,1,2026-03-06,SETTLED
SETTLE_007020,STRIPE,MERCH_0082,USD,40.75,0.58,40.17,1,2026-03-24,SETTLED
SETTLE_007021,ADYEN,MERCH_0041,USD,176.25,3.82,172.43,1,2026-03-31,SETTLED
SETTLE_007022,STRIPE,MERCH_0090,CAD,915.95,26.86,889.09,1,2026-01-22,SETTLED
SETTLE_007023,PAYPAL,MERCH_0081,EUR,963.99,31.24,932.75,1,2026-01-05,SETTLED
SETTLE_007024,STRIPE,MERCH_0083,INR,1499.00,32.98,1466.02,1,2026-02-10,SETTLED
SETTLE_007025,STRIPE,MERCH_0011,INR,1499.00,32.98,1466.02,1,2026-02-11,SETTLED
SETTLE_007026,ADYEN,MERCH_0012,GBP,162.25,2.53,159.72,1,2026-02-27,SETTLED
SETTLE_007027,STRIPE,MERCH_0008,USD,24.25,0.44,23.81,1,2026-02-10,SETTLED
SETTLE_007028,STRIPE,MERCH_0070,INR,2499.00,52.98,2446.02,1,2026-02-09,SETTLED
SETTLE_007029,STRIPE,MERCH_0013,EUR,2362.80,12.01,2350.79,1,2026-01-13,SETTLED
SETTLE_007030,STRIPE,MERCH_0014,EUR,69.75,0.55,69.20,1,2026-01-10,SETTLED
SETTLE_007031,STRIPE,MERCH_0027,CAD,774.00,22.75,751.25,1,2026-03-01,SETTLED
SETTLE_007033,PAYPAL,MERCH_0075,USD,1008.25,35.68,972.57,1,2026-02-02,SETTLED
SETTLE_007034,CHECKOUT_COM,MERCH_0035,GBP,18.50,0.48,18.02,2,2026-01-06,SETTLED
SETTLE_007035,ADYEN,MERCH_0088,GBP,471.75,7.18,464.57,1,2026-01-23,SETTLED
SETTLE_007036,STRIPE,MERCH_0046,USD,238.99,7.58,231.41,1,2026-01-19,SETTLED
SETTLE_007037,ADYEN,MERCH_0054,EUR,168.80,0.74,168.06,1,2026-03-20,SETTLED
SETTLE_007038,PAYPAL,MERCH_0070,INR,2499.00,31.99,2467.01,1,2026-03-03,SETTLED
SETTLE_007039,CHECKOUT_COM,MERCH_0038,CAD,138.25,3.54,134.71,1,2026-02-08,SETTLED
SETTLE_007040,CHECKOUT_COM,MERCH_0002,USD,225.75,5.64,220.11,1,2026-01-06,SETTLED
SETTLE_007041,STRIPE,MERCH_0009,INR,799.00,2.50,796.50,1,2026-03-27,SETTLED
SETTLE_007042,STRIPE,MERCH_0087,INR,1499.00,0.00,1499.00,1,2026-02-17,SETTLED
SETTLE_007043,STRIPE,MERCH_0085,USD,129.80,2.20,127.60,1,2026-01-14,SETTLED
SETTLE_007044,CHECKOUT_COM,MERCH_0090,USD,141.50,3.45,138.05,1,2026-02-27,SETTLED
SETTLE_007045,STRIPE,MERCH_0038,INR,1999.00,42.98,1956.02,1,2026-03-31,SETTLED
SETTLE_007046,STRIPE,MERCH_0024,USD,557.49,16.47,541.02,1,2026-03-06,SETTLED
SETTLE_007047,ADYEN,MERCH_0066,GBP,48.25,0.82,47.43,1,2026-02-10,SETTLED
SETTLE_007048,ADYEN,MERCH_0037,GBP,47.80,0.82,46.98,1,2026-02-24,SETTLED
SETTLE_007049,PAYPAL,MERCH_0028,GBP,591.25,17.45,573.80,1,2026-02-05,SETTLED
SETTLE_007050,STRIPE,MERCH_0050,EUR,54.95,0.47,54.48,1,2026-03-13,SETTLED
SETTLE_007051,ADYEN,MERCH_0022,GBP,679.00,10.29,668.71,1,2026-03-26,SETTLED
SETTLE_007052,STRIPE,MERCH_0048,INR,2499.00,0.00,2499.00,1,2026-03-25,SETTLED
SETTLE_007053,ADYEN,MERCH_0030,USD,46.25,1.09,45.16,1,2026-02-17,SETTLED
SETTLE_007054,ADYEN,MERCH_0092,EUR,180.99,0.78,180.21,1,2026-03-06,SETTLED
SETTLE_007055,CHECKOUT_COM,MERCH_0051,EUR,40.49,0.87,39.62,1,2026-03-04,SETTLED
SETTLE_007056,PAYPAL,MERCH_0044,EUR,473.80,15.55,458.25,1,2026-04-01,SETTLED
SETTLE_007057,STRIPE,MERCH_0022,EUR,510.75,9.95,500.80,1,2026-01-22,SETTLED
SETTLE_007058,PAYPAL,MERCH_0072,EUR,1185.50,38.33,1147.17,1,2026-02-16,SETTLED
SETTLE_007059,STRIPE,MERCH_0016,USD,69.25,1.29,67.96,1,2026-03-02,SETTLED
SETTLE_007060,PAYPAL,MERCH_0059,EUR,125.50,4.41,121.09,1,2026-01-30,SETTLED
SETTLE_007061,PAYPAL,MERCH_0062,USD,27.50,1.45,26.05,1,2026-02-07,SETTLED
SETTLE_007062,ADYEN,MERCH_0004,EUR,334.95,1.32,333.63,1,2026-02-09,SETTLED
SETTLE_007063,CHECKOUT_COM,MERCH_0076,USD,617.49,14.40,603.09,1,2026-03-30,SETTLED
SETTLE_007064,PAYPAL,MERCH_0056,GBP,18.75,0.84,17.91,1,2026-01-02,SETTLED
SETTLE_007065,CHECKOUT_COM,MERCH_0095,USD,46.49,1.27,45.22,1,2026-03-15,SETTLED
SETTLE_007066,CHECKOUT_COM,MERCH_0013,USD,437.75,10.27,427.48,1,2026-03-11,SETTLED
SETTLE_007067,ADYEN,MERCH_0057,EUR,629.75,8.93,620.82,1,2026-01-02,SETTLED
SETTLE_007068,PAYPAL,MERCH_0087,GBP,64.95,2.18,62.77,1,2026-02-24,SETTLED
SETTLE_007069,ADYEN,MERCH_0071,GBP,66.50,1.10,65.40,1,2026-02-16,SETTLED
SETTLE_007070,PAYPAL,MERCH_0040,GBP,604.49,17.83,586.66,1,2026-03-26,SETTLED
SETTLE_007071,STRIPE,MERCH_0087,CAD,345.80,10.33,335.47,1,2026-01-08,SETTLED
SETTLE_007072,CHECKOUT_COM,MERCH_0035,USD,493.75,11.56,482.19,1,2026-01-09,SETTLED
SETTLE_007073,CHECKOUT_COM,MERCH_0035,EUR,67.80,1.37,66.43,1,2026-03-01,SETTLED
SETTLE_007074,PAYPAL,MERCH_0021,INR,999.00,13.99,985.01,1,2026-03-04,SETTLED
SETTLE_007075,STRIPE,MERCH_0046,USD,496.95,14.71,482.24,1,2026-04-02,SETTLED
SETTLE_007076,ADYEN,MERCH_0050,USD,35.99,0.88,35.11,1,2026-03-01,SETTLED
SETTLE_007077,PAYPAL,MERCH_0098,EUR,184.49,6.29,178.20,1,2026-02-20,SETTLED
SETTLE_007078,STRIPE,MERCH_0068,INR,15000.00,303.00,14697.00,1,2026-01-30,SETTLED
SETTLE_007079,STRIPE,MERCH_0063,INR,999.00,22.98,976.02,1,2026-01-14,SETTLED
SETTLE_007080,CHECKOUT_COM,MERCH_0068,CAD,362.80,8.93,353.87,1,2026-02-18,SETTLED
SETTLE_007081,ADYEN,MERCH_0056,USD,61.50,2.34,59.16,1,2026-04-01,SETTLED
SETTLE_007082,PAYPAL,MERCH_0085,USD,58.80,2.54,56.26,1,2026-03-09,SETTLED
SETTLE_007083,CHECKOUT_COM,MERCH_0043,EUR,315.49,5.54,309.95,1,2026-01-30,SETTLED
SETTLE_007084,STRIPE,MERCH_0016,EUR,380.25,7.47,372.78,1,2026-02-16,SETTLED
SETTLE_007085,PAYPAL,MERCH_0066,USD,42.80,1.98,40.82,1,2026-02-26,SETTLED
SETTLE_007086,PAYPAL,MERCH_0034,EUR,2961.50,95.16,2866.34,1,2026-03-04,SETTLED
SETTLE_007087,CHECKOUT_COM,MERCH_0010,EUR,1028.49,17.66,1010.83,1,2026-01-29,SETTLED
SETTLE_007088,PAYPAL,MERCH_0011,USD,2567.80,90.11,2477.69,1,2026-01-17,SETTLED
SETTLE_007089,PAYPAL,MERCH_0063,EUR,3457.25,111.02,3346.23,1,2026-03-08,SETTLED
SETTLE_007090,ADYEN,MERCH_0026,EUR,636.75,2.38,634.37,1,2026-02-13,SETTLED
SETTLE_007091,STRIPE,MERCH_0054,EUR,625.75,3.33,622.42,1,2026-01-12,SETTLED
SETTLE_007092,ADYEN,MERCH_0072,GBP,445.95,6.79,439.16,1,2026-03-17,SETTLED
SETTLE_007093,STRIPE,MERCH_0032,INR,2499.00,0.00,2499.00,1,2026-02-06,SETTLED
SETTLE_007094,PAYPAL,MERCH_0066,EUR,232.25,7.82,224.43,1,2026-03-14,SETTLED
SETTLE_007095,ADYEN,MERCH_0061,USD,33.99,0.51,33.48,1,2026-01-12,SETTLED
SETTLE_007096,ADYEN,MERCH_0066,EUR,1233.50,17.38,1216.12,1,2026-02-21,SETTLED
SETTLE_007097,STRIPE,MERCH_0003,USD,44.80,0.92,43.88,1,2026-03-03,SETTLED
SETTLE_007098,PAYPAL,MERCH_0100,USD,297.25,10.86,286.39,1,2026-01-02,SETTLED
SETTLE_007099,CHECKOUT_COM,MERCH_0048,EUR,74.00,1.44,72.56,1,2026-03-29,SETTLED
SETTLE_007100,CHECKOUT_COM,MERCH_0034,EUR,2416.75,41.26,2375.49,1,2026-03-10,SETTLED
SETTLE_007101,STRIPE,MERCH_0015,USD,36.00,0.54,35.46,1,2026-03-29,SETTLED
SETTLE_007102,PAYPAL,MERCH_0057,GBP,2258.75,65.80,2192.95,1,2026-02-11,SETTLED
SETTLE_007103,PAYPAL,MERCH_0002,GBP,35.75,1.34,34.41,1,2026-03-19,SETTLED
SETTLE_007104,PAYPAL,MERCH_0098,USD,424.49,15.30,409.19,1,2026-03-19,SETTLED
SETTLE_007105,ADYEN,MERCH_0068,USD,578.99,7.05,571.94,1,2026-02-23,SETTLED
SETTLE_007106,STRIPE,MERCH_0026,INR,9999.00,202.98,9796.02,1,2026-01-17,SETTLED
SETTLE_007107,STRIPE,MERCH_0008,INR,4999.00,0.00,4999.00,1,2026-01-04,SETTLED
SETTLE_007108,ADYEN,MERCH_0008,EUR,283.50,4.08,279.42,1,2026-02-12,SETTLED
SETTLE_007109,ADYEN,MERCH_0075,USD,614.00,7.47,606.53,1,2026-02-12,SETTLED
SETTLE_007110,STRIPE,MERCH_0018,EUR,363.50,7.16,356.34,1,2026-01-05,SETTLED
SETTLE_007111,ADYEN,MERCH_0035,USD,2342.95,28.22,2314.73,1,2026-03-12,SETTLED
SETTLE_007112,STRIPE,MERCH_0059,EUR,45.50,1.93,43.57,1,2026-03-18,SETTLED
SETTLE_007113,STRIPE,MERCH_0052,EUR,654.50,3.47,651.03,1,2026-03-09,SETTLED
SETTLE_007115,CHECKOUT_COM,MERCH_0012,CAD,80.00,2.14,77.86,1,2026-03-10,SETTLED
SETTLE_007116,ADYEN,MERCH_0060,USD,31.95,0.79,31.16,1,2026-02-15,SETTLED
SETTLE_007117,CHECKOUT_COM,MERCH_0034,CAD,59.75,1.65,58.10,1,2026-03-12,SETTLED
SETTLE_007118,STRIPE,MERCH_0061,INR,799.00,0.00,799.00,1,2026-01-17,SETTLED
SETTLE_007119,STRIPE,MERCH_0037,INR,799.00,18.98,780.02,1,2026-03-21,SETTLED
SETTLE_007120,STRIPE,MERCH_0005,USD,3342.80,26.99,3315.81,1,2026-03-28,SETTLED
SETTLE_007121,PAYPAL,MERCH_0076,INR,15000.00,182.00,14818.00,1,2026-03-31,SETTLED
SETTLE_007122,ADYEN,MERCH_0063,EUR,256.25,3.70,252.55,1,2026-02-07,SETTLED
SETTLE_007123,STRIPE,MERCH_0029,EUR,2466.50,47.11,2419.39,1,2026-01-17,SETTLED
SETTLE_007124,STRIPE,MERCH_0067,INR,4999.00,102.98,4896.02,1,2026-02-21,SETTLED
SETTLE_007125,STRIPE,MERCH_0017,INR,1999.00,42.98,1956.02,1,2026-02-12,SETTLED
SETTLE_007126,CHECKOUT_COM,MERCH_0030,EUR,317.80,5.58,312.22,1,2026-01-08,SETTLED
SETTLE_007127,CHECKOUT_COM,MERCH_0090,GBP,432.49,5.93,426.56,1,2026-02-09,SETTLED
SETTLE_007128,CHECKOUT_COM,MERCH_0072,GBP,79.00,1.57,77.43,1,2026-03-06,SETTLED
SETTLE_007129,CHECKOUT_COM,MERCH_0050,GBP,312.25,5.77,306.48,1,2026-01-22,SETTLED
SETTLE_007130,STRIPE,MERCH_0099,USD,437.80,3.75,434.05,1,2026-03-07,SETTLED
SETTLE_007131,STRIPE,MERCH_0086,CAD,266.99,8.04,258.95,1,2026-01-07,SETTLED
SETTLE_007132,CHECKOUT_COM,MERCH_0100,EUR,373.49,6.53,366.96,1,2026-02-07,SETTLED
SETTLE_007133,ADYEN,MERCH_0036,USD,3322.80,69.90,3252.90,1,2026-02-15,SETTLED
SETTLE_007134,STRIPE,MERCH_0014,GBP,66.95,6.47,60.48,1,2026-01-26,SETTLED
SETTLE_007135,STRIPE,MERCH_0035,INR,4999.00,0.00,4999.00,1,2026-02-16,SETTLED
SETTLE_007136,STRIPE,MERCH_0097,EUR,640.49,3.40,637.09,1,2026-02-21,SETTLED
SETTLE_007137,CHECKOUT_COM,MERCH_0055,GBP,517.80,9.47,508.33,1,2026-03-25,SETTLED
SETTLE_007138,CHECKOUT_COM,MERCH_0091,CAD,31.50,0.98,30.52,1,2026-03-14,SETTLED
SETTLE_007139,STRIPE,MERCH_0081,USD,1368.80,11.20,1357.60,1,2026-03-03,SETTLED
SETTLE_007140,PAYPAL,MERCH_0097,EUR,605.00,19.75,585.25,1,2026-02-23,SETTLED
SETTLE_007141,STRIPE,MERCH_0088,USD,21.99,0.58,21.41,1,2026-02-17,SETTLED
SETTLE_007142,STRIPE,MERCH_0081,EUR,2587.95,13.14,2574.81,1,2026-02-08,SETTLED
SETTLE_007143,PAYPAL,MERCH_0026,EUR,71.80,2.69,69.11,1,2026-03-17,SETTLED
SETTLE_007144,CHECKOUT_COM,MERCH_0081,GBP,59.95,1.23,58.72,1,2026-02-26,SETTLED
SETTLE_007145,PAYPAL,MERCH_0023,GBP,16.49,1.07,15.42,1,2026-02-15,SETTLED
SETTLE_007146,ADYEN,MERCH_0093,GBP,229.49,3.54,225.95,1,2026-01-09,SETTLED
SETTLE_007147,STRIPE,MERCH_0008,INR,1999.00,0.00,1999.00,1,2026-02-26,SETTLED
SETTLE_007148,STRIPE,MERCH_0056,EUR,42.95,0.41,42.54,1,2026-01-27,SETTLED
SETTLE_007149,CHECKOUT_COM,MERCH_0021,GBP,32.25,0.73,31.52,1,2026-01-07,SETTLED
SETTLE_007150,CHECKOUT_COM,MERCH_0045,USD,336.75,7.95,328.80,1,2026-01-11,SETTLED
SETTLE_007151,STRIPE,MERCH_0026,EUR,647.99,3.44,644.55,1,2026-03-02,SETTLED
SETTLE_007152,STRIPE,MERCH_0090,EUR,34.80,5.37,29.43,1,2026-03-19,SETTLED
SETTLE_007153,PAYPAL,MERCH_0096,GBP,2830.49,82.38,2748.11,1,2026-02-26,SETTLED
SETTLE_007154,STRIPE,MERCH_0076,INR,2499.00,0.00,2499.00,1,2026-03-28,SETTLED
SETTLE_007155,STRIPE,MERCH_0070,INR,999.00,0.00,999.00,1,2026-01-15,SETTLED
SETTLE_007156,PAYPAL,MERCH_0015,USD,61.75,2.65,59.10,2,2026-03-26,SETTLED
SETTLE_007157,ADYEN,MERCH_0027,EUR,69.99,0.39,69.60,1,2026-03-23,SETTLED
SETTLE_007158,STRIPE,MERCH_0079,INR,799.00,0.00,799.00,1,2026-03-01,SETTLED
SETTLE_007159,CHECKOUT_COM,MERCH_0032,GBP,1009.75,18.33,991.42,1,2026-03-04,SETTLED
SETTLE_007160,CHECKOUT_COM,MERCH_0071,CAD,2513.50,60.54,2452.96,1,2026-03-23,SETTLED
SETTLE_007161,ADYEN,MERCH_0079,EUR,31.80,0.26,31.54,1,2026-03-22,SETTLED
SETTLE_007162,STRIPE,MERCH_0009,GBP,16.00,0.50,15.50,1,2026-02-16,SETTLED
SETTLE_007163,ADYEN,MERCH_0018,USD,77.95,5.51,72.44,1,2026-02-27,SETTLED
SETTLE_007164,STRIPE,MERCH_0010,EUR,367.95,2.04,365.91,1,2026-03-08,SETTLED
SETTLE_007165,STRIPE,MERCH_0092,USD,523.25,8.10,515.15,1,2026-02-04,SETTLED
SETTLE_007166,PAYPAL,MERCH_0100,USD,163.25,6.19,157.06,1,2026-02-08,SETTLED
SETTLE_007167,CHECKOUT_COM,MERCH_0089,USD,238.75,5.69,233.06,1,2026-03-26,SETTLED
SETTLE_007168,ADYEN,MERCH_0006,EUR,2514.00,35.31,2478.69,1,2026-03-17,SETTLED
SETTLE_007169,CHECKOUT_COM,MERCH_0068,USD,95.75,2.40,93.35,1,2026-03-27,SETTLED
SETTLE_007170,PAYPAL,MERCH_0041,GBP,1080.00,31.62,1048.38,1,2026-01-13,SETTLED
SETTLE_007171,CHECKOUT_COM,MERCH_0075,USD,35.49,1.02,34.47,1,2026-01-29,SETTLED
SETTLE_007172,STRIPE,MERCH_0016,GBP,461.99,8.98,453.01,1,2026-02-15,SETTLED
SETTLE_007173,STRIPE,MERCH_0089,EUR,213.95,4.32,209.63,1,2026-01-16,SETTLED
SETTLE_007174,STRIPE,MERCH_0023,CAD,125.49,3.94,121.55,1,2026-01-03,SETTLED
SETTLE_007175,PAYPAL,MERCH_0054,USD,539.75,19.33,520.42,1,2026-02-26,SETTLED
SETTLE_007176,STRIPE,MERCH_0070,EUR,34.25,0.90,33.35,2,2026-02-24,SETTLED
SETTLE_007177,ADYEN,MERCH_0040,EUR,96.00,1.45,94.55,2,2026-01-26,SETTLED
SETTLE_007178,PAYPAL,MERCH_0031,GBP,175.50,5.39,170.11,1,2026-01-19,SETTLED
SETTLE_007179,STRIPE,MERCH_0069,EUR,132.49,2.77,129.72,1,2026-03-11,SETTLED
SETTLE_007180,STRIPE,MERCH_0043,USD,519.25,8.04,511.21,1,2026-01-22,SETTLED
SETTLE_007181,STRIPE,MERCH_0071,INR,168.75,1.04,167.71,1,2026-03-11,SETTLED
SETTLE_007182,ADYEN,MERCH_0031,EUR,770.49,10.90,759.59,1,2026-01-14,SETTLED
SETTLE_007183,STRIPE,MERCH_0046,INR,799.00,0.00,799.00,1,2026-02-06,SETTLED
SETTLE_007184,STRIPE,MERCH_0060,EUR,79.00,0.59,78.41,1,2026-01-17,SETTLED
SETTLE_007185,STRIPE,MERCH_0100,EUR,45.75,1.12,44.63,1,2026-03-29,SETTLED
SETTLE_007186,ADYEN,MERCH_0073,USD,234.00,5.03,228.97,1,2026-03-12,SETTLED
SETTLE_007187,STRIPE,MERCH_0037,INR,1999.00,42.98,1956.02,1,2026-03-16,SETTLED
SETTLE_007188,CHECKOUT_COM,MERCH_0037,EUR,74.49,1.45,73.04,1,2026-03-22,SETTLED
SETTLE_007189,PAYPAL,MERCH_0022,INR,1099.00,15.19,1083.81,1,2026-03-06,SETTLED
SETTLE_007190,ADYEN,MERCH_0024,EUR,65.95,0.38,65.57,1,2026-03-17,SETTLED
SETTLE_007191,CHECKOUT_COM,MERCH_0022,EUR,1084.75,18.62,1066.13,1,2026-02-06,SETTLED
SETTLE_007192,CHECKOUT_COM,MERCH_0015,EUR,3198.80,54.56,3144.24,1,2026-02-17,SETTLED
SETTLE_007193,STRIPE,MERCH_0096,EUR,481.50,9.40,472.10,1,2026-01-15,SETTLED
SETTLE_007194,PAYPAL,MERCH_0023,GBP,586.50,17.31,569.19,2,2026-01-26,SETTLED
SETTLE_007195,CHECKOUT_COM,MERCH_0001,GBP,172.99,3.26,169.73,1,2026-01-30,SETTLED
SETTLE_007196,STRIPE,MERCH_0083,EUR,50.25,1.20,49.05,1,2026-03-18,SETTLED
SETTLE_007197,ADYEN,MERCH_0024,USD,436.95,9.30,427.65,1,2026-01-19,SETTLED
SETTLE_007198,PAYPAL,MERCH_0017,GBP,170.99,5.26,165.73,1,2026-02-05,SETTLED
SETTLE_007199,PAYPAL,MERCH_0015,GBP,39.99,1.46,38.53,1,2026-01-08,SETTLED
SETTLE_007200,STRIPE,MERCH_0063,USD,47.99,0.63,47.36,1,2026-01-20,SETTLED
SETTLE_007201,ADYEN,MERCH_0053,EUR,3015.49,42.33,2973.16,1,2026-03-01,SETTLED
SETTLE_007202,STRIPE,MERCH_0043,CAD,61.80,2.09,59.71,1,2026-02-02,SETTLED
SETTLE_007203,STRIPE,MERCH_0082,CAD,291.75,8.76,282.99,1,2026-01-16,SETTLED
SETTLE_007204,STRIPE,MERCH_0093,USD,125.00,3.92,121.08,1,2026-01-19,SETTLED
SETTLE_007205,STRIPE,MERCH_0064,EUR,73.00,1.64,71.36,1,2026-01-18,SETTLED
SETTLE_007206,STRIPE,MERCH_0054,EUR,563.99,3.02,560.97,1,2026-02-03,SETTLED
SETTLE_007207,ADYEN,MERCH_0025,EUR,32.25,0.56,31.69,1,2026-01-26,SETTLED
SETTLE_007209,STRIPE,MERCH_0062,USD,144.75,2.42,142.33,1,2026-01-08,SETTLED
SETTLE_007210,ADYEN,MERCH_0009,EUR,642.25,9.10,633.15,1,2026-02-11,SETTLED
SETTLE_007211,STRIPE,MERCH_0016,INR,1999.00,42.98,1956.02,1,2026-02-02,SETTLED
SETTLE_007212,ADYEN,MERCH_0026,USD,225.50,4.86,220.64,1,2026-01-05,SETTLED
SETTLE_007213,ADYEN,MERCH_0039,USD,322.50,3.97,318.53,1,2026-01-29,SETTLED
SETTLE_007215,STRIPE,MERCH_0057,INR,4999.00,0.00,4999.00,1,2026-01-21,SETTLED
SETTLE_007216,STRIPE,MERCH_0092,CAD,1324.25,38.70,1285.55,1,2026-03-05,SETTLED
SETTLE_007217,CHECKOUT_COM,MERCH_0051,CAD,311.49,7.70,303.79,1,2026-02-17,SETTLED
SETTLE_007218,STRIPE,MERCH_0011,USD,52.80,0.67,52.13,1,2026-01-31,SETTLED
SETTLE_007219,ADYEN,MERCH_0066,EUR,612.99,2.30,610.69,1,2026-01-17,SETTLED
SETTLE_007220,STRIPE,MERCH_0009,EUR,47.49,1.15,46.34,1,2026-03-30,SETTLED
SETTLE_007221,ADYEN,MERCH_0093,EUR,320.00,1.27,318.73,1,2026-01-16,SETTLED
SETTLE_007222,STRIPE,MERCH_0066,INR,3999.00,82.98,3916.02,1,2026-01-19,SETTLED
SETTLE_007223,PAYPAL,MERCH_0075,EUR,645.49,21.05,624.44,1,2026-02-12,SETTLED
SETTLE_007224,CHECKOUT_COM,MERCH_0043,CAD,26.75,0.86,25.89,1,2026-02-23,SETTLED
SETTLE_007225,STRIPE,MERCH_0066,USD,1666.25,13.58,1652.67,1,2026-01-26,SETTLED
SETTLE_007226,STRIPE,MERCH_0071,USD,30.00,0.49,29.51,1,2026-02-21,SETTLED
SETTLE_007227,STRIPE,MERCH_0032,GBP,373.00,7.29,365.71,1,2026-01-09,SETTLED
SETTLE_007228,ADYEN,MERCH_0080,EUR,60.25,0.36,59.89,1,2026-03-10,SETTLED
SETTLE_007229,STRIPE,MERCH_0075,INR,999.00,0.00,999.00,1,2026-01-31,SETTLED
SETTLE_007230,STRIPE,MERCH_0024,USD,626.25,9.64,616.61,1,2026-02-03,SETTLED
SETTLE_007231,CHECKOUT_COM,MERCH_0042,EUR,16.25,0.46,15.79,1,2026-03-30,SETTLED
SETTLE_007232,CHECKOUT_COM,MERCH_0028,CAD,49.95,1.42,48.53,1,2026-01-09,SETTLED
SETTLE_007233,ADYEN,MERCH_0100,EUR,487.75,6.94,480.81,1,2026-02-24,SETTLED
SETTLE_007234,CHECKOUT_COM,MERCH_0036,USD,2646.75,61.08,2585.67,1,2026-01-29,SETTLED
SETTLE_007235,ADYEN,MERCH_0056,EUR,471.99,6.72,465.27,1,2026-02-24,SETTLED
SETTLE_007236,ADYEN,MERCH_0050,USD,642.50,13.61,628.89,1,2026-03-04,SETTLED
SETTLE_007237,PAYPAL,MERCH_0049,GBP,216.80,6.59,210.21,1,2026-02-04,SETTLED
SETTLE_007238,STRIPE,MERCH_0039,INR,799.00,18.98,780.02,1,2026-02-06,SETTLED
SETTLE_007239,ADYEN,MERCH_0088,GBP,15.99,0.34,15.65,1,2026-03-01,SETTLED
SETTLE_007240,CHECKOUT_COM,MERCH_0044,GBP,73.50,1.47,72.03,2,2026-02-01,SETTLED
SETTLE_007241,ADYEN,MERCH_0046,GBP,1435.99,21.64,1414.35,2,2026-01-11,SETTLED
SETTLE_007242,STRIPE,MERCH_0030,CAD,235.49,7.13,228.36,1,2026-03-02,SETTLED
SETTLE_007243,STRIPE,MERCH_0072,USD,605.75,5.10,600.65,1,2026-03-22,SETTLED
SETTLE_007244,CHECKOUT_COM,MERCH_0054,EUR,359.50,6.29,353.21,1,2026-02-04,SETTLED
SETTLE_007245,CHECKOUT_COM,MERCH_0023,USD,51.50,1.38,50.12,1,2026-02-15,SETTLED
SETTLE_007246,PAYPAL,MERCH_0084,USD,38.49,1.83,36.66,1,2026-01-26,SETTLED
SETTLE_007247,STRIPE,MERCH_0075,EUR,47.80,0.44,47.36,1,2026-03-11,SETTLED
SETTLE_007248,ADYEN,MERCH_0071,EUR,524.49,1.99,522.50,1,2026-01-17,SETTLED
SETTLE_007249,ADYEN,MERCH_0090,EUR,1136.95,16.03,1120.92,1,2026-03-28,SETTLED
SETTLE_007250,STRIPE,MERCH_0076,INR,9999.00,0.00,9999.00,1,2026-03-07,SETTLED
SETTLE_007251,STRIPE,MERCH_0062,USD,529.50,13.66,515.84,1,2026-03-18,SETTLED
SETTLE_007252,STRIPE,MERCH_0015,INR,1499.00,32.98,1466.02,1,2026-02-18,SETTLED
SETTLE_007253,CHECKOUT_COM,MERCH_0033,EUR,576.99,9.99,567.00,1,2026-03-14,SETTLED
SETTLE_007254,STRIPE,MERCH_0041,USD,51.25,1.02,50.23,1,2026-01-16,SETTLED
SETTLE_007255,STRIPE,MERCH_0026,USD,35.95,0.54,35.41,1,2026-02-21,SETTLED
SETTLE_007256,ADYEN,MERCH_0012,USD,26.95,0.69,26.26,1,2026-02-17,SETTLED
SETTLE_007257,STRIPE,MERCH_0097,USD,649.25,19.13,630.12,1,2026-01-31,SETTLED
SETTLE_007258,STRIPE,MERCH_0100,INR,799.00,0.00,799.00,1,2026-03-21,SETTLED
SETTLE_007259,CHECKOUT_COM,MERCH_0087,USD,40.00,1.12,38.88,1,2026-03-22,SETTLED
SETTLE_007260,CHECKOUT_COM,MERCH_0075,USD,98.49,2.47,96.02,1,2026-03-18,SETTLED
SETTLE_007261,ADYEN,MERCH_0078,EUR,2140.50,34.08,2106.42,1,2026-02-26,SETTLED
SETTLE_007262,STRIPE,MERCH_0047,GBP,53.99,1.23,52.76,1,2026-03-19,SETTLED
SETTLE_007263,STRIPE,MERCH_0076,INR,524.00,13.48,510.52,1,2026-01-15,SETTLED
SETTLE_007264,PAYPAL,MERCH_0024,EUR,60.49,2.33,58.16,1,2026-02-05,SETTLED
SETTLE_007265,STRIPE,MERCH_0071,INR,999.00,0.00,999.00,1,2026-03-09,SETTLED
SETTLE_007266,PAYPAL,MERCH_0091,GBP,621.80,18.33,603.47,1,2026-03-17,SETTLED
SETTLE_007267,STRIPE,MERCH_0056,EUR,80.25,1.77,78.48,1,2026-02-02,SETTLED
SETTLE_007268,STRIPE,MERCH_0072,CAD,69.25,2.31,66.94,1,2026-01-07,SETTLED
SETTLE_007269,STRIPE,MERCH_0017,INR,3999.00,0.00,3999.00,1,2026-02-22,SETTLED
SETTLE_007270,CHECKOUT_COM,MERCH_0074,GBP,39.50,0.86,38.64,1,2026-02-14,SETTLED
SETTLE_007271,STRIPE,MERCH_0096,GBP,324.99,6.37,318.62,1,2026-01-08,SETTLED
SETTLE_007272,ADYEN,MERCH_0087,EUR,318.75,1.27,317.48,1,2026-01-07,SETTLED
SETTLE_007273,ADYEN,MERCH_0009,USD,71.99,1.63,70.36,1,2026-02-18,SETTLED
SETTLE_007274,STRIPE,MERCH_0053,CAD,36.75,1.37,35.38,1,2026-01-29,SETTLED
SETTLE_007275,CHECKOUT_COM,MERCH_0071,USD,486.75,11.40,475.35,1,2026-01-04,SETTLED
SETTLE_007276,STRIPE,MERCH_0010,EUR,231.00,4.64,226.36,1,2026-03-13,SETTLED
SETTLE_007277,PAYPAL,MERCH_0057,GBP,38.75,1.42,37.33,1,2026-03-12,SETTLED
SETTLE_007278,STRIPE,MERCH_0086,EUR,341.80,1.91,339.89,1,2026-03-19,SETTLED
SETTLE_007279,CHECKOUT_COM,MERCH_0071,GBP,600.80,10.96,589.84,1,2026-02-01,SETTLED
SETTLE_007280,ADYEN,MERCH_0020,EUR,2659.99,9.46,2650.53,1,2026-01-28,SETTLED
SETTLE_007281,ADYEN,MERCH_0076,USD,103.25,2.29,100.96,1,2026-01-14,SETTLED
SETTLE_007282,STRIPE,MERCH_0056,USD,641.49,18.90,622.59,1,2026-01-31,SETTLED
SETTLE_007283,STRIPE,MERCH_0029,GBP,602.80,11.65,591.15,1,2026-03-09,SETTLED
SETTLE_007284,ADYEN,MERCH_0091,GBP,144.80,2.27,142.53,1,2026-02-01,SETTLED
SETTLE_007285,STRIPE,MERCH_0099,USD,256.75,2.30,254.45,1,2026-03-21,SETTLED
SETTLE_007286,STRIPE,MERCH_0089,INR,999.00,22.98,976.02,1,2026-01-31,SETTLED
SETTLE_007287,ADYEN,MERCH_0062,EUR,422.00,6.02,415.98,1,2026-03-08,SETTLED
SETTLE_007288,STRIPE,MERCH_0021,EUR,133.80,0.87,132.93,1,2026-01-28,SETTLED
SETTLE_007289,STRIPE,MERCH_0054,USD,576.49,8.90,567.59,1,2026-03-01,SETTLED
SETTLE_007290,STRIPE,MERCH_0018,USD,545.95,4.62,541.33,1,2026-01-18,SETTLED
SETTLE_007291,STRIPE,MERCH_0053,CAD,71.75,2.38,69.37,1,2026-02-05,SETTLED
SETTLE_007292,ADYEN,MERCH_0033,INR,2766.99,33.30,2733.69,1,2026-03-15,SETTLED
SETTLE_007293,ADYEN,MERCH_0016,USD,74.99,1.00,73.99,1,2026-03-17,SETTLED
SETTLE_007294,ADYEN,MERCH_0070,GBP,2865.95,43.09,2822.86,1,2026-02-06,SETTLED
SETTLE_007295,ADYEN,MERCH_0015,GBP,1948.95,29.33,1919.62,1,2026-02-04,SETTLED
SETTLE_007296,STRIPE,MERCH_0089,CAD,1121.25,32.82,1088.43,1,2026-02-06,SETTLED
SETTLE_007297,PAYPAL,MERCH_0033,EUR,132.00,4.61,127.39,1,2026-01-07,SETTLED
SETTLE_007298,STRIPE,MERCH_0078,INR,499.00,0.00,499.00,1,2026-01-14,SETTLED
SETTLE_007299,PAYPAL,MERCH_0089,GBP,113.00,3.58,109.42,1,2026-01-26,SETTLED
SETTLE_007300,STRIPE,MERCH_0001,INR,499.00,0.00,499.00,1,2026-01-05,SETTLED
SETTLE_007301,PAYPAL,MERCH_0061,INR,1499.00,19.99,1479.01,1,2026-02-16,SETTLED
SETTLE_007302,ADYEN,MERCH_0024,GBP,58.99,0.98,58.01,1,2026-03-07,SETTLED
SETTLE_007303,STRIPE,MERCH_0009,INR,1499.00,32.98,1466.02,1,2026-03-20,SETTLED
SETTLE_007304,STRIPE,MERCH_0055,GBP,69.80,1.53,68.27,1,2026-01-26,SETTLED
SETTLE_007305,PAYPAL,MERCH_0085,EUR,564.80,18.46,546.34,1,2026-03-29,SETTLED
SETTLE_007306,ADYEN,MERCH_0031,GBP,1355.25,20.43,1334.82,1,2026-03-24,SETTLED
SETTLE_007307,CHECKOUT_COM,MERCH_0036,USD,69.99,1.81,68.18,1,2026-01-11,SETTLED
SETTLE_007308,STRIPE,MERCH_0018,USD,2652.50,77.22,2575.28,1,2026-03-16,SETTLED
SETTLE_007309,STRIPE,MERCH_0089,EUR,459.95,2.50,457.45,1,2026-01-08,SETTLED
SETTLE_007310,STRIPE,MERCH_0005,USD,346.95,3.03,343.92,1,2026-03-18,SETTLED
SETTLE_007311,CHECKOUT_COM,MERCH_0084,GBP,50.50,1.06,49.44,1,2026-03-15,SETTLED
SETTLE_007312,PAYPAL,MERCH_0069,INR,1999.00,25.99,1973.01,1,2026-02-03,SETTLED
SETTLE_007313,ADYEN,MERCH_0064,EUR,2393.80,8.53,2385.27,2,2026-01-21,SETTLED
SETTLE_007314,CHECKOUT_COM,MERCH_0074,CAD,21.25,0.73,20.52,1,2026-03-19,SETTLED
SETTLE_007315,ADYEN,MERCH_0035,EUR,88.80,0.46,88.34,1,2026-01-08,SETTLED
SETTLE_007316,PAYPAL,MERCH_0022,INR,2499.00,31.99,2467.01,1,2026-01-06,SETTLED
SETTLE_007317,STRIPE,MERCH_0049,GBP,516.80,10.02,506.78,1,2026-02-08,SETTLED
SETTLE_007318,CHECKOUT_COM,MERCH_0026,EUR,549.99,9.53,540.46,1,2026-01-21,SETTLED
SETTLE_007319,STRIPE,MERCH_0057,INR,999.00,22.98,976.02,1,2026-02-23,SETTLED
SETTLE_007320,STRIPE,MERCH_0066,INR,2801.25,14.21,2787.04,1,2026-02-03,SETTLED
SETTLE_007321,PAYPAL,MERCH_0091,USD,44.99,2.06,42.93,1,2026-01-22,SETTLED
SETTLE_007322,ADYEN,MERCH_0085,INR,605.00,8.58,596.42,1,2026-02-02,SETTLED
SETTLE_007323,CHECKOUT_COM,MERCH_0087,GBP,523.80,9.58,514.22,1,2026-03-16,SETTLED
SETTLE_007324,PAYPAL,MERCH_0046,EUR,79.99,2.95,77.04,1,2026-01-25,SETTLED
SETTLE_007325,STRIPE,MERCH_0011,USD,24.25,0.61,23.64,1,2026-01-06,SETTLED
SETTLE_007326,ADYEN,MERCH_0058,USD,41.00,0.59,40.41,1,2026-03-20,SETTLED
SETTLE_007327,PAYPAL,MERCH_0077,INR,999.00,10.49,988.51,1,2026-02-19,SETTLED
SETTLE_007328,STRIPE,MERCH_0016,GBP,37.75,4.67,33.08,1,2026-03-03,SETTLED
SETTLE_007329,STRIPE,MERCH_0090,USD,1301.99,10.67,1291.32,1,2026-02-02,SETTLED
SETTLE_007330,STRIPE,MERCH_0046,USD,500.49,4.25,496.24,1,2026-02-14,SETTLED
SETTLE_007331,CHECKOUT_COM,MERCH_0029,GBP,152.25,2.89,149.36,1,2026-02-12,SETTLED
SETTLE_007332,ADYEN,MERCH_0093,USD,183.50,2.30,181.20,1,2026-03-19,SETTLED
SETTLE_007333,STRIPE,MERCH_0037,GBP,28.80,0.75,28.05,1,2026-02-22,SETTLED
SETTLE_007334,CHECKOUT_COM,MERCH_0030,EUR,21.75,0.55,21.20,1,2026-03-05,SETTLED
SETTLE_007335,STRIPE,MERCH_0094,USD,50.95,2.51,48.44,1,2026-03-02,SETTLED
SETTLE_007336,STRIPE,MERCH_0060,CAD,28.00,1.11,26.89,1,2026-02-19,SETTLED
SETTLE_007337,PAYPAL,MERCH_0028,EUR,2558.25,82.25,2476.00,1,2026-02-21,SETTLED
SETTLE_007338,STRIPE,MERCH_0093,EUR,67.00,1.52,65.48,1,2026-01-14,SETTLED
SETTLE_007339,STRIPE,MERCH_0066,EUR,247.50,4.95,242.55,1,2026-01-26,SETTLED
SETTLE_007340,STRIPE,MERCH_0062,INR,9999.00,0.00,9999.00,1,2026-01-22,SETTLED
SETTLE_007341,STRIPE,MERCH_0081,EUR,550.50,2.95,547.55,1,2026-02-03,SETTLED
SETTLE_007342,STRIPE,MERCH_0051,USD,1905.25,28.83,1876.42,1,2026-03-31,SETTLED
SETTLE_007343,ADYEN,MERCH_0081,USD,151.99,3.31,148.68,1,2026-01-28,SETTLED
SETTLE_007344,STRIPE,MERCH_0031,INR,4999.00,102.98,4896.02,1,2026-02-17,SETTLED
SETTLE_007345,STRIPE,MERCH_0008,INR,3999.00,0.00,3999.00,1,2026-03-03,SETTLED
SETTLE_007346,STRIPE,MERCH_0084,USD,80.80,0.90,79.90,2,2026-01-22,SETTLED
SETTLE_007347,ADYEN,MERCH_0007,EUR,1182.00,4.29,1177.71,1,2026-01-30,SETTLED
SETTLE_007348,STRIPE,MERCH_0063,USD,16.49,0.50,15.99,1,2026-02-11,SETTLED
SETTLE_007349,PAYPAL,MERCH_0011,USD,86.25,3.50,82.75,1,2026-02-13,SETTLED
SETTLE_007350,STRIPE,MERCH_0007,GBP,3363.00,64.10,3298.90,1,2026-02-19,SETTLED
SETTLE_007351,STRIPE,MERCH_0090,INR,9999.00,202.98,9796.02,1,2026-03-14,SETTLED
SETTLE_007352,ADYEN,MERCH_0029,USD,480.80,10.22,470.58,1,2026-02-15,SETTLED
SETTLE_007353,STRIPE,MERCH_0005,CAD,398.80,11.87,386.93,1,2026-02-23,SETTLED
SETTLE_007354,ADYEN,MERCH_0048,EUR,526.49,7.48,519.01,1,2026-01-15,SETTLED
SETTLE_007355,CHECKOUT_COM,MERCH_0003,CAD,62.95,1.73,61.22,1,2026-02-17,SETTLED
SETTLE_007356,PAYPAL,MERCH_0038,INR,1999.00,25.99,1973.01,1,2026-03-30,SETTLED
SETTLE_007357,CHECKOUT_COM,MERCH_0020,EUR,3161.00,53.92,3107.08,1,2026-03-27,SETTLED
SETTLE_007358,CHECKOUT_COM,MERCH_0072,GBP,77.49,1.54,75.95,1,2026-01-07,SETTLED
SETTLE_007359,PAYPAL,MERCH_0013,EUR,966.25,31.31,934.94,1,2026-02-28,SETTLED
SETTLE_007360,STRIPE,MERCH_0052,EUR,15000.00,0.00,15000.00,1,2026-01-10,SETTLED
SETTLE_007361,ADYEN,MERCH_0067,GBP,44.95,0.77,44.18,1,2026-01-03,SETTLED
SETTLE_007362,STRIPE,MERCH_0014,CAD,1092.99,32.00,1060.99,1,2026-02-16,SETTLED
SETTLE_007363,STRIPE,MERCH_0027,EUR,185.75,1.13,184.62,1,2026-03-22,SETTLED
SETTLE_007364,CHECKOUT_COM,MERCH_0035,USD,71.80,5.60,66.20,1,2026-04-01,SETTLED
SETTLE_007365,ADYEN,MERCH_0080,EUR,1537.49,5.53,1531.96,1,2026-03-09,SETTLED
SETTLE_007366,STRIPE,MERCH_0004,INR,15000.00,303.00,14697.00,1,2026-01-17,SETTLED
SETTLE_007367,PAYPAL,MERCH_0099,GBP,181.25,5.56,175.69,1,2026-03-09,SETTLED
SETTLE_007368,CHECKOUT_COM,MERCH_0099,CAD,1806.95,43.59,1763.36,1,2026-02-18,SETTLED
SETTLE_007369,CHECKOUT_COM,MERCH_0031,GBP,408.80,7.51,401.29,1,2026-02-04,SETTLED
SETTLE_007370,CHECKOUT_COM,MERCH_0039,USD,25.80,0.79,25.01,1,2026-02-19,SETTLED
SETTLE_007371,STRIPE,MERCH_0058,USD,285.95,4.54,281.41,1,2026-01-26,SETTLED
SETTLE_007372,STRIPE,MERCH_0064,USD,1540.95,12.58,1528.37,2,2026-01-22,SETTLED
SETTLE_007373,STRIPE,MERCH_0085,GBP,318.80,6.26,312.54,1,2026-02-22,SETTLED
SETTLE_007374,STRIPE,MERCH_0057,CAD,30.80,0.71,30.09,1,2026-02-16,SETTLED
SETTLE_007375,ADYEN,MERCH_0013,USD,334.99,4.12,330.87,1,2026-03-10,SETTLED
SETTLE_007376,CHECKOUT_COM,MERCH_0010,USD,492.99,11.54,481.45,1,2026-03-13,SETTLED
SETTLE_007377,STRIPE,MERCH_0071,INR,9999.00,0.00,9999.00,1,2026-01-31,SETTLED
SETTLE_007378,PAYPAL,MERCH_0096,EUR,2916.80,102.29,2814.51,1,2026-02-21,SETTLED
SETTLE_007379,STRIPE,MERCH_0094,EUR,2995.75,57.17,2938.58,1,2026-03-09,SETTLED
SETTLE_007381,PAYPAL,MERCH_0049,EUR,60.50,2.33,58.17,1,2026-01-24,SETTLED
SETTLE_007382,PAYPAL,MERCH_0060,INR,499.00,7.99,491.01,1,2026-03-02,SETTLED
SETTLE_007383,STRIPE,MERCH_0017,INR,4984.00,0.00,4984.00,1,2026-03-15,SETTLED
SETTLE_007384,CHECKOUT_COM,MERCH_0035,EUR,2600.75,44.39,2556.36,1,2026-02-17,SETTLED
SETTLE_007385,STRIPE,MERCH_0072,EUR,73.99,0.57,73.42,1,2026-03-28,SETTLED
SETTLE_007386,CHECKOUT_COM,MERCH_0098,USD,311.49,7.36,304.13,1,2026-02-03,SETTLED
SETTLE_007387,CHECKOUT_COM,MERCH_0098,USD,318.50,7.53,310.97,1,2026-03-05,SETTLED
SETTLE_007388,STRIPE,MERCH_0100,GBP,275.00,5.42,269.58,1,2026-03-02,SETTLED
SETTLE_007389,ADYEN,MERCH_0041,USD,2790.80,33.59,2757.21,1,2026-01-18,SETTLED
SETTLE_007390,STRIPE,MERCH_0019,INR,1499.00,0.00,1499.00,1,2026-03-20,SETTLED
SETTLE_007391,PAYPAL,MERCH_0080,USD,111.95,4.40,107.55,1,2026-02-04,SETTLED
SETTLE_007392,STRIPE,MERCH_0038,EUR,3037.50,15.39,3022.11,1,2026-01-27,SETTLED
SETTLE_007393,STRIPE,MERCH_0076,USD,45.80,0.62,45.18,1,2026-01-11,SETTLED
SETTLE_007394,ADYEN,MERCH_0076,GBP,288.25,4.42,283.83,1,2026-01-08,SETTLED
SETTLE_007395,CHECKOUT_COM,MERCH_0052,CAD,93.25,2.46,90.79,1,2026-01-21,SETTLED
SETTLE_007396,STRIPE,MERCH_0059,GBP,231.25,4.59,226.66,1,2026-02-11,SETTLED
SETTLE_007397,ADYEN,MERCH_0009,GBP,2793.80,42.01,2751.79,1,2026-02-01,SETTLED
SETTLE_007398,PAYPAL,MERCH_0001,USD,366.75,10.94,355.81,1,2026-01-31,SETTLED
SETTLE_007399,STRIPE,MERCH_0017,USD,61.50,0.74,60.76,1,2026-03-08,SETTLED
SETTLE_007400,ADYEN,MERCH_0020,GBP,43.49,0.75,42.74,1,2026-01-23,SETTLED
SETTLE_007401,ADYEN,MERCH_0042,USD,609.50,7.41,602.09,1,2026-02-28,SETTLED
SETTLE_007402,STRIPE,MERCH_0053,USD,3337.95,50.32,3287.63,1,2026-02-05,SETTLED
SETTLE_007403,ADYEN,MERCH_0030,GBP,481.00,7.31,473.69,1,2026-02-11,SETTLED
SETTLE_007404,CHECKOUT_COM,MERCH_0057,USD,480.95,11.26,469.69,1,2026-02-11,SETTLED
SETTLE_007405,ADYEN,MERCH_0044,EUR,360.00,1.41,358.59,1,2026-03-10,SETTLED
SETTLE_007406,CHECKOUT_COM,MERCH_0007,EUR,2325.25,39.71,2285.54,1,2026-01-27,SETTLED
SETTLE_007407,CHECKOUT_COM,MERCH_0016,GBP,159.50,3.02,156.48,1,2026-03-05,SETTLED
SETTLE_007408,ADYEN,MERCH_0014,EUR,2081.50,7.44,2074.06,1,2026-03-04,SETTLED
SETTLE_007409,ADYEN,MERCH_0021,GBP,28.75,0.53,28.22,1,2026-04-01,SETTLED
SETTLE_007410,CHECKOUT_COM,MERCH_0032,EUR,477.80,8.30,469.50,1,2026-03-08,SETTLED
SETTLE_007412,ADYEN,MERCH_0002,EUR,55.00,0.88,54.12,1,2026-03-27,SETTLED
SETTLE_007413,ADYEN,MERCH_0049,EUR,416.95,1.61,415.34,1,2026-02-13,SETTLED
SETTLE_007414,STRIPE,MERCH_0059,INR,15000.00,0.00,15000.00,1,2026-02-25,SETTLED
SETTLE_007415,STRIPE,MERCH_0097,USD,93.95,3.02,90.93,1,2026-03-10,SETTLED
SETTLE_007416,STRIPE,MERCH_0092,EUR,586.50,3.13,583.37,1,2026-01-23,SETTLED
SETTLE_007417,STRIPE,MERCH_0012,EUR,452.80,8.85,443.95,1,2026-02-11,SETTLED
SETTLE_007418,ADYEN,MERCH_0089,EUR,3266.50,11.58,3254.92,1,2026-03-30,SETTLED
SETTLE_007419,PAYPAL,MERCH_0060,GBP,371.99,11.09,360.90,1,2026-02-14,SETTLED
SETTLE_007420,STRIPE,MERCH_0037,USD,3102.25,25.07,3077.18,1,2026-02-21,SETTLED
SETTLE_007421,STRIPE,MERCH_0069,USD,49.80,1.00,48.80,1,2026-01-19,SETTLED
SETTLE_007422,CHECKOUT_COM,MERCH_0007,GBP,434.95,7.98,426.97,1,2026-03-20,SETTLED
SETTLE_007424,CHECKOUT_COM,MERCH_0017,GBP,47.25,1.00,46.25,1,2026-02-12,SETTLED
SETTLE_007425,STRIPE,MERCH_0098,USD,62.25,1.18,61.07,1,2026-03-28,SETTLED
SETTLE_007426,PAYPAL,MERCH_0007,GBP,173.80,5.34,168.46,1,2026-01-22,SETTLED
SETTLE_007427,CHECKOUT_COM,MERCH_0038,GBP,1966.50,35.55,1930.95,1,2026-01-04,SETTLED
SETTLE_007428,CHECKOUT_COM,MERCH_0077,GBP,48.50,1.02,47.48,1,2026-02-14,SETTLED
SETTLE_007429,STRIPE,MERCH_0068,INR,1999.00,0.00,1999.00,1,2026-01-22,SETTLED
SETTLE_007430,STRIPE,MERCH_0059,EUR,374.95,11.17,363.78,1,2026-03-14,SETTLED
SETTLE_007431,STRIPE,MERCH_0066,EUR,68.50,0.54,67.96,1,2026-03-05,SETTLED
SETTLE_007432,PAYPAL,MERCH_0059,INR,9999.00,121.99,9877.01,2,2026-03-15,SETTLED
SETTLE_007433,CHECKOUT_COM,MERCH_0007,CAD,359.75,8.85,350.90,1,2026-01-15,SETTLED
SETTLE_007434,CHECKOUT_COM,MERCH_0003,EUR,2834.00,48.36,2785.64,1,2026-01-23,SETTLED
SETTLE_007435,CHECKOUT_COM,MERCH_0064,GBP,3150.99,56.87,3094.12,1,2026-03-11,SETTLED
SETTLE_007436,STRIPE,MERCH_0040,USD,77.25,1.41,75.84,1,2026-01-30,SETTLED
SETTLE_007437,STRIPE,MERCH_0074,EUR,2804.75,14.22,2790.53,1,2026-01-22,SETTLED
SETTLE_007438,STRIPE,MERCH_0002,EUR,478.99,9.35,469.64,1,2026-01-03,SETTLED
SETTLE_007439,STRIPE,MERCH_0076,CAD,3077.50,89.55,2987.95,1,2026-02-26,SETTLED
SETTLE_007440,STRIPE,MERCH_0076,GBP,37.75,0.92,36.83,1,2026-02-01,SETTLED
SETTLE_007441,CHECKOUT_COM,MERCH_0010,GBP,98.75,1.93,96.82,1,2026-02-15,SETTLED
SETTLE_007442,CHECKOUT_COM,MERCH_0018,CAD,292.50,7.24,285.26,1,2026-02-16,SETTLED
SETTLE_007443,CHECKOUT_COM,MERCH_0093,USD,326.25,7.70,318.55,1,2026-02-01,SETTLED
SETTLE_007444,ADYEN,MERCH_0049,USD,441.00,10.88,430.12,1,2026-01-29,SETTLED
SETTLE_007445,CHECKOUT_COM,MERCH_0075,GBP,45.00,0.96,44.04,1,2026-02-26,SETTLED
SETTLE_007446,STRIPE,MERCH_0057,INR,9999.00,0.00,9999.00,1,2026-01-16,SETTLED
SETTLE_007447,ADYEN,MERCH_0066,USD,95.99,1.25,94.74,1,2026-02-11,SETTLED
SETTLE_007448,ADYEN,MERCH_0002,USD,390.75,8.33,382.42,1,2026-03-30,SETTLED
SETTLE_007449,PAYPAL,MERCH_0021,EUR,692.95,22.56,670.39,1,2026-01-24,SETTLED
SETTLE_007450,CHECKOUT_COM,MERCH_0038,EUR,516.50,8.96,507.54,1,2026-03-20,SETTLED
SETTLE_007451,PAYPAL,MERCH_0069,GBP,1014.99,29.73,985.26,1,2026-02-23,SETTLED
SETTLE_007452,STRIPE,MERCH_0051,USD,341.50,10.20,331.30,1,2026-02-10,SETTLED
SETTLE_007453,STRIPE,MERCH_0025,USD,358.99,5.63,353.36,1,2026-03-17,SETTLED
SETTLE_007454,CHECKOUT_COM,MERCH_0014,GBP,385.80,7.09,378.71,1,2026-03-21,SETTLED
SETTLE_007455,ADYEN,MERCH_0072,EUR,2598.00,9.24,2588.76,1,2026-02-25,SETTLED
SETTLE_007456,ADYEN,MERCH_0059,USD,45.50,1.08,44.42,1,2026-02-03,SETTLED
SETTLE_007458,STRIPE,MERCH_0048,INR,799.00,18.98,780.02,1,2026-02-25,SETTLED
SETTLE_007459,STRIPE,MERCH_0087,GBP,55.49,1.25,54.24,1,2026-03-24,SETTLED
SETTLE_007460,PAYPAL,MERCH_0057,INR,2499.00,31.99,2467.01,2,2026-03-31,SETTLED
SETTLE_007461,ADYEN,MERCH_0043,USD,44.50,1.05,43.45,1,2026-03-18,SETTLED
SETTLE_007462,STRIPE,MERCH_0035,INR,799.00,0.00,799.00,1,2026-02-16,SETTLED
SETTLE_007463,STRIPE,MERCH_0082,USD,58.50,2.00,56.50,1,2026-03-15,SETTLED
SETTLE_007464,STRIPE,MERCH_0083,CAD,28.00,9.11,18.89,1,2026-01-16,SETTLED
SETTLE_007465,STRIPE,MERCH_0027,USD,26.25,0.64,25.61,1,2026-01-11,SETTLED
SETTLE_007466,STRIPE,MERCH_0069,USD,32.49,0.51,31.98,1,2026-03-01,SETTLED
SETTLE_007467,STRIPE,MERCH_0055,USD,220.49,2.01,218.48,1,2026-01-13,SETTLED
SETTLE_007468,PAYPAL,MERCH_0030,USD,27.00,1.43,25.57,1,2026-01-02,SETTLED
SETTLE_007469,STRIPE,MERCH_0008,CAD,48.49,1.71,46.78,1,2026-02-11,SETTLED
SETTLE_007470,CHECKOUT_COM,MERCH_0091,CAD,196.80,4.94,191.86,1,2026-03-15,SETTLED
SETTLE_007471,CHECKOUT_COM,MERCH_0005,EUR,23.49,0.58,22.91,1,2026-03-12,SETTLED
SETTLE_007472,STRIPE,MERCH_0004,INR,1999.00,42.98,1956.02,1,2026-03-09,SETTLED
SETTLE_007473,CHECKOUT_COM,MERCH_0020,CAD,387.49,9.52,377.97,1,2026-01-17,SETTLED
SETTLE_007474,CHECKOUT_COM,MERCH_0043,CAD,292.50,7.24,285.26,1,2026-02-23,SETTLED
SETTLE_007475,ADYEN,MERCH_0075,EUR,137.25,4.38,132.87,1,2026-02-10,SETTLED
SETTLE_007476,CHECKOUT_COM,MERCH_0044,CAD,118.49,3.06,115.43,1,2026-01-21,SETTLED
SETTLE_007477,STRIPE,MERCH_0041,EUR,3173.75,60.55,3113.20,1,2026-02-06,SETTLED
SETTLE_007478,STRIPE,MERCH_0046,USD,33.95,0.52,33.43,1,2026-03-24,SETTLED
SETTLE_007479,STRIPE,MERCH_0076,EUR,66.80,0.53,66.27,1,2026-03-29,SETTLED
SETTLE_007480,ADYEN,MERCH_0053,USD,72.99,0.98,72.01,1,2026-02-23,SETTLED
SETTLE_007481,ADYEN,MERCH_0071,EUR,685.75,2.55,683.20,1,2026-02-15,SETTLED
SETTLE_007482,PAYPAL,MERCH_0013,USD,628.99,22.44,606.55,1,2026-01-29,SETTLED
SETTLE_007483,PAYPAL,MERCH_0100,USD,77.25,3.19,74.06,1,2026-03-01,SETTLED
SETTLE_007484,STRIPE,MERCH_0068,GBP,1113.75,21.36,1092.39,1,2026-03-06,SETTLED
SETTLE_007485,PAYPAL,MERCH_0008,INR,2099.00,27.19,2071.81,1,2026-03-27,SETTLED
SETTLE_007486,STRIPE,MERCH_0020,EUR,303.99,6.03,297.96,1,2026-02-07,SETTLED
SETTLE_007487,STRIPE,MERCH_0073,EUR,344.49,1.92,342.57,1,2026-03-18,SETTLED
SETTLE_007488,ADYEN,MERCH_0076,EUR,53.50,0.34,53.16,1,2026-03-09,SETTLED
SETTLE_007489,STRIPE,MERCH_0032,GBP,16.25,0.51,15.74,1,2026-01-22,SETTLED
SETTLE_007490,ADYEN,MERCH_0052,GBP,69.99,1.15,68.84,1,2026-02-10,SETTLED
SETTLE_007491,PAYPAL,MERCH_0100,EUR,93.99,3.40,90.59,1,2026-03-16,SETTLED
SETTLE_007492,ADYEN,MERCH_0053,EUR,68.95,1.08,67.87,1,2026-03-25,SETTLED
SETTLE_007493,STRIPE,MERCH_0014,INR,299.00,8.98,290.02,1,2026-02-16,SETTLED
SETTLE_007494,CHECKOUT_COM,MERCH_0080,USD,38.00,1.07,36.93,1,2026-02-19,SETTLED
SETTLE_007495,STRIPE,MERCH_0075,USD,2145.25,62.51,2082.74,1,2026-01-25,SETTLED
SETTLE_007496,ADYEN,MERCH_0083,USD,304.49,3.75,300.74,1,2026-02-01,SETTLED
SETTLE_007497,ADYEN,MERCH_0037,USD,28.50,0.44,28.06,1,2026-01-30,SETTLED
SETTLE_007498,STRIPE,MERCH_0036,CAD,22.75,0.96,21.79,1,2026-01-23,SETTLED
SETTLE_007499,STRIPE,MERCH_0030,EUR,531.49,14.35,517.14,1,2026-01-27,SETTLED
SETTLE_007500,PAYPAL,MERCH_0044,GBP,650.50,19.16,631.34,1,2026-02-08,SETTLED
SETTLE_007501,CHECKOUT_COM,MERCH_0015,USD,883.25,17.01,866.24,1,2026-01-29,SETTLED
SETTLE_007502,STRIPE,MERCH_0037,INR,9999.00,202.98,9796.02,1,2026-03-31,SETTLED
SETTLE_007503,PAYPAL,MERCH_0047,USD,91.80,3.69,88.11,1,2026-03-26,SETTLED
SETTLE_007504,STRIPE,MERCH_0065,INR,599.00,14.98,584.02,1,2026-03-15,SETTLED
SETTLE_007505,ADYEN,MERCH_0011,EUR,333.49,1.32,332.17,1,2026-03-28,SETTLED
SETTLE_007506,CHECKOUT_COM,MERCH_0010,USD,203.50,4.88,198.62,1,2026-02-26,SETTLED
SETTLE_007507,ADYEN,MERCH_0066,USD,434.99,9.25,425.74,1,2026-02-16,SETTLED
SETTLE_007508,CHECKOUT_COM,MERCH_0028,GBP,553.95,10.12,543.83,1,2026-02-04,SETTLED
SETTLE_007509,ADYEN,MERCH_0006,EUR,304.00,8.12,295.88,1,2026-02-02,SETTLED
SETTLE_007510,CHECKOUT_COM,MERCH_0086,EUR,535.80,9.79,526.01,1,2026-03-17,SETTLED
SETTLE_007511,CHECKOUT_COM,MERCH_0036,CAD,43.00,1.25,41.75,1,2026-03-07,SETTLED
SETTLE_007512,PAYPAL,MERCH_0004,GBP,2629.49,74.56,2554.93,1,2026-01-27,SETTLED
SETTLE_007513,ADYEN,MERCH_0068,GBP,198.80,3.08,195.72,1,2026-02-25,SETTLED
SETTLE_007514,PAYPAL,MERCH_0012,GBP,24.99,4.77,20.22,1,2026-03-06,SETTLED
SETTLE_007515,ADYEN,MERCH_0055,USD,421.49,5.16,416.33,1,2026-01-04,SETTLED
SETTLE_007516,ADYEN,MERCH_0061,EUR,1804.50,25.37,1779.13,1,2026-02-27,SETTLED
SETTLE_007517,CHECKOUT_COM,MERCH_0081,USD,511.80,11.97,499.83,1,2026-01-12,SETTLED
SETTLE_007518,STRIPE,MERCH_0004,EUR,632.99,3.36,629.63,1,2026-01-18,SETTLED
SETTLE_007519,PAYPAL,MERCH_0066,EUR,29.80,1.34,28.46,1,2026-03-06,SETTLED
SETTLE_007520,PAYPAL,MERCH_0071,EUR,429.80,14.14,415.66,1,2026-01-30,SETTLED
SETTLE_007521,STRIPE,MERCH_0050,GBP,475.49,9.23,466.26,1,2026-03-31,SETTLED
SETTLE_007522,STRIPE,MERCH_0062,INR,15000.00,303.00,14697.00,1,2026-03-01,SETTLED
SETTLE_007523,STRIPE,MERCH_0040,USD,118.80,1.20,117.60,1,2026-02-07,SETTLED
SETTLE_007524,PAYPAL,MERCH_0029,EUR,47.49,1.91,45.58,1,2026-03-22,SETTLED
SETTLE_007525,CHECKOUT_COM,MERCH_0032,EUR,31.95,0.72,31.23,1,2026-02-25,SETTLED
SETTLE_007526,STRIPE,MERCH_0039,INR,299.00,8.98,290.02,1,2026-01-30,SETTLED
SETTLE_007527,CHECKOUT_COM,MERCH_0058,CAD,37.00,1.11,35.89,1,2026-01-28,SETTLED
SETTLE_007528,STRIPE,MERCH_0023,GBP,53.99,1.23,52.76,1,2026-03-16,SETTLED
SETTLE_007529,PAYPAL,MERCH_0024,USD,45.49,2.08,43.41,1,2026-03-29,SETTLED
SETTLE_007530,PAYPAL,MERCH_0092,GBP,444.45,13.19,431.26,1,2026-02-11,SETTLED
SETTLE_007531,ADYEN,MERCH_0003,USD,106.95,5.13,101.82,1,2026-03-18,SETTLED
SETTLE_007532,PAYPAL,MERCH_0024,USD,630.80,22.50,608.30,1,2026-02-25,SETTLED
SETTLE_007533,PAYPAL,MERCH_0010,EUR,72.75,2.72,70.03,1,2026-02-11,SETTLED
SETTLE_007534,STRIPE,MERCH_0081,GBP,46.80,1.09,45.71,1,2026-01-10,SETTLED
SETTLE_007535,ADYEN,MERCH_0014,USD,480.50,5.87,474.63,1,2026-01-17,SETTLED
SETTLE_007536,STRIPE,MERCH_0030,USD,240.80,2.18,238.62,1,2026-01-31,SETTLED
SETTLE_007537,CHECKOUT_COM,MERCH_0093,USD,63.95,1.67,62.28,1,2026-02-06,SETTLED
SETTLE_007538,STRIPE,MERCH_0018,EUR,268.75,5.36,263.39,1,2026-01-06,SETTLED
SETTLE_007539,ADYEN,MERCH_0073,EUR,71.00,1.10,69.90,1,2026-02-23,SETTLED
SETTLE_007540,PAYPAL,MERCH_0097,EUR,63.50,2.42,61.08,1,2026-03-04,SETTLED
SETTLE_007541,STRIPE,MERCH_0026,CAD,29.25,1.15,28.10,1,2026-01-31,SETTLED
SETTLE_007543,CHECKOUT_COM,MERCH_0062,CAD,39.99,1.18,38.81,1,2026-01-29,SETTLED
SETTLE_007544,ADYEN,MERCH_0033,GBP,24.25,0.46,23.79,1,2026-04-02,SETTLED
SETTLE_007545,CHECKOUT_COM,MERCH_0046,USD,36.99,1.05,35.94,1,2026-04-01,SETTLED
SETTLE_007546,STRIPE,MERCH_0001,EUR,423.49,8.30,415.19,1,2026-01-09,SETTLED
SETTLE_007547,STRIPE,MERCH_0072,USD,71.50,1.32,70.18,1,2026-01-24,SETTLED
SETTLE_007548,CHECKOUT_COM,MERCH_0064,GBP,592.00,10.81,581.19,1,2026-03-24,SETTLED
SETTLE_007549,STRIPE,MERCH_0081,GBP,41.75,0.99,40.76,1,2026-02-14,SETTLED
SETTLE_007550,STRIPE,MERCH_0081,USD,72.50,1.34,71.16,1,2026-02-13,SETTLED
SETTLE_007551,CHECKOUT_COM,MERCH_0071,USD,886.80,20.60,866.20,1,2026-03-10,SETTLED
SETTLE_007552,STRIPE,MERCH_0086,INR,1999.00,42.98,1956.02,1,2026-03-18,SETTLED
SETTLE_007554,STRIPE,MERCH_0053,INR,299.00,0.00,299.00,1,2026-01-16,SETTLED
SETTLE_007555,STRIPE,MERCH_0047,INR,999.00,0.00,999.00,1,2026-01-29,SETTLED
SETTLE_007556,ADYEN,MERCH_0061,GBP,610.50,9.26,601.24,1,2026-02-14,SETTLED
SETTLE_007557,ADYEN,MERCH_0003,USD,52.95,1.23,51.72,1,2026-01-15,SETTLED
SETTLE_007558,ADYEN,MERCH_0005,USD,629.80,7.66,622.14,1,2026-02-14,SETTLED
SETTLE_007559,PAYPAL,MERCH_0016,EUR,154.00,5.32,148.68,1,2026-01-29,SETTLED
SETTLE_007560,PAYPAL,MERCH_0049,GBP,2585.25,75.27,2509.98,1,2026-01-21,SETTLED
SETTLE_007561,ADYEN,MERCH_0017,EUR,190.80,5.28,185.52,1,2026-03-16,SETTLED
SETTLE_007562,ADYEN,MERCH_0029,EUR,242.00,1.00,241.00,1,2026-02-25,SETTLED
SETTLE_007563,STRIPE,MERCH_0022,INR,2499.00,0.00,2499.00,1,2026-02-03,SETTLED
SETTLE_007564,ADYEN,MERCH_0097,GBP,477.49,7.26,470.23,1,2026-02-08,SETTLED
SETTLE_007565,PAYPAL,MERCH_0037,EUR,523.95,13.66,510.29,1,2026-02-01,SETTLED
SETTLE_007566,ADYEN,MERCH_0058,EUR,64.80,0.38,64.42,1,2026-03-29,SETTLED
SETTLE_007567,STRIPE,MERCH_0040,USD,415.00,12.33,402.67,1,2026-01-26,SETTLED
SETTLE_007568,ADYEN,MERCH_0093,EUR,369.50,9.44,360.06,1,2026-03-06,SETTLED
SETTLE_007569,PAYPAL,MERCH_0041,EUR,343.99,11.40,332.59,1,2026-01-31,SETTLED
SETTLE_007570,ADYEN,MERCH_0006,EUR,68.80,0.39,68.41,1,2026-01-15,SETTLED
SETTLE_007571,PAYPAL,MERCH_0050,INR,499.00,7.99,491.01,1,2026-03-14,SETTLED
SETTLE_007572,ADYEN,MERCH_0076,GBP,17.00,0.35,16.65,1,2026-03-29,SETTLED
SETTLE_007573,STRIPE,MERCH_0009,EUR,29.00,0.34,28.66,2,2026-02-15,SETTLED
SETTLE_007574,STRIPE,MERCH_0049,CAD,56.25,1.93,54.32,1,2026-02-13,SETTLED
SETTLE_007575,ADYEN,MERCH_0049,GBP,28.25,0.52,27.73,1,2026-02-04,SETTLED
SETTLE_007576,STRIPE,MERCH_0069,EUR,2372.49,45.33,2327.16,1,2026-03-08,SETTLED
SETTLE_007577,STRIPE,MERCH_0051,INR,451.95,2.46,449.49,1,2026-02-06,SETTLED
SETTLE_007578,CHECKOUT_COM,MERCH_0046,GBP,82.80,1.64,81.16,1,2026-03-14,SETTLED
SETTLE_007579,PAYPAL,MERCH_0020,USD,65.00,2.76,62.24,1,2026-03-28,SETTLED
SETTLE_007580,STRIPE,MERCH_0073,CAD,50.00,1.75,48.25,1,2026-03-07,SETTLED
SETTLE_007581,CHECKOUT_COM,MERCH_0025,GBP,575.25,10.50,564.75,1,2026-01-04,SETTLED
SETTLE_007582,STRIPE,MERCH_0013,INR,9999.00,0.00,9999.00,1,2026-02-17,SETTLED
SETTLE_007584,CHECKOUT_COM,MERCH_0095,USD,1512.00,34.98,1477.02,1,2026-03-29,SETTLED
SETTLE_007585,PAYPAL,MERCH_0069,USD,570.00,20.38,549.62,1,2026-03-06,SETTLED
SETTLE_007586,CHECKOUT_COM,MERCH_0058,EUR,463.00,8.05,454.95,1,2026-01-17,SETTLED
SETTLE_007588,CHECKOUT_COM,MERCH_0082,USD,323.49,7.64,315.85,1,2026-02-14,SETTLED
SETTLE_007589,STRIPE,MERCH_0065,GBP,78.00,1.68,76.32,1,2026-01-22,SETTLED
SETTLE_007590,STRIPE,MERCH_0022,GBP,43.99,1.04,42.95,1,2026-02-10,SETTLED
SETTLE_007591,CHECKOUT_COM,MERCH_0005,EUR,451.25,7.85,443.40,1,2026-01-11,SETTLED
SETTLE_007592,ADYEN,MERCH_0034,USD,135.25,2.96,132.29,1,2026-01-15,SETTLED
SETTLE_007593,CHECKOUT_COM,MERCH_0015,USD,28.80,0.86,27.94,1,2026-01-22,SETTLED
SETTLE_007594,STRIPE,MERCH_0039,CAD,211.99,6.45,205.54,1,2026-02-10,SETTLED
SETTLE_007595,PAYPAL,MERCH_0064,USD,76.50,3.16,73.34,1,2026-03-11,SETTLED
SETTLE_007596,STRIPE,MERCH_0061,INR,15000.00,303.00,14697.00,1,2026-01-20,SETTLED
SETTLE_007597,CHECKOUT_COM,MERCH_0004,CAD,64.95,1.78,63.17,1,2026-01-16,SETTLED
SETTLE_007598,PAYPAL,MERCH_0064,USD,38.80,1.84,36.96,1,2026-02-12,SETTLED
SETTLE_007599,STRIPE,MERCH_0031,CAD,569.49,16.82,552.67,1,2026-03-07,SETTLED
SETTLE_007600,ADYEN,MERCH_0089,GBP,2945.99,44.29,2901.70,1,2026-02-22,SETTLED
SETTLE_007601,ADYEN,MERCH_0042,EUR,1205.99,4.37,1201.62,1,2026-02-09,SETTLED
SETTLE_007602,CHECKOUT_COM,MERCH_0079,GBP,21.25,0.53,20.72,1,2026-02-25,SETTLED
SETTLE_007603,CHECKOUT_COM,MERCH_0022,USD,535.25,12.51,522.74,1,2026-03-15,SETTLED
SETTLE_007604,PAYPAL,MERCH_0069,GBP,2562.75,74.62,2488.13,1,2026-02-09,SETTLED
SETTLE_007605,CHECKOUT_COM,MERCH_0046,GBP,643.75,11.74,632.01,1,2026-03-21,SETTLED
SETTLE_007606,STRIPE,MERCH_0042,INR,9999.00,0.00,9999.00,1,2026-02-01,SETTLED
SETTLE_007607,STRIPE,MERCH_0067,EUR,183.50,3.74,179.76,1,2026-02-22,SETTLED
SETTLE_007608,PAYPAL,MERCH_0029,GBP,459.50,13.63,445.87,1,2026-03-01,SETTLED
SETTLE_007609,STRIPE,MERCH_0041,CAD,673.00,19.82,653.18,1,2026-03-30,SETTLED
SETTLE_007610,STRIPE,MERCH_0004,EUR,130.50,2.73,127.77,1,2026-01-28,SETTLED
SETTLE_007611,STRIPE,MERCH_0010,USD,226.80,3.65,223.15,1,2026-02-22,SETTLED
SETTLE_007612,CHECKOUT_COM,MERCH_0094,USD,35.95,1.03,34.92,1,2026-03-16,SETTLED
SETTLE_007613,STRIPE,MERCH_0005,INR,999.00,22.98,976.02,1,2026-02-08,SETTLED
SETTLE_007614,CHECKOUT_COM,MERCH_0041,EUR,116.00,2.15,113.85,1,2026-03-19,SETTLED
SETTLE_007615,STRIPE,MERCH_0001,GBP,192.80,3.86,188.94,1,2026-01-13,SETTLED
SETTLE_007616,CHECKOUT_COM,MERCH_0043,EUR,56.75,1.14,55.61,1,2026-02-21,SETTLED
SETTLE_007617,ADYEN,MERCH_0048,EUR,412.50,5.88,406.62,1,2026-01-22,SETTLED
SETTLE_007618,ADYEN,MERCH_0024,USD,134.75,2.95,131.80,1,2026-03-31,SETTLED
SETTLE_007619,STRIPE,MERCH_0066,USD,588.49,9.08,579.41,1,2026-03-16,SETTLED
SETTLE_007620,PAYPAL,MERCH_0064,GBP,315.99,9.46,306.53,1,2026-03-04,SETTLED
SETTLE_007621,ADYEN,MERCH_0052,USD,38.95,0.57,38.38,1,2026-01-10,SETTLED
SETTLE_007622,STRIPE,MERCH_0006,USD,84.49,0.93,83.56,1,2026-02-27,SETTLED
SETTLE_007623,STRIPE,MERCH_0093,USD,49.80,1.74,48.06,1,2026-02-14,SETTLED
SETTLE_007624,STRIPE,MERCH_0095,EUR,558.49,2.99,555.50,1,2026-04-01,SETTLED
SETTLE_007625,ADYEN,MERCH_0047,EUR,398.25,5.69,392.56,1,2026-01-03,SETTLED
SETTLE_007626,ADYEN,MERCH_0036,USD,431.50,9.18,422.32,1,2026-02-12,SETTLED
SETTLE_007627,ADYEN,MERCH_0087,USD,92.50,2.06,90.44,1,2026-01-20,SETTLED
SETTLE_007628,PAYPAL,MERCH_0038,GBP,76.49,2.52,73.97,1,2026-01-19,SETTLED
SETTLE_007629,STRIPE,MERCH_0036,INR,999.00,0.00,999.00,1,2026-01-12,SETTLED
SETTLE_007630,ADYEN,MERCH_0042,USD,648.00,7.88,640.12,1,2026-01-04,SETTLED
SETTLE_007631,PAYPAL,MERCH_0022,EUR,597.50,19.51,577.99,1,2026-03-19,SETTLED
SETTLE_007632,ADYEN,MERCH_0074,GBP,67.00,1.10,65.90,1,2026-01-27,SETTLED
SETTLE_007633,PAYPAL,MERCH_0002,GBP,61.95,7.10,54.85,1,2026-03-18,SETTLED
SETTLE_007634,CHECKOUT_COM,MERCH_0043,CAD,34.25,1.04,33.21,1,2026-03-26,SETTLED
SETTLE_007635,PAYPAL,MERCH_0049,EUR,1000.00,32.39,967.61,1,2026-02-09,SETTLED
SETTLE_007636,STRIPE,MERCH_0050,CAD,298.80,5.47,293.33,1,2026-02-07,SETTLED
SETTLE_007637,CHECKOUT_COM,MERCH_0087,GBP,331.80,6.12,325.68,1,2026-03-16,SETTLED
SETTLE_007638,ADYEN,MERCH_0055,USD,24.25,0.39,23.86,1,2026-02-26,SETTLED
SETTLE_007639,STRIPE,MERCH_0002,USD,378.80,5.93,372.87,1,2026-03-28,SETTLED
SETTLE_007640,ADYEN,MERCH_0061,USD,162.49,3.53,158.96,1,2026-01-28,SETTLED
SETTLE_007641,STRIPE,MERCH_0028,USD,3013.99,45.46,2968.53,1,2026-03-21,SETTLED
SETTLE_007642,STRIPE,MERCH_0055,EUR,473.00,9.24,463.76,1,2026-03-10,SETTLED
SETTLE_007643,STRIPE,MERCH_0014,INR,4999.00,0.00,4999.00,1,2026-01-20,SETTLED
SETTLE_007644,ADYEN,MERCH_0074,EUR,178.75,2.61,176.14,1,2026-01-12,SETTLED
SETTLE_007645,ADYEN,MERCH_0041,EUR,501.00,1.90,499.10,1,2026-03-13,SETTLED
SETTLE_007646,ADYEN,MERCH_0029,GBP,382.75,5.84,376.91,1,2026-03-03,SETTLED
SETTLE_007647,STRIPE,MERCH_0021,EUR,40.50,0.40,40.10,1,2026-02-06,SETTLED
SETTLE_007648,STRIPE,MERCH_0030,USD,2872.95,83.62,2789.33,1,2026-02-02,SETTLED
SETTLE_007649,PAYPAL,MERCH_0094,INR,799.00,11.59,787.41,1,2026-02-12,SETTLED
SETTLE_007650,PAYPAL,MERCH_0044,EUR,333.49,11.06,322.43,1,2026-03-03,SETTLED
SETTLE_007651,STRIPE,MERCH_0022,CAD,374.80,11.17,363.63,1,2026-03-01,SETTLED
SETTLE_007652,ADYEN,MERCH_0045,EUR,2809.25,9.98,2799.27,1,2026-03-02,SETTLED
SETTLE_007653,ADYEN,MERCH_0001,EUR,1854.49,26.07,1828.42,1,2026-02-25,SETTLED
SETTLE_007654,PAYPAL,MERCH_0051,EUR,26.95,1.25,25.70,1,2026-03-23,SETTLED
SETTLE_007655,STRIPE,MERCH_0080,USD,2161.25,17.54,2143.71,1,2026-03-12,SETTLED
SETTLE_007656,CHECKOUT_COM,MERCH_0079,GBP,468.50,8.58,459.92,1,2026-02-22,SETTLED
SETTLE_007657,PAYPAL,MERCH_0097,USD,3050.00,106.94,2943.06,2,2026-02-22,SETTLED
SETTLE_007658,STRIPE,MERCH_0014,GBP,49.99,1.15,48.84,1,2026-03-07,SETTLED
SETTLE_007659,STRIPE,MERCH_0059,USD,1156.49,9.50,1146.99,1,2026-03-16,SETTLED
SETTLE_007660,STRIPE,MERCH_0074,EUR,39.49,1.00,38.49,1,2026-02-11,SETTLED
SETTLE_007661,PAYPAL,MERCH_0052,USD,553.99,19.82,534.17,1,2026-01-23,SETTLED
SETTLE_007662,CHECKOUT_COM,MERCH_0050,USD,47.25,1.29,45.96,1,2026-01-18,SETTLED
SETTLE_007663,PAYPAL,MERCH_0008,EUR,49.00,1.96,47.04,1,2026-02-11,SETTLED
SETTLE_007664,ADYEN,MERCH_0019,EUR,86.25,0.45,85.80,1,2026-02-11,SETTLED
SETTLE_007665,CHECKOUT_COM,MERCH_0015,CAD,73.75,1.99,71.76,1,2026-03-06,SETTLED
SETTLE_007666,STRIPE,MERCH_0052,INR,4999.00,102.98,4896.02,1,2026-01-02,SETTLED
SETTLE_007667,STRIPE,MERCH_0050,INR,1999.00,0.00,1999.00,2,2026-01-19,SETTLED
SETTLE_007668,ADYEN,MERCH_0021,GBP,18.99,0.38,18.61,1,2026-02-12,SETTLED
SETTLE_007669,STRIPE,MERCH_0073,EUR,50.95,1.01,49.94,1,2026-03-01,SETTLED
SETTLE_007670,ADYEN,MERCH_0002,EUR,37.49,0.63,36.86,1,2026-01-29,SETTLED
SETTLE_007671,ADYEN,MERCH_0056,EUR,343.25,4.92,338.33,1,2026-03-13,SETTLED
SETTLE_007672,CHECKOUT_COM,MERCH_0066,USD,70.95,1.83,69.12,1,2026-01-09,SETTLED
SETTLE_007673,STRIPE,MERCH_0003,USD,400.95,6.26,394.69,1,2026-01-27,SETTLED
SETTLE_007674,STRIPE,MERCH_0017,USD,254.75,2.29,252.46,1,2026-02-01,SETTLED
SETTLE_007675,STRIPE,MERCH_0061,USD,43.95,0.60,43.35,1,2026-03-25,SETTLED
SETTLE_007676,ADYEN,MERCH_0057,EUR,103.00,1.55,101.45,1,2026-03-27,SETTLED
SETTLE_007677,ADYEN,MERCH_0032,GBP,335.80,5.14,330.66,1,2026-03-19,SETTLED
SETTLE_007678,CHECKOUT_COM,MERCH_0082,EUR,26.95,0.64,26.31,1,2026-03-23,SETTLED
SETTLE_007679,STRIPE,MERCH_0084,EUR,283.75,1.62,282.13,1,2026-01-17,SETTLED
SETTLE_007681,ADYEN,MERCH_0024,USD,59.25,0.81,58.44,1,2026-03-04,SETTLED
SETTLE_007682,CHECKOUT_COM,MERCH_0029,USD,237.95,5.67,232.28,1,2026-02-13,SETTLED
SETTLE_007683,ADYEN,MERCH_0087,EUR,304.49,4.37,300.12,1,2026-02-18,SETTLED
SETTLE_007684,STRIPE,MERCH_0037,CAD,68.25,2.28,65.97,1,2026-03-17,SETTLED
SETTLE_007685,ADYEN,MERCH_0045,EUR,567.95,8.06,559.89,1,2026-03-12,SETTLED
SETTLE_007686,STRIPE,MERCH_0006,EUR,492.75,9.61,483.14,1,2026-01-22,SETTLED
SETTLE_007687,ADYEN,MERCH_0030,USD,79.25,1.05,78.20,2,2026-03-27,SETTLED
SETTLE_007688,STRIPE,MERCH_0099,INR,4999.00,0.00,4999.00,1,2026-03-29,SETTLED
SETTLE_007689,PAYPAL,MERCH_0052,EUR,54.00,2.12,51.88,1,2026-01-16,SETTLED
SETTLE_007690,STRIPE,MERCH_0077,USD,29.80,0.70,29.10,1,2026-03-10,SETTLED
SETTLE_007691,STRIPE,MERCH_0020,EUR,19.49,0.30,19.19,1,2026-02-08,SETTLED
SETTLE_007692,STRIPE,MERCH_0084,EUR,1116.49,5.78,1110.71,1,2026-03-10,SETTLED
SETTLE_007693,PAYPAL,MERCH_0016,GBP,61.95,2.10,59.85,1,2026-02-23,SETTLED
SETTLE_007694,PAYPAL,MERCH_0049,INR,9999.00,121.99,9877.01,1,2026-03-13,SETTLED
SETTLE_007695,CHECKOUT_COM,MERCH_0041,USD,564.99,13.19,551.80,1,2026-03-10,SETTLED
SETTLE_007696,ADYEN,MERCH_0099,GBP,549.49,8.34,541.15,1,2026-03-03,SETTLED
SETTLE_007697,ADYEN,MERCH_0057,GBP,60.50,1.01,59.49,1,2026-01-18,SETTLED
SETTLE_007698,CHECKOUT_COM,MERCH_0071,GBP,520.95,9.53,511.42,1,2026-03-13,SETTLED
SETTLE_007699,PAYPAL,MERCH_0024,GBP,369.99,11.03,358.96,1,2026-03-20,SETTLED
SETTLE_007700,STRIPE,MERCH_0018,USD,34.99,3.27,31.72,1,2026-03-29,SETTLED
SETTLE_007701,ADYEN,MERCH_0033,GBP,80.50,1.31,79.19,1,2026-02-27,SETTLED
SETTLE_007702,CHECKOUT_COM,MERCH_0081,CAD,543.95,13.27,530.68,1,2026-02-25,SETTLED
SETTLE_007703,ADYEN,MERCH_0060,USD,521.50,6.36,515.14,1,2026-02-08,SETTLED
SETTLE_007704,STRIPE,MERCH_0062,EUR,594.99,11.55,583.44,1,2026-03-17,SETTLED
SETTLE_007705,STRIPE,MERCH_0008,GBP,30.95,0.79,30.16,1,2026-02-14,SETTLED
SETTLE_007706,ADYEN,MERCH_0085,EUR,36.25,0.62,35.63,1,2026-01-05,SETTLED
SETTLE_007707,CHECKOUT_COM,MERCH_0027,GBP,415.99,7.64,408.35,1,2026-03-30,SETTLED
SETTLE_007708,STRIPE,MERCH_0100,USD,356.99,10.65,346.34,1,2026-02-21,SETTLED
SETTLE_007709,STRIPE,MERCH_0004,INR,4999.00,102.98,4896.02,1,2026-01-03,SETTLED
SETTLE_007710,CHECKOUT_COM,MERCH_0030,INR,503.75,12.31,491.44,1,2026-03-17,SETTLED
SETTLE_007711,STRIPE,MERCH_0067,CAD,62.25,2.11,60.14,1,2026-03-04,SETTLED
SETTLE_007712,STRIPE,MERCH_0083,INR,9999.00,0.00,9999.00,1,2026-02-25,SETTLED
SETTLE_007713,ADYEN,MERCH_0046,EUR,29.99,0.53,29.46,1,2026-02-19,SETTLED
SETTLE_007714,ADYEN,MERCH_0091,USD,49.00,1.15,47.85,1,2026-03-05,SETTLED
SETTLE_007715,ADYEN,MERCH_0015,USD,55.99,1.30,54.69,1,2026-02-16,SETTLED
SETTLE_007716,CHECKOUT_COM,MERCH_0093,CAD,62.49,1.72,60.77,1,2026-02-02,SETTLED
SETTLE_007717,STRIPE,MERCH_0072,CAD,65.80,7.21,58.59,1,2026-03-13,SETTLED
SETTLE_007718,CHECKOUT_COM,MERCH_0026,USD,402.75,9.46,393.29,1,2026-02-12,SETTLED
SETTLE_007719,STRIPE,MERCH_0025,EUR,540.95,10.53,530.42,1,2026-01-18,SETTLED
SETTLE_007720,STRIPE,MERCH_0072,USD,76.25,0.86,75.39,1,2026-01-13,SETTLED
SETTLE_007721,PAYPAL,MERCH_0024,EUR,27.49,1.27,26.22,1,2026-02-27,SETTLED
SETTLE_007722,STRIPE,MERCH_0062,USD,290.50,4.61,285.89,1,2026-03-05,SETTLED
SETTLE_007723,CHECKOUT_COM,MERCH_0079,GBP,567.75,10.37,557.38,1,2026-01-10,SETTLED
SETTLE_007724,STRIPE,MERCH_0072,INR,4999.00,102.98,4896.02,1,2026-03-02,SETTLED
SETTLE_007725,STRIPE,MERCH_0010,INR,9999.00,0.00,9999.00,1,2026-01-18,SETTLED
SETTLE_007726,STRIPE,MERCH_0045,EUR,48.25,1.17,47.08,1,2026-03-10,SETTLED
SETTLE_007727,CHECKOUT_COM,MERCH_0003,GBP,44.49,0.95,43.54,1,2026-02-07,SETTLED
SETTLE_007728,STRIPE,MERCH_0100,CAD,23.95,0.99,22.96,1,2026-01-04,SETTLED
SETTLE_007729,STRIPE,MERCH_0027,USD,2104.80,61.34,2043.46,1,2026-03-11,SETTLED
SETTLE_007730,PAYPAL,MERCH_0100,GBP,392.99,11.70,381.29,1,2026-03-08,SETTLED
SETTLE_007731,STRIPE,MERCH_0047,GBP,46.75,1.09,45.66,1,2026-02-17,SETTLED
SETTLE_007732,STRIPE,MERCH_0072,INR,1999.00,0.00,1999.00,1,2026-01-31,SETTLED
SETTLE_007733,STRIPE,MERCH_0071,EUR,2324.00,44.41,2279.59,1,2026-02-22,SETTLED
SETTLE_007734,STRIPE,MERCH_0011,INR,299.00,8.98,290.02,1,2026-03-15,SETTLED
SETTLE_007735,PAYPAL,MERCH_0038,EUR,117.99,4.17,113.82,1,2026-01-22,SETTLED
SETTLE_007736,STRIPE,MERCH_0040,USD,74.80,0.85,73.95,1,2026-03-14,SETTLED
SETTLE_007737,ADYEN,MERCH_0038,GBP,155.50,10.43,145.07,1,2026-02-10,SETTLED
SETTLE_007738,STRIPE,MERCH_0045,INR,1499.00,0.00,1499.00,1,2026-03-05,SETTLED
SETTLE_007739,STRIPE,MERCH_0003,USD,30.75,0.50,30.25,1,2026-03-01,SETTLED
SETTLE_007740,CHECKOUT_COM,MERCH_0008,CAD,497.95,12.17,485.78,1,2026-03-18,SETTLED
SETTLE_007741,STRIPE,MERCH_0055,CAD,54.95,1.89,53.06,1,2026-01-15,SETTLED
SETTLE_007742,ADYEN,MERCH_0094,EUR,168.25,2.47,165.78,1,2026-02-26,SETTLED
SETTLE_007743,CHECKOUT_COM,MERCH_0048,USD,153.99,3.74,150.25,1,2026-01-30,SETTLED
SETTLE_007744,STRIPE,MERCH_0066,EUR,280.49,5.58,274.91,1,2026-01-18,SETTLED
SETTLE_007745,STRIPE,MERCH_0033,INR,799.00,18.98,780.02,1,2026-02-22,SETTLED
SETTLE_007746,ADYEN,MERCH_0013,GBP,303.49,4.65,298.84,1,2026-03-07,SETTLED
SETTLE_007747,PAYPAL,MERCH_0006,EUR,502.00,16.45,485.55,1,2026-03-08,SETTLED
SETTLE_007748,CHECKOUT_COM,MERCH_0034,EUR,39.25,0.85,38.40,1,2026-01-08,SETTLED
SETTLE_007749,STRIPE,MERCH_0012,CAD,22.75,0.96,21.79,1,2026-03-12,SETTLED
SETTLE_007750,STRIPE,MERCH_0030,INR,1049.00,23.98,1025.02,1,2026-01-22,SETTLED
SETTLE_007751,PAYPAL,MERCH_0082,EUR,77.75,2.88,74.87,1,2026-02-27,SETTLED
SETTLE_007752,STRIPE,MERCH_0016,USD,2183.80,17.72,2166.08,1,2026-01-28,SETTLED
SETTLE_007753,PAYPAL,MERCH_0098,GBP,371.80,11.08,360.72,1,2026-03-26,SETTLED
SETTLE_007754,PAYPAL,MERCH_0015,USD,77.49,3.19,74.30,1,2026-03-30,SETTLED
SETTLE_007755,STRIPE,MERCH_0015,INR,1999.00,42.98,1956.02,1,2026-03-23,SETTLED
SETTLE_007756,STRIPE,MERCH_0060,EUR,1999.00,42.98,1956.02,1,2026-03-27,SETTLED
SETTLE_007757,PAYPAL,MERCH_0013,EUR,254.95,8.55,246.40,1,2026-03-21,SETTLED
SETTLE_007758,PAYPAL,MERCH_0082,GBP,779.80,22.91,756.89,1,2026-01-30,SETTLED
SETTLE_007759,ADYEN,MERCH_0007,EUR,232.80,0.96,231.84,1,2026-03-15,SETTLED
SETTLE_007760,ADYEN,MERCH_0073,GBP,525.75,7.99,517.76,2,2026-01-28,SETTLED
SETTLE_007761,PAYPAL,MERCH_0098,GBP,2521.80,73.43,2448.37,1,2026-02-13,SETTLED
SETTLE_007762,PAYPAL,MERCH_0006,INR,299.00,5.59,293.41,1,2026-02-18,SETTLED
SETTLE_007763,STRIPE,MERCH_0003,CAD,2929.49,85.26,2844.23,1,2026-01-31,SETTLED
SETTLE_007765,CHECKOUT_COM,MERCH_0058,GBP,269.49,5.00,264.49,1,2026-01-19,SETTLED
SETTLE_007766,CHECKOUT_COM,MERCH_0060,EUR,70.49,1.38,69.11,1,2026-03-25,SETTLED
SETTLE_007767,STRIPE,MERCH_0074,GBP,21.50,0.61,20.89,1,2026-02-04,SETTLED
SETTLE_007768,STRIPE,MERCH_0022,CAD,73.99,2.45,71.54,1,2026-03-28,SETTLED
SETTLE_007769,PAYPAL,MERCH_0020,USD,573.75,20.51,553.24,1,2026-02-11,SETTLED
SETTLE_007770,PAYPAL,MERCH_0091,GBP,41.00,1.49,39.51,1,2026-01-29,SETTLED
SETTLE_007771,STRIPE,MERCH_0073,USD,15.75,0.38,15.37,1,2026-03-08,SETTLED
SETTLE_007772,STRIPE,MERCH_0026,USD,2244.99,18.21,2226.78,1,2026-02-16,SETTLED
SETTLE_007773,STRIPE,MERCH_0035,USD,2797.50,42.21,2755.29,1,2026-01-06,SETTLED
SETTLE_007774,STRIPE,MERCH_0030,USD,392.95,6.14,386.81,1,2026-01-29,SETTLED
SETTLE_007775,CHECKOUT_COM,MERCH_0053,GBP,279.75,5.19,274.56,1,2026-01-18,SETTLED
SETTLE_007776,STRIPE,MERCH_0096,INR,1999.00,0.00,1999.00,1,2026-03-31,SETTLED
SETTLE_007777,CHECKOUT_COM,MERCH_0022,USD,45.50,1.25,44.25,1,2026-02-19,SETTLED
SETTLE_007778,PAYPAL,MERCH_0029,USD,75.95,3.14,72.81,1,2026-01-12,SETTLED
SETTLE_007779,PAYPAL,MERCH_0045,INR,1499.00,19.99,1479.01,1,2026-01-25,SETTLED
SETTLE_007780,ADYEN,MERCH_0022,EUR,265.25,1.08,264.17,1,2026-03-02,SETTLED
SETTLE_007781,STRIPE,MERCH_0058,INR,1499.00,0.00,1499.00,1,2026-02-23,SETTLED
SETTLE_007782,STRIPE,MERCH_0066,USD,486.99,7.55,479.44,1,2026-01-08,SETTLED
SETTLE_007783,STRIPE,MERCH_0094,USD,409.99,3.53,406.46,1,2026-02-09,SETTLED
SETTLE_007784,ADYEN,MERCH_0011,EUR,2766.25,38.84,2727.41,1,2026-02-12,SETTLED
SETTLE_007785,ADYEN,MERCH_0022,EUR,28.75,2.01,26.74,1,2026-02-03,SETTLED
SETTLE_007786,STRIPE,MERCH_0023,USD,25.00,1.02,23.98,1,2026-04-02,SETTLED
SETTLE_007787,PAYPAL,MERCH_0038,USD,73.95,3.07,70.88,1,2026-01-08,SETTLED
SETTLE_007788,ADYEN,MERCH_0038,EUR,43.50,0.30,43.20,1,2026-01-31,SETTLED
SETTLE_007789,STRIPE,MERCH_0056,INR,549.00,0.00,549.00,1,2026-01-25,SETTLED
SETTLE_007790,PAYPAL,MERCH_0020,INR,9999.00,125.99,9873.01,1,2026-01-04,SETTLED
SETTLE_007791,ADYEN,MERCH_0084,USD,619.25,13.12,606.13,1,2026-02-28,SETTLED
SETTLE_007792,ADYEN,MERCH_0028,USD,43.49,0.62,42.87,1,2026-02-28,SETTLED
SETTLE_007794,STRIPE,MERCH_0095,EUR,452.50,2.46,450.04,1,2026-02-18,SETTLED
SETTLE_007795,STRIPE,MERCH_0091,GBP,15000.00,0.00,15000.00,1,2026-01-11,SETTLED
SETTLE_007796,STRIPE,MERCH_0025,EUR,16.80,0.28,16.52,1,2026-02-26,SETTLED
SETTLE_007797,PAYPAL,MERCH_0007,GBP,79.75,2.61,77.14,1,2026-02-23,SETTLED
SETTLE_007798,PAYPAL,MERCH_0056,GBP,49.49,1.74,47.75,1,2026-01-23,SETTLED
SETTLE_007799,PAYPAL,MERCH_0072,EUR,450.00,14.79,435.21,1,2026-01-10,SETTLED
SETTLE_007800,ADYEN,MERCH_0005,EUR,75.25,0.41,74.84,1,2026-01-23,SETTLED
SETTLE_007801,STRIPE,MERCH_0011,INR,14985.00,302.70,14682.30,1,2026-03-22,SETTLED
SETTLE_007802,PAYPAL,MERCH_0088,GBP,234.25,7.09,227.16,1,2026-01-04,SETTLED
SETTLE_007803,CHECKOUT_COM,MERCH_0037,USD,66.25,1.72,64.53,1,2026-01-05,SETTLED
SETTLE_007804,ADYEN,MERCH_0045,USD,549.49,6.69,542.80,1,2026-03-09,SETTLED
SETTLE_007805,STRIPE,MERCH_0011,USD,43.50,4.65,38.85,1,2026-03-21,SETTLED
SETTLE_007806,STRIPE,MERCH_0055,USD,247.99,2.23,245.76,1,2026-01-28,SETTLED
SETTLE_007807,CHECKOUT_COM,MERCH_0040,USD,80.49,2.05,78.44,1,2026-03-05,SETTLED
SETTLE_007809,STRIPE,MERCH_0036,INR,999.00,22.98,976.02,1,2026-01-28,SETTLED
SETTLE_007810,PAYPAL,MERCH_0093,EUR,196.99,6.69,190.30,1,2026-03-11,SETTLED
SETTLE_007812,PAYPAL,MERCH_0005,USD,35.00,1.71,33.29,1,2026-02-26,SETTLED
SETTLE_007813,STRIPE,MERCH_0023,EUR,649.80,12.60,637.20,1,2026-03-06,SETTLED
SETTLE_007814,PAYPAL,MERCH_0071,INR,4999.00,61.99,4937.01,1,2026-02-06,SETTLED
SETTLE_007815,CHECKOUT_COM,MERCH_0019,EUR,52.75,1.08,51.67,1,2026-01-19,SETTLED
SETTLE_007816,CHECKOUT_COM,MERCH_0007,USD,48.00,1.30,46.70,1,2026-02-02,SETTLED
SETTLE_007817,CHECKOUT_COM,MERCH_0068,CAD,462.49,11.32,451.17,1,2026-01-30,SETTLED
SETTLE_007818,STRIPE,MERCH_0092,USD,96.25,1.02,95.23,2,2026-02-03,SETTLED
SETTLE_007819,STRIPE,MERCH_0016,INR,799.00,18.98,780.02,1,2026-02-15,SETTLED
SETTLE_007820,ADYEN,MERCH_0046,EUR,365.99,1.43,364.56,1,2026-01-28,SETTLED
SETTLE_007821,ADYEN,MERCH_0084,USD,272.25,5.84,266.41,1,2026-03-24,SETTLED
SETTLE_007822,STRIPE,MERCH_0083,EUR,79.25,0.60,78.65,1,2026-03-13,SETTLED
SETTLE_007823,STRIPE,MERCH_0038,USD,33.80,1.28,32.52,2,2026-03-03,SETTLED
SETTLE_007825,PAYPAL,MERCH_0084,INR,15000.00,182.00,14818.00,1,2026-02-27,SETTLED
SETTLE_007826,STRIPE,MERCH_0034,USD,599.00,9.23,589.77,1,2026-03-03,SETTLED
SETTLE_007827,CHECKOUT_COM,MERCH_0043,CAD,23.95,0.79,23.16,1,2026-01-29,SETTLED
SETTLE_007828,STRIPE,MERCH_0076,USD,542.00,16.02,525.98,1,2026-03-02,SETTLED
SETTLE_007829,PAYPAL,MERCH_0094,INR,999.00,13.99,985.01,1,2026-01-06,SETTLED
SETTLE_007830,PAYPAL,MERCH_0078,CAD,2746.49,96.34,2650.15,1,2026-01-10,SETTLED
SETTLE_007831,PAYPAL,MERCH_0090,EUR,428.95,10.62,418.33,1,2026-01-09,SETTLED
SETTLE_007832,CHECKOUT_COM,MERCH_0053,GBP,758.95,13.81,745.14,1,2026-01-07,SETTLED
SETTLE_007833,STRIPE,MERCH_0074,EUR,393.75,2.17,391.58,1,2026-02-07,SETTLED
SETTLE_007834,CHECKOUT_COM,MERCH_0099,USD,421.80,9.90,411.90,1,2026-01-22,SETTLED
SETTLE_007835,STRIPE,MERCH_0025,EUR,463.50,13.74,449.76,1,2026-02-08,SETTLED
SETTLE_007836,ADYEN,MERCH_0017,EUR,33.49,0.27,33.22,1,2026-03-21,SETTLED
SETTLE_007837,STRIPE,MERCH_0095,USD,65.99,2.21,63.78,1,2026-01-13,SETTLED
SETTLE_007838,CHECKOUT_COM,MERCH_0069,CAD,80.99,2.16,78.83,1,2026-01-09,SETTLED
SETTLE_007839,STRIPE,MERCH_0022,EUR,77.25,0.59,76.66,1,2026-02-28,SETTLED
SETTLE_007840,STRIPE,MERCH_0088,USD,369.80,5.80,364.00,1,2026-02-20,SETTLED
SETTLE_007841,STRIPE,MERCH_0040,INR,15000.00,0.00,15000.00,1,2026-03-02,SETTLED
SETTLE_007842,PAYPAL,MERCH_0007,INR,4999.00,61.99,4937.01,1,2026-03-03,SETTLED
SETTLE_007843,CHECKOUT_COM,MERCH_0045,GBP,520.80,9.52,511.28,1,2026-03-20,SETTLED
SETTLE_007844,CHECKOUT_COM,MERCH_0084,GBP,507.80,9.29,498.51,1,2026-03-01,SETTLED
SETTLE_007845,STRIPE,MERCH_0009,CAD,276.95,8.33,268.62,1,2026-03-16,SETTLED
SETTLE_007846,PAYPAL,MERCH_0031,INR,799.00,11.59,787.41,1,2026-01-22,SETTLED
SETTLE_007847,ADYEN,MERCH_0004,EUR,76.50,6.18,70.32,1,2026-02-19,SETTLED
SETTLE_007848,ADYEN,MERCH_0036,GBP,486.75,7.40,479.35,1,2026-02-16,SETTLED
SETTLE_007849,STRIPE,MERCH_0018,EUR,268.50,1.54,266.96,1,2026-03-10,SETTLED
SETTLE_007850,STRIPE,MERCH_0017,INR,2499.00,0.00,2499.00,1,2026-02-25,SETTLED
SETTLE_007851,STRIPE,MERCH_0062,EUR,614.00,14.42,599.58,1,2026-01-05,SETTLED
SETTLE_007853,STRIPE,MERCH_0059,INR,3984.00,0.00,3984.00,1,2026-03-19,SETTLED
SETTLE_007854,STRIPE,MERCH_0014,USD,218.50,3.53,214.97,1,2026-03-20,SETTLED
SETTLE_007855,STRIPE,MERCH_0045,INR,15000.00,303.00,14697.00,1,2026-02-17,SETTLED
SETTLE_007856,STRIPE,MERCH_0061,USD,355.50,5.58,349.92,1,2026-02-01,SETTLED
SETTLE_007857,PAYPAL,MERCH_0010,EUR,2802.50,90.07,2712.43,1,2026-02-04,SETTLED
SETTLE_007858,ADYEN,MERCH_0025,EUR,55.99,0.89,55.10,1,2026-02-08,SETTLED
SETTLE_007859,STRIPE,MERCH_0100,USD,607.25,21.91,585.34,1,2026-01-11,SETTLED
SETTLE_007860,CHECKOUT_COM,MERCH_0019,GBP,24.00,0.58,23.42,1,2026-03-10,SETTLED
SETTLE_007861,STRIPE,MERCH_0024,GBP,355.99,6.96,349.03,1,2026-01-13,SETTLED
SETTLE_007862,PAYPAL,MERCH_0038,INR,299.00,5.59,293.41,1,2026-02-12,SETTLED
SETTLE_007863,PAYPAL,MERCH_0066,USD,454.95,16.37,438.58,1,2026-01-27,SETTLED
SETTLE_007864,STRIPE,MERCH_0055,INR,799.00,0.00,799.00,1,2026-01-06,SETTLED
SETTLE_007865,STRIPE,MERCH_0069,EUR,2173.00,41.49,2131.51,1,2026-03-17,SETTLED
SETTLE_007866,STRIPE,MERCH_0055,USD,54.99,1.89,53.10,1,2026-01-21,SETTLED
SETTLE_007867,ADYEN,MERCH_0015,EUR,518.95,1.97,516.98,1,2026-02-23,SETTLED
SETTLE_007868,STRIPE,MERCH_0073,GBP,574.75,11.12,563.63,1,2026-02-06,SETTLED
SETTLE_007869,STRIPE,MERCH_0021,USD,2988.49,86.97,2901.52,1,2026-03-28,SETTLED
SETTLE_007870,STRIPE,MERCH_0092,INR,1999.00,42.98,1956.02,1,2026-03-01,SETTLED
SETTLE_007871,PAYPAL,MERCH_0061,USD,2582.25,90.61,2491.64,1,2026-04-02,SETTLED
SETTLE_007872,STRIPE,MERCH_0002,CAD,19.80,0.87,18.93,1,2026-03-19,SETTLED
SETTLE_007873,PAYPAL,MERCH_0085,INR,1999.00,25.99,1973.01,1,2026-02-15,SETTLED
SETTLE_007874,STRIPE,MERCH_0095,INR,499.00,12.98,486.02,1,2026-01-26,SETTLED
SETTLE_007875,STRIPE,MERCH_0056,INR,1999.00,0.00,1999.00,1,2026-03-10,SETTLED
SETTLE_007876,CHECKOUT_COM,MERCH_0010,EUR,59.75,1.20,58.55,1,2026-02-21,SETTLED
SETTLE_007877,ADYEN,MERCH_0088,EUR,218.95,0.92,218.03,1,2026-01-20,SETTLED
SETTLE_007878,STRIPE,MERCH_0002,INR,299.00,8.98,290.02,1,2026-03-06,SETTLED
SETTLE_007879,ADYEN,MERCH_0098,EUR,424.75,6.06,418.69,1,2026-03-10,SETTLED
SETTLE_007880,ADYEN,MERCH_0070,USD,360.50,7.69,352.81,1,2026-02-10,SETTLED
SETTLE_007881,STRIPE,MERCH_0060,INR,1499.00,32.98,1466.02,1,2026-02-27,SETTLED
SETTLE_007882,CHECKOUT_COM,MERCH_0067,EUR,619.25,10.71,608.54,1,2026-03-14,SETTLED
SETTLE_007883,STRIPE,MERCH_0008,USD,35.99,1.34,34.65,1,2026-03-03,SETTLED
SETTLE_007884,CHECKOUT_COM,MERCH_0082,EUR,1641.80,28.09,1613.71,1,2026-01-05,SETTLED
SETTLE_007885,ADYEN,MERCH_0075,GBP,29.50,0.54,28.96,1,2026-01-12,SETTLED
SETTLE_007886,STRIPE,MERCH_0026,CAD,65.00,2.18,62.82,1,2026-02-01,SETTLED
SETTLE_007887,ADYEN,MERCH_0088,USD,274.49,3.39,271.10,1,2026-01-26,SETTLED
SETTLE_007888,PAYPAL,MERCH_0003,USD,33.50,1.66,31.84,1,2026-01-12,SETTLED
SETTLE_007889,ADYEN,MERCH_0081,EUR,53.99,0.34,53.65,1,2026-01-03,SETTLED
SETTLE_007890,ADYEN,MERCH_0021,EUR,378.49,1.47,377.02,2,2026-02-26,SETTLED
SETTLE_007891,STRIPE,MERCH_0052,INR,2499.00,52.98,2446.02,1,2026-01-25,SETTLED
SETTLE_007892,PAYPAL,MERCH_0041,EUR,380.00,12.55,367.45,1,2026-01-30,SETTLED
SETTLE_007893,ADYEN,MERCH_0027,EUR,74.75,1.16,73.59,1,2026-01-11,SETTLED
SETTLE_007894,STRIPE,MERCH_0084,EUR,186.49,1.13,185.36,1,2026-03-01,SETTLED
SETTLE_007895,PAYPAL,MERCH_0047,USD,63.75,2.71,61.04,1,2026-01-10,SETTLED
SETTLE_007896,STRIPE,MERCH_0035,EUR,54.00,0.47,53.53,1,2026-01-10,SETTLED
SETTLE_007897,ADYEN,MERCH_0021,USD,112.25,1.45,110.80,1,2026-03-04,SETTLED
SETTLE_007898,CHECKOUT_COM,MERCH_0044,GBP,362.75,3.18,359.57,1,2026-02-18,SETTLED
SETTLE_007899,PAYPAL,MERCH_0018,USD,1049.25,37.11,1012.14,1,2026-01-16,SETTLED
SETTLE_007900,ADYEN,MERCH_0094,EUR,48.49,0.79,47.70,1,2026-01-21,SETTLED
SETTLE_007901,PAYPAL,MERCH_0033,GBP,27.49,1.10,26.39,1,2026-01-14,SETTLED
SETTLE_007902,STRIPE,MERCH_0014,USD,377.49,3.27,374.22,1,2026-03-12,SETTLED
SETTLE_007903,STRIPE,MERCH_0094,INR,299.00,0.00,299.00,1,2026-02-11,SETTLED
SETTLE_007904,STRIPE,MERCH_0025,GBP,272.00,5.37,266.63,1,2026-03-08,SETTLED
SETTLE_007905,PAYPAL,MERCH_0059,USD,29.99,1.54,28.45,1,2026-01-28,SETTLED
SETTLE_007906,STRIPE,MERCH_0100,USD,60.25,1.15,59.10,1,2026-03-30,SETTLED
SETTLE_007907,STRIPE,MERCH_0079,USD,486.00,4.14,481.86,1,2026-01-09,SETTLED
SETTLE_007908,STRIPE,MERCH_0038,INR,499.00,12.98,486.02,1,2026-03-04,SETTLED
SETTLE_007909,CHECKOUT_COM,MERCH_0013,GBP,1863.99,33.70,1830.29,1,2026-03-14,SETTLED
SETTLE_007910,ADYEN,MERCH_0009,EUR,31.99,0.26,31.73,1,2026-01-30,SETTLED
SETTLE_007911,CHECKOUT_COM,MERCH_0043,GBP,330.95,6.11,324.84,1,2026-03-24,SETTLED
SETTLE_007912,CHECKOUT_COM,MERCH_0098,GBP,68.75,1.39,67.36,1,2026-01-24,SETTLED
SETTLE_007913,STRIPE,MERCH_0043,GBP,355.99,6.96,349.03,1,2026-03-10,SETTLED
SETTLE_007914,STRIPE,MERCH_0030,USD,54.75,1.07,53.68,1,2026-01-24,SETTLED
SETTLE_007915,STRIPE,MERCH_0097,GBP,1343.50,25.73,1317.77,1,2026-02-14,SETTLED
SETTLE_007916,STRIPE,MERCH_0031,USD,76.75,0.86,75.89,1,2026-03-06,SETTLED
SETTLE_007917,PAYPAL,MERCH_0093,USD,49.80,2.23,47.57,1,2026-02-15,SETTLED
SETTLE_007918,PAYPAL,MERCH_0074,EUR,456.95,15.01,441.94,1,2026-03-17,SETTLED
SETTLE_007919,STRIPE,MERCH_0067,INR,4999.00,102.98,4896.02,1,2026-02-11,SETTLED
SETTLE_007920,CHECKOUT_COM,MERCH_0046,INR,520.50,12.17,508.33,1,2026-02-02,SETTLED
SETTLE_007921,STRIPE,MERCH_0005,USD,587.50,4.95,582.55,1,2026-03-02,SETTLED
SETTLE_007922,PAYPAL,MERCH_0026,INR,9999.00,121.99,9877.01,1,2026-02-25,SETTLED
SETTLE_007923,CHECKOUT_COM,MERCH_0045,EUR,274.25,4.84,269.41,1,2026-02-02,SETTLED
SETTLE_007924,PAYPAL,MERCH_0011,GBP,496.49,14.70,481.79,1,2026-02-04,SETTLED
SETTLE_007925,STRIPE,MERCH_0099,EUR,18.75,0.29,18.46,1,2026-03-30,SETTLED
SETTLE_007926,CHECKOUT_COM,MERCH_0067,EUR,80.00,1.54,78.46,1,2026-01-20,SETTLED
SETTLE_007927,STRIPE,MERCH_0044,USD,2496.75,37.70,2459.05,1,2026-01-18,SETTLED
SETTLE_007928,ADYEN,MERCH_0053,USD,915.00,11.08,903.92,1,2026-03-07,SETTLED
SETTLE_007929,ADYEN,MERCH_0092,EUR,27.80,0.50,27.30,1,2026-02-11,SETTLED
SETTLE_007930,CHECKOUT_COM,MERCH_0027,USD,63.00,1.65,61.35,1,2026-03-03,SETTLED
SETTLE_007931,CHECKOUT_COM,MERCH_0001,EUR,110.95,10.07,100.88,1,2026-03-21,SETTLED
SETTLE_007932,ADYEN,MERCH_0095,EUR,549.00,7.80,541.20,1,2026-01-19,SETTLED
SETTLE_007933,ADYEN,MERCH_0056,EUR,363.50,1.42,362.08,1,2026-02-11,SETTLED
SETTLE_007934,PAYPAL,MERCH_0079,USD,56.50,2.46,54.04,1,2026-02-11,SETTLED
SETTLE_007935,STRIPE,MERCH_0053,GBP,75.00,1.62,73.38,1,2026-01-09,SETTLED
SETTLE_007936,STRIPE,MERCH_0007,INR,1999.00,42.98,1956.02,1,2026-03-25,SETTLED
SETTLE_007937,ADYEN,MERCH_0005,EUR,453.75,1.74,452.01,1,2026-01-06,SETTLED
SETTLE_007938,STRIPE,MERCH_0040,INR,9999.00,202.98,9796.02,1,2026-01-10,SETTLED
SETTLE_007939,CHECKOUT_COM,MERCH_0072,GBP,63.75,1.30,62.45,1,2026-01-30,SETTLED
SETTLE_007940,PAYPAL,MERCH_0056,GBP,49.80,1.74,48.06,1,2026-03-13,SETTLED
SETTLE_007941,STRIPE,MERCH_0034,INR,1499.00,32.98,1466.02,1,2026-02-23,SETTLED
SETTLE_007942,CHECKOUT_COM,MERCH_0035,GBP,367.00,6.76,360.24,1,2026-01-10,SETTLED
SETTLE_007943,STRIPE,MERCH_0080,INR,9999.00,0.00,9999.00,1,2026-01-24,SETTLED
SETTLE_007944,STRIPE,MERCH_0007,EUR,18.75,0.61,18.14,1,2026-01-23,SETTLED
SETTLE_007945,CHECKOUT_COM,MERCH_0059,USD,212.49,5.09,207.40,1,2026-03-29,SETTLED
SETTLE_007946,ADYEN,MERCH_0034,USD,1576.25,33.22,1543.03,1,2026-02-25,SETTLED
SETTLE_007947,CHECKOUT_COM,MERCH_0014,INR,303.80,7.51,296.29,1,2026-02-13,SETTLED
SETTLE_007948,STRIPE,MERCH_0056,USD,267.80,2.39,265.41,1,2026-02-11,SETTLED
SETTLE_007949,STRIPE,MERCH_0003,GBP,300.95,5.92,295.03,1,2026-03-10,SETTLED
SETTLE_007950,PAYPAL,MERCH_0014,INR,3999.00,49.99,3949.01,1,2026-01-25,SETTLED
SETTLE_007951,CHECKOUT_COM,MERCH_0076,EUR,3309.75,56.45,3253.30,1,2026-02-10,SETTLED
SETTLE_007952,STRIPE,MERCH_0055,INR,4999.00,0.00,4999.00,1,2026-03-21,SETTLED
SETTLE_007954,STRIPE,MERCH_0049,USD,53.99,1.87,52.12,1,2026-03-28,SETTLED
SETTLE_007955,ADYEN,MERCH_0057,EUR,2426.49,8.64,2417.85,1,2026-03-13,SETTLED
SETTLE_007956,STRIPE,MERCH_0089,USD,75.00,2.47,72.53,1,2026-03-29,SETTLED
SETTLE_007957,STRIPE,MERCH_0011,INR,1499.00,32.98,1466.02,1,2026-01-08,SETTLED
SETTLE_007958,ADYEN,MERCH_0093,EUR,66.49,1.04,65.45,1,2026-02-23,SETTLED
SETTLE_007959,STRIPE,MERCH_0032,INR,1499.00,32.98,1466.02,1,2026-02-21,SETTLED
SETTLE_007960,CHECKOUT_COM,MERCH_0025,GBP,289.75,5.37,284.38,1,2026-01-11,SETTLED
SETTLE_007961,PAYPAL,MERCH_0003,INR,15000.00,182.00,14818.00,1,2026-01-08,SETTLED
SETTLE_007962,STRIPE,MERCH_0040,USD,246.00,3.94,242.06,1,2026-02-28,SETTLED
SETTLE_007963,STRIPE,MERCH_0008,INR,2511.50,0.00,2511.50,1,2026-02-11,SETTLED
SETTLE_007964,ADYEN,MERCH_0061,USD,2559.75,53.87,2505.88,1,2026-03-18,SETTLED
SETTLE_007965,ADYEN,MERCH_0064,EUR,66.80,1.05,65.75,1,2026-03-17,SETTLED
SETTLE_007966,STRIPE,MERCH_0051,USD,359.80,3.13,356.67,1,2026-03-13,SETTLED
SETTLE_007967,PAYPAL,MERCH_0033,INR,499.00,7.99,491.01,1,2026-02-22,SETTLED
SETTLE_007968,STRIPE,MERCH_0033,INR,2499.00,52.98,2446.02,1,2026-02-05,SETTLED
SETTLE_007969,STRIPE,MERCH_0001,EUR,79.00,0.59,78.41,1,2026-03-13,SETTLED
SETTLE_007970,CHECKOUT_COM,MERCH_0068,USD,313.50,7.41,306.09,1,2026-03-20,SETTLED
SETTLE_007971,STRIPE,MERCH_0006,GBP,47.49,1.10,46.39,1,2026-02-15,SETTLED
SETTLE_007972,ADYEN,MERCH_0009,EUR,64.50,0.38,64.12,1,2026-01-05,SETTLED
SETTLE_007973,CHECKOUT_COM,MERCH_0033,USD,1684.49,38.94,1645.55,1,2026-03-01,SETTLED
SETTLE_007974,CHECKOUT_COM,MERCH_0100,CAD,81.25,2.17,79.08,1,2026-02-27,SETTLED
SETTLE_007975,PAYPAL,MERCH_0006,EUR,76.00,2.82,73.18,1,2026-01-30,SETTLED
SETTLE_007976,STRIPE,MERCH_0086,USD,2282.99,66.51,2216.48,1,2026-02-01,SETTLED
SETTLE_007977,STRIPE,MERCH_0073,CAD,2494.99,72.65,2422.34,1,2026-02-03,SETTLED
SETTLE_007978,STRIPE,MERCH_0044,INR,9999.00,202.98,9796.02,2,2026-02-08,SETTLED
SETTLE_007980,STRIPE,MERCH_0076,GBP,77.80,1.68,76.12,1,2026-03-29,SETTLED
SETTLE_007981,STRIPE,MERCH_0021,USD,273.80,8.24,265.56,1,2026-03-20,SETTLED
SETTLE_007982,ADYEN,MERCH_0049,EUR,326.80,1.29,325.51,1,2026-02-18,SETTLED
SETTLE_007983,STRIPE,MERCH_0038,USD,215.00,1.97,213.03,1,2026-01-26,SETTLED
SETTLE_007984,STRIPE,MERCH_0078,USD,2226.80,18.06,2208.74,1,2026-01-21,SETTLED
SETTLE_007985,STRIPE,MERCH_0094,EUR,2867.95,14.54,2853.41,1,2026-02-21,SETTLED
SETTLE_007986,STRIPE,MERCH_0052,CAD,443.25,13.15,430.10,1,2026-03-25,SETTLED
SETTLE_007987,ADYEN,MERCH_0012,USD,418.80,8.91,409.89,1,2026-01-12,SETTLED
SETTLE_007988,PAYPAL,MERCH_0003,GBP,197.75,6.03,191.72,1,2026-03-18,SETTLED
SETTLE_007989,ADYEN,MERCH_0060,EUR,596.50,8.46,588.04,1,2026-02-12,SETTLED
SETTLE_007990,STRIPE,MERCH_0006,INR,2499.00,0.00,2499.00,1,2026-03-10,SETTLED
SETTLE_007991,ADYEN,MERCH_0021,GBP,366.25,5.59,360.66,1,2026-03-04,SETTLED
SETTLE_007992,STRIPE,MERCH_0095,INR,499.00,12.98,486.02,1,2026-02-27,SETTLED
SETTLE_007993,STRIPE,MERCH_0068,USD,493.80,7.66,486.14,1,2026-03-12,SETTLED
SETTLE_007994,CHECKOUT_COM,MERCH_0043,CAD,34.25,1.04,33.21,1,2026-02-09,SETTLED
SETTLE_007995,CHECKOUT_COM,MERCH_0046,USD,39.75,1.11,38.64,1,2026-03-08,SETTLED
SETTLE_007996,ADYEN,MERCH_0034,EUR,31.95,0.26,31.69,1,2026-02-26,SETTLED
SETTLE_007997,CHECKOUT_COM,MERCH_0003,CAD,127.80,3.29,124.51,1,2026-01-12,SETTLED
SETTLE_007998,PAYPAL,MERCH_0009,EUR,556.00,18.18,537.82,1,2026-01-14,SETTLED
SETTLE_007999,CHECKOUT_COM,MERCH_0078,CAD,344.75,8.49,336.26,1,2026-04-01,SETTLED
SETTLE_008000,CHECKOUT_COM,MERCH_0085,EUR,298.80,5.26,293.54,1,2026-03-14,SETTLED
SETTLE_008001,ADYEN,MERCH_0019,EUR,58.80,5.36,53.44,1,2026-01-09,SETTLED
SETTLE_008002,CHECKOUT_COM,MERCH_0057,CAD,332.25,8.19,324.06,1,2026-02-16,SETTLED
SETTLE_008003,ADYEN,MERCH_0007,INR,74.75,1.22,73.53,1,2026-03-05,SETTLED
SETTLE_008004,ADYEN,MERCH_0040,USD,394.75,4.84,389.91,1,2026-03-15,SETTLED
SETTLE_008005,ADYEN,MERCH_0088,GBP,93.95,1.51,92.44,2,2026-03-12,SETTLED
SETTLE_008006,STRIPE,MERCH_0096,CAD,435.95,12.94,423.01,1,2026-03-23,SETTLED
SETTLE_008007,ADYEN,MERCH_0077,USD,23.00,0.38,22.62,1,2026-02-03,SETTLED
SETTLE_008008,CHECKOUT_COM,MERCH_0056,EUR,74.80,1.45,73.35,1,2026-02-05,SETTLED
SETTLE_008009,ADYEN,MERCH_0032,GBP,65.95,1.09,64.86,1,2026-01-10,SETTLED
SETTLE_008010,STRIPE,MERCH_0010,EUR,610.99,11.86,599.13,1,2026-01-10,SETTLED
SETTLE_008011,STRIPE,MERCH_0096,INR,299.00,8.98,290.02,1,2026-02-23,SETTLED
SETTLE_008012,STRIPE,MERCH_0012,GBP,128.80,2.65,126.15,1,2026-01-18,SETTLED
SETTLE_008013,STRIPE,MERCH_0036,EUR,615.80,3.28,612.52,1,2026-01-24,SETTLED
SETTLE_008014,CHECKOUT_COM,MERCH_0100,USD,32.80,0.95,31.85,1,2026-02-18,SETTLED
SETTLE_008015,CHECKOUT_COM,MERCH_0005,USD,24.99,0.77,24.22,1,2026-03-18,SETTLED
SETTLE_008016,STRIPE,MERCH_0005,USD,2564.80,20.77,2544.03,1,2026-03-24,SETTLED
SETTLE_008017,STRIPE,MERCH_0092,EUR,22.49,0.68,21.81,1,2026-01-23,SETTLED
SETTLE_008018,CHECKOUT_COM,MERCH_0091,USD,506.99,11.86,495.13,1,2026-03-14,SETTLED
SETTLE_008019,ADYEN,MERCH_0003,GBP,1519.80,22.90,1496.90,1,2026-02-04,SETTLED
SETTLE_008020,STRIPE,MERCH_0060,CAD,72.00,2.39,69.61,1,2026-01-15,SETTLED
SETTLE_008021,CHECKOUT_COM,MERCH_0055,CAD,17.00,0.63,16.37,1,2026-02-13,SETTLED
SETTLE_008022,CHECKOUT_COM,MERCH_0012,USD,164.00,3.97,160.03,1,2026-01-18,SETTLED
SETTLE_008023,STRIPE,MERCH_0008,INR,5024.00,0.00,5024.00,1,2026-02-01,SETTLED
SETTLE_008024,ADYEN,MERCH_0038,EUR,1943.99,6.95,1937.04,1,2026-01-20,SETTLED
SETTLE_008025,ADYEN,MERCH_0070,EUR,66.00,1.03,64.97,1,2026-01-03,SETTLED
SETTLE_008026,STRIPE,MERCH_0048,USD,41.25,1.50,39.75,1,2026-01-28,SETTLED
SETTLE_008027,STRIPE,MERCH_0094,INR,1499.00,32.98,1466.02,1,2026-03-05,SETTLED
SETTLE_008028,PAYPAL,MERCH_0030,GBP,566.75,16.74,550.01,1,2026-01-24,SETTLED
SETTLE_008029,CHECKOUT_COM,MERCH_0071,CAD,78.99,2.12,76.87,1,2026-01-18,SETTLED
SETTLE_008030,STRIPE,MERCH_0053,EUR,48.49,1.17,47.32,1,2026-03-10,SETTLED
SETTLE_008031,STRIPE,MERCH_0049,USD,56.99,1.10,55.89,1,2026-03-13,SETTLED
SETTLE_008032,ADYEN,MERCH_0006,USD,78.99,1.78,77.21,1,2026-03-05,SETTLED
SETTLE_008033,PAYPAL,MERCH_0018,INR,2499.00,31.99,2467.01,1,2026-03-04,SETTLED
SETTLE_008034,STRIPE,MERCH_0056,EUR,326.25,1.83,324.42,1,2026-01-11,SETTLED
SETTLE_008035,CHECKOUT_COM,MERCH_0074,EUR,299.80,7.78,292.02,1,2026-03-16,SETTLED
SETTLE_008036,ADYEN,MERCH_0095,EUR,42.25,0.70,41.55,1,2026-01-25,SETTLED
SETTLE_008037,ADYEN,MERCH_0001,USD,48.99,1.15,47.84,1,2026-01-02,SETTLED
SETTLE_008038,STRIPE,MERCH_0092,USD,36.75,0.54,36.21,1,2026-01-08,SETTLED
SETTLE_008039,STRIPE,MERCH_0099,INR,15000.00,0.00,15000.00,1,2026-03-27,SETTLED
SETTLE_008040,STRIPE,MERCH_0030,USD,59.00,2.01,56.99,1,2026-02-17,SETTLED
SETTLE_008041,STRIPE,MERCH_0077,USD,235.49,7.13,228.36,1,2026-02-03,SETTLED
SETTLE_008042,ADYEN,MERCH_0075,GBP,1647.49,24.81,1622.68,1,2026-03-06,SETTLED
SETTLE_008043,CHECKOUT_COM,MERCH_0049,GBP,1281.95,23.23,1258.72,1,2026-03-12,SETTLED
SETTLE_008044,CHECKOUT_COM,MERCH_0039,EUR,343.25,6.02,337.23,1,2026-01-24,SETTLED
SETTLE_008045,ADYEN,MERCH_0063,EUR,67.80,1.06,66.74,1,2026-01-20,SETTLED
SETTLE_008046,STRIPE,MERCH_0047,USD,543.99,8.41,535.58,1,2026-01-11,SETTLED
SETTLE_008047,CHECKOUT_COM,MERCH_0004,USD,49.49,1.34,48.15,1,2026-02-07,SETTLED
SETTLE_008048,PAYPAL,MERCH_0019,USD,2992.25,104.92,2887.33,1,2026-03-12,SETTLED
SETTLE_008049,PAYPAL,MERCH_0039,GBP,39.49,1.45,38.04,1,2026-03-07,SETTLED
SETTLE_008050,CHECKOUT_COM,MERCH_0065,USD,589.80,13.77,576.03,1,2026-02-15,SETTLED
SETTLE_008051,STRIPE,MERCH_0045,INR,9999.00,202.98,9796.02,1,2026-01-27,SETTLED
SETTLE_008052,STRIPE,MERCH_0001,USD,79.80,2.61,77.19,1,2026-03-28,SETTLED
SETTLE_008053,ADYEN,MERCH_0027,USD,329.25,7.03,322.22,1,2026-02-17,SETTLED
SETTLE_008054,CHECKOUT_COM,MERCH_0076,USD,3347.00,77.18,3269.82,1,2026-02-08,SETTLED
SETTLE_008055,STRIPE,MERCH_0005,USD,379.75,5.95,373.80,1,2026-02-25,SETTLED
SETTLE_008056,ADYEN,MERCH_0004,EUR,24.25,0.45,23.80,2,2026-02-02,SETTLED
SETTLE_008057,CHECKOUT_COM,MERCH_0019,GBP,33.00,0.74,32.26,1,2026-01-12,SETTLED
SETTLE_008058,CHECKOUT_COM,MERCH_0066,GBP,63.25,1.29,61.96,1,2026-01-07,SETTLED
SETTLE_008059,STRIPE,MERCH_0025,EUR,68.50,1.55,66.95,1,2026-02-26,SETTLED
SETTLE_008060,ADYEN,MERCH_0061,USD,600.80,7.31,593.49,1,2026-03-15,SETTLED
SETTLE_008061,STRIPE,MERCH_0069,EUR,1215.99,23.35,1192.64,1,2026-03-02,SETTLED
SETTLE_008062,CHECKOUT_COM,MERCH_0078,GBP,648.25,11.82,636.43,1,2026-01-21,SETTLED
SETTLE_008063,STRIPE,MERCH_0095,EUR,323.99,1.82,322.17,1,2026-02-15,SETTLED
SETTLE_008064,ADYEN,MERCH_0097,EUR,603.49,2.26,601.23,1,2026-02-04,SETTLED
SETTLE_008065,STRIPE,MERCH_0020,EUR,341.49,6.74,334.75,1,2026-01-06,SETTLED
SETTLE_008066,STRIPE,MERCH_0009,USD,2653.00,77.24,2575.76,1,2026-01-08,SETTLED
SETTLE_008067,STRIPE,MERCH_0064,CAD,20.80,4.65,16.15,1,2026-01-26,SETTLED
SETTLE_008068,STRIPE,MERCH_0098,USD,61.75,2.09,59.66,1,2026-01-19,SETTLED
SETTLE_008069,CHECKOUT_COM,MERCH_0064,EUR,333.80,5.85,327.95,1,2026-03-12,SETTLED
SETTLE_008070,STRIPE,MERCH_0053,EUR,75.75,1.69,74.06,1,2026-02-06,SETTLED
SETTLE_008071,ADYEN,MERCH_0091,EUR,615.75,2.31,613.44,1,2026-03-13,SETTLED
SETTLE_008072,PAYPAL,MERCH_0040,INR,9999.00,121.99,9877.01,1,2026-02-09,SETTLED
SETTLE_008073,PAYPAL,MERCH_0007,INR,3999.00,49.99,3949.01,1,2026-02-18,SETTLED
SETTLE_008074,CHECKOUT_COM,MERCH_0070,CAD,3023.95,72.79,2951.16,1,2026-01-12,SETTLED
SETTLE_008075,CHECKOUT_COM,MERCH_0027,CAD,39.25,1.16,38.09,1,2026-03-06,SETTLED
SETTLE_008076,STRIPE,MERCH_0095,CAD,1953.49,56.95,1896.54,1,2026-02-18,SETTLED
SETTLE_008077,STRIPE,MERCH_0064,CAD,313.49,9.39,304.10,1,2026-03-15,SETTLED
SETTLE_008078,PAYPAL,MERCH_0033,GBP,21.25,0.92,20.33,1,2026-02-08,SETTLED
SETTLE_008079,STRIPE,MERCH_0058,USD,78.99,2.59,76.40,1,2026-01-20,SETTLED
SETTLE_008080,STRIPE,MERCH_0083,EUR,25.80,0.74,25.06,1,2026-02-26,SETTLED
SETTLE_008081,STRIPE,MERCH_0017,USD,3134.75,25.33,3109.42,1,2026-01-27,SETTLED
SETTLE_008082,ADYEN,MERCH_0092,USD,553.00,11.73,541.27,1,2026-03-18,SETTLED
SETTLE_008083,STRIPE,MERCH_0072,EUR,40.49,1.02,39.47,1,2026-01-21,SETTLED
SETTLE_008084,STRIPE,MERCH_0020,EUR,63.25,1.45,61.80,1,2026-03-06,SETTLED
SETTLE_008085,ADYEN,MERCH_0097,GBP,66.95,1.10,65.85,1,2026-01-23,SETTLED
SETTLE_008086,STRIPE,MERCH_0087,INR,799.00,18.98,780.02,1,2026-01-20,SETTLED
SETTLE_008087,ADYEN,MERCH_0020,USD,68.49,0.92,67.57,1,2026-01-20,SETTLED
SETTLE_008088,STRIPE,MERCH_0027,INR,2511.50,53.23,2458.27,1,2026-01-29,SETTLED
SETTLE_008089,CHECKOUT_COM,MERCH_0063,CAD,2693.49,66.36,2627.13,1,2026-03-29,SETTLED
SETTLE_008090,PAYPAL,MERCH_0051,EUR,39.50,1.65,37.85,1,2026-01-20,SETTLED
SETTLE_008091,STRIPE,MERCH_0100,INR,1514.00,33.28,1480.72,1,2026-03-15,SETTLED
SETTLE_008092,STRIPE,MERCH_0032,INR,240.49,7.27,233.22,1,2026-02-21,SETTLED
SETTLE_008093,PAYPAL,MERCH_0066,INR,299.00,5.59,293.41,1,2026-03-31,SETTLED
SETTLE_008094,STRIPE,MERCH_0065,USD,161.75,2.68,159.07,1,2026-02-08,SETTLED
SETTLE_008095,PAYPAL,MERCH_0034,USD,45.49,2.08,43.41,1,2026-02-22,SETTLED
SETTLE_008096,STRIPE,MERCH_0024,USD,106.95,3.40,103.55,1,2026-03-13,SETTLED
SETTLE_008097,CHECKOUT_COM,MERCH_0055,GBP,610.50,11.14,599.36,1,2026-01-04,SETTLED
SETTLE_008098,ADYEN,MERCH_0049,USD,64.95,0.88,64.07,1,2026-02-04,SETTLED
SETTLE_008099,STRIPE,MERCH_0042,USD,271.99,2.43,269.56,1,2026-02-12,SETTLED
SETTLE_008100,STRIPE,MERCH_0055,USD,20.25,5.55,14.70,1,2026-02-04,SETTLED
SETTLE_008101,ADYEN,MERCH_0016,USD,216.75,2.70,214.05,1,2026-01-24,SETTLED
SETTLE_008102,ADYEN,MERCH_0033,EUR,3117.95,11.06,3106.89,2,2026-02-12,SETTLED
SETTLE_008103,PAYPAL,MERCH_0030,USD,415.00,14.97,400.03,1,2026-03-13,SETTLED
SETTLE_008104,STRIPE,MERCH_0015,INR,499.00,0.00,499.00,1,2026-02-03,SETTLED
SETTLE_008105,ADYEN,MERCH_0014,EUR,78.80,0.43,78.37,1,2026-03-06,SETTLED
SETTLE_008106,PAYPAL,MERCH_0100,GBP,100.49,3.21,97.28,1,2026-01-18,SETTLED
SETTLE_008107,STRIPE,MERCH_0090,CAD,289.99,8.71,281.28,1,2026-01-19,SETTLED
SETTLE_008108,CHECKOUT_COM,MERCH_0012,CAD,58.00,1.61,56.39,1,2026-03-11,SETTLED
SETTLE_008109,PAYPAL,MERCH_0047,INR,2499.00,31.99,2467.01,1,2026-01-07,SETTLED
SETTLE_008110,STRIPE,MERCH_0033,INR,799.00,0.00,799.00,1,2026-02-07,SETTLED
SETTLE_008111,ADYEN,MERCH_0092,EUR,52.75,0.33,52.42,1,2026-03-30,SETTLED
SETTLE_008112,CHECKOUT_COM,MERCH_0051,CAD,3181.50,76.58,3104.92,1,2026-01-17,SETTLED
SETTLE_008113,PAYPAL,MERCH_0041,INR,2499.00,31.99,2467.01,1,2026-03-01,SETTLED
SETTLE_008114,ADYEN,MERCH_0051,EUR,386.49,5.52,380.97,1,2026-03-19,SETTLED
SETTLE_008115,CHECKOUT_COM,MERCH_0079,USD,548.80,12.82,535.98,1,2026-02-15,SETTLED
SETTLE_008116,STRIPE,MERCH_0029,USD,76.25,1.39,74.86,1,2026-03-06,SETTLED
SETTLE_008117,PAYPAL,MERCH_0081,GBP,364.25,10.86,353.39,1,2026-02-02,SETTLED
SETTLE_008118,ADYEN,MERCH_0063,USD,293.00,3.62,289.38,1,2026-02-12,SETTLED
SETTLE_008119,STRIPE,MERCH_0033,USD,336.00,10.04,325.96,1,2026-03-17,SETTLED
SETTLE_008120,STRIPE,MERCH_0085,GBP,16.75,0.52,16.23,1,2026-03-13,SETTLED
SETTLE_008121,ADYEN,MERCH_0072,EUR,45.99,0.31,45.68,1,2026-01-08,SETTLED
SETTLE_008122,STRIPE,MERCH_0068,CAD,220.00,6.68,213.32,1,2026-03-11,SETTLED
SETTLE_008123,ADYEN,MERCH_0063,GBP,283.95,4.36,279.59,1,2026-01-23,SETTLED
SETTLE_008124,STRIPE,MERCH_0080,EUR,55.80,1.31,54.49,1,2026-03-15,SETTLED
SETTLE_008126,STRIPE,MERCH_0075,GBP,21.25,0.60,20.65,1,2026-03-30,SETTLED
SETTLE_008127,ADYEN,MERCH_0045,EUR,15.25,0.20,15.05,1,2026-02-17,SETTLED
SETTLE_008128,CHECKOUT_COM,MERCH_0076,USD,50.80,1.37,49.43,1,2026-02-08,SETTLED
SETTLE_008129,ADYEN,MERCH_0077,EUR,3173.50,11.26,3162.24,2,2026-01-08,SETTLED
SETTLE_008130,CHECKOUT_COM,MERCH_0067,GBP,270.99,5.03,265.96,1,2026-01-17,SETTLED
SETTLE_008131,STRIPE,MERCH_0024,GBP,786.25,15.14,771.11,1,2026-01-11,SETTLED
SETTLE_008132,STRIPE,MERCH_0088,USD,64.49,1.22,63.27,1,2026-02-20,SETTLED
SETTLE_008133,ADYEN,MERCH_0004,USD,449.25,9.55,439.70,1,2026-03-06,SETTLED
SETTLE_008134,PAYPAL,MERCH_0022,EUR,38.75,1.63,37.12,1,2026-03-01,SETTLED
SETTLE_008135,PAYPAL,MERCH_0030,INR,15000.00,182.00,14818.00,1,2026-02-15,SETTLED
SETTLE_008136,ADYEN,MERCH_0094,EUR,547.75,2.07,545.68,2,2026-02-24,SETTLED
SETTLE_008138,STRIPE,MERCH_0026,USD,61.49,0.74,60.75,1,2026-02-04,SETTLED
SETTLE_008139,STRIPE,MERCH_0062,GBP,405.99,7.91,398.08,1,2026-03-01,SETTLED
SETTLE_008140,PAYPAL,MERCH_0056,GBP,322.50,9.65,312.85,1,2026-02-06,SETTLED
SETTLE_008141,STRIPE,MERCH_0099,GBP,59.99,1.34,58.65,1,2026-01-20,SETTLED
SETTLE_008142,ADYEN,MERCH_0094,USD,1338.49,16.16,1322.33,1,2026-03-17,SETTLED
SETTLE_008143,ADYEN,MERCH_0080,USD,22.25,0.37,21.88,1,2026-03-20,SETTLED
SETTLE_008144,STRIPE,MERCH_0012,INR,4999.00,0.00,4999.00,1,2026-03-21,SETTLED
SETTLE_008145,PAYPAL,MERCH_0054,INR,799.00,11.59,787.41,1,2026-01-29,SETTLED
SETTLE_008146,ADYEN,MERCH_0017,GBP,329.80,5.05,324.75,1,2026-02-28,SETTLED
SETTLE_008147,PAYPAL,MERCH_0028,INR,811.50,11.74,799.76,1,2026-03-30,SETTLED
SETTLE_008148,CHECKOUT_COM,MERCH_0004,CAD,547.99,13.37,534.62,1,2026-01-06,SETTLED
SETTLE_008149,PAYPAL,MERCH_0004,GBP,601.80,17.75,584.05,1,2026-02-18,SETTLED
SETTLE_008150,CHECKOUT_COM,MERCH_0079,CAD,573.49,13.98,559.51,1,2026-03-09,SETTLED
SETTLE_008151,STRIPE,MERCH_0059,EUR,684.50,13.26,671.24,1,2026-02-11,SETTLED
SETTLE_008152,STRIPE,MERCH_0021,EUR,383.49,7.54,375.95,1,2026-01-28,SETTLED
SETTLE_008153,ADYEN,MERCH_0013,USD,71.00,1.61,69.39,1,2026-03-12,SETTLED
SETTLE_008154,ADYEN,MERCH_0086,USD,19.95,0.34,19.61,1,2026-04-02,SETTLED
SETTLE_008155,CHECKOUT_COM,MERCH_0054,USD,58.49,1.55,56.94,1,2026-03-10,SETTLED
SETTLE_008157,STRIPE,MERCH_0019,INR,1999.00,42.98,1956.02,1,2026-01-11,SETTLED
SETTLE_008158,STRIPE,MERCH_0064,INR,999.00,20.98,978.02,1,2026-03-08,SETTLED
SETTLE_008159,PAYPAL,MERCH_0099,USD,481.95,17.31,464.64,1,2026-02-05,SETTLED
SETTLE_008160,PAYPAL,MERCH_0002,INR,4014.00,50.17,3963.83,1,2026-02-25,SETTLED
SETTLE_008161,STRIPE,MERCH_0066,INR,3999.00,0.00,3999.00,1,2026-03-15,SETTLED
SETTLE_008162,PAYPAL,MERCH_0047,EUR,2104.00,67.72,2036.28,1,2026-01-21,SETTLED
SETTLE_008163,ADYEN,MERCH_0038,USD,128.00,1.64,126.36,1,2026-03-20,SETTLED
SETTLE_008164,ADYEN,MERCH_0048,EUR,512.00,7.28,504.72,1,2026-03-05,SETTLED
SETTLE_008165,PAYPAL,MERCH_0047,GBP,619.75,18.27,601.48,1,2026-01-29,SETTLED
SETTLE_008166,ADYEN,MERCH_0022,USD,874.49,10.59,863.90,1,2026-02-22,SETTLED
SETTLE_008167,ADYEN,MERCH_0097,EUR,329.99,1.30,328.69,1,2026-01-22,SETTLED
SETTLE_008168,ADYEN,MERCH_0048,USD,23.99,0.39,23.60,1,2026-01-16,SETTLED
SETTLE_008169,ADYEN,MERCH_0011,EUR,545.00,2.06,542.94,1,2026-03-08,SETTLED
SETTLE_008170,CHECKOUT_COM,MERCH_0063,GBP,30.99,0.71,30.28,1,2026-02-24,SETTLED
SETTLE_008171,STRIPE,MERCH_0098,USD,51.75,0.66,51.09,1,2026-01-13,SETTLED
SETTLE_008172,STRIPE,MERCH_0047,EUR,401.50,2.21,399.29,1,2026-03-11,SETTLED
SETTLE_008173,PAYPAL,MERCH_0058,GBP,433.99,12.89,421.10,1,2026-03-02,SETTLED
SETTLE_008174,ADYEN,MERCH_0090,GBP,167.25,2.61,164.64,1,2026-03-15,SETTLED
SETTLE_008175,PAYPAL,MERCH_0036,EUR,1246.99,40.29,1206.70,1,2026-03-26,SETTLED
SETTLE_008176,STRIPE,MERCH_0048,CAD,348.49,10.41,338.08,1,2026-03-09,SETTLED
SETTLE_008177,ADYEN,MERCH_0063,GBP,29.50,0.54,28.96,1,2026-02-02,SETTLED
SETTLE_008179,STRIPE,MERCH_0032,USD,49.49,0.99,48.50,1,2026-01-10,SETTLED
SETTLE_008180,PAYPAL,MERCH_0038,INR,4999.00,61.99,4937.01,1,2026-01-11,SETTLED
SETTLE_008181,PAYPAL,MERCH_0001,INR,3999.00,49.99,3949.01,1,2026-03-13,SETTLED
SETTLE_008182,STRIPE,MERCH_0029,USD,473.75,14.04,459.71,1,2026-01-21,SETTLED
SETTLE_008183,CHECKOUT_COM,MERCH_0002,EUR,464.50,8.08,456.42,1,2026-01-27,SETTLED
SETTLE_008184,STRIPE,MERCH_0096,INR,1999.00,42.98,1956.02,1,2026-01-25,SETTLED
SETTLE_008185,CHECKOUT_COM,MERCH_0079,EUR,41.50,0.89,40.61,1,2026-01-21,SETTLED
SETTLE_008186,CHECKOUT_COM,MERCH_0045,GBP,599.50,14.94,584.56,1,2026-02-13,SETTLED
SETTLE_008187,STRIPE,MERCH_0028,INR,1999.00,0.00,1999.00,1,2026-03-28,SETTLED
SETTLE_008188,STRIPE,MERCH_0054,EUR,2010.25,10.25,2000.00,1,2026-03-02,SETTLED
SETTLE_008189,ADYEN,MERCH_0006,GBP,153.75,2.41,151.34,1,2026-01-11,SETTLED
SETTLE_008190,STRIPE,MERCH_0002,GBP,23.75,0.65,23.10,1,2026-03-27,SETTLED
SETTLE_008191,PAYPAL,MERCH_0061,EUR,376.99,12.45,364.54,1,2026-03-22,SETTLED
SETTLE_008192,CHECKOUT_COM,MERCH_0032,USD,2375.50,54.84,2320.66,1,2026-03-21,SETTLED
SETTLE_008193,STRIPE,MERCH_0074,EUR,191.25,5.85,185.40,1,2026-03-05,SETTLED
SETTLE_008194,CHECKOUT_COM,MERCH_0026,CAD,55.49,1.55,53.94,1,2026-02-09,SETTLED
SETTLE_008195,STRIPE,MERCH_0087,EUR,20.99,0.30,20.69,1,2026-03-20,SETTLED
SETTLE_008196,STRIPE,MERCH_0087,EUR,337.95,6.67,331.28,1,2026-03-10,SETTLED
SETTLE_008197,STRIPE,MERCH_0044,INR,999.00,22.98,976.02,1,2026-01-20,SETTLED
SETTLE_008198,STRIPE,MERCH_0026,USD,289.80,8.70,281.10,1,2026-01-21,SETTLED
SETTLE_008199,ADYEN,MERCH_0035,EUR,39.95,0.29,39.66,1,2026-01-29,SETTLED
SETTLE_008200,ADYEN,MERCH_0017,USD,298.50,6.39,292.11,1,2026-01-17,SETTLED
SETTLE_008201,PAYPAL,MERCH_0008,GBP,853.49,25.05,828.44,1,2026-01-03,SETTLED
SETTLE_008202,PAYPAL,MERCH_0018,INR,10024.00,122.29,9901.71,1,2026-02-05,SETTLED
SETTLE_008203,ADYEN,MERCH_0051,EUR,19.00,5.38,13.62,1,2026-03-12,SETTLED
SETTLE_008204,STRIPE,MERCH_0011,USD,2180.25,17.69,2162.56,2,2026-01-21,SETTLED
SETTLE_008206,STRIPE,MERCH_0063,USD,278.99,2.48,276.51,1,2026-03-15,SETTLED
SETTLE_008207,ADYEN,MERCH_0084,USD,373.00,7.95,365.05,1,2026-01-07,SETTLED
SETTLE_008208,PAYPAL,MERCH_0061,EUR,472.75,15.52,457.23,1,2026-01-28,SETTLED
SETTLE_008209,STRIPE,MERCH_0061,INR,9999.00,0.00,9999.00,1,2026-03-06,SETTLED
SETTLE_008210,PAYPAL,MERCH_0059,EUR,18.49,0.98,17.51,1,2026-02-26,SETTLED
SETTLE_008211,PAYPAL,MERCH_0096,GBP,59.80,2.03,57.77,1,2026-01-23,SETTLED
SETTLE_008212,STRIPE,MERCH_0090,INR,2499.00,52.98,2446.02,1,2026-03-22,SETTLED
SETTLE_008213,STRIPE,MERCH_0007,INR,969.00,0.00,969.00,1,2026-02-03,SETTLED
SETTLE_008214,STRIPE,MERCH_0020,EUR,41.49,0.87,40.62,1,2026-02-05,SETTLED
SETTLE_008215,ADYEN,MERCH_0098,EUR,202.25,0.86,201.39,1,2026-03-22,SETTLED
SETTLE_008216,CHECKOUT_COM,MERCH_0047,EUR,2680.49,45.75,2634.74,1,2026-02-27,SETTLED
SETTLE_008217,PAYPAL,MERCH_0011,GBP,369.25,11.01,358.24,1,2026-02-05,SETTLED
SETTLE_008218,ADYEN,MERCH_0052,EUR,63.25,1.00,62.25,1,2026-03-07,SETTLED
SETTLE_008219,STRIPE,MERCH_0081,CAD,2893.80,84.22,2809.58,1,2026-03-07,SETTLED
SETTLE_008220,ADYEN,MERCH_0033,EUR,69.80,1.09,68.71,1,2026-03-18,SETTLED
SETTLE_008221,ADYEN,MERCH_0062,EUR,151.75,0.68,151.07,1,2026-03-03,SETTLED
SETTLE_008222,PAYPAL,MERCH_0003,GBP,248.99,15.02,233.97,1,2026-03-07,SETTLED
SETTLE_008223,STRIPE,MERCH_0059,EUR,73.49,0.57,72.92,1,2026-03-30,SETTLED
SETTLE_008224,ADYEN,MERCH_0040,USD,2762.25,33.25,2729.00,1,2026-03-22,SETTLED
SETTLE_008225,PAYPAL,MERCH_0051,USD,58.75,2.54,56.21,1,2026-02-13,SETTLED
SETTLE_008226,STRIPE,MERCH_0071,CAD,63.75,2.15,61.60,1,2026-02-14,SETTLED
SETTLE_008227,STRIPE,MERCH_0017,GBP,183.50,3.69,179.81,1,2026-02-15,SETTLED
SETTLE_008228,ADYEN,MERCH_0001,USD,48.49,0.68,47.81,1,2026-03-05,SETTLED
SETTLE_008229,STRIPE,MERCH_0039,CAD,131.25,4.11,127.14,1,2026-02-06,SETTLED
SETTLE_008230,PAYPAL,MERCH_0005,GBP,68.50,2.29,66.21,1,2026-03-08,SETTLED
SETTLE_008231,CHECKOUT_COM,MERCH_0074,CAD,3485.95,83.88,3402.07,1,2026-01-25,SETTLED
SETTLE_008232,ADYEN,MERCH_0001,EUR,1570.95,22.10,1548.85,1,2026-03-02,SETTLED
SETTLE_008233,CHECKOUT_COM,MERCH_0066,CAD,60.49,1.67,58.82,1,2026-03-12,SETTLED
SETTLE_008234,PAYPAL,MERCH_0051,EUR,61.95,2.37,59.58,1,2026-02-16,SETTLED
SETTLE_008235,CHECKOUT_COM,MERCH_0099,USD,580.00,13.54,566.46,1,2026-01-13,SETTLED
SETTLE_008236,CHECKOUT_COM,MERCH_0043,EUR,347.25,6.08,341.17,1,2026-01-31,SETTLED
SETTLE_008237,CHECKOUT_COM,MERCH_0026,USD,375.00,8.82,366.18,1,2026-01-26,SETTLED
SETTLE_008238,ADYEN,MERCH_0052,USD,63.95,1.46,62.49,1,2026-01-29,SETTLED
SETTLE_008239,STRIPE,MERCH_0040,EUR,45.50,0.43,45.07,1,2026-03-11,SETTLED
SETTLE_008240,ADYEN,MERCH_0088,USD,148.50,3.24,145.26,1,2026-03-14,SETTLED
SETTLE_008241,STRIPE,MERCH_0018,EUR,61.50,1.42,60.08,1,2026-02-27,SETTLED
SETTLE_008242,STRIPE,MERCH_0031,GBP,64.50,6.43,58.07,1,2026-01-06,SETTLED
SETTLE_008243,ADYEN,MERCH_0069,USD,351.75,7.51,344.24,1,2026-01-05,SETTLED
SETTLE_008244,STRIPE,MERCH_0047,INR,799.00,18.98,780.02,1,2026-01-15,SETTLED
SETTLE_008245,STRIPE,MERCH_0044,INR,999.00,0.00,999.00,1,2026-02-20,SETTLED
SETTLE_008246,STRIPE,MERCH_0006,USD,189.95,1.77,188.18,1,2026-03-01,SETTLED
SETTLE_008248,PAYPAL,MERCH_0068,USD,368.49,13.35,355.14,1,2026-01-07,SETTLED
SETTLE_008249,STRIPE,MERCH_0083,INR,499.00,12.98,486.02,1,2026-01-22,SETTLED
SETTLE_008250,STRIPE,MERCH_0030,CAD,79.95,2.62,77.33,1,2026-01-31,SETTLED
SETTLE_008251,STRIPE,MERCH_0069,INR,799.00,0.00,799.00,1,2026-03-15,SETTLED
SETTLE_008252,STRIPE,MERCH_0089,EUR,596.00,3.18,592.82,1,2026-03-05,SETTLED
SETTLE_008253,ADYEN,MERCH_0084,EUR,219.25,3.18,216.07,1,2026-01-20,SETTLED
SETTLE_008254,STRIPE,MERCH_0011,USD,71.80,1.33,70.47,1,2026-03-26,SETTLED
SETTLE_008255,STRIPE,MERCH_0067,USD,263.80,2.36,261.44,1,2026-01-31,SETTLED
SETTLE_008256,ADYEN,MERCH_0026,GBP,405.49,6.18,399.31,1,2026-03-20,SETTLED
SETTLE_008257,STRIPE,MERCH_0022,USD,1068.25,16.27,1051.98,1,2026-01-17,SETTLED
SETTLE_008258,ADYEN,MERCH_0048,EUR,81.95,1.26,80.69,1,2026-01-04,SETTLED
SETTLE_008259,CHECKOUT_COM,MERCH_0092,CAD,17.95,0.65,17.30,1,2026-02-18,SETTLED
SETTLE_008260,STRIPE,MERCH_0025,GBP,17.95,0.54,17.41,1,2026-01-20,SETTLED
SETTLE_008261,STRIPE,MERCH_0071,GBP,496.50,9.68,486.82,1,2026-03-05,SETTLED
SETTLE_008262,STRIPE,MERCH_0048,INR,3999.00,0.00,3999.00,1,2026-01-14,SETTLED
SETTLE_008263,STRIPE,MERCH_0092,USD,2680.75,78.04,2602.71,1,2026-01-24,SETTLED
SETTLE_008264,STRIPE,MERCH_0089,INR,499.00,0.00,499.00,1,2026-03-14,SETTLED
SETTLE_008265,STRIPE,MERCH_0087,USD,682.00,10.48,671.52,1,2026-02-13,SETTLED
SETTLE_008266,ADYEN,MERCH_0025,EUR,32.25,0.26,31.99,1,2026-03-09,SETTLED
SETTLE_008267,STRIPE,MERCH_0071,CAD,838.80,24.63,814.17,1,2026-03-25,SETTLED
SETTLE_008268,CHECKOUT_COM,MERCH_0046,EUR,1821.80,38.65,1783.15,1,2026-02-19,SETTLED
SETTLE_008269,PAYPAL,MERCH_0045,USD,30.49,9.55,20.94,1,2026-01-15,SETTLED
SETTLE_008270,STRIPE,MERCH_0004,EUR,977.00,5.08,971.92,1,2026-01-22,SETTLED
SETTLE_008271,CHECKOUT_COM,MERCH_0007,CAD,76.25,2.05,74.20,1,2026-03-27,SETTLED
SETTLE_008272,CHECKOUT_COM,MERCH_0084,CAD,76.95,2.07,74.88,1,2026-02-28,SETTLED
SETTLE_008273,ADYEN,MERCH_0038,GBP,418.75,6.38,412.37,1,2026-03-13,SETTLED
SETTLE_008274,STRIPE,MERCH_0076,INR,2499.00,0.00,2499.00,1,2026-02-09,SETTLED
SETTLE_008275,ADYEN,MERCH_0025,EUR,382.49,1.49,381.00,1,2026-02-15,SETTLED
SETTLE_008276,ADYEN,MERCH_0012,USD,258.49,5.55,252.94,1,2026-01-25,SETTLED
SETTLE_008277,CHECKOUT_COM,MERCH_0052,EUR,40.50,0.87,39.63,1,2026-03-23,SETTLED
SETTLE_008278,STRIPE,MERCH_0081,INR,299.00,8.98,290.02,1,2026-01-18,SETTLED
SETTLE_008279,CHECKOUT_COM,MERCH_0071,EUR,141.00,2.58,138.42,1,2026-01-23,SETTLED
SETTLE_008280,CHECKOUT_COM,MERCH_0081,USD,65.75,1.71,64.04,1,2026-03-28,SETTLED
SETTLE_008281,STRIPE,MERCH_0065,USD,3417.95,27.59,3390.36,1,2026-02-21,SETTLED
SETTLE_008282,CHECKOUT_COM,MERCH_0018,CAD,86.50,2.30,84.20,1,2026-02-06,SETTLED
SETTLE_008283,STRIPE,MERCH_0095,CAD,162.80,5.02,157.78,1,2026-03-27,SETTLED
SETTLE_008284,CHECKOUT_COM,MERCH_0004,GBP,163.95,3.10,160.85,1,2026-02-16,SETTLED
SETTLE_008286,STRIPE,MERCH_0097,EUR,77.00,0.58,76.42,1,2026-01-31,SETTLED
SETTLE_008287,STRIPE,MERCH_0022,EUR,50.95,1.22,49.73,1,2026-02-02,SETTLED
SETTLE_008288,STRIPE,MERCH_0057,EUR,302.50,10.00,292.50,1,2026-01-05,SETTLED
SETTLE_008289,CHECKOUT_COM,MERCH_0052,CAD,459.99,11.26,448.73,1,2026-02-24,SETTLED
SETTLE_008290,PAYPAL,MERCH_0007,GBP,18.49,0.84,17.65,1,2026-01-23,SETTLED
SETTLE_008291,PAYPAL,MERCH_0096,USD,35.80,1.74,34.06,1,2026-01-18,SETTLED
SETTLE_008292,STRIPE,MERCH_0022,GBP,56.75,1.28,55.47,1,2026-01-30,SETTLED
SETTLE_008293,STRIPE,MERCH_0050,EUR,49.49,0.45,49.04,1,2026-03-16,SETTLED
SETTLE_008294,STRIPE,MERCH_0100,EUR,38.50,0.39,38.11,1,2026-03-13,SETTLED
SETTLE_008295,PAYPAL,MERCH_0079,USD,352.80,12.80,340.00,1,2026-01-20,SETTLED
SETTLE_008296,PAYPAL,MERCH_0094,INR,3999.00,49.99,3949.01,1,2026-01-17,SETTLED
SETTLE_008297,CHECKOUT_COM,MERCH_0044,CAD,44.80,1.30,43.50,1,2026-02-20,SETTLED
SETTLE_008298,STRIPE,MERCH_0060,USD,52.75,1.04,51.71,1,2026-02-16,SETTLED
SETTLE_008299,ADYEN,MERCH_0056,USD,2247.75,47.32,2200.43,1,2026-02-26,SETTLED
SETTLE_008300,ADYEN,MERCH_0080,EUR,454.49,1.74,452.75,1,2026-02-06,SETTLED
SETTLE_008301,STRIPE,MERCH_0055,EUR,43.80,1.08,42.72,1,2026-03-09,SETTLED
SETTLE_008302,ADYEN,MERCH_0001,GBP,242.99,3.74,239.25,1,2026-03-05,SETTLED
SETTLE_008303,ADYEN,MERCH_0060,EUR,592.95,10.91,582.04,1,2026-01-24,SETTLED
SETTLE_008304,ADYEN,MERCH_0030,EUR,2426.49,34.08,2392.41,1,2026-02-24,SETTLED
SETTLE_008305,ADYEN,MERCH_0037,USD,573.99,12.17,561.82,1,2026-01-21,SETTLED
SETTLE_008306,STRIPE,MERCH_0061,CAD,75.95,2.50,73.45,1,2026-03-09,SETTLED
SETTLE_008307,PAYPAL,MERCH_0047,USD,75.99,3.14,72.85,1,2026-01-04,SETTLED
SETTLE_008308,STRIPE,MERCH_0008,INR,3999.00,82.98,3916.02,1,2026-02-11,SETTLED
SETTLE_008309,ADYEN,MERCH_0072,USD,392.80,4.81,387.99,1,2026-01-15,SETTLED
SETTLE_008310,CHECKOUT_COM,MERCH_0014,EUR,598.00,10.35,587.65,1,2026-02-24,SETTLED
SETTLE_008312,PAYPAL,MERCH_0018,EUR,65.00,2.47,62.53,1,2026-02-03,SETTLED
SETTLE_008313,STRIPE,MERCH_0001,CAD,354.95,10.59,344.36,1,2026-03-28,SETTLED
SETTLE_008314,ADYEN,MERCH_0054,GBP,39.50,0.69,38.81,1,2026-03-27,SETTLED
SETTLE_008315,STRIPE,MERCH_0015,GBP,45.80,1.07,44.73,1,2026-02-18,SETTLED
SETTLE_008316,CHECKOUT_COM,MERCH_0081,GBP,44.75,0.96,43.79,1,2026-03-14,SETTLED
SETTLE_008317,ADYEN,MERCH_0060,GBP,571.75,8.68,563.07,1,2026-01-07,SETTLED
SETTLE_008318,STRIPE,MERCH_0048,USD,2881.95,43.48,2838.47,1,2026-02-27,SETTLED
SETTLE_008319,PAYPAL,MERCH_0073,EUR,395.25,13.04,382.21,1,2026-01-21,SETTLED
SETTLE_008320,PAYPAL,MERCH_0057,GBP,70.00,2.33,67.67,1,2026-02-19,SETTLED
SETTLE_008321,STRIPE,MERCH_0019,USD,52.49,1.82,50.67,1,2026-03-23,SETTLED
SETTLE_008322,ADYEN,MERCH_0037,USD,15.95,5.45,10.50,1,2026-02-26,SETTLED
SETTLE_008323,STRIPE,MERCH_0048,USD,48.00,0.97,47.03,1,2026-03-28,SETTLED
SETTLE_008324,ADYEN,MERCH_0078,EUR,47.95,0.32,47.63,1,2026-01-17,SETTLED
SETTLE_008325,STRIPE,MERCH_0061,USD,47.75,1.68,46.07,1,2026-01-30,SETTLED
SETTLE_008326,CHECKOUT_COM,MERCH_0038,INR,2964.99,71.38,2893.61,1,2026-02-13,SETTLED
SETTLE_008327,STRIPE,MERCH_0024,USD,244.49,2.21,242.28,1,2026-01-23,SETTLED
SETTLE_008328,ADYEN,MERCH_0001,GBP,504.75,7.67,497.08,1,2026-01-13,SETTLED
SETTLE_008329,ADYEN,MERCH_0030,EUR,418.25,5.97,412.28,1,2026-02-27,SETTLED
SETTLE_008330,ADYEN,MERCH_0091,EUR,181.50,3.29,178.21,1,2026-01-26,SETTLED
SETTLE_008331,STRIPE,MERCH_0020,USD,510.95,15.12,495.83,1,2026-01-25,SETTLED
SETTLE_008332,PAYPAL,MERCH_0043,GBP,189.75,5.80,183.95,1,2026-02-18,SETTLED
SETTLE_008334,PAYPAL,MERCH_0013,INR,9999.00,121.99,9877.01,1,2026-01-29,SETTLED
SETTLE_008335,PAYPAL,MERCH_0080,USD,35.95,1.74,34.21,1,2026-01-20,SETTLED
SETTLE_008336,CHECKOUT_COM,MERCH_0093,EUR,29.49,0.68,28.81,1,2026-03-13,SETTLED
SETTLE_008337,STRIPE,MERCH_0090,USD,587.99,17.35,570.64,1,2026-03-17,SETTLED
SETTLE_008339,STRIPE,MERCH_0003,USD,38.95,1.43,37.52,1,2026-01-05,SETTLED
SETTLE_008340,CHECKOUT_COM,MERCH_0050,EUR,641.50,11.09,630.41,2,2026-02-10,SETTLED
SETTLE_008341,PAYPAL,MERCH_0074,EUR,55.25,2.16,53.09,1,2026-03-13,SETTLED
SETTLE_008342,ADYEN,MERCH_0084,EUR,577.95,2.17,575.78,1,2026-02-14,SETTLED
SETTLE_008343,ADYEN,MERCH_0001,GBP,2299.50,34.59,2264.91,1,2026-01-31,SETTLED
SETTLE_008344,ADYEN,MERCH_0054,EUR,486.80,6.93,479.87,1,2026-01-23,SETTLED
SETTLE_008345,STRIPE,MERCH_0033,INR,2499.00,52.98,2446.02,1,2026-02-07,SETTLED
SETTLE_008346,STRIPE,MERCH_0015,USD,3326.50,26.86,3299.64,1,2026-02-10,SETTLED
SETTLE_008347,STRIPE,MERCH_0058,INR,499.00,12.98,486.02,1,2026-03-01,SETTLED
SETTLE_008348,CHECKOUT_COM,MERCH_0012,EUR,434.99,7.57,427.42,1,2026-02-04,SETTLED
SETTLE_008349,STRIPE,MERCH_0057,EUR,247.50,4.95,242.55,1,2026-03-17,SETTLED
SETTLE_008350,STRIPE,MERCH_0091,EUR,196.00,1.18,194.82,1,2026-01-18,SETTLED
SETTLE_008351,STRIPE,MERCH_0037,USD,17.49,0.53,16.96,1,2026-03-10,SETTLED
SETTLE_008352,STRIPE,MERCH_0017,INR,999.00,0.00,999.00,2,2026-01-26,SETTLED
SETTLE_008353,STRIPE,MERCH_0096,CAD,1386.80,40.52,1346.28,1,2026-01-27,SETTLED
SETTLE_008354,STRIPE,MERCH_0042,USD,486.49,4.14,482.35,1,2026-01-11,SETTLED
SETTLE_008355,PAYPAL,MERCH_0048,GBP,50.00,1.75,48.25,1,2026-01-02,SETTLED
SETTLE_008356,ADYEN,MERCH_0011,GBP,70.00,1.15,68.85,1,2026-03-15,SETTLED
SETTLE_008357,PAYPAL,MERCH_0032,GBP,435.99,12.94,423.05,1,2026-03-09,SETTLED
SETTLE_008358,STRIPE,MERCH_0006,GBP,74.99,1.62,73.37,1,2026-01-03,SETTLED
SETTLE_008359,ADYEN,MERCH_0079,USD,398.49,4.88,393.61,1,2026-02-16,SETTLED
SETTLE_008360,ADYEN,MERCH_0051,USD,37.49,0.55,36.94,1,2026-04-01,SETTLED
SETTLE_008362,STRIPE,MERCH_0083,GBP,453.75,8.82,444.93,1,2026-01-12,SETTLED
SETTLE_008364,STRIPE,MERCH_0083,EUR,597.80,11.61,586.19,1,2026-03-30,SETTLED
SETTLE_008365,STRIPE,MERCH_0093,EUR,1584.49,30.36,1554.13,1,2026-02-05,SETTLED
SETTLE_008366,PAYPAL,MERCH_0097,USD,54.95,2.41,52.54,1,2026-01-07,SETTLED
SETTLE_008367,ADYEN,MERCH_0088,GBP,25.75,0.49,25.26,1,2026-03-22,SETTLED
SETTLE_008368,ADYEN,MERCH_0083,EUR,55.00,0.34,54.66,1,2026-01-20,SETTLED
SETTLE_008369,STRIPE,MERCH_0013,INR,1999.00,42.98,1956.02,1,2026-01-10,SETTLED
SETTLE_008370,STRIPE,MERCH_0083,INR,1499.00,0.00,1499.00,1,2026-02-12,SETTLED
SETTLE_008371,STRIPE,MERCH_0081,INR,1999.00,42.98,1956.02,1,2026-01-20,SETTLED
SETTLE_008372,PAYPAL,MERCH_0035,INR,499.00,7.99,491.01,1,2026-01-03,SETTLED
SETTLE_008373,CHECKOUT_COM,MERCH_0016,USD,550.00,12.85,537.15,1,2026-03-23,SETTLED
SETTLE_008374,STRIPE,MERCH_0039,EUR,69.75,1.58,68.17,1,2026-02-15,SETTLED
SETTLE_008375,ADYEN,MERCH_0081,USD,34.99,0.85,34.14,1,2026-01-22,SETTLED
SETTLE_008376,STRIPE,MERCH_0094,USD,27.80,0.67,27.13,1,2026-01-02,SETTLED
SETTLE_008377,PAYPAL,MERCH_0036,USD,47.00,2.13,44.87,1,2026-01-10,SETTLED
SETTLE_008378,ADYEN,MERCH_0023,EUR,821.95,11.62,810.33,1,2026-03-06,SETTLED
SETTLE_008379,PAYPAL,MERCH_0053,EUR,2030.00,65.35,1964.65,1,2026-03-02,SETTLED
SETTLE_008380,STRIPE,MERCH_0071,USD,3058.00,24.71,3033.29,1,2026-02-16,SETTLED
SETTLE_008381,ADYEN,MERCH_0100,EUR,270.99,1.10,269.89,1,2026-01-31,SETTLED
SETTLE_008382,CHECKOUT_COM,MERCH_0010,USD,319.49,7.55,311.94,1,2026-02-17,SETTLED
SETTLE_008383,STRIPE,MERCH_0023,INR,799.00,18.98,780.02,1,2026-02-20,SETTLED
SETTLE_008384,ADYEN,MERCH_0087,EUR,389.80,5.57,384.23,1,2026-01-06,SETTLED
SETTLE_008385,STRIPE,MERCH_0032,USD,3049.50,88.74,2960.76,1,2026-01-12,SETTLED
SETTLE_008386,STRIPE,MERCH_0001,EUR,532.75,10.37,522.38,1,2026-02-01,SETTLED
SETTLE_008387,CHECKOUT_COM,MERCH_0073,GBP,42.49,0.91,41.58,1,2026-02-13,SETTLED
SETTLE_008388,ADYEN,MERCH_0010,GBP,197.50,3.06,194.44,1,2026-04-02,SETTLED
SETTLE_008389,STRIPE,MERCH_0088,USD,492.50,14.58,477.92,1,2026-03-23,SETTLED
SETTLE_008390,ADYEN,MERCH_0018,GBP,451.00,5.51,445.49,1,2026-02-28,SETTLED
SETTLE_008391,STRIPE,MERCH_0087,EUR,286.75,13.70,273.05,1,2026-01-31,SETTLED
SETTLE_008392,ADYEN,MERCH_0097,EUR,189.95,2.38,187.57,1,2026-01-20,SETTLED
SETTLE_008393,STRIPE,MERCH_0092,INR,1499.00,0.00,1499.00,1,2026-03-25,SETTLED
SETTLE_008394,ADYEN,MERCH_0008,GBP,326.80,5.00,321.80,1,2026-03-30,SETTLED
SETTLE_008395,STRIPE,MERCH_0054,EUR,74.25,0.57,73.68,1,2026-01-11,SETTLED
SETTLE_008396,PAYPAL,MERCH_0035,GBP,18.75,0.84,17.91,1,2026-02-15,SETTLED
SETTLE_008397,PAYPAL,MERCH_0013,USD,366.49,13.28,353.21,1,2026-03-14,SETTLED
SETTLE_008398,CHECKOUT_COM,MERCH_0083,USD,69.75,1.80,67.95,1,2026-02-24,SETTLED
SETTLE_008399,ADYEN,MERCH_0047,EUR,54.75,0.88,53.87,1,2026-03-23,SETTLED
SETTLE_008400,ADYEN,MERCH_0014,USD,223.75,2.79,220.96,1,2026-02-09,SETTLED
SETTLE_008401,ADYEN,MERCH_0066,USD,178.99,2.25,176.74,1,2026-02-18,SETTLED
SETTLE_008402,CHECKOUT_COM,MERCH_0078,CAD,42.80,1.25,41.55,1,2026-02-22,SETTLED
SETTLE_008403,STRIPE,MERCH_0090,USD,468.75,13.89,454.86,1,2026-03-01,SETTLED
SETTLE_008404,STRIPE,MERCH_0047,USD,72.95,2.42,70.53,1,2026-03-14,SETTLED
SETTLE_008405,STRIPE,MERCH_0066,EUR,2229.75,42.62,2187.13,1,2026-02-08,SETTLED
SETTLE_008406,STRIPE,MERCH_0077,EUR,426.30,8.35,417.95,1,2026-01-06,SETTLED
SETTLE_008407,STRIPE,MERCH_0058,GBP,152.00,3.09,148.91,1,2026-03-04,SETTLED
SETTLE_008408,PAYPAL,MERCH_0020,USD,27.25,1.44,25.81,1,2026-01-30,SETTLED
SETTLE_008409,CHECKOUT_COM,MERCH_0099,CAD,139.49,3.57,135.92,1,2026-02-09,SETTLED
SETTLE_008410,PAYPAL,MERCH_0058,USD,589.95,21.08,568.87,1,2026-03-27,SETTLED
SETTLE_008411,STRIPE,MERCH_0008,EUR,55.49,1.30,54.19,1,2026-03-01,SETTLED
SETTLE_008412,ADYEN,MERCH_0054,USD,64.00,1.46,62.54,1,2026-02-25,SETTLED
SETTLE_008413,CHECKOUT_COM,MERCH_0074,USD,589.99,15.27,574.72,1,2026-02-18,SETTLED
SETTLE_008414,PAYPAL,MERCH_0085,USD,183.49,6.89,176.60,1,2026-01-31,SETTLED
SETTLE_008415,STRIPE,MERCH_0031,EUR,183.75,1.12,182.63,2,2026-03-08,SETTLED
SETTLE_008416,ADYEN,MERCH_0070,EUR,38.25,0.65,37.60,1,2026-01-12,SETTLED
SETTLE_008417,ADYEN,MERCH_0042,EUR,48.25,0.79,47.46,1,2026-03-09,SETTLED
SETTLE_008418,ADYEN,MERCH_0005,GBP,74.00,1.21,72.79,1,2026-03-25,SETTLED
SETTLE_008420,STRIPE,MERCH_0090,CAD,80.99,2.65,78.34,1,2026-01-17,SETTLED
SETTLE_008421,ADYEN,MERCH_0070,USD,407.49,4.99,402.50,1,2026-02-01,SETTLED
SETTLE_008422,ADYEN,MERCH_0010,EUR,525.49,7.47,518.02,1,2026-01-09,SETTLED
SETTLE_008423,ADYEN,MERCH_0047,EUR,60.75,0.96,59.79,1,2026-01-23,SETTLED
SETTLE_008424,STRIPE,MERCH_0006,USD,585.80,9.04,576.76,1,2026-02-20,SETTLED
SETTLE_008425,STRIPE,MERCH_0065,GBP,469.75,9.13,460.62,1,2026-02-01,SETTLED
SETTLE_008426,STRIPE,MERCH_0060,CAD,431.75,12.82,418.93,1,2026-01-27,SETTLED
SETTLE_008427,PAYPAL,MERCH_0010,USD,147.00,5.62,141.38,1,2026-01-30,SETTLED
SETTLE_008428,CHECKOUT_COM,MERCH_0025,EUR,193.50,3.47,190.03,1,2026-03-12,SETTLED
SETTLE_008429,ADYEN,MERCH_0077,USD,345.80,4.25,341.55,1,2026-02-16,SETTLED
SETTLE_008430,ADYEN,MERCH_0018,GBP,18.75,0.38,18.37,1,2026-01-07,SETTLED
SETTLE_008431,ADYEN,MERCH_0077,EUR,440.95,6.28,434.67,1,2026-03-31,SETTLED
SETTLE_008432,STRIPE,MERCH_0097,INR,15000.00,303.00,14697.00,1,2026-03-20,SETTLED
SETTLE_008433,STRIPE,MERCH_0062,EUR,51.75,0.46,51.29,1,2026-02-14,SETTLED
SETTLE_008434,PAYPAL,MERCH_0007,INR,799.00,13.09,785.91,1,2026-01-11,SETTLED
SETTLE_008435,ADYEN,MERCH_0085,EUR,30.50,0.54,29.96,1,2026-01-10,SETTLED
SETTLE_008436,CHECKOUT_COM,MERCH_0018,USD,48.95,1.33,47.62,2,2026-03-04,SETTLED
SETTLE_008437,STRIPE,MERCH_0050,USD,622.25,5.23,617.02,1,2026-01-21,SETTLED
SETTLE_008438,STRIPE,MERCH_0030,USD,390.75,6.11,384.64,1,2026-01-14,SETTLED
SETTLE_008439,PAYPAL,MERCH_0045,EUR,138.00,4.81,133.19,1,2026-03-09,SETTLED
SETTLE_008440,CHECKOUT_COM,MERCH_0002,USD,23.25,0.73,22.52,1,2026-03-23,SETTLED
SETTLE_008441,STRIPE,MERCH_0011,EUR,43.80,1.08,42.72,1,2026-01-02,SETTLED
SETTLE_008442,CHECKOUT_COM,MERCH_0061,CAD,529.95,12.94,517.01,1,2026-03-23,SETTLED
SETTLE_008443,STRIPE,MERCH_0019,EUR,463.80,2.52,461.28,1,2026-03-08,SETTLED
SETTLE_008444,CHECKOUT_COM,MERCH_0084,USD,121.95,3.00,118.95,1,2026-01-07,SETTLED
SETTLE_008445,STRIPE,MERCH_0094,USD,66.95,0.79,66.16,1,2026-01-05,SETTLED
SETTLE_008446,ADYEN,MERCH_0076,EUR,480.75,6.84,473.91,1,2026-01-04,SETTLED
SETTLE_008447,CHECKOUT_COM,MERCH_0042,CAD,3178.50,76.50,3102.00,1,2026-03-20,SETTLED
SETTLE_008448,STRIPE,MERCH_0020,INR,799.00,18.98,780.02,1,2026-03-18,SETTLED
SETTLE_008449,ADYEN,MERCH_0062,USD,650.00,13.77,636.23,1,2026-03-07,SETTLED
SETTLE_008450,STRIPE,MERCH_0076,USD,47.49,1.68,45.81,1,2026-02-27,SETTLED
SETTLE_008451,ADYEN,MERCH_0039,USD,416.50,5.10,411.40,1,2026-01-12,SETTLED
SETTLE_008452,ADYEN,MERCH_0051,EUR,590.95,2.22,588.73,1,2026-03-27,SETTLED
SETTLE_008453,PAYPAL,MERCH_0070,EUR,3478.95,111.72,3367.23,1,2026-03-01,SETTLED
SETTLE_008454,STRIPE,MERCH_0093,USD,107.49,1.11,106.38,1,2026-02-22,SETTLED
SETTLE_008455,ADYEN,MERCH_0040,GBP,526.95,8.00,518.95,1,2026-01-08,SETTLED
SETTLE_008456,PAYPAL,MERCH_0093,EUR,392.00,12.93,379.07,1,2026-01-11,SETTLED
SETTLE_008457,ADYEN,MERCH_0028,USD,978.99,11.85,967.14,1,2026-02-27,SETTLED
SETTLE_008458,STRIPE,MERCH_0053,INR,999.00,22.98,976.02,1,2026-02-03,SETTLED
SETTLE_008459,ADYEN,MERCH_0068,USD,215.00,2.68,212.32,1,2026-01-20,SETTLED
SETTLE_008460,STRIPE,MERCH_0019,GBP,28.25,0.74,27.51,1,2026-03-06,SETTLED
SETTLE_008461,PAYPAL,MERCH_0002,GBP,523.25,15.47,507.78,1,2026-02-27,SETTLED
SETTLE_008462,CHECKOUT_COM,MERCH_0062,GBP,63.95,1.30,62.65,1,2026-01-06,SETTLED
SETTLE_008463,CHECKOUT_COM,MERCH_0100,CAD,442.49,10.84,431.65,1,2026-03-26,SETTLED
SETTLE_008464,STRIPE,MERCH_0075,INR,1325.49,25.38,1300.11,1,2026-03-16,SETTLED
SETTLE_008465,STRIPE,MERCH_0009,INR,1499.00,32.98,1466.02,1,2026-03-26,SETTLED
SETTLE_008466,ADYEN,MERCH_0069,EUR,399.49,1.55,397.94,1,2026-02-01,SETTLED
SETTLE_008467,ADYEN,MERCH_0019,EUR,22.00,0.23,21.77,1,2026-01-24,SETTLED
SETTLE_008468,STRIPE,MERCH_0005,USD,29.99,1.17,28.82,1,2026-03-10,SETTLED
SETTLE_008469,ADYEN,MERCH_0037,EUR,78.95,1.22,77.73,1,2026-03-03,SETTLED
SETTLE_008471,STRIPE,MERCH_0038,INR,499.00,0.00,499.00,1,2026-02-10,SETTLED
SETTLE_008472,STRIPE,MERCH_0078,USD,321.80,2.82,318.98,1,2026-03-05,SETTLED
SETTLE_008473,CHECKOUT_COM,MERCH_0009,USD,45.00,1.23,43.77,1,2026-03-23,SETTLED
SETTLE_008474,STRIPE,MERCH_0014,EUR,540.50,2.90,537.60,1,2026-04-01,SETTLED
SETTLE_008475,STRIPE,MERCH_0004,EUR,78.99,1.75,77.24,1,2026-01-15,SETTLED
SETTLE_008476,ADYEN,MERCH_0044,USD,27.95,0.44,27.51,1,2026-02-26,SETTLED
SETTLE_008477,STRIPE,MERCH_0035,USD,257.80,4.12,253.68,1,2026-01-20,SETTLED
SETTLE_008478,STRIPE,MERCH_0019,USD,37.99,1.40,36.59,1,2026-02-15,SETTLED
SETTLE_008479,STRIPE,MERCH_0037,USD,57.80,1.12,56.68,1,2026-03-22,SETTLED
SETTLE_008480,CHECKOUT_COM,MERCH_0041,GBP,30.75,0.70,30.05,1,2026-01-22,SETTLED
SETTLE_008481,STRIPE,MERCH_0007,GBP,571.75,11.06,560.69,1,2026-03-21,SETTLED
SETTLE_008482,PAYPAL,MERCH_0023,USD,122.50,4.77,117.73,1,2026-03-13,SETTLED
SETTLE_008483,STRIPE,MERCH_0066,USD,65.75,0.78,64.97,1,2026-02-18,SETTLED
SETTLE_008484,STRIPE,MERCH_0010,USD,3332.00,50.23,3281.77,1,2026-03-09,SETTLED
SETTLE_008485,STRIPE,MERCH_0075,EUR,3472.75,66.23,3406.52,1,2026-01-28,SETTLED
SETTLE_008486,STRIPE,MERCH_0057,CAD,1182.00,34.58,1147.42,1,2026-02-25,SETTLED
SETTLE_008487,CHECKOUT_COM,MERCH_0080,EUR,1391.49,23.84,1367.65,1,2026-02-20,SETTLED
SETTLE_008488,CHECKOUT_COM,MERCH_0026,EUR,153.50,2.79,150.71,2,2026-02-27,SETTLED
SETTLE_008489,ADYEN,MERCH_0080,USD,610.25,7.42,602.83,1,2026-03-06,SETTLED
SETTLE_008490,ADYEN,MERCH_0078,EUR,2526.50,8.99,2517.51,1,2026-01-29,SETTLED
SETTLE_008491,STRIPE,MERCH_0079,INR,999.00,0.00,999.00,1,2026-01-25,SETTLED
SETTLE_008492,CHECKOUT_COM,MERCH_0069,USD,295.50,7.00,288.50,1,2026-01-02,SETTLED
SETTLE_008494,ADYEN,MERCH_0054,USD,269.75,5.78,263.97,1,2026-01-31,SETTLED
SETTLE_008495,STRIPE,MERCH_0008,CAD,3305.25,96.15,3209.10,1,2026-02-28,SETTLED
SETTLE_008496,CHECKOUT_COM,MERCH_0003,EUR,142.25,2.60,139.65,1,2026-03-27,SETTLED
SETTLE_008497,ADYEN,MERCH_0089,EUR,604.49,8.57,595.92,1,2026-01-18,SETTLED
SETTLE_008498,STRIPE,MERCH_0051,CAD,3090.75,89.93,3000.82,1,2026-03-26,SETTLED
SETTLE_008499,ADYEN,MERCH_0086,EUR,1438.00,5.18,1432.82,1,2026-02-08,SETTLED
SETTLE_008500,ADYEN,MERCH_0008,EUR,443.00,6.31,436.69,1,2026-02-02,SETTLED
SETTLE_008501,STRIPE,MERCH_0005,EUR,66.49,0.53,65.96,1,2026-03-07,SETTLED
SETTLE_008503,STRIPE,MERCH_0086,USD,61.50,0.74,60.76,1,2026-01-30,SETTLED
SETTLE_008504,CHECKOUT_COM,MERCH_0047,USD,17.50,0.60,16.90,1,2026-03-08,SETTLED
SETTLE_008505,ADYEN,MERCH_0046,EUR,57.95,0.92,57.03,1,2026-03-03,SETTLED
SETTLE_008506,ADYEN,MERCH_0087,USD,532.50,11.30,521.20,1,2026-01-16,SETTLED
SETTLE_008508,ADYEN,MERCH_0079,EUR,3053.95,42.87,3011.08,1,2026-03-24,SETTLED
SETTLE_008509,ADYEN,MERCH_0009,USD,76.80,1.02,75.78,1,2026-03-26,SETTLED
SETTLE_008510,ADYEN,MERCH_0100,EUR,582.25,2.19,580.06,1,2026-03-11,SETTLED
SETTLE_008511,ADYEN,MERCH_0025,USD,349.75,4.30,345.45,1,2026-01-06,SETTLED
SETTLE_008512,CHECKOUT_COM,MERCH_0024,CAD,2088.49,50.34,2038.15,1,2026-02-10,SETTLED
SETTLE_008513,PAYPAL,MERCH_0007,EUR,2481.00,79.78,2401.22,1,2026-01-18,SETTLED
SETTLE_008514,STRIPE,MERCH_0083,EUR,70.80,0.55,70.25,1,2026-03-16,SETTLED
SETTLE_008515,PAYPAL,MERCH_0067,USD,39.49,1.87,37.62,1,2026-02-13,SETTLED
SETTLE_008516,STRIPE,MERCH_0011,INR,9999.00,202.98,9796.02,1,2026-02-23,SETTLED
SETTLE_008517,PAYPAL,MERCH_0029,USD,51.75,2.30,49.45,1,2026-03-05,SETTLED
SETTLE_008518,CHECKOUT_COM,MERCH_0020,CAD,192.95,4.85,188.10,1,2026-03-01,SETTLED
SETTLE_008519,STRIPE,MERCH_0095,GBP,3475.80,66.24,3409.56,1,2026-03-31,SETTLED
SETTLE_008520,CHECKOUT_COM,MERCH_0051,CAD,126.75,3.26,123.49,1,2026-03-25,SETTLED
SETTLE_008521,CHECKOUT_COM,MERCH_0093,USD,39.49,1.11,38.38,1,2026-03-30,SETTLED
SETTLE_008522,ADYEN,MERCH_0027,EUR,452.00,6.44,445.56,1,2026-02-16,SETTLED
SETTLE_008523,PAYPAL,MERCH_0055,USD,3171.00,111.16,3059.84,1,2026-02-17,SETTLED
SETTLE_008524,STRIPE,MERCH_0095,USD,220.95,6.71,214.24,1,2026-02-10,SETTLED
SETTLE_008525,PAYPAL,MERCH_0007,EUR,40.49,1.69,38.80,1,2026-01-24,SETTLED
SETTLE_008526,STRIPE,MERCH_0027,EUR,231.75,4.65,227.10,1,2026-03-06,SETTLED
SETTLE_008527,STRIPE,MERCH_0055,EUR,301.25,1.71,299.54,1,2026-01-02,SETTLED
SETTLE_008528,PAYPAL,MERCH_0035,EUR,1871.50,60.28,1811.22,1,2026-02-10,SETTLED
SETTLE_008529,STRIPE,MERCH_0044,INR,9999.00,202.98,9796.02,1,2026-02-16,SETTLED
SETTLE_008530,CHECKOUT_COM,MERCH_0097,USD,275.25,6.53,268.72,1,2026-01-21,SETTLED
SETTLE_008531,STRIPE,MERCH_0048,USD,3046.95,45.95,3001.00,1,2026-02-13,SETTLED
SETTLE_008532,ADYEN,MERCH_0058,EUR,69.50,1.08,68.42,1,2026-02-14,SETTLED
SETTLE_008533,STRIPE,MERCH_0011,USD,353.95,5.56,348.39,2,2026-02-24,SETTLED
SETTLE_008534,PAYPAL,MERCH_0047,GBP,50.25,1.76,48.49,1,2026-03-16,SETTLED
SETTLE_008535,STRIPE,MERCH_0025,INR,3999.00,82.98,3916.02,1,2026-02-13,SETTLED
SETTLE_008536,PAYPAL,MERCH_0086,EUR,160.25,5.52,154.73,1,2026-02-13,SETTLED
SETTLE_008537,PAYPAL,MERCH_0094,GBP,343.25,10.25,333.00,1,2026-03-25,SETTLED
SETTLE_008538,STRIPE,MERCH_0033,GBP,257.99,5.10,252.89,1,2026-03-12,SETTLED
SETTLE_008539,STRIPE,MERCH_0085,INR,999.00,22.98,976.02,1,2026-03-22,SETTLED
SETTLE_008540,STRIPE,MERCH_0053,INR,1999.00,42.98,1956.02,1,2026-02-23,SETTLED
SETTLE_008541,ADYEN,MERCH_0025,EUR,74.80,0.41,74.39,1,2026-02-12,SETTLED
SETTLE_008542,CHECKOUT_COM,MERCH_0058,USD,270.49,6.42,264.07,1,2026-03-01,SETTLED
SETTLE_008543,CHECKOUT_COM,MERCH_0092,EUR,66.50,1.31,65.19,1,2026-02-18,SETTLED
SETTLE_008544,ADYEN,MERCH_0074,USD,649.25,7.89,641.36,1,2026-02-16,SETTLED
SETTLE_008545,STRIPE,MERCH_0061,INR,2499.00,0.00,2499.00,1,2026-01-29,SETTLED
SETTLE_008546,STRIPE,MERCH_0054,USD,631.00,5.30,625.70,1,2026-01-19,SETTLED
SETTLE_008547,STRIPE,MERCH_0046,USD,625.95,18.45,607.50,1,2026-04-01,SETTLED
SETTLE_008548,STRIPE,MERCH_0030,EUR,209.25,4.23,205.02,1,2026-03-10,SETTLED
SETTLE_008549,ADYEN,MERCH_0052,GBP,53.99,0.91,53.08,1,2026-02-13,SETTLED
SETTLE_008550,STRIPE,MERCH_0085,USD,459.00,13.61,445.39,1,2026-02-09,SETTLED
SETTLE_008551,PAYPAL,MERCH_0061,USD,44.25,2.03,42.22,1,2026-02-23,SETTLED
SETTLE_008552,STRIPE,MERCH_0084,USD,75.25,0.85,74.40,1,2026-03-29,SETTLED
SETTLE_008553,ADYEN,MERCH_0069,EUR,1016.49,14.34,1002.15,1,2026-02-15,SETTLED
SETTLE_008554,PAYPAL,MERCH_0035,GBP,739.00,21.73,717.27,1,2026-01-13,SETTLED
SETTLE_008555,STRIPE,MERCH_0006,INR,1499.00,0.00,1499.00,1,2026-03-30,SETTLED
SETTLE_008556,STRIPE,MERCH_0073,USD,113.75,1.96,111.79,1,2026-02-04,SETTLED
SETTLE_008557,PAYPAL,MERCH_0089,GBP,43.50,1.56,41.94,1,2026-03-09,SETTLED
SETTLE_008558,CHECKOUT_COM,MERCH_0026,EUR,590.25,10.21,580.04,1,2026-01-04,SETTLED
SETTLE_008559,PAYPAL,MERCH_0031,INR,799.00,14.09,784.91,1,2026-03-23,SETTLED
SETTLE_008560,CHECKOUT_COM,MERCH_0052,GBP,31.80,0.72,31.08,1,2026-03-29,SETTLED
SETTLE_008561,CHECKOUT_COM,MERCH_0043,CAD,177.25,4.47,172.78,1,2026-03-23,SETTLED
SETTLE_008562,ADYEN,MERCH_0019,USD,238.99,2.97,236.02,1,2026-03-06,SETTLED
SETTLE_008564,CHECKOUT_COM,MERCH_0019,GBP,60.75,9.24,51.51,1,2026-01-05,SETTLED
SETTLE_008565,ADYEN,MERCH_0050,USD,277.99,3.44,274.55,1,2026-01-07,SETTLED
SETTLE_008566,CHECKOUT_COM,MERCH_0073,USD,547.49,12.79,534.70,1,2026-01-03,SETTLED
SETTLE_008567,STRIPE,MERCH_0035,USD,618.99,9.53,609.46,1,2026-02-26,SETTLED
SETTLE_008568,STRIPE,MERCH_0098,GBP,549.95,10.65,539.30,1,2026-03-31,SETTLED
SETTLE_008569,PAYPAL,MERCH_0043,INR,999.00,13.99,985.01,1,2026-02-21,SETTLED
SETTLE_008570,PAYPAL,MERCH_0090,INR,4999.00,61.99,4937.01,1,2026-03-04,SETTLED
SETTLE_008571,PAYPAL,MERCH_0084,USD,451.75,16.26,435.49,1,2026-03-21,SETTLED
SETTLE_008572,PAYPAL,MERCH_0070,INR,9999.00,118.49,9880.51,1,2026-01-25,SETTLED
SETTLE_008573,STRIPE,MERCH_0084,GBP,545.50,10.56,534.94,1,2026-03-15,SETTLED
SETTLE_008574,STRIPE,MERCH_0031,INR,799.00,18.98,780.02,1,2026-01-28,SETTLED
SETTLE_008575,PAYPAL,MERCH_0056,INR,9999.00,121.99,9877.01,1,2026-01-27,SETTLED
SETTLE_008576,CHECKOUT_COM,MERCH_0079,GBP,273.75,5.08,268.67,1,2026-02-27,SETTLED
SETTLE_008577,CHECKOUT_COM,MERCH_0020,CAD,448.50,10.98,437.52,1,2026-01-20,SETTLED
SETTLE_008578,PAYPAL,MERCH_0029,EUR,386.75,12.77,373.98,1,2026-01-10,SETTLED
SETTLE_008579,ADYEN,MERCH_0091,EUR,503.50,7.16,496.34,1,2026-01-11,SETTLED
SETTLE_008580,STRIPE,MERCH_0046,USD,2321.50,42.57,2278.93,1,2026-03-18,SETTLED
SETTLE_008581,CHECKOUT_COM,MERCH_0058,GBP,168.75,3.19,165.56,1,2026-03-20,SETTLED
SETTLE_008582,PAYPAL,MERCH_0008,EUR,40.00,1.67,38.33,1,2026-03-10,SETTLED
SETTLE_008583,STRIPE,MERCH_0043,USD,75.25,1.38,73.87,1,2026-03-01,SETTLED
SETTLE_008584,PAYPAL,MERCH_0029,INR,27.75,1.46,26.29,1,2026-02-17,SETTLED
SETTLE_008585,PAYPAL,MERCH_0015,GBP,278.95,8.39,270.56,1,2026-01-20,SETTLED
SETTLE_008586,ADYEN,MERCH_0042,USD,68.95,1.57,67.38,1,2026-03-06,SETTLED
SETTLE_008587,STRIPE,MERCH_0033,CAD,554.50,16.38,538.12,1,2026-01-08,SETTLED
SETTLE_008588,STRIPE,MERCH_0016,USD,371.49,11.07,360.42,1,2026-01-25,SETTLED
SETTLE_008589,PAYPAL,MERCH_0096,EUR,549.00,17.96,531.04,1,2026-02-22,SETTLED
SETTLE_008590,STRIPE,MERCH_0090,USD,44.25,0.91,43.34,1,2026-02-28,SETTLED
SETTLE_008591,ADYEN,MERCH_0088,USD,53.80,0.75,53.05,1,2026-01-08,SETTLED
SETTLE_008592,CHECKOUT_COM,MERCH_0072,EUR,370.95,6.49,364.46,1,2026-03-16,SETTLED
SETTLE_008593,CHECKOUT_COM,MERCH_0097,EUR,17.99,0.49,17.50,1,2026-02-22,SETTLED
SETTLE_008594,STRIPE,MERCH_0091,EUR,59.95,0.50,59.45,1,2026-03-25,SETTLED
SETTLE_008595,CHECKOUT_COM,MERCH_0055,GBP,62.00,1.27,60.73,1,2026-03-24,SETTLED
SETTLE_008596,STRIPE,MERCH_0026,USD,77.75,1.42,76.33,1,2026-02-06,SETTLED
SETTLE_008597,CHECKOUT_COM,MERCH_0056,CAD,89.25,2.36,86.89,1,2026-01-25,SETTLED
SETTLE_008598,PAYPAL,MERCH_0051,GBP,558.80,16.51,542.29,1,2026-01-09,SETTLED
SETTLE_008599,STRIPE,MERCH_0039,INR,2499.00,2.50,2496.50,1,2026-01-14,SETTLED
SETTLE_008600,ADYEN,MERCH_0044,USD,458.99,9.76,449.23,1,2026-03-17,SETTLED
SETTLE_008601,CHECKOUT_COM,MERCH_0024,EUR,47.75,0.99,46.76,1,2026-02-14,SETTLED
SETTLE_008603,PAYPAL,MERCH_0072,GBP,166.25,5.12,161.13,1,2026-03-21,SETTLED
SETTLE_008604,STRIPE,MERCH_0027,EUR,285.00,1.62,283.38,1,2026-03-27,SETTLED
SETTLE_008605,STRIPE,MERCH_0036,INR,1999.00,42.98,1956.02,1,2026-01-03,SETTLED
SETTLE_008606,STRIPE,MERCH_0034,USD,304.80,4.82,299.98,1,2026-01-22,SETTLED
SETTLE_008607,CHECKOUT_COM,MERCH_0001,USD,120.80,2.98,117.82,1,2026-03-08,SETTLED
SETTLE_008608,STRIPE,MERCH_0051,USD,72.75,2.41,70.34,1,2026-01-19,SETTLED
SETTLE_008609,PAYPAL,MERCH_0023,USD,271.49,9.97,261.52,1,2026-02-28,SETTLED
SETTLE_008610,PAYPAL,MERCH_0010,INR,1499.00,19.99,1479.01,1,2026-01-19,SETTLED
SETTLE_008611,STRIPE,MERCH_0018,EUR,328.80,1.84,326.96,1,2026-03-03,SETTLED
SETTLE_008612,ADYEN,MERCH_0005,GBP,335.49,5.13,330.36,1,2026-02-25,SETTLED
SETTLE_008613,PAYPAL,MERCH_0003,INR,2499.00,31.99,2467.01,1,2026-01-13,SETTLED
SETTLE_008614,CHECKOUT_COM,MERCH_0021,GBP,703.00,12.80,690.20,1,2026-03-31,SETTLED
SETTLE_008615,ADYEN,MERCH_0100,GBP,69.75,1.15,68.60,1,2026-01-30,SETTLED
SETTLE_008616,STRIPE,MERCH_0025,INR,9999.00,202.98,9796.02,1,2026-01-13,SETTLED
SETTLE_008617,ADYEN,MERCH_0046,EUR,2952.99,41.45,2911.54,1,2026-02-28,SETTLED
SETTLE_008618,STRIPE,MERCH_0093,EUR,37.75,0.39,37.36,1,2026-01-15,SETTLED
SETTLE_008619,STRIPE,MERCH_0025,INR,1999.00,42.98,1956.02,1,2026-03-30,SETTLED
SETTLE_008620,CHECKOUT_COM,MERCH_0097,GBP,155.25,2.94,152.31,1,2026-02-08,SETTLED
SETTLE_008621,ADYEN,MERCH_0099,GBP,40.99,0.71,40.28,1,2026-03-12,SETTLED
SETTLE_008622,STRIPE,MERCH_0092,USD,286.50,2.54,283.96,1,2026-03-03,SETTLED
SETTLE_008623,ADYEN,MERCH_0099,EUR,796.99,11.27,785.72,1,2026-03-20,SETTLED
SETTLE_008624,PAYPAL,MERCH_0042,GBP,76.95,2.53,74.42,1,2026-02-11,SETTLED
SETTLE_008625,ADYEN,MERCH_0051,USD,3234.00,38.91,3195.09,1,2026-03-17,SETTLED
SETTLE_008626,PAYPAL,MERCH_0031,USD,576.99,20.63,556.36,1,2026-03-05,SETTLED
SETTLE_008627,STRIPE,MERCH_0039,USD,538.95,4.56,534.39,1,2026-01-09,SETTLED
SETTLE_008628,PAYPAL,MERCH_0007,USD,282.95,11.86,271.09,1,2026-03-06,SETTLED
SETTLE_008629,STRIPE,MERCH_0056,GBP,1781.49,34.05,1747.44,1,2026-01-10,SETTLED
SETTLE_008630,CHECKOUT_COM,MERCH_0082,USD,227.50,5.43,222.07,1,2026-02-24,SETTLED
SETTLE_008631,CHECKOUT_COM,MERCH_0030,CAD,36.00,0.80,35.20,1,2026-03-01,SETTLED
SETTLE_008632,PAYPAL,MERCH_0079,USD,49.49,2.22,47.27,1,2026-01-16,SETTLED
SETTLE_008633,CHECKOUT_COM,MERCH_0069,USD,537.99,12.57,525.42,1,2026-02-22,SETTLED
SETTLE_008634,STRIPE,MERCH_0015,GBP,1473.80,28.20,1445.60,1,2026-01-03,SETTLED
SETTLE_008636,PAYPAL,MERCH_0081,INR,15000.00,178.50,14821.50,1,2026-01-07,SETTLED
SETTLE_008637,STRIPE,MERCH_0100,CAD,46.50,1.65,44.85,1,2026-02-21,SETTLED
SETTLE_008639,CHECKOUT_COM,MERCH_0024,USD,471.25,11.04,460.21,1,2026-01-23,SETTLED
SETTLE_008640,STRIPE,MERCH_0095,CAD,2555.99,74.42,2481.57,1,2026-01-21,SETTLED
SETTLE_008641,ADYEN,MERCH_0068,EUR,58.49,0.93,57.56,1,2026-01-08,SETTLED
SETTLE_008642,ADYEN,MERCH_0015,EUR,404.99,5.78,399.21,1,2026-03-24,SETTLED
SETTLE_008643,CHECKOUT_COM,MERCH_0059,EUR,217.25,3.87,213.38,1,2026-02-11,SETTLED
SETTLE_008644,STRIPE,MERCH_0100,EUR,65.75,0.53,65.22,1,2026-03-04,SETTLED
SETTLE_008645,CHECKOUT_COM,MERCH_0050,CAD,76.80,2.06,74.74,1,2026-03-18,SETTLED
SETTLE_008646,ADYEN,MERCH_0039,USD,510.50,10.84,499.66,1,2026-03-21,SETTLED
SETTLE_008647,STRIPE,MERCH_0082,EUR,66.50,1.51,64.99,1,2026-02-02,SETTLED
SETTLE_008648,CHECKOUT_COM,MERCH_0078,GBP,632.80,11.54,621.26,2,2026-02-28,SETTLED
SETTLE_008649,CHECKOUT_COM,MERCH_0079,USD,102.49,2.56,99.93,1,2026-02-07,SETTLED
SETTLE_008651,CHECKOUT_COM,MERCH_0016,EUR,372.00,6.50,365.50,1,2026-01-30,SETTLED
SETTLE_008652,STRIPE,MERCH_0005,EUR,311.75,6.17,305.58,1,2026-02-26,SETTLED
SETTLE_008653,ADYEN,MERCH_0091,USD,300.25,4.43,295.82,1,2026-01-09,SETTLED
SETTLE_008654,PAYPAL,MERCH_0020,USD,115.95,4.54,111.41,1,2026-02-06,SETTLED
SETTLE_008656,STRIPE,MERCH_0014,INR,9999.00,0.00,9999.00,1,2026-01-05,SETTLED
SETTLE_008657,CHECKOUT_COM,MERCH_0043,GBP,43.50,0.93,42.57,1,2026-01-19,SETTLED
SETTLE_008658,STRIPE,MERCH_0052,USD,377.99,11.26,366.73,1,2026-02-18,SETTLED
SETTLE_008659,CHECKOUT_COM,MERCH_0067,GBP,28.75,0.67,28.08,1,2026-02-15,SETTLED
SETTLE_008660,ADYEN,MERCH_0083,USD,2634.00,31.71,2602.29,1,2026-01-12,SETTLED
SETTLE_008661,STRIPE,MERCH_0086,CAD,2110.25,10.75,2099.50,1,2026-02-08,SETTLED
SETTLE_008662,CHECKOUT_COM,MERCH_0037,CAD,31.00,0.96,30.04,1,2026-03-20,SETTLED
SETTLE_008663,PAYPAL,MERCH_0011,INR,999.00,13.99,985.01,1,2026-03-18,SETTLED
SETTLE_008664,PAYPAL,MERCH_0074,EUR,36.49,1.56,34.93,1,2026-03-27,SETTLED
SETTLE_008666,STRIPE,MERCH_0083,INR,399.00,0.00,399.00,1,2026-03-06,SETTLED
SETTLE_008667,STRIPE,MERCH_0044,INR,4999.00,102.98,4896.02,1,2026-01-26,SETTLED
SETTLE_008668,CHECKOUT_COM,MERCH_0088,CAD,70.50,1.91,68.59,1,2026-03-20,SETTLED
SETTLE_008669,STRIPE,MERCH_0006,GBP,168.50,3.40,165.10,1,2026-02-11,SETTLED
SETTLE_008670,STRIPE,MERCH_0083,INR,499.00,12.98,486.02,1,2026-01-31,SETTLED
SETTLE_008671,ADYEN,MERCH_0100,EUR,52.95,0.34,52.61,1,2026-01-12,SETTLED
SETTLE_008672,CHECKOUT_COM,MERCH_0058,CAD,77.95,2.09,75.86,1,2026-03-19,SETTLED
SETTLE_008673,STRIPE,MERCH_0070,EUR,58.49,1.36,57.13,1,2026-03-07,SETTLED
SETTLE_008674,PAYPAL,MERCH_0084,USD,1313.00,46.31,1266.69,1,2026-01-07,SETTLED
SETTLE_008675,STRIPE,MERCH_0088,EUR,410.80,8.06,402.74,1,2026-01-15,SETTLED
SETTLE_008676,ADYEN,MERCH_0003,USD,47.99,1.13,46.86,1,2026-03-29,SETTLED
SETTLE_008677,STRIPE,MERCH_0098,INR,15000.00,303.00,14697.00,1,2026-03-13,SETTLED
SETTLE_008678,CHECKOUT_COM,MERCH_0067,USD,19.99,0.66,19.33,1,2026-01-18,SETTLED
SETTLE_008679,CHECKOUT_COM,MERCH_0097,USD,73.49,1.89,71.60,1,2026-01-18,SETTLED
SETTLE_008680,STRIPE,MERCH_0016,INR,499.00,12.98,486.02,1,2026-02-06,SETTLED
SETTLE_008681,STRIPE,MERCH_0089,CAD,66.49,2.23,64.26,1,2026-01-29,SETTLED
SETTLE_008682,STRIPE,MERCH_0041,USD,59.75,2.03,57.72,1,2026-03-29,SETTLED
SETTLE_008683,ADYEN,MERCH_0078,GBP,288.75,4.43,284.32,1,2026-01-19,SETTLED
SETTLE_008684,STRIPE,MERCH_0028,INR,299.00,8.98,290.02,1,2026-02-11,SETTLED
SETTLE_008685,STRIPE,MERCH_0043,USD,1728.80,50.44,1678.36,1,2026-03-25,SETTLED
SETTLE_008686,CHECKOUT_COM,MERCH_0072,GBP,50.95,1.07,49.88,1,2026-03-09,SETTLED
SETTLE_008687,STRIPE,MERCH_0009,INR,4999.00,0.00,4999.00,1,2026-01-24,SETTLED
SETTLE_008688,PAYPAL,MERCH_0087,INR,2499.00,31.99,2467.01,1,2026-01-30,SETTLED
SETTLE_008689,PAYPAL,MERCH_0036,EUR,1299.99,41.99,1258.00,1,2026-01-03,SETTLED
SETTLE_008690,STRIPE,MERCH_0091,GBP,84.49,1.81,82.68,1,2026-01-22,SETTLED
SETTLE_008691,ADYEN,MERCH_0096,EUR,414.95,1.60,413.35,1,2026-03-01,SETTLED
SETTLE_008692,ADYEN,MERCH_0010,EUR,338.99,4.86,334.13,2,2026-02-19,SETTLED
SETTLE_008693,ADYEN,MERCH_0082,EUR,62.00,2.87,59.13,1,2026-03-26,SETTLED
SETTLE_008694,STRIPE,MERCH_0009,EUR,1016.99,5.28,1011.71,1,2026-01-13,SETTLED
SETTLE_008695,STRIPE,MERCH_0033,USD,23.50,0.60,22.90,2,2026-02-17,SETTLED
SETTLE_008697,STRIPE,MERCH_0023,USD,2621.95,21.23,2600.72,1,2026-03-28,SETTLED
SETTLE_008698,ADYEN,MERCH_0024,EUR,609.49,8.64,600.85,1,2026-01-09,SETTLED
SETTLE_008699,STRIPE,MERCH_0017,USD,240.50,7.27,233.23,1,2026-03-10,SETTLED
SETTLE_008700,CHECKOUT_COM,MERCH_0024,CAD,91.95,2.43,89.52,1,2026-01-09,SETTLED
SETTLE_008701,ADYEN,MERCH_0014,USD,198.75,2.49,196.26,1,2026-01-23,SETTLED
SETTLE_008702,STRIPE,MERCH_0096,EUR,15.99,0.55,15.44,1,2026-02-25,SETTLED
SETTLE_008703,PAYPAL,MERCH_0061,INR,3999.00,49.99,3949.01,1,2026-01-06,SETTLED
SETTLE_008704,STRIPE,MERCH_0004,EUR,1320.50,38.59,1281.91,1,2026-02-24,SETTLED
SETTLE_008705,STRIPE,MERCH_0019,USD,458.75,13.60,445.15,1,2026-02-06,SETTLED
SETTLE_008706,STRIPE,MERCH_0050,INR,999.00,0.00,999.00,1,2026-01-22,SETTLED
SETTLE_008707,CHECKOUT_COM,MERCH_0082,CAD,346.00,8.52,337.48,1,2026-03-25,SETTLED
SETTLE_008708,STRIPE,MERCH_0004,EUR,36.00,0.93,35.07,1,2026-03-12,SETTLED
SETTLE_008709,CHECKOUT_COM,MERCH_0008,GBP,484.99,11.86,473.13,1,2026-03-21,SETTLED
SETTLE_008710,ADYEN,MERCH_0033,USD,558.80,11.85,546.95,2,2026-03-24,SETTLED
SETTLE_008711,ADYEN,MERCH_0038,GBP,2117.25,31.86,2085.39,1,2026-02-20,SETTLED
SETTLE_008712,STRIPE,MERCH_0012,USD,607.99,5.11,602.88,1,2026-03-05,SETTLED
SETTLE_008713,STRIPE,MERCH_0088,EUR,20.95,0.65,20.30,1,2026-01-10,SETTLED
SETTLE_008714,ADYEN,MERCH_0089,EUR,134.99,0.62,134.37,1,2026-02-16,SETTLED
SETTLE_008715,STRIPE,MERCH_0012,USD,524.75,8.12,516.63,1,2026-02-05,SETTLED
SETTLE_008716,STRIPE,MERCH_0053,USD,64.80,0.77,64.03,1,2026-01-16,SETTLED
SETTLE_008717,STRIPE,MERCH_0022,INR,15000.00,303.00,14697.00,1,2026-02-15,SETTLED
SETTLE_008718,STRIPE,MERCH_0088,INR,1999.00,0.00,1999.00,1,2026-02-28,SETTLED
SETTLE_008719,ADYEN,MERCH_0086,USD,3426.80,72.08,3354.72,1,2026-03-16,SETTLED
SETTLE_008720,STRIPE,MERCH_0064,USD,66.50,2.23,64.27,1,2026-03-20,SETTLED
SETTLE_008721,PAYPAL,MERCH_0061,EUR,66.95,2.53,64.42,1,2026-02-04,SETTLED
SETTLE_008722,STRIPE,MERCH_0004,EUR,2365.00,45.19,2319.81,1,2026-02-23,SETTLED
SETTLE_008723,PAYPAL,MERCH_0099,GBP,76.95,2.53,74.42,1,2026-03-09,SETTLED
SETTLE_008724,CHECKOUT_COM,MERCH_0096,USD,368.80,8.68,360.12,1,2026-02-01,SETTLED
SETTLE_008725,STRIPE,MERCH_0025,EUR,302.75,6.00,296.75,1,2026-02-24,SETTLED
SETTLE_008726,STRIPE,MERCH_0072,INR,799.00,18.98,780.02,1,2026-02-09,SETTLED
SETTLE_008727,STRIPE,MERCH_0094,USD,2341.75,37.88,2303.87,1,2026-01-27,SETTLED
SETTLE_008728,STRIPE,MERCH_0098,USD,374.95,3.25,371.70,1,2026-03-07,SETTLED
SETTLE_008729,STRIPE,MERCH_0061,GBP,64.99,1.43,63.56,1,2026-01-27,SETTLED
SETTLE_008731,ADYEN,MERCH_0050,USD,3133.25,65.92,3067.33,1,2026-03-12,SETTLED
SETTLE_008732,PAYPAL,MERCH_0051,GBP,1590.00,46.41,1543.59,1,2026-03-05,SETTLED
SETTLE_008733,STRIPE,MERCH_0027,USD,630.00,18.57,611.43,1,2026-03-13,SETTLED
SETTLE_008734,STRIPE,MERCH_0063,INR,799.00,18.98,780.02,1,2026-01-30,SETTLED
SETTLE_008735,CHECKOUT_COM,MERCH_0052,CAD,21.50,0.74,20.76,1,2026-02-28,SETTLED
SETTLE_008736,ADYEN,MERCH_0096,USD,625.80,13.26,612.54,1,2026-02-11,SETTLED
SETTLE_008737,STRIPE,MERCH_0004,CAD,68.99,2.30,66.69,1,2026-02-06,SETTLED
SETTLE_008738,CHECKOUT_COM,MERCH_0090,GBP,468.25,8.58,459.67,1,2026-03-30,SETTLED
SETTLE_008739,CHECKOUT_COM,MERCH_0054,CAD,316.49,7.82,308.67,1,2026-03-27,SETTLED
SETTLE_008740,ADYEN,MERCH_0012,USD,2816.99,33.90,2783.09,1,2026-03-21,SETTLED
SETTLE_008741,STRIPE,MERCH_0082,USD,161.99,5.00,156.99,1,2026-03-04,SETTLED
SETTLE_008742,PAYPAL,MERCH_0036,EUR,570.75,18.65,552.10,1,2026-01-30,SETTLED
SETTLE_008743,ADYEN,MERCH_0031,USD,499.75,6.10,493.65,1,2026-01-13,SETTLED
SETTLE_008744,ADYEN,MERCH_0040,EUR,243.50,3.52,239.98,1,2026-02-17,SETTLED
SETTLE_008745,STRIPE,MERCH_0097,USD,56.00,0.48,55.52,1,2026-01-03,SETTLED
SETTLE_008746,ADYEN,MERCH_0077,GBP,528.95,8.03,520.92,1,2026-03-11,SETTLED
SETTLE_008747,STRIPE,MERCH_0084,USD,131.00,1.30,129.70,2,2026-03-30,SETTLED
SETTLE_008748,PAYPAL,MERCH_0015,GBP,94.95,3.05,91.90,1,2026-04-02,SETTLED
SETTLE_008749,STRIPE,MERCH_0008,USD,462.75,3.95,458.80,1,2026-02-27,SETTLED
SETTLE_008750,STRIPE,MERCH_0007,GBP,94.80,2.00,92.80,1,2026-02-16,SETTLED
SETTLE_008751,STRIPE,MERCH_0010,GBP,107.99,2.25,105.74,1,2026-03-26,SETTLED
SETTLE_008752,ADYEN,MERCH_0052,USD,18.99,0.33,18.66,1,2026-02-21,SETTLED
SETTLE_008753,STRIPE,MERCH_0056,EUR,331.49,6.55,324.94,1,2026-02-01,SETTLED
SETTLE_008754,STRIPE,MERCH_0100,USD,414.95,6.47,408.48,1,2026-03-21,SETTLED
SETTLE_008755,STRIPE,MERCH_0062,INR,15000.00,0.00,15000.00,1,2026-03-12,SETTLED
SETTLE_008757,STRIPE,MERCH_0035,USD,27.75,8.47,19.28,1,2026-02-21,SETTLED
SETTLE_008758,ADYEN,MERCH_0076,GBP,193.95,3.01,190.94,1,2026-01-19,SETTLED
SETTLE_008759,CHECKOUT_COM,MERCH_0006,GBP,37.99,2.33,35.66,1,2026-03-03,SETTLED
SETTLE_008760,PAYPAL,MERCH_0031,USD,582.25,20.81,561.44,1,2026-03-19,SETTLED
SETTLE_008761,CHECKOUT_COM,MERCH_0028,EUR,4.99,0.26,4.73,1,2026-03-29,SETTLED
SETTLE_008762,ADYEN,MERCH_0024,GBP,325.25,4.98,320.27,1,2026-02-20,SETTLED
SETTLE_008763,PAYPAL,MERCH_0019,INR,2499.00,31.99,2467.01,1,2026-01-20,SETTLED
SETTLE_008764,STRIPE,MERCH_0043,EUR,43.95,0.42,43.53,1,2026-01-22,SETTLED
SETTLE_008765,STRIPE,MERCH_0004,CAD,67.25,2.25,65.00,1,2026-01-24,SETTLED
SETTLE_008766,STRIPE,MERCH_0077,USD,478.80,7.43,471.37,2,2026-02-15,SETTLED
SETTLE_008767,STRIPE,MERCH_0021,GBP,129.95,2.67,127.28,1,2026-03-17,SETTLED
SETTLE_008768,STRIPE,MERCH_0058,GBP,268.75,5.31,263.44,1,2026-03-01,SETTLED
SETTLE_008769,STRIPE,MERCH_0100,CAD,535.75,15.84,519.91,2,2026-03-08,SETTLED
SETTLE_008770,STRIPE,MERCH_0010,USD,146.00,1.42,144.58,1,2026-03-01,SETTLED
SETTLE_008771,ADYEN,MERCH_0006,USD,1812.49,38.18,1774.31,1,2026-02-17,SETTLED
SETTLE_008772,STRIPE,MERCH_0044,CAD,210.49,6.40,204.09,1,2026-02-28,SETTLED
SETTLE_008773,PAYPAL,MERCH_0093,USD,607.99,21.71,586.28,2,2026-02-28,SETTLED
SETTLE_008774,STRIPE,MERCH_0054,USD,58.80,2.01,56.79,1,2026-02-25,SETTLED
SETTLE_008775,PAYPAL,MERCH_0013,INR,4999.00,61.99,4937.01,1,2026-02-16,SETTLED
SETTLE_008777,ADYEN,MERCH_0072,USD,482.95,10.26,472.69,1,2026-01-20,SETTLED
SETTLE_008778,PAYPAL,MERCH_0099,INR,499.00,7.99,491.01,1,2026-01-10,SETTLED
SETTLE_008779,STRIPE,MERCH_0018,USD,35.50,1.33,34.17,1,2026-03-07,SETTLED
SETTLE_008781,CHECKOUT_COM,MERCH_0008,GBP,3412.50,61.58,3350.92,1,2026-01-29,SETTLED
SETTLE_008782,CHECKOUT_COM,MERCH_0053,GBP,51.75,1.08,50.67,1,2026-03-10,SETTLED
SETTLE_008783,PAYPAL,MERCH_0082,EUR,437.00,14.37,422.63,1,2026-03-13,SETTLED
SETTLE_008784,STRIPE,MERCH_0039,USD,582.50,8.99,573.51,1,2026-02-04,SETTLED
SETTLE_008785,STRIPE,MERCH_0082,USD,306.95,9.20,297.75,1,2026-01-05,SETTLED
SETTLE_008786,STRIPE,MERCH_0014,INR,999.00,0.00,999.00,1,2026-01-31,SETTLED
SETTLE_008787,CHECKOUT_COM,MERCH_0024,USD,644.00,15.01,628.99,1,2026-02-13,SETTLED
SETTLE_008788,CHECKOUT_COM,MERCH_0063,EUR,416.49,7.26,409.23,1,2026-04-01,SETTLED
SETTLE_008789,PAYPAL,MERCH_0002,GBP,427.95,12.71,415.24,1,2026-02-16,SETTLED
SETTLE_008790,CHECKOUT_COM,MERCH_0090,EUR,79.00,1.52,77.48,1,2026-03-20,SETTLED
SETTLE_008791,STRIPE,MERCH_0018,USD,195.50,1.81,193.69,1,2026-02-23,SETTLED
SETTLE_008792,PAYPAL,MERCH_0063,GBP,152.80,4.73,148.07,1,2026-03-04,SETTLED
SETTLE_008793,ADYEN,MERCH_0043,USD,80.50,1.81,78.69,1,2026-01-23,SETTLED
SETTLE_008795,STRIPE,MERCH_0025,EUR,2612.80,13.26,2599.54,1,2026-01-14,SETTLED
SETTLE_008796,STRIPE,MERCH_0010,CAD,370.49,11.04,359.45,1,2026-03-29,SETTLED
SETTLE_008797,STRIPE,MERCH_0088,CAD,83.25,2.71,80.54,2,2026-03-04,SETTLED
SETTLE_008798,STRIPE,MERCH_0095,USD,493.95,14.62,479.33,1,2026-01-16,SETTLED
SETTLE_008799,STRIPE,MERCH_0081,EUR,492.99,2.66,490.33,1,2026-01-20,SETTLED
SETTLE_008800,PAYPAL,MERCH_0028,INR,499.00,7.99,491.01,1,2026-03-05,SETTLED
SETTLE_008801,PAYPAL,MERCH_0034,GBP,54.99,1.89,53.10,1,2026-02-16,SETTLED
SETTLE_008802,PAYPAL,MERCH_0090,EUR,925.00,29.99,895.01,1,2026-02-14,SETTLED
SETTLE_008803,STRIPE,MERCH_0058,USD,1290.49,37.72,1252.77,1,2026-01-03,SETTLED
SETTLE_008804,CHECKOUT_COM,MERCH_0078,GBP,227.00,4.24,222.76,1,2026-02-28,SETTLED
SETTLE_008805,PAYPAL,MERCH_0070,EUR,457.49,15.03,442.46,1,2026-02-09,SETTLED
SETTLE_008806,STRIPE,MERCH_0054,GBP,38.50,0.93,37.57,1,2026-01-23,SETTLED
SETTLE_008807,STRIPE,MERCH_0023,INR,299.00,8.98,290.02,1,2026-02-17,SETTLED
SETTLE_008808,ADYEN,MERCH_0032,USD,420.75,8.96,411.79,1,2026-01-29,SETTLED
SETTLE_008809,CHECKOUT_COM,MERCH_0001,CAD,19.00,0.68,18.32,1,2026-02-10,SETTLED
SETTLE_008810,STRIPE,MERCH_0003,GBP,62.75,1.39,61.36,1,2026-02-16,SETTLED
SETTLE_008811,CHECKOUT_COM,MERCH_0023,GBP,213.49,3.99,209.50,1,2026-01-15,SETTLED
SETTLE_008812,STRIPE,MERCH_0055,INR,999.00,0.00,999.00,1,2026-01-29,SETTLED
SETTLE_008813,STRIPE,MERCH_0041,EUR,202.00,4.09,197.91,1,2026-02-03,SETTLED
SETTLE_008814,ADYEN,MERCH_0089,USD,43.50,0.62,42.88,1,2026-01-10,SETTLED
SETTLE_008815,CHECKOUT_COM,MERCH_0041,USD,551.49,12.88,538.61,1,2026-01-10,SETTLED
SETTLE_008816,STRIPE,MERCH_0097,USD,38.95,1.43,37.52,1,2026-02-14,SETTLED
SETTLE_008817,CHECKOUT_COM,MERCH_0078,EUR,503.50,8.74,494.76,2,2026-02-05,SETTLED
SETTLE_008818,STRIPE,MERCH_0041,GBP,145.75,2.97,142.78,1,2026-04-01,SETTLED
SETTLE_008819,ADYEN,MERCH_0084,EUR,363.75,5.20,358.55,1,2026-02-12,SETTLED
SETTLE_008820,STRIPE,MERCH_0021,GBP,1264.99,24.23,1240.76,1,2026-01-29,SETTLED
SETTLE_008821,ADYEN,MERCH_0034,USD,60.75,0.83,59.92,1,2026-03-14,SETTLED
SETTLE_008822,CHECKOUT_COM,MERCH_0037,USD,421.75,9.90,411.85,1,2026-03-23,SETTLED
SETTLE_008823,PAYPAL,MERCH_0090,GBP,61.99,2.10,59.89,1,2026-03-31,SETTLED
SETTLE_008824,ADYEN,MERCH_0032,EUR,199.80,0.85,198.95,1,2026-01-08,SETTLED
SETTLE_008825,STRIPE,MERCH_0063,CAD,491.50,14.55,476.95,1,2026-02-17,SETTLED
SETTLE_008826,STRIPE,MERCH_0069,USD,72.75,1.34,71.41,1,2026-03-08,SETTLED
SETTLE_008827,ADYEN,MERCH_0022,GBP,66.95,1.10,65.85,1,2026-03-14,SETTLED
SETTLE_008828,STRIPE,MERCH_0043,EUR,312.95,1.76,311.19,1,2026-03-21,SETTLED
SETTLE_008829,STRIPE,MERCH_0059,INR,1999.00,0.00,1999.00,1,2026-02-07,SETTLED
SETTLE_008830,STRIPE,MERCH_0029,INR,1499.00,32.98,1466.02,1,2026-02-05,SETTLED
SETTLE_008831,ADYEN,MERCH_0056,INR,231.80,3.36,228.44,1,2026-03-11,SETTLED
SETTLE_008832,ADYEN,MERCH_0051,USD,418.25,5.12,413.13,1,2026-02-23,SETTLED
SETTLE_008833,CHECKOUT_COM,MERCH_0072,GBP,60.00,1.23,58.77,1,2026-02-14,SETTLED
SETTLE_008834,ADYEN,MERCH_0011,EUR,501.49,1.91,499.58,1,2026-03-01,SETTLED
SETTLE_008835,STRIPE,MERCH_0053,EUR,1823.95,9.32,1814.63,1,2026-02-25,SETTLED
SETTLE_008836,CHECKOUT_COM,MERCH_0094,GBP,60.99,1.25,59.74,1,2026-02-26,SETTLED
SETTLE_008837,PAYPAL,MERCH_0056,INR,15000.00,182.00,14818.00,1,2026-03-24,SETTLED
SETTLE_008838,STRIPE,MERCH_0077,USD,59.25,1.14,58.11,1,2026-03-30,SETTLED
SETTLE_008839,STRIPE,MERCH_0052,EUR,623.50,12.10,611.40,1,2026-02-17,SETTLED
SETTLE_008840,CHECKOUT_COM,MERCH_0003,CAD,78.50,2.10,76.40,1,2026-01-26,SETTLED
SETTLE_008841,STRIPE,MERCH_0045,GBP,41.99,1.00,40.99,1,2026-02-09,SETTLED
SETTLE_008842,CHECKOUT_COM,MERCH_0011,EUR,269.00,4.75,264.25,1,2026-01-19,SETTLED
SETTLE_008843,STRIPE,MERCH_0020,USD,423.25,6.60,416.65,1,2026-01-24,SETTLED
SETTLE_008844,STRIPE,MERCH_0061,CAD,428.75,12.73,416.02,1,2026-01-20,SETTLED
SETTLE_008845,ADYEN,MERCH_0047,EUR,164.99,0.73,164.26,1,2026-02-27,SETTLED
SETTLE_008846,STRIPE,MERCH_0046,INR,9999.00,0.00,9999.00,1,2026-03-13,SETTLED
SETTLE_008847,PAYPAL,MERCH_0005,USD,218.80,8.13,210.67,1,2026-01-10,SETTLED
SETTLE_008848,STRIPE,MERCH_0040,CAD,2387.25,71.03,2316.22,1,2026-02-11,SETTLED
SETTLE_008849,STRIPE,MERCH_0053,INR,299.00,8.98,290.02,1,2026-01-07,SETTLED
SETTLE_008850,CHECKOUT_COM,MERCH_0086,USD,288.25,6.83,281.42,1,2026-02-18,SETTLED
SETTLE_008851,STRIPE,MERCH_0029,CAD,521.99,15.44,506.55,1,2026-03-06,SETTLED
SETTLE_008852,ADYEN,MERCH_0069,USD,2421.00,29.15,2391.85,1,2026-03-12,SETTLED
SETTLE_008853,CHECKOUT_COM,MERCH_0053,USD,155.75,3.78,151.97,1,2026-02-22,SETTLED
SETTLE_008854,STRIPE,MERCH_0040,INR,1499.00,0.00,1499.00,1,2026-02-28,SETTLED
SETTLE_008855,CHECKOUT_COM,MERCH_0030,GBP,22.25,0.55,21.70,1,2026-01-20,SETTLED
SETTLE_008856,STRIPE,MERCH_0096,EUR,201.50,1.21,200.29,1,2026-02-27,SETTLED
SETTLE_008857,PAYPAL,MERCH_0087,INR,999.00,13.99,985.01,1,2026-01-18,SETTLED
SETTLE_008858,STRIPE,MERCH_0050,USD,419.80,12.47,407.33,1,2026-03-11,SETTLED
SETTLE_008859,STRIPE,MERCH_0059,USD,16.95,0.50,16.45,1,2026-02-06,SETTLED
SETTLE_008860,STRIPE,MERCH_0022,GBP,515.50,9.99,505.51,1,2026-03-01,SETTLED
SETTLE_008863,STRIPE,MERCH_0038,GBP,510.99,9.91,501.08,1,2026-03-30,SETTLED
SETTLE_008864,CHECKOUT_COM,MERCH_0056,CAD,591.95,14.43,577.52,1,2026-01-08,SETTLED
SETTLE_008865,ADYEN,MERCH_0059,EUR,202.49,0.86,201.63,1,2026-01-11,SETTLED
SETTLE_008866,CHECKOUT_COM,MERCH_0003,EUR,1524.00,26.09,1497.91,1,2026-03-27,SETTLED
SETTLE_008867,STRIPE,MERCH_0054,INR,3999.00,82.98,3916.02,1,2026-02-22,SETTLED
SETTLE_008868,ADYEN,MERCH_0079,GBP,116.80,1.85,114.95,1,2026-01-28,SETTLED
SETTLE_008869,STRIPE,MERCH_0062,CAD,58.80,2.01,56.79,1,2026-01-19,SETTLED
SETTLE_008870,PAYPAL,MERCH_0096,GBP,132.95,4.16,128.79,1,2026-03-30,SETTLED
SETTLE_008871,STRIPE,MERCH_0008,GBP,530.25,10.27,519.98,1,2026-01-13,SETTLED
SETTLE_008872,STRIPE,MERCH_0068,USD,181.00,1.70,179.30,2,2026-03-07,SETTLED
SETTLE_008873,ADYEN,MERCH_0031,INR,23.49,0.61,22.88,1,2026-02-18,SETTLED
SETTLE_008874,PAYPAL,MERCH_0030,GBP,582.50,17.19,565.31,1,2026-01-09,SETTLED
SETTLE_008875,STRIPE,MERCH_0015,USD,18.25,0.40,17.85,1,2026-01-23,SETTLED
SETTLE_008876,PAYPAL,MERCH_0055,INR,2499.00,31.99,2467.01,1,2026-01-06,SETTLED
SETTLE_008877,STRIPE,MERCH_0055,INR,299.00,0.00,299.00,1,2026-01-21,SETTLED
SETTLE_008878,CHECKOUT_COM,MERCH_0086,EUR,240.75,4.48,236.27,1,2026-03-10,SETTLED
SETTLE_008879,STRIPE,MERCH_0084,CAD,346.99,12.86,334.13,1,2026-01-06,SETTLED
SETTLE_008880,STRIPE,MERCH_0013,USD,72.75,1.34,71.41,1,2026-02-09,SETTLED
SETTLE_008881,STRIPE,MERCH_0068,USD,421.99,3.63,418.36,1,2026-02-11,SETTLED
SETTLE_008882,CHECKOUT_COM,MERCH_0010,EUR,187.99,3.38,184.61,1,2026-02-18,SETTLED
SETTLE_008883,CHECKOUT_COM,MERCH_0005,EUR,37.49,0.82,36.67,1,2026-03-17,SETTLED
SETTLE_008884,CHECKOUT_COM,MERCH_0035,EUR,2631.75,44.92,2586.83,1,2026-02-20,SETTLED
SETTLE_008885,STRIPE,MERCH_0042,USD,285.00,4.52,280.48,1,2026-03-03,SETTLED
SETTLE_008886,ADYEN,MERCH_0095,GBP,211.80,3.28,208.52,1,2026-01-12,SETTLED
SETTLE_008887,PAYPAL,MERCH_0035,INR,499.00,7.99,491.01,1,2026-01-18,SETTLED
SETTLE_008888,PAYPAL,MERCH_0029,USD,295.99,10.82,285.17,1,2026-01-07,SETTLED
SETTLE_008889,ADYEN,MERCH_0061,GBP,23.80,0.46,23.34,1,2026-01-30,SETTLED
SETTLE_008890,STRIPE,MERCH_0051,INR,10099.00,204.98,9894.02,1,2026-01-13,SETTLED
SETTLE_008891,CHECKOUT_COM,MERCH_0092,EUR,50.99,1.05,49.94,1,2026-01-21,SETTLED
SETTLE_008892,ADYEN,MERCH_0095,EUR,63.50,1.00,62.50,1,2026-03-11,SETTLED
SETTLE_008893,ADYEN,MERCH_0024,EUR,356.49,5.10,351.39,1,2026-02-26,SETTLED
SETTLE_008894,PAYPAL,MERCH_0031,INR,3999.00,49.99,3949.01,1,2026-03-15,SETTLED
SETTLE_008895,CHECKOUT_COM,MERCH_0054,USD,64.00,1.67,62.33,1,2026-01-22,SETTLED
SETTLE_008896,STRIPE,MERCH_0082,USD,1567.75,45.76,1521.99,1,2026-01-19,SETTLED
SETTLE_008897,ADYEN,MERCH_0032,EUR,303.49,1.21,302.28,1,2026-03-18,SETTLED
SETTLE_008898,CHECKOUT_COM,MERCH_0077,EUR,45.75,0.96,44.79,1,2026-03-13,SETTLED
SETTLE_008899,CHECKOUT_COM,MERCH_0071,GBP,480.80,8.80,472.00,1,2026-01-17,SETTLED
SETTLE_008900,CHECKOUT_COM,MERCH_0100,USD,44.25,1.22,43.03,1,2026-02-16,SETTLED
SETTLE_008901,STRIPE,MERCH_0014,INR,2499.00,0.00,2499.00,1,2026-03-04,SETTLED
SETTLE_008902,CHECKOUT_COM,MERCH_0023,EUR,46.00,4.71,41.29,1,2026-02-11,SETTLED
SETTLE_008903,STRIPE,MERCH_0083,CAD,144.95,4.50,140.45,1,2026-01-11,SETTLED
SETTLE_008904,ADYEN,MERCH_0043,EUR,497.00,1.89,495.11,1,2026-02-01,SETTLED
SETTLE_008905,CHECKOUT_COM,MERCH_0025,USD,41.50,1.15,40.35,1,2026-01-11,SETTLED
SETTLE_008906,PAYPAL,MERCH_0090,GBP,50.75,1.77,48.98,1,2026-03-20,SETTLED
SETTLE_008907,STRIPE,MERCH_0055,CAD,90.00,2.91,87.09,1,2026-03-26,SETTLED
SETTLE_008908,STRIPE,MERCH_0076,GBP,351.80,6.88,344.92,1,2026-03-17,SETTLED
SETTLE_008909,PAYPAL,MERCH_0065,INR,299.00,5.59,293.41,1,2026-03-18,SETTLED
SETTLE_008910,PAYPAL,MERCH_0023,USD,451.50,16.25,435.25,1,2026-02-09,SETTLED
SETTLE_008911,ADYEN,MERCH_0026,EUR,189.80,0.81,188.99,1,2026-02-07,SETTLED
SETTLE_008912,STRIPE,MERCH_0070,INR,799.00,0.00,799.00,1,2026-01-07,SETTLED
SETTLE_008913,STRIPE,MERCH_0066,USD,74.75,2.47,72.28,1,2026-02-28,SETTLED
SETTLE_008914,STRIPE,MERCH_0088,EUR,86.25,1.89,84.36,1,2026-03-15,SETTLED
SETTLE_008915,CHECKOUT_COM,MERCH_0051,USD,1097.75,25.45,1072.30,1,2026-01-22,SETTLED
SETTLE_008916,ADYEN,MERCH_0058,USD,569.75,6.94,562.81,1,2026-03-29,SETTLED
SETTLE_008917,CHECKOUT_COM,MERCH_0017,GBP,58.99,1.64,57.35,1,2026-03-12,SETTLED
SETTLE_008918,PAYPAL,MERCH_0072,INR,1984.00,25.81,1958.19,1,2026-01-06,SETTLED
SETTLE_008919,STRIPE,MERCH_0075,CAD,240.80,7.28,233.52,1,2026-03-07,SETTLED
SETTLE_008920,PAYPAL,MERCH_0057,INR,999.00,13.99,985.01,1,2026-02-20,SETTLED
SETTLE_008921,PAYPAL,MERCH_0026,USD,3455.00,121.07,3333.93,1,2026-02-18,SETTLED
SETTLE_008922,STRIPE,MERCH_0006,USD,29.00,0.48,28.52,1,2026-03-02,SETTLED
SETTLE_008923,STRIPE,MERCH_0086,USD,34.25,1.29,32.96,1,2026-02-08,SETTLED
SETTLE_008924,CHECKOUT_COM,MERCH_0038,EUR,3213.00,54.80,3158.20,1,2026-01-19,SETTLED
SETTLE_008925,ADYEN,MERCH_0070,USD,72.00,0.96,71.04,1,2026-02-03,SETTLED
SETTLE_008926,ADYEN,MERCH_0084,USD,615.00,7.48,607.52,1,2026-02-20,SETTLED
SETTLE_008927,STRIPE,MERCH_0035,USD,41.49,0.58,40.91,1,2026-02-05,SETTLED
SETTLE_008928,PAYPAL,MERCH_0020,GBP,153.49,4.75,148.74,1,2026-03-10,SETTLED
SETTLE_008929,STRIPE,MERCH_0085,EUR,168.75,5.96,162.79,1,2026-01-31,SETTLED
SETTLE_008930,CHECKOUT_COM,MERCH_0092,USD,47.95,1.30,46.65,1,2026-03-02,SETTLED
SETTLE_008931,PAYPAL,MERCH_0057,INR,999.00,13.99,985.01,1,2026-03-14,SETTLED
SETTLE_008932,STRIPE,MERCH_0087,EUR,133.00,0.86,132.14,1,2026-01-14,SETTLED
SETTLE_008933,PAYPAL,MERCH_0021,INR,9999.00,121.99,9877.01,1,2026-01-29,SETTLED
SETTLE_008934,ADYEN,MERCH_0069,EUR,2109.49,29.64,2079.85,1,2026-01-22,SETTLED
SETTLE_008935,ADYEN,MERCH_0034,GBP,472.49,7.19,465.30,1,2026-03-03,SETTLED
SETTLE_008937,STRIPE,MERCH_0033,INR,2499.00,0.00,2499.00,1,2026-02-23,SETTLED
SETTLE_008938,ADYEN,MERCH_0085,USD,650.50,13.78,636.72,1,2026-03-17,SETTLED
SETTLE_008939,STRIPE,MERCH_0066,USD,113.95,3.60,110.35,1,2026-03-10,SETTLED
SETTLE_008940,STRIPE,MERCH_0062,CAD,3408.50,99.15,3309.35,1,2026-02-11,SETTLED
SETTLE_008941,STRIPE,MERCH_0056,EUR,113.95,2.42,111.53,1,2026-02-14,SETTLED
SETTLE_008942,ADYEN,MERCH_0023,USD,537.80,6.55,531.25,1,2026-03-11,SETTLED
SETTLE_008943,STRIPE,MERCH_0016,GBP,59.80,1.34,58.46,1,2026-01-30,SETTLED
SETTLE_008944,STRIPE,MERCH_0069,CAD,453.50,13.45,440.05,1,2026-01-30,SETTLED
SETTLE_008945,CHECKOUT_COM,MERCH_0010,GBP,648.50,11.82,636.68,1,2026-01-29,SETTLED
SETTLE_008946,ADYEN,MERCH_0001,USD,417.00,5.10,411.90,1,2026-01-19,SETTLED
SETTLE_008947,PAYPAL,MERCH_0054,INR,1529.00,20.35,1508.65,1,2026-03-22,SETTLED
SETTLE_008948,STRIPE,MERCH_0010,USD,78.99,2.59,76.40,1,2026-03-16,SETTLED
SETTLE_008949,STRIPE,MERCH_0050,USD,41.50,0.58,40.92,1,2026-01-18,SETTLED
SETTLE_008950,CHECKOUT_COM,MERCH_0090,GBP,31.00,0.71,30.29,1,2026-01-23,SETTLED
SETTLE_008951,STRIPE,MERCH_0020,INR,299.00,8.98,290.02,1,2026-01-17,SETTLED
SETTLE_008952,PAYPAL,MERCH_0002,GBP,23.99,1.00,22.99,1,2026-02-12,SETTLED
SETTLE_008953,STRIPE,MERCH_0084,EUR,3197.99,16.19,3181.80,1,2026-02-17,SETTLED
SETTLE_008954,CHECKOUT_COM,MERCH_0037,CAD,164.80,4.18,160.62,1,2026-01-06,SETTLED
SETTLE_008955,STRIPE,MERCH_0023,INR,999.00,22.98,976.02,1,2026-02-07,SETTLED
SETTLE_008956,STRIPE,MERCH_0054,USD,137.75,1.35,136.40,1,2026-03-23,SETTLED
SETTLE_008957,ADYEN,MERCH_0022,GBP,574.75,8.72,566.03,1,2026-01-02,SETTLED
SETTLE_008958,CHECKOUT_COM,MERCH_0100,EUR,364.80,6.38,358.42,1,2026-01-17,SETTLED
SETTLE_008959,STRIPE,MERCH_0083,INR,9984.00,202.68,9781.32,1,2026-01-08,SETTLED
SETTLE_008960,CHECKOUT_COM,MERCH_0094,EUR,203.75,3.64,200.11,1,2026-02-04,SETTLED
SETTLE_008961,ADYEN,MERCH_0090,EUR,59.95,0.36,59.59,1,2026-01-06,SETTLED
SETTLE_008962,CHECKOUT_COM,MERCH_0086,GBP,17.99,0.47,17.52,1,2026-02-05,SETTLED
SETTLE_008963,CHECKOUT_COM,MERCH_0082,GBP,617.50,11.27,606.23,1,2026-02-03,SETTLED
SETTLE_008964,CHECKOUT_COM,MERCH_0023,CAD,454.75,11.13,443.62,1,2026-02-26,SETTLED
SETTLE_008965,STRIPE,MERCH_0037,USD,593.99,9.16,584.83,2,2026-02-23,SETTLED
SETTLE_008966,CHECKOUT_COM,MERCH_0082,EUR,330.75,5.80,324.95,1,2026-03-24,SETTLED
SETTLE_008967,STRIPE,MERCH_0096,USD,254.75,7.69,247.06,1,2026-01-23,SETTLED
SETTLE_008969,CHECKOUT_COM,MERCH_0017,CAD,808.49,19.62,788.87,1,2026-01-15,SETTLED
SETTLE_008970,STRIPE,MERCH_0023,CAD,46.50,1.65,44.85,1,2026-03-18,SETTLED
SETTLE_008971,CHECKOUT_COM,MERCH_0047,CAD,2817.25,48.07,2769.18,1,2026-03-10,SETTLED
SETTLE_008972,STRIPE,MERCH_0072,INR,499.00,0.00,499.00,1,2026-03-02,SETTLED
SETTLE_008973,STRIPE,MERCH_0066,CAD,269.49,8.12,261.37,1,2026-01-11,SETTLED
SETTLE_008974,ADYEN,MERCH_0059,GBP,430.25,6.55,423.70,1,2026-01-30,SETTLED
SETTLE_008975,STRIPE,MERCH_0028,CAD,563.50,16.64,546.86,1,2026-02-19,SETTLED
SETTLE_008976,STRIPE,MERCH_0073,USD,681.80,5.70,676.10,1,2026-01-24,SETTLED
SETTLE_008977,PAYPAL,MERCH_0074,INR,4999.00,61.99,4937.01,1,2026-01-29,SETTLED
SETTLE_008978,STRIPE,MERCH_0021,CAD,22.99,0.97,22.02,1,2026-01-29,SETTLED
SETTLE_008979,STRIPE,MERCH_0098,USD,476.00,4.06,471.94,1,2026-02-22,SETTLED
SETTLE_008980,STRIPE,MERCH_0046,USD,59.49,1.14,58.35,1,2026-02-05,SETTLED
SETTLE_008981,STRIPE,MERCH_0098,USD,160.49,4.95,155.54,1,2026-02-15,SETTLED
SETTLE_008982,ADYEN,MERCH_0070,EUR,467.50,6.65,460.85,1,2026-02-20,SETTLED
SETTLE_008983,ADYEN,MERCH_0045,USD,201.75,2.52,199.23,1,2026-03-24,SETTLED
SETTLE_008984,ADYEN,MERCH_0010,USD,92.25,2.06,90.19,1,2026-01-24,SETTLED
SETTLE_008985,STRIPE,MERCH_0044,EUR,70.25,0.55,69.70,1,2026-03-22,SETTLED
SETTLE_008986,STRIPE,MERCH_0072,INR,499.00,12.98,486.02,1,2026-02-28,SETTLED
SETTLE_008987,PAYPAL,MERCH_0036,EUR,1530.49,49.37,1481.12,1,2026-02-03,SETTLED
SETTLE_008988,CHECKOUT_COM,MERCH_0023,GBP,1801.25,32.57,1768.68,2,2026-03-07,SETTLED
SETTLE_008989,ADYEN,MERCH_0034,USD,327.95,7.01,320.94,1,2026-02-19,SETTLED
SETTLE_008990,CHECKOUT_COM,MERCH_0034,GBP,173.25,3.27,169.98,1,2026-01-04,SETTLED
SETTLE_008991,CHECKOUT_COM,MERCH_0086,EUR,222.80,3.97,218.83,1,2026-02-08,SETTLED
SETTLE_008993,CHECKOUT_COM,MERCH_0099,EUR,177.49,3.20,174.29,1,2026-03-03,SETTLED
SETTLE_008994,CHECKOUT_COM,MERCH_0086,EUR,454.49,7.91,446.58,1,2026-01-06,SETTLED
SETTLE_008995,STRIPE,MERCH_0100,EUR,624.25,3.32,620.93,1,2026-01-18,SETTLED
SETTLE_008996,STRIPE,MERCH_0061,INR,799.00,0.00,799.00,1,2026-01-24,SETTLED
SETTLE_008997,STRIPE,MERCH_0077,GBP,3321.95,63.32,3258.63,1,2026-02-28,SETTLED
SETTLE_008998,STRIPE,MERCH_0071,INR,1499.00,32.98,1466.02,1,2026-03-05,SETTLED
SETTLE_008999,STRIPE,MERCH_0080,EUR,17.25,0.58,16.67,1,2026-02-17,SETTLED
SETTLE_009000,STRIPE,MERCH_0085,USD,406.75,3.50,403.25,1,2026-01-14,SETTLED
SETTLE_009001,ADYEN,MERCH_0025,EUR,196.00,2.85,193.15,1,2026-02-15,SETTLED
SETTLE_009003,STRIPE,MERCH_0079,INR,799.00,18.98,780.02,1,2026-01-31,SETTLED
SETTLE_009004,ADYEN,MERCH_0059,EUR,53.75,0.34,53.41,1,2026-01-22,SETTLED
SETTLE_009006,STRIPE,MERCH_0052,GBP,414.95,8.08,406.87,1,2026-01-09,SETTLED
SETTLE_009007,PAYPAL,MERCH_0018,EUR,511.49,19.26,492.23,1,2026-02-06,SETTLED
SETTLE_009008,CHECKOUT_COM,MERCH_0001,CAD,474.75,11.61,463.14,1,2026-03-30,SETTLED
SETTLE_009009,STRIPE,MERCH_0089,EUR,433.50,8.49,425.01,1,2026-02-20,SETTLED
SETTLE_009010,STRIPE,MERCH_0035,EUR,599.75,11.65,588.10,1,2026-01-29,SETTLED
SETTLE_009011,STRIPE,MERCH_0055,CAD,622.80,18.36,604.44,1,2026-03-22,SETTLED
SETTLE_009012,ADYEN,MERCH_0037,INR,635.50,13.47,622.03,1,2026-03-04,SETTLED
SETTLE_009013,ADYEN,MERCH_0020,USD,30.25,0.76,29.49,1,2026-03-27,SETTLED
SETTLE_009014,ADYEN,MERCH_0081,USD,475.50,5.81,469.69,1,2026-01-20,SETTLED
SETTLE_009015,STRIPE,MERCH_0091,CAD,18.80,0.85,17.95,1,2026-01-21,SETTLED
SETTLE_009016,PAYPAL,MERCH_0089,EUR,360.49,11.93,348.56,1,2026-02-10,SETTLED
SETTLE_009017,STRIPE,MERCH_0069,EUR,617.49,3.29,614.20,1,2026-02-14,SETTLED
SETTLE_009018,CHECKOUT_COM,MERCH_0097,USD,480.50,11.25,469.25,1,2026-02-16,SETTLED
SETTLE_009019,PAYPAL,MERCH_0021,EUR,2722.50,87.51,2634.99,1,2026-02-01,SETTLED
SETTLE_009020,PAYPAL,MERCH_0012,INR,799.00,11.59,787.41,1,2026-02-25,SETTLED
SETTLE_009021,STRIPE,MERCH_0021,USD,371.80,5.83,365.97,1,2026-02-01,SETTLED
SETTLE_009022,STRIPE,MERCH_0046,CAD,28.00,1.11,26.89,1,2026-03-15,SETTLED
SETTLE_009023,STRIPE,MERCH_0067,EUR,36.95,0.95,36.00,1,2026-01-12,SETTLED
SETTLE_009024,STRIPE,MERCH_0066,INR,499.00,12.98,486.02,1,2026-02-07,SETTLED
SETTLE_009025,CHECKOUT_COM,MERCH_0022,USD,282.75,6.70,276.05,1,2026-01-06,SETTLED
SETTLE_009026,ADYEN,MERCH_0013,GBP,78.50,1.28,77.22,1,2026-03-14,SETTLED
SETTLE_009027,STRIPE,MERCH_0056,GBP,399.95,7.80,392.15,1,2026-01-17,SETTLED
SETTLE_009028,PAYPAL,MERCH_0097,GBP,62.99,2.13,60.86,1,2026-01-13,SETTLED
SETTLE_009029,STRIPE,MERCH_0047,GBP,297.50,5.85,291.65,1,2026-02-10,SETTLED
SETTLE_009030,STRIPE,MERCH_0021,GBP,354.00,6.93,347.07,1,2026-01-28,SETTLED
SETTLE_009032,STRIPE,MERCH_0082,EUR,67.49,0.54,66.95,1,2026-01-10,SETTLED
SETTLE_009033,PAYPAL,MERCH_0089,USD,38.99,1.85,37.14,1,2026-02-01,SETTLED
SETTLE_009034,PAYPAL,MERCH_0054,GBP,595.49,17.57,577.92,1,2026-03-09,SETTLED
SETTLE_009035,ADYEN,MERCH_0066,USD,126.99,9.62,117.37,1,2026-02-11,SETTLED
SETTLE_009036,CHECKOUT_COM,MERCH_0019,CAD,587.95,14.33,573.62,1,2026-01-13,SETTLED
SETTLE_009037,PAYPAL,MERCH_0078,GBP,39.95,1.46,38.49,1,2026-02-01,SETTLED
SETTLE_009038,ADYEN,MERCH_0003,USD,2222.95,26.78,2196.17,1,2026-02-04,SETTLED
SETTLE_009039,STRIPE,MERCH_0022,USD,16.75,0.38,16.37,1,2026-02-23,SETTLED
SETTLE_009040,PAYPAL,MERCH_0010,GBP,52.25,1.82,50.43,1,2026-01-23,SETTLED
SETTLE_009041,STRIPE,MERCH_0051,USD,22.80,0.96,21.84,1,2026-03-26,SETTLED
SETTLE_009042,ADYEN,MERCH_0080,USD,271.95,5.83,266.12,1,2026-04-01,SETTLED
SETTLE_009043,ADYEN,MERCH_0026,EUR,67.95,0.39,67.56,1,2026-01-21,SETTLED
SETTLE_009044,ADYEN,MERCH_0042,USD,50.75,1.19,49.56,1,2026-03-16,SETTLED
SETTLE_009045,PAYPAL,MERCH_0051,USD,198.95,7.43,191.52,1,2026-01-14,SETTLED
SETTLE_009046,ADYEN,MERCH_0062,USD,441.50,5.40,436.10,1,2026-02-18,SETTLED
SETTLE_009047,STRIPE,MERCH_0068,GBP,43.49,1.03,42.46,1,2026-01-17,SETTLED
SETTLE_009048,STRIPE,MERCH_0077,GBP,35.50,0.87,34.63,1,2026-01-15,SETTLED
SETTLE_009049,PAYPAL,MERCH_0001,GBP,78.80,2.59,76.21,1,2026-03-27,SETTLED
SETTLE_009050,ADYEN,MERCH_0096,GBP,103.80,1.66,102.14,1,2026-03-12,SETTLED
SETTLE_009051,PAYPAL,MERCH_0062,GBP,131.25,4.11,127.14,1,2026-02-18,SETTLED
SETTLE_009052,STRIPE,MERCH_0082,GBP,15.80,0.28,15.52,1,2026-02-07,SETTLED
SETTLE_009053,ADYEN,MERCH_0026,USD,64.80,8.88,55.92,1,2026-01-27,SETTLED
SETTLE_009054,STRIPE,MERCH_0033,GBP,236.95,4.70,232.25,1,2026-01-21,SETTLED
SETTLE_009055,CHECKOUT_COM,MERCH_0013,USD,338.50,7.99,330.51,1,2026-01-19,SETTLED
SETTLE_009056,STRIPE,MERCH_0006,USD,30.45,1.18,29.27,1,2026-02-24,SETTLED
SETTLE_009057,CHECKOUT_COM,MERCH_0059,USD,176.00,3.17,172.83,1,2026-01-08,SETTLED
SETTLE_009058,PAYPAL,MERCH_0070,INR,3999.00,49.99,3949.01,1,2026-02-17,SETTLED
SETTLE_009059,CHECKOUT_COM,MERCH_0022,CAD,77.50,2.08,75.42,1,2026-03-10,SETTLED
SETTLE_009060,STRIPE,MERCH_0078,GBP,221.99,4.42,217.57,1,2026-03-01,SETTLED
SETTLE_009061,STRIPE,MERCH_0083,INR,15000.00,0.00,15000.00,1,2026-01-10,SETTLED
SETTLE_009062,ADYEN,MERCH_0035,EUR,47.80,0.32,47.48,1,2026-02-04,SETTLED
SETTLE_009063,PAYPAL,MERCH_0045,INR,999.00,13.99,985.01,1,2026-03-24,SETTLED
SETTLE_009064,ADYEN,MERCH_0020,EUR,36.50,0.62,35.88,1,2026-03-30,SETTLED
SETTLE_009065,STRIPE,MERCH_0041,USD,836.80,12.80,824.00,1,2026-01-02,SETTLED
SETTLE_009066,CHECKOUT_COM,MERCH_0050,CAD,33.00,1.01,31.99,1,2026-03-28,SETTLED
SETTLE_009067,ADYEN,MERCH_0052,EUR,65.80,1.03,64.77,2,2026-02-17,SETTLED
SETTLE_009068,PAYPAL,MERCH_0005,EUR,297.49,17.41,280.08,1,2026-01-24,SETTLED
SETTLE_009069,CHECKOUT_COM,MERCH_0065,USD,405.95,9.54,396.41,1,2026-03-20,SETTLED
SETTLE_009070,ADYEN,MERCH_0091,USD,1019.75,12.34,1007.41,1,2026-03-13,SETTLED
SETTLE_009071,CHECKOUT_COM,MERCH_0058,USD,618.95,14.44,604.51,1,2026-02-25,SETTLED
SETTLE_009072,ADYEN,MERCH_0088,EUR,361.49,5.17,356.32,1,2026-01-11,SETTLED
SETTLE_009073,CHECKOUT_COM,MERCH_0072,GBP,525.80,9.61,516.19,1,2026-03-14,SETTLED
SETTLE_009074,CHECKOUT_COM,MERCH_0042,EUR,1937.00,33.11,1903.89,1,2026-03-26,SETTLED
SETTLE_009075,CHECKOUT_COM,MERCH_0076,USD,45.25,2.74,42.51,1,2026-02-11,SETTLED
SETTLE_009076,PAYPAL,MERCH_0052,INR,1499.00,19.99,1479.01,1,2026-03-06,SETTLED
SETTLE_009077,PAYPAL,MERCH_0018,INR,4999.00,61.99,4937.01,1,2026-01-24,SETTLED
SETTLE_009078,STRIPE,MERCH_0063,INR,899.00,0.00,899.00,1,2026-04-01,SETTLED
SETTLE_009079,STRIPE,MERCH_0011,EUR,309.75,1.75,308.00,1,2026-03-10,SETTLED
SETTLE_009080,ADYEN,MERCH_0062,GBP,332.50,5.09,327.41,2,2026-03-27,SETTLED
SETTLE_009081,STRIPE,MERCH_0077,GBP,3418.25,65.15,3353.10,1,2026-03-08,SETTLED
SETTLE_009082,STRIPE,MERCH_0077,GBP,438.49,8.53,429.96,1,2026-02-08,SETTLED
SETTLE_009083,STRIPE,MERCH_0094,EUR,37.25,0.39,36.86,1,2026-02-21,SETTLED
SETTLE_009084,STRIPE,MERCH_0028,CAD,227.80,6.91,220.89,1,2026-02-18,SETTLED
SETTLE_009085,PAYPAL,MERCH_0022,INR,15000.00,182.00,14818.00,1,2026-01-06,SETTLED
SETTLE_009086,STRIPE,MERCH_0025,INR,15000.00,0.00,15000.00,1,2026-02-25,SETTLED
SETTLE_009087,CHECKOUT_COM,MERCH_0005,GBP,585.25,10.68,574.57,1,2026-02-21,SETTLED
SETTLE_009088,PAYPAL,MERCH_0048,GBP,3084.99,89.76,2995.23,1,2026-03-31,SETTLED
SETTLE_009089,STRIPE,MERCH_0097,INR,3999.00,0.00,3999.00,1,2026-01-12,SETTLED
SETTLE_009090,CHECKOUT_COM,MERCH_0086,USD,165.50,4.01,161.49,1,2026-02-19,SETTLED
SETTLE_009091,PAYPAL,MERCH_0040,INR,2499.00,31.99,2467.01,1,2026-02-04,SETTLED
SETTLE_009092,PAYPAL,MERCH_0019,EUR,27.75,5.03,22.72,1,2026-03-17,SETTLED
SETTLE_009093,STRIPE,MERCH_0013,USD,68.95,2.30,66.65,1,2026-02-09,SETTLED
SETTLE_009094,STRIPE,MERCH_0058,USD,479.00,18.19,460.81,1,2026-04-01,SETTLED
SETTLE_009095,STRIPE,MERCH_0066,USD,70.00,0.81,69.19,1,2026-02-01,SETTLED
SETTLE_009096,ADYEN,MERCH_0055,USD,359.80,7.68,352.12,1,2026-02-04,SETTLED
SETTLE_009097,ADYEN,MERCH_0099,EUR,372.25,1.45,370.80,1,2026-03-03,SETTLED
SETTLE_009098,ADYEN,MERCH_0022,USD,61.80,1.42,60.38,1,2026-02-02,SETTLED
SETTLE_009099,CHECKOUT_COM,MERCH_0017,GBP,255.00,4.74,250.26,1,2026-02-16,SETTLED
SETTLE_009100,STRIPE,MERCH_0084,INR,349.00,0.00,349.00,1,2026-03-20,SETTLED
SETTLE_009102,STRIPE,MERCH_0088,GBP,262.80,5.19,257.61,1,2026-03-11,SETTLED
SETTLE_009103,ADYEN,MERCH_0038,USD,47.80,0.67,47.13,1,2026-01-31,SETTLED
SETTLE_009104,STRIPE,MERCH_0027,INR,93.49,1.65,91.84,1,2026-03-19,SETTLED
SETTLE_009105,STRIPE,MERCH_0054,INR,499.00,12.98,486.02,1,2026-01-10,SETTLED
SETTLE_009106,STRIPE,MERCH_0061,INR,15000.00,303.00,14697.00,1,2026-01-09,SETTLED
SETTLE_009107,PAYPAL,MERCH_0057,USD,2189.25,76.89,2112.36,1,2026-01-24,SETTLED
SETTLE_009109,ADYEN,MERCH_0019,GBP,58.49,0.98,57.51,1,2026-01-08,SETTLED
SETTLE_009110,PAYPAL,MERCH_0086,INR,799.00,11.59,787.41,1,2026-03-19,SETTLED
SETTLE_009111,STRIPE,MERCH_0100,USD,28.95,0.68,28.27,1,2026-03-31,SETTLED
SETTLE_009112,STRIPE,MERCH_0041,INR,1499.00,32.98,1466.02,1,2026-02-03,SETTLED
SETTLE_009113,CHECKOUT_COM,MERCH_0056,CAD,83.95,2.23,81.72,1,2026-02-21,SETTLED
SETTLE_009114,ADYEN,MERCH_0027,EUR,147.49,0.67,146.82,2,2026-02-13,SETTLED
SETTLE_009115,STRIPE,MERCH_0071,USD,408.50,3.52,404.98,1,2026-03-29,SETTLED
SETTLE_009116,STRIPE,MERCH_0010,GBP,71.25,2.37,68.88,1,2026-02-24,SETTLED
SETTLE_009117,STRIPE,MERCH_0045,USD,50.49,1.76,48.73,1,2026-02-10,SETTLED
SETTLE_009118,STRIPE,MERCH_0021,EUR,436.99,8.55,428.44,1,2026-02-15,SETTLED
SETTLE_009119,CHECKOUT_COM,MERCH_0007,EUR,18.49,0.49,18.00,1,2026-02-27,SETTLED
SETTLE_009120,ADYEN,MERCH_0064,EUR,540.49,2.04,538.45,1,2026-03-31,SETTLED
SETTLE_009121,CHECKOUT_COM,MERCH_0059,EUR,1559.75,26.70,1533.05,1,2026-02-18,SETTLED
SETTLE_009122,ADYEN,MERCH_0087,GBP,533.49,8.10,525.39,1,2026-02-28,SETTLED
SETTLE_009123,STRIPE,MERCH_0014,EUR,71.50,1.61,69.89,1,2026-02-15,SETTLED
SETTLE_009124,ADYEN,MERCH_0044,USD,63.95,0.87,63.08,1,2026-02-18,SETTLED
SETTLE_009125,ADYEN,MERCH_0064,USD,390.25,8.32,381.93,1,2026-01-26,SETTLED
SETTLE_009126,STRIPE,MERCH_0066,CAD,35.25,1.32,33.93,1,2026-01-10,SETTLED
SETTLE_009127,CHECKOUT_COM,MERCH_0013,EUR,431.75,5.52,426.23,1,2026-02-18,SETTLED
SETTLE_009128,PAYPAL,MERCH_0033,USD,39.95,1.88,38.07,1,2026-03-11,SETTLED
SETTLE_009129,STRIPE,MERCH_0050,CAD,22.80,0.96,21.84,1,2026-03-11,SETTLED
SETTLE_009130,STRIPE,MERCH_0077,GBP,269.80,5.33,264.47,1,2026-02-19,SETTLED
SETTLE_009131,CHECKOUT_COM,MERCH_0071,EUR,86.75,1.65,85.10,1,2026-01-25,SETTLED
SETTLE_009132,STRIPE,MERCH_0020,USD,427.49,12.70,414.79,1,2026-03-29,SETTLED
SETTLE_009133,CHECKOUT_COM,MERCH_0067,USD,580.25,13.55,566.70,1,2026-03-20,SETTLED
SETTLE_009134,ADYEN,MERCH_0035,USD,307.50,3.79,303.71,1,2026-02-25,SETTLED
SETTLE_009135,STRIPE,MERCH_0090,INR,2499.00,52.98,2446.02,1,2026-03-22,SETTLED
SETTLE_009136,STRIPE,MERCH_0092,INR,499.00,0.00,499.00,1,2026-03-14,SETTLED
SETTLE_009137,STRIPE,MERCH_0083,GBP,253.99,5.03,248.96,1,2026-03-29,SETTLED
SETTLE_009138,ADYEN,MERCH_0037,USD,335.25,4.12,331.13,1,2026-02-12,SETTLED
SETTLE_009139,STRIPE,MERCH_0026,CAD,448.80,13.32,435.48,1,2026-02-24,SETTLED
SETTLE_009140,STRIPE,MERCH_0058,USD,2033.75,59.28,1974.47,1,2026-02-07,SETTLED
SETTLE_009141,STRIPE,MERCH_0053,EUR,2212.25,38.78,2173.47,1,2026-03-02,SETTLED
SETTLE_009143,STRIPE,MERCH_0095,INR,499.00,12.98,486.02,1,2026-03-12,SETTLED
SETTLE_009144,PAYPAL,MERCH_0014,INR,15000.00,182.00,14818.00,1,2026-03-01,SETTLED
SETTLE_009146,ADYEN,MERCH_0001,EUR,49.50,0.80,48.70,1,2026-03-22,SETTLED
SETTLE_009147,CHECKOUT_COM,MERCH_0065,CAD,30.95,0.96,29.99,1,2026-03-14,SETTLED
SETTLE_009148,ADYEN,MERCH_0069,EUR,432.50,6.17,426.33,1,2026-01-04,SETTLED
SETTLE_009149,STRIPE,MERCH_0070,EUR,3404.00,64.93,3339.07,1,2026-02-02,SETTLED
SETTLE_009150,CHECKOUT_COM,MERCH_0029,USD,320.80,7.58,313.22,1,2026-02-23,SETTLED
SETTLE_009151,STRIPE,MERCH_0018,EUR,958.99,4.99,954.00,1,2026-01-23,SETTLED
SETTLE_009152,ADYEN,MERCH_0074,EUR,279.95,1.13,278.82,1,2026-01-08,SETTLED
SETTLE_009153,PAYPAL,MERCH_0061,GBP,344.00,10.28,333.72,1,2026-01-07,SETTLED
SETTLE_009154,PAYPAL,MERCH_0013,EUR,1055.75,34.17,1021.58,1,2026-03-30,SETTLED
SETTLE_009155,ADYEN,MERCH_0045,USD,314.50,3.87,310.63,1,2026-02-21,SETTLED
SETTLE_009156,CHECKOUT_COM,MERCH_0034,CAD,76.95,4.57,72.38,1,2026-02-16,SETTLED
SETTLE_009158,PAYPAL,MERCH_0041,GBP,21.80,0.93,20.87,1,2026-01-23,SETTLED
SETTLE_009159,PAYPAL,MERCH_0046,GBP,68.25,2.28,65.97,1,2026-01-29,SETTLED
SETTLE_009161,PAYPAL,MERCH_0070,USD,101.75,4.04,97.71,1,2026-03-28,SETTLED
SETTLE_009162,CHECKOUT_COM,MERCH_0100,GBP,639.25,15.56,623.69,1,2026-03-29,SETTLED
SETTLE_009163,STRIPE,MERCH_0021,INR,2049.00,43.98,2005.02,1,2026-01-04,SETTLED
SETTLE_009164,STRIPE,MERCH_0011,INR,999.00,0.00,999.00,1,2026-03-13,SETTLED
SETTLE_009165,STRIPE,MERCH_0026,EUR,1816.49,9.28,1807.21,1,2026-02-20,SETTLED
SETTLE_009166,ADYEN,MERCH_0005,GBP,422.95,6.44,416.51,1,2026-01-29,SETTLED
SETTLE_009167,ADYEN,MERCH_0071,EUR,317.25,4.55,312.70,1,2026-02-09,SETTLED
SETTLE_009168,STRIPE,MERCH_0012,CAD,459.99,13.64,446.35,1,2026-01-10,SETTLED
SETTLE_009170,PAYPAL,MERCH_0046,GBP,26.99,1.08,25.91,1,2026-02-28,SETTLED
SETTLE_009171,ADYEN,MERCH_0058,EUR,2578.99,9.18,2569.81,1,2026-03-26,SETTLED
SETTLE_009172,STRIPE,MERCH_0095,INR,9999.00,202.98,9796.02,1,2026-03-06,SETTLED
SETTLE_009173,ADYEN,MERCH_0049,EUR,76.25,0.42,75.83,1,2026-02-13,SETTLED
SETTLE_009174,STRIPE,MERCH_0024,INR,799.00,0.00,799.00,1,2026-01-26,SETTLED
SETTLE_009175,STRIPE,MERCH_0091,USD,2686.49,78.21,2608.28,1,2026-01-21,SETTLED
SETTLE_009176,STRIPE,MERCH_0096,USD,163.00,5.03,157.97,1,2026-03-30,SETTLED
SETTLE_009177,STRIPE,MERCH_0014,INR,1499.00,0.00,1499.00,1,2026-02-11,SETTLED
SETTLE_009178,STRIPE,MERCH_0085,EUR,27.00,0.34,26.66,1,2026-01-08,SETTLED
SETTLE_009179,CHECKOUT_COM,MERCH_0059,EUR,303.75,7.51,296.24,1,2026-03-31,SETTLED
SETTLE_009180,PAYPAL,MERCH_0059,INR,3999.00,49.99,3949.01,1,2026-03-04,SETTLED
SETTLE_009181,ADYEN,MERCH_0091,USD,48.80,1.14,47.66,1,2026-02-17,SETTLED
SETTLE_009182,STRIPE,MERCH_0034,USD,61.99,0.75,61.24,1,2026-03-19,SETTLED
SETTLE_009183,PAYPAL,MERCH_0099,USD,409.95,14.80,395.15,1,2026-01-13,SETTLED
SETTLE_009184,ADYEN,MERCH_0059,EUR,66.49,1.04,65.45,1,2026-03-21,SETTLED
SETTLE_009185,CHECKOUT_COM,MERCH_0060,GBP,383.99,7.06,376.93,1,2026-02-26,SETTLED
SETTLE_009186,ADYEN,MERCH_0072,USD,502.49,6.13,496.36,1,2026-02-10,SETTLED
SETTLE_009187,ADYEN,MERCH_0090,EUR,50.00,0.32,49.68,1,2026-01-25,SETTLED
SETTLE_009188,PAYPAL,MERCH_0049,USD,252.49,9.30,243.19,1,2026-03-05,SETTLED
SETTLE_009189,ADYEN,MERCH_0076,EUR,230.00,0.95,229.05,1,2026-03-06,SETTLED
SETTLE_009190,ADYEN,MERCH_0011,USD,19.25,0.33,18.92,1,2026-02-27,SETTLED
SETTLE_009191,STRIPE,MERCH_0041,CAD,248.50,7.51,240.99,1,2026-03-28,SETTLED
SETTLE_009192,STRIPE,MERCH_0034,CAD,2462.95,71.73,2391.22,1,2026-02-25,SETTLED
SETTLE_009193,STRIPE,MERCH_0070,INR,299.00,10.48,288.52,1,2026-03-06,SETTLED
SETTLE_009194,STRIPE,MERCH_0017,CAD,41.99,1.52,40.47,1,2026-02-01,SETTLED
SETTLE_009195,ADYEN,MERCH_0002,USD,431.00,9.17,421.83,1,2026-03-17,SETTLED
SETTLE_009196,ADYEN,MERCH_0033,USD,413.99,8.81,405.18,1,2026-03-17,SETTLED
SETTLE_009197,CHECKOUT_COM,MERCH_0079,CAD,54.99,1.54,53.45,1,2026-01-10,SETTLED
SETTLE_009198,STRIPE,MERCH_0100,USD,50.80,9.77,41.03,1,2026-01-04,SETTLED
SETTLE_009199,STRIPE,MERCH_0002,EUR,53.49,1.27,52.22,1,2026-02-01,SETTLED
SETTLE_009200,STRIPE,MERCH_0004,EUR,213.99,1.27,212.72,1,2026-01-19,SETTLED
SETTLE_009201,CHECKOUT_COM,MERCH_0003,USD,52.99,1.42,51.57,1,2026-03-07,SETTLED
SETTLE_009202,ADYEN,MERCH_0042,GBP,73.50,1.20,72.30,1,2026-01-16,SETTLED
SETTLE_009203,PAYPAL,MERCH_0016,USD,448.75,16.15,432.60,1,2026-03-14,SETTLED
SETTLE_009204,CHECKOUT_COM,MERCH_0041,EUR,494.99,8.59,486.40,1,2026-02-11,SETTLED
SETTLE_009205,CHECKOUT_COM,MERCH_0005,GBP,2923.95,52.78,2871.17,1,2026-01-15,SETTLED
SETTLE_009206,CHECKOUT_COM,MERCH_0036,EUR,2896.80,49.43,2847.37,1,2026-01-23,SETTLED
SETTLE_009207,STRIPE,MERCH_0062,INR,2499.00,52.98,2446.02,1,2026-02-15,SETTLED
SETTLE_009208,STRIPE,MERCH_0019,EUR,132.25,2.76,129.49,1,2026-02-03,SETTLED
SETTLE_009210,STRIPE,MERCH_0066,CAD,17.99,0.82,17.17,1,2026-03-19,SETTLED
SETTLE_009212,STRIPE,MERCH_0033,USD,223.75,6.79,216.96,1,2026-01-16,SETTLED
SETTLE_009213,STRIPE,MERCH_0065,EUR,48.80,1.18,47.62,1,2026-03-28,SETTLED
SETTLE_009214,STRIPE,MERCH_0002,USD,794.00,12.16,781.84,1,2026-02-07,SETTLED
SETTLE_009215,CHECKOUT_COM,MERCH_0081,CAD,49.50,1.41,48.09,1,2026-03-23,SETTLED
SETTLE_009216,STRIPE,MERCH_0020,USD,345.95,3.02,342.93,2,2026-03-04,SETTLED
SETTLE_009217,STRIPE,MERCH_0075,INR,799.00,15.48,783.52,1,2026-02-14,SETTLED
SETTLE_009218,STRIPE,MERCH_0038,INR,799.00,18.98,780.02,1,2026-02-11,SETTLED
SETTLE_009219,STRIPE,MERCH_0016,GBP,71.25,1.55,69.70,1,2026-02-16,SETTLED
SETTLE_009220,ADYEN,MERCH_0050,EUR,3206.49,45.00,3161.49,1,2026-03-05,SETTLED
SETTLE_009221,STRIPE,MERCH_0025,USD,285.50,4.53,280.97,1,2026-01-16,SETTLED
SETTLE_009222,ADYEN,MERCH_0084,USD,275.50,7.16,268.34,1,2026-04-01,SETTLED
SETTLE_009223,CHECKOUT_COM,MERCH_0008,EUR,136.95,2.51,134.44,1,2026-03-19,SETTLED
SETTLE_009224,ADYEN,MERCH_0025,EUR,3095.95,43.45,3052.50,1,2026-02-15,SETTLED
SETTLE_009225,STRIPE,MERCH_0047,INR,15000.00,303.00,14697.00,1,2026-03-19,SETTLED
SETTLE_009226,ADYEN,MERCH_0086,EUR,397.80,1.54,396.26,1,2026-02-23,SETTLED
SETTLE_009227,ADYEN,MERCH_0041,EUR,1338.49,18.85,1319.64,1,2026-03-30,SETTLED
SETTLE_009228,ADYEN,MERCH_0015,USD,75.75,1.01,74.74,1,2026-03-09,SETTLED
SETTLE_009229,CHECKOUT_COM,MERCH_0023,CAD,572.99,13.97,559.02,1,2026-02-20,SETTLED
SETTLE_009230,ADYEN,MERCH_0046,USD,272.99,5.85,267.14,1,2026-02-22,SETTLED
SETTLE_009231,STRIPE,MERCH_0003,GBP,2087.99,39.87,2048.12,1,2026-03-05,SETTLED
SETTLE_009232,ADYEN,MERCH_0017,USD,20.49,0.35,20.14,1,2026-01-23,SETTLED
SETTLE_009233,STRIPE,MERCH_0010,USD,26.95,1.08,25.87,1,2026-03-22,SETTLED
SETTLE_009234,STRIPE,MERCH_0075,INR,1499.00,0.00,1499.00,1,2026-01-07,SETTLED
SETTLE_009235,ADYEN,MERCH_0046,USD,17.00,0.48,16.52,1,2026-02-09,SETTLED
SETTLE_009237,ADYEN,MERCH_0054,USD,724.80,15.34,709.46,1,2026-02-27,SETTLED
SETTLE_009238,CHECKOUT_COM,MERCH_0062,USD,406.95,9.56,397.39,1,2026-01-22,SETTLED
SETTLE_009239,STRIPE,MERCH_0012,EUR,496.95,9.69,487.26,1,2026-02-27,SETTLED
SETTLE_009240,PAYPAL,MERCH_0081,USD,20.50,1.21,19.29,1,2026-01-27,SETTLED
SETTLE_009241,ADYEN,MERCH_0049,GBP,74.95,1.22,73.73,1,2026-03-10,SETTLED
SETTLE_009242,ADYEN,MERCH_0073,USD,126.99,1.62,125.37,1,2026-03-16,SETTLED
SETTLE_009243,CHECKOUT_COM,MERCH_0055,USD,498.99,11.68,487.31,1,2026-01-24,SETTLED
SETTLE_009244,CHECKOUT_COM,MERCH_0090,CAD,467.50,11.44,456.06,1,2026-01-04,SETTLED
SETTLE_009245,STRIPE,MERCH_0007,EUR,315.49,7.74,307.75,1,2026-01-22,SETTLED
SETTLE_009246,PAYPAL,MERCH_0043,GBP,36.49,1.36,35.13,1,2026-03-17,SETTLED
SETTLE_009247,CHECKOUT_COM,MERCH_0012,EUR,302.00,5.31,296.69,1,2026-01-03,SETTLED
SETTLE_009248,PAYPAL,MERCH_0063,INR,2499.00,31.99,2467.01,1,2026-01-15,SETTLED
SETTLE_009249,STRIPE,MERCH_0006,EUR,24.25,0.32,23.93,1,2026-01-06,SETTLED
SETTLE_009250,PAYPAL,MERCH_0069,USD,2797.25,98.11,2699.14,1,2026-02-08,SETTLED
SETTLE_009251,STRIPE,MERCH_0053,CAD,133.50,4.17,129.33,1,2026-01-18,SETTLED
SETTLE_009252,ADYEN,MERCH_0069,GBP,614.95,9.32,605.63,1,2026-03-02,SETTLED
SETTLE_009253,PAYPAL,MERCH_0020,USD,542.80,19.43,523.37,1,2026-01-31,SETTLED
SETTLE_009254,STRIPE,MERCH_0063,USD,634.95,18.71,616.24,1,2026-02-22,SETTLED
SETTLE_009255,ADYEN,MERCH_0097,USD,42.50,1.01,41.49,1,2026-01-26,SETTLED
SETTLE_009256,STRIPE,MERCH_0019,EUR,1397.00,26.79,1370.21,1,2026-03-05,SETTLED
SETTLE_009257,STRIPE,MERCH_0065,USD,205.75,1.90,203.85,1,2026-03-01,SETTLED
SETTLE_009258,STRIPE,MERCH_0089,USD,26.50,0.65,25.85,1,2026-01-18,SETTLED
SETTLE_009259,STRIPE,MERCH_0093,USD,56.50,0.70,55.80,1,2026-03-21,SETTLED
SETTLE_009260,STRIPE,MERCH_0088,INR,2499.00,0.00,2499.00,1,2026-02-20,SETTLED
SETTLE_009261,ADYEN,MERCH_0051,GBP,60.75,1.01,59.74,1,2026-02-13,SETTLED
SETTLE_009262,PAYPAL,MERCH_0086,EUR,93.50,3.38,90.12,1,2026-02-24,SETTLED
SETTLE_009263,PAYPAL,MERCH_0028,INR,499.00,7.99,491.01,1,2026-01-18,SETTLED
SETTLE_009264,STRIPE,MERCH_0068,CAD,29.50,1.16,28.34,1,2026-03-04,SETTLED
SETTLE_009265,STRIPE,MERCH_0039,INR,1499.00,32.98,1466.02,1,2026-02-16,SETTLED
SETTLE_009266,STRIPE,MERCH_0086,USD,186.49,5.71,180.78,1,2026-03-28,SETTLED
SETTLE_009267,STRIPE,MERCH_0065,USD,100.99,1.06,99.93,1,2026-02-04,SETTLED
SETTLE_009268,PAYPAL,MERCH_0096,GBP,48.99,1.72,47.27,1,2026-01-29,SETTLED
SETTLE_009269,STRIPE,MERCH_0035,INR,15000.00,0.00,15000.00,1,2026-02-20,SETTLED
SETTLE_009270,ADYEN,MERCH_0092,EUR,109.75,1.65,108.10,1,2026-01-30,SETTLED
SETTLE_009271,STRIPE,MERCH_0033,USD,116.00,1.18,114.82,1,2026-01-08,SETTLED
SETTLE_009272,ADYEN,MERCH_0094,EUR,63.75,0.37,63.38,1,2026-02-02,SETTLED
SETTLE_009273,STRIPE,MERCH_0073,CAD,25.49,1.04,24.45,1,2026-01-30,SETTLED
SETTLE_009274,STRIPE,MERCH_0024,USD,33.95,1.28,32.67,1,2026-01-08,SETTLED
SETTLE_009275,STRIPE,MERCH_0001,EUR,603.49,11.72,591.77,1,2026-01-18,SETTLED
SETTLE_009276,STRIPE,MERCH_0047,USD,197.00,6.01,190.99,1,2026-01-05,SETTLED
SETTLE_009277,ADYEN,MERCH_0066,EUR,75.75,0.42,75.33,1,2026-01-27,SETTLED
SETTLE_009278,ADYEN,MERCH_0062,EUR,23.80,8.23,15.57,1,2026-03-05,SETTLED
SETTLE_009279,CHECKOUT_COM,MERCH_0026,GBP,157.75,2.99,154.76,2,2026-02-11,SETTLED
SETTLE_009280,PAYPAL,MERCH_0024,GBP,563.25,16.63,546.62,1,2026-02-17,SETTLED
SETTLE_009281,PAYPAL,MERCH_0076,INR,799.00,11.59,787.41,1,2026-03-27,SETTLED
SETTLE_009282,PAYPAL,MERCH_0060,USD,19.49,4.92,14.57,1,2026-02-10,SETTLED
SETTLE_009283,STRIPE,MERCH_0004,EUR,120.49,0.80,119.69,1,2026-01-04,SETTLED
SETTLE_009284,PAYPAL,MERCH_0065,INR,299.00,5.59,293.41,1,2026-01-25,SETTLED
SETTLE_009285,STRIPE,MERCH_0070,USD,478.95,7.43,471.52,1,2026-01-17,SETTLED
SETTLE_009286,ADYEN,MERCH_0072,EUR,127.00,1.89,125.11,1,2026-01-19,SETTLED
SETTLE_009287,CHECKOUT_COM,MERCH_0070,CAD,78.00,2.09,75.91,1,2026-02-10,SETTLED
SETTLE_009288,ADYEN,MERCH_0057,USD,41.99,0.60,41.39,1,2026-03-23,SETTLED
SETTLE_009289,CHECKOUT_COM,MERCH_0030,USD,62.95,1.65,61.30,1,2026-03-21,SETTLED
SETTLE_009290,CHECKOUT_COM,MERCH_0019,USD,71.80,1.85,69.95,1,2026-01-27,SETTLED
SETTLE_009291,ADYEN,MERCH_0094,USD,240.75,5.18,235.57,1,2026-02-18,SETTLED
SETTLE_009292,ADYEN,MERCH_0015,USD,394.75,8.41,386.34,1,2026-01-24,SETTLED
SETTLE_009293,PAYPAL,MERCH_0080,GBP,365.95,10.91,355.04,1,2026-02-10,SETTLED
SETTLE_009294,PAYPAL,MERCH_0014,EUR,37.99,1.61,36.38,1,2026-02-11,SETTLED
SETTLE_009295,STRIPE,MERCH_0059,USD,458.00,3.91,454.09,1,2026-02-19,SETTLED
SETTLE_009296,STRIPE,MERCH_0086,CAD,552.95,18.84,534.11,1,2026-01-28,SETTLED
SETTLE_009297,CHECKOUT_COM,MERCH_0009,USD,64.25,1.68,62.57,1,2026-01-16,SETTLED
SETTLE_009298,ADYEN,MERCH_0014,GBP,3382.49,50.84,3331.65,1,2026-03-23,SETTLED
SETTLE_009299,STRIPE,MERCH_0057,USD,1457.95,42.58,1415.37,1,2026-01-12,SETTLED
SETTLE_009300,ADYEN,MERCH_0053,GBP,570.80,8.66,562.14,1,2026-01-17,SETTLED
SETTLE_009301,ADYEN,MERCH_0050,GBP,103.00,1.65,101.35,1,2026-03-21,SETTLED
SETTLE_009302,STRIPE,MERCH_0047,USD,174.75,5.37,169.38,1,2026-03-03,SETTLED
SETTLE_009303,PAYPAL,MERCH_0030,INR,1999.00,25.99,1973.01,1,2026-01-11,SETTLED
SETTLE_009304,PAYPAL,MERCH_0077,GBP,72.80,4.91,67.89,1,2026-03-10,SETTLED
SETTLE_009305,STRIPE,MERCH_0027,USD,3078.75,46.43,3032.32,1,2026-02-16,SETTLED
SETTLE_009306,STRIPE,MERCH_0088,EUR,60.00,1.39,58.61,1,2026-03-22,SETTLED
SETTLE_009307,STRIPE,MERCH_0073,CAD,49.80,1.74,48.06,1,2026-01-08,SETTLED
SETTLE_009308,ADYEN,MERCH_0054,USD,327.49,7.00,320.49,1,2026-02-09,SETTLED
SETTLE_009309,STRIPE,MERCH_0009,USD,543.50,8.40,535.10,1,2026-02-07,SETTLED
SETTLE_009310,PAYPAL,MERCH_0074,EUR,49.99,1.99,48.00,1,2026-01-28,SETTLED
SETTLE_009311,STRIPE,MERCH_0052,CAD,3518.75,102.34,3416.41,1,2026-02-20,SETTLED
SETTLE_009312,PAYPAL,MERCH_0009,GBP,22.25,0.95,21.30,1,2026-02-07,SETTLED
SETTLE_009313,STRIPE,MERCH_0032,EUR,73.99,1.66,72.33,1,2026-04-01,SETTLED
SETTLE_009314,STRIPE,MERCH_0049,GBP,73.80,1.60,72.20,1,2026-03-14,SETTLED
SETTLE_009315,STRIPE,MERCH_0050,CAD,580.00,17.12,562.88,1,2026-01-18,SETTLED
SETTLE_009316,CHECKOUT_COM,MERCH_0082,USD,25.50,0.79,24.71,1,2026-03-09,SETTLED
SETTLE_009317,STRIPE,MERCH_0020,GBP,71.95,1.57,70.38,1,2026-01-09,SETTLED
SETTLE_009318,STRIPE,MERCH_0083,EUR,150.95,0.95,150.00,1,2026-01-19,SETTLED
SETTLE_009319,ADYEN,MERCH_0054,USD,496.25,6.05,490.20,1,2026-01-22,SETTLED
SETTLE_009320,ADYEN,MERCH_0022,USD,27.49,0.43,27.06,1,2026-02-23,SETTLED
SETTLE_009321,STRIPE,MERCH_0049,EUR,441.49,8.64,432.85,1,2026-02-14,SETTLED
SETTLE_009322,ADYEN,MERCH_0027,EUR,596.00,8.45,587.55,1,2026-03-04,SETTLED
SETTLE_009323,ADYEN,MERCH_0079,EUR,565.25,8.02,557.23,1,2026-01-21,SETTLED
SETTLE_009324,STRIPE,MERCH_0029,USD,210.99,1.94,209.05,1,2026-02-17,SETTLED
SETTLE_009325,PAYPAL,MERCH_0039,INR,2499.00,31.99,2467.01,1,2026-04-01,SETTLED
SETTLE_009327,ADYEN,MERCH_0010,USD,101.49,1.32,100.17,1,2026-02-04,SETTLED
SETTLE_009328,STRIPE,MERCH_0070,EUR,39.25,1.00,38.25,1,2026-01-18,SETTLED
SETTLE_009329,CHECKOUT_COM,MERCH_0012,GBP,58.50,1.55,56.95,1,2026-01-02,SETTLED
SETTLE_009330,PAYPAL,MERCH_0095,INR,799.00,11.59,787.41,1,2026-03-24,SETTLED
SETTLE_009331,STRIPE,MERCH_0032,EUR,2220.49,11.30,2209.19,1,2026-01-28,SETTLED
SETTLE_009332,ADYEN,MERCH_0077,EUR,632.00,2.36,629.64,1,2026-03-03,SETTLED
SETTLE_009334,ADYEN,MERCH_0037,GBP,63.49,1.05,62.44,1,2026-03-31,SETTLED
SETTLE_009335,STRIPE,MERCH_0018,GBP,2771.75,52.86,2718.89,1,2026-03-01,SETTLED
SETTLE_009336,STRIPE,MERCH_0002,USD,42.00,1.52,40.48,1,2026-03-11,SETTLED
SETTLE_009338,STRIPE,MERCH_0003,USD,486.25,4.14,482.11,1,2026-03-18,SETTLED
SETTLE_009339,STRIPE,MERCH_0025,INR,15100.00,305.00,14795.00,1,2026-02-21,SETTLED
SETTLE_009340,STRIPE,MERCH_0028,USD,36.95,1.37,35.58,2,2026-01-18,SETTLED
SETTLE_009341,STRIPE,MERCH_0051,INR,9999.00,0.00,9999.00,1,2026-03-10,SETTLED
SETTLE_009342,ADYEN,MERCH_0067,USD,24.00,0.62,23.38,1,2026-01-16,SETTLED
SETTLE_009343,ADYEN,MERCH_0060,EUR,30.75,0.54,30.21,1,2026-03-01,SETTLED
SETTLE_009344,PAYPAL,MERCH_0096,INR,9999.00,121.99,9877.01,1,2026-03-12,SETTLED
SETTLE_009345,ADYEN,MERCH_0013,EUR,2589.25,36.36,2552.89,1,2026-02-17,SETTLED
SETTLE_009347,CHECKOUT_COM,MERCH_0032,GBP,21.99,0.55,21.44,1,2026-03-18,SETTLED
SETTLE_009348,ADYEN,MERCH_0003,USD,576.00,7.01,568.99,1,2026-03-17,SETTLED
SETTLE_009349,ADYEN,MERCH_0018,USD,216.49,4.67,211.82,1,2026-03-05,SETTLED
SETTLE_009350,ADYEN,MERCH_0096,USD,74.75,3.50,71.25,1,2026-01-06,SETTLED
SETTLE_009351,CHECKOUT_COM,MERCH_0051,CAD,36.00,1.08,34.92,1,2026-02-06,SETTLED
SETTLE_009352,CHECKOUT_COM,MERCH_0075,USD,705.25,16.42,688.83,1,2026-02-02,SETTLED
SETTLE_009353,PAYPAL,MERCH_0020,USD,55.95,2.44,53.51,1,2026-01-08,SETTLED
SETTLE_009354,PAYPAL,MERCH_0049,GBP,563.75,16.65,547.10,1,2026-01-29,SETTLED
SETTLE_009355,ADYEN,MERCH_0050,EUR,3210.50,45.06,3165.44,1,2026-03-06,SETTLED
SETTLE_009356,ADYEN,MERCH_0015,USD,612.49,12.98,599.51,1,2026-02-19,SETTLED
SETTLE_009357,STRIPE,MERCH_0092,EUR,65.25,0.53,64.72,1,2026-03-14,SETTLED
SETTLE_009358,CHECKOUT_COM,MERCH_0071,USD,72.95,1.88,71.07,1,2026-01-06,SETTLED
SETTLE_009359,PAYPAL,MERCH_0039,GBP,172.80,5.31,167.49,1,2026-04-01,SETTLED
SETTLE_009360,ADYEN,MERCH_0032,EUR,61.50,0.97,60.53,1,2026-01-03,SETTLED
SETTLE_009361,CHECKOUT_COM,MERCH_0060,USD,210.95,5.05,205.90,1,2026-03-21,SETTLED
SETTLE_009362,STRIPE,MERCH_0095,GBP,2939.25,56.05,2883.20,1,2026-03-23,SETTLED
SETTLE_009363,STRIPE,MERCH_0085,CAD,273.80,8.24,265.56,1,2026-02-11,SETTLED
SETTLE_009364,STRIPE,MERCH_0074,INR,9999.00,0.00,9999.00,1,2026-03-19,SETTLED
SETTLE_009365,STRIPE,MERCH_0031,USD,57.50,0.71,56.79,1,2026-03-17,SETTLED
SETTLE_009366,CHECKOUT_COM,MERCH_0086,EUR,41.00,0.88,40.12,1,2026-03-01,SETTLED
SETTLE_009367,PAYPAL,MERCH_0030,USD,80.49,3.30,77.19,1,2026-03-25,SETTLED
SETTLE_009368,PAYPAL,MERCH_0093,GBP,26.50,1.07,25.43,1,2026-03-12,SETTLED
SETTLE_009369,STRIPE,MERCH_0088,INR,299.00,0.00,299.00,1,2026-01-03,SETTLED
SETTLE_009370,ADYEN,MERCH_0037,GBP,256.25,5.44,250.81,1,2026-02-22,SETTLED
SETTLE_009371,CHECKOUT_COM,MERCH_0096,CAD,398.49,9.78,388.71,1,2026-03-27,SETTLED
SETTLE_009372,STRIPE,MERCH_0028,GBP,1544.00,29.54,1514.46,1,2026-03-09,SETTLED
SETTLE_009373,STRIPE,MERCH_0025,USD,1343.95,39.27,1304.68,1,2026-02-26,SETTLED
SETTLE_009374,ADYEN,MERCH_0022,GBP,73.95,1.21,72.74,1,2026-01-10,SETTLED
SETTLE_009375,PAYPAL,MERCH_0099,INR,2499.00,31.99,2467.01,1,2026-02-19,SETTLED
SETTLE_009376,ADYEN,MERCH_0028,EUR,183.50,2.68,180.82,1,2026-01-30,SETTLED
SETTLE_009377,PAYPAL,MERCH_0045,GBP,224.75,6.82,217.93,1,2026-03-17,SETTLED
SETTLE_009378,ADYEN,MERCH_0011,USD,45.95,1.08,44.87,1,2026-01-18,SETTLED
SETTLE_009379,PAYPAL,MERCH_0080,USD,796.49,28.29,768.20,1,2026-02-14,SETTLED
SETTLE_009380,PAYPAL,MERCH_0003,INR,999.00,13.99,985.01,1,2026-02-04,SETTLED
SETTLE_009381,PAYPAL,MERCH_0085,USD,669.50,23.86,645.64,1,2026-02-28,SETTLED
SETTLE_009382,CHECKOUT_COM,MERCH_0085,GBP,402.00,7.39,394.61,1,2026-02-23,SETTLED
SETTLE_009383,STRIPE,MERCH_0027,EUR,78.00,0.59,77.41,1,2026-01-17,SETTLED
SETTLE_009384,CHECKOUT_COM,MERCH_0061,EUR,551.25,9.55,541.70,1,2026-03-12,SETTLED
SETTLE_009385,STRIPE,MERCH_0040,INR,499.00,12.98,486.02,1,2026-03-08,SETTLED
SETTLE_009386,ADYEN,MERCH_0032,EUR,20.25,0.22,20.03,1,2026-01-19,SETTLED
SETTLE_009387,STRIPE,MERCH_0082,EUR,1908.99,36.52,1872.47,1,2026-02-20,SETTLED
SETTLE_009388,STRIPE,MERCH_0085,EUR,520.75,2.80,517.95,1,2026-03-07,SETTLED
SETTLE_009389,STRIPE,MERCH_0016,EUR,464.25,9.07,455.18,1,2026-02-05,SETTLED
SETTLE_009390,STRIPE,MERCH_0034,EUR,30.75,0.35,30.40,2,2026-02-27,SETTLED
SETTLE_009391,STRIPE,MERCH_0005,USD,54.95,0.69,54.26,1,2026-02-14,SETTLED
SETTLE_009392,STRIPE,MERCH_0060,INR,4999.00,0.00,4999.00,1,2026-03-13,SETTLED
SETTLE_009393,ADYEN,MERCH_0050,EUR,292.00,1.17,290.83,1,2026-01-16,SETTLED
SETTLE_009394,STRIPE,MERCH_0027,USD,1790.95,52.24,1738.71,1,2026-02-17,SETTLED
SETTLE_009395,CHECKOUT_COM,MERCH_0072,USD,353.95,8.34,345.61,1,2026-01-27,SETTLED
SETTLE_009396,PAYPAL,MERCH_0083,EUR,640.00,20.87,619.13,1,2026-01-19,SETTLED
SETTLE_009397,STRIPE,MERCH_0093,INR,799.00,18.98,780.02,1,2026-03-20,SETTLED
SETTLE_009398,CHECKOUT_COM,MERCH_0066,EUR,17.50,0.48,17.02,1,2026-03-19,SETTLED
SETTLE_009399,ADYEN,MERCH_0085,GBP,305.95,4.69,301.26,1,2026-02-18,SETTLED
SETTLE_009400,CHECKOUT_COM,MERCH_0002,CAD,53.75,1.51,52.24,1,2026-03-14,SETTLED
SETTLE_009401,PAYPAL,MERCH_0009,GBP,18.00,0.82,17.18,1,2026-02-06,SETTLED
SETTLE_009402,STRIPE,MERCH_0015,USD,29.49,0.69,28.80,1,2026-02-15,SETTLED
SETTLE_009403,CHECKOUT_COM,MERCH_0074,CAD,21.49,0.74,20.75,1,2026-01-18,SETTLED
SETTLE_009405,CHECKOUT_COM,MERCH_0025,GBP,25.49,0.61,24.88,1,2026-01-30,SETTLED
SETTLE_009406,STRIPE,MERCH_0060,USD,57.99,1.12,56.87,1,2026-03-28,SETTLED
SETTLE_009407,STRIPE,MERCH_0041,USD,2323.95,20.34,2303.61,1,2026-03-20,SETTLED
SETTLE_009408,CHECKOUT_COM,MERCH_0002,CAD,68.75,1.87,66.88,1,2026-03-22,SETTLED
SETTLE_009409,CHECKOUT_COM,MERCH_0053,USD,3458.00,79.73,3378.27,1,2026-03-05,SETTLED
SETTLE_009410,PAYPAL,MERCH_0019,USD,483.75,17.37,466.38,1,2026-02-04,SETTLED
SETTLE_009411,STRIPE,MERCH_0002,EUR,417.00,2.29,414.71,1,2026-01-04,SETTLED
SETTLE_009412,PAYPAL,MERCH_0068,EUR,217.49,7.35,210.14,1,2026-02-15,SETTLED
SETTLE_009413,PAYPAL,MERCH_0022,USD,33.80,1.67,32.13,1,2026-01-09,SETTLED
SETTLE_009414,STRIPE,MERCH_0040,INR,2499.00,0.00,2499.00,1,2026-01-10,SETTLED
SETTLE_009415,STRIPE,MERCH_0098,USD,326.99,9.78,317.21,1,2026-03-07,SETTLED
SETTLE_009416,STRIPE,MERCH_0022,INR,1999.00,42.98,1956.02,1,2026-03-20,SETTLED
SETTLE_009417,ADYEN,MERCH_0025,EUR,60.95,0.96,59.99,1,2026-01-14,SETTLED
SETTLE_009418,ADYEN,MERCH_0048,EUR,54.50,0.34,54.16,1,2026-01-15,SETTLED
SETTLE_009420,ADYEN,MERCH_0081,USD,42.75,0.61,42.14,1,2026-03-03,SETTLED
SETTLE_009421,PAYPAL,MERCH_0060,EUR,73.95,2.76,71.19,1,2026-01-23,SETTLED
SETTLE_009422,PAYPAL,MERCH_0065,USD,305.25,11.14,294.11,1,2026-02-17,SETTLED
SETTLE_009423,STRIPE,MERCH_0071,USD,453.80,3.88,449.92,1,2026-01-02,SETTLED
SETTLE_009424,STRIPE,MERCH_0038,EUR,4999.00,0.00,4999.00,1,2026-02-19,SETTLED
SETTLE_009425,STRIPE,MERCH_0036,USD,1054.95,20.29,1034.66,1,2026-01-17,SETTLED
SETTLE_009426,STRIPE,MERCH_0014,INR,9999.00,202.98,9796.02,2,2026-02-09,SETTLED
SETTLE_009427,CHECKOUT_COM,MERCH_0086,USD,75.75,1.94,73.81,1,2026-01-13,SETTLED
SETTLE_009428,PAYPAL,MERCH_0011,INR,999.00,13.99,985.01,1,2026-04-02,SETTLED
SETTLE_009429,STRIPE,MERCH_0037,USD,558.25,16.49,541.76,1,2026-03-29,SETTLED
SETTLE_009430,STRIPE,MERCH_0090,USD,78.95,0.88,78.07,1,2026-02-26,SETTLED
SETTLE_009431,STRIPE,MERCH_0036,GBP,101.49,2.13,99.36,1,2026-03-20,SETTLED
SETTLE_009432,ADYEN,MERCH_0065,GBP,58.49,0.98,57.51,1,2026-02-26,SETTLED
SETTLE_009433,STRIPE,MERCH_0010,CAD,630.50,18.58,611.92,1,2026-02-10,SETTLED
SETTLE_009434,PAYPAL,MERCH_0017,EUR,186.75,6.37,180.38,1,2026-03-05,SETTLED
SETTLE_009435,STRIPE,MERCH_0083,EUR,161.75,1.01,160.74,2,2026-03-19,SETTLED
SETTLE_009436,STRIPE,MERCH_0037,INR,9999.00,0.00,9999.00,1,2026-01-30,SETTLED
SETTLE_009437,STRIPE,MERCH_0016,INR,1999.00,0.00,1999.00,1,2026-01-07,SETTLED
SETTLE_009438,ADYEN,MERCH_0069,USD,28.99,0.45,28.54,2,2026-02-17,SETTLED
SETTLE_009439,ADYEN,MERCH_0083,USD,22.75,0.60,22.15,1,2026-02-23,SETTLED
SETTLE_009440,ADYEN,MERCH_0083,INR,143.80,2.26,141.54,1,2026-02-02,SETTLED
SETTLE_009441,CHECKOUT_COM,MERCH_0062,GBP,2434.95,43.98,2390.97,1,2026-03-19,SETTLED
SETTLE_009442,PAYPAL,MERCH_0047,GBP,1543.95,45.07,1498.88,1,2026-01-04,SETTLED
SETTLE_009443,PAYPAL,MERCH_0074,INR,1499.00,19.99,1479.01,2,2026-02-16,SETTLED
SETTLE_009444,STRIPE,MERCH_0020,USD,513.50,15.19,498.31,1,2026-01-13,SETTLED
SETTLE_009445,PAYPAL,MERCH_0068,GBP,3139.95,91.36,3048.59,1,2026-01-07,SETTLED
SETTLE_009446,ADYEN,MERCH_0073,USD,162.95,3.54,159.41,1,2026-01-16,SETTLED
SETTLE_009447,PAYPAL,MERCH_0018,GBP,267.80,8.07,259.73,1,2026-02-22,SETTLED
SETTLE_009448,CHECKOUT_COM,MERCH_0081,GBP,29.75,0.69,29.06,1,2026-01-30,SETTLED
SETTLE_009449,STRIPE,MERCH_0030,USD,326.49,2.86,323.63,1,2026-02-16,SETTLED
SETTLE_009450,ADYEN,MERCH_0056,GBP,326.75,5.00,321.75,1,2026-02-17,SETTLED
SETTLE_009451,CHECKOUT_COM,MERCH_0062,CAD,54.25,1.52,52.73,1,2026-01-15,SETTLED
SETTLE_009452,CHECKOUT_COM,MERCH_0024,GBP,434.50,10.65,423.85,1,2026-03-04,SETTLED
SETTLE_009453,CHECKOUT_COM,MERCH_0073,EUR,151.00,2.75,148.25,1,2026-03-04,SETTLED
SETTLE_009454,STRIPE,MERCH_0033,INR,1499.00,0.00,1499.00,1,2026-01-20,SETTLED
SETTLE_009455,STRIPE,MERCH_0012,GBP,370.49,7.24,363.25,1,2026-02-22,SETTLED
SETTLE_009456,ADYEN,MERCH_0004,GBP,179.80,2.80,177.00,1,2026-03-03,SETTLED
SETTLE_009457,STRIPE,MERCH_0076,EUR,529.25,2.85,526.40,1,2026-03-19,SETTLED
SETTLE_009458,STRIPE,MERCH_0017,USD,599.25,17.68,581.57,1,2026-02-18,SETTLED
SETTLE_009460,CHECKOUT_COM,MERCH_0089,CAD,201.49,5.06,196.43,1,2026-03-05,SETTLED
SETTLE_009461,STRIPE,MERCH_0066,INR,1999.00,0.00,1999.00,1,2026-03-13,SETTLED
SETTLE_009462,STRIPE,MERCH_0046,USD,665.00,19.59,645.41,1,2026-02-15,SETTLED
SETTLE_009463,STRIPE,MERCH_0075,CAD,58.00,1.98,56.02,1,2026-03-04,SETTLED
SETTLE_009464,STRIPE,MERCH_0070,USD,116.80,3.69,113.11,1,2026-03-07,SETTLED
SETTLE_009465,PAYPAL,MERCH_0009,EUR,192.95,6.56,186.39,1,2026-02-16,SETTLED
SETTLE_009466,ADYEN,MERCH_0032,GBP,209.00,3.23,205.77,1,2026-03-08,SETTLED
SETTLE_009467,STRIPE,MERCH_0059,USD,386.80,6.05,380.75,1,2026-01-05,SETTLED
SETTLE_009468,ADYEN,MERCH_0087,GBP,71.80,1.18,70.62,1,2026-01-12,SETTLED
SETTLE_009469,STRIPE,MERCH_0074,USD,1015.49,15.48,1000.01,1,2026-01-09,SETTLED
SETTLE_009470,ADYEN,MERCH_0020,GBP,204.99,3.17,201.82,1,2026-01-17,SETTLED
SETTLE_009471,STRIPE,MERCH_0098,EUR,531.95,8.23,523.72,1,2026-03-30,SETTLED
SETTLE_009472,STRIPE,MERCH_0076,INR,2499.00,52.98,2446.02,2,2026-01-19,SETTLED
SETTLE_009473,ADYEN,MERCH_0067,USD,49.50,0.69,48.81,1,2026-02-04,SETTLED
SETTLE_009475,STRIPE,MERCH_0025,EUR,32.49,0.36,32.13,1,2026-02-28,SETTLED
SETTLE_009476,STRIPE,MERCH_0086,EUR,48.50,8.44,40.06,1,2026-02-12,SETTLED
SETTLE_009477,STRIPE,MERCH_0033,USD,783.25,6.52,776.73,1,2026-02-14,SETTLED
SETTLE_009478,ADYEN,MERCH_0065,EUR,223.45,3.24,220.21,1,2026-01-28,SETTLED
SETTLE_009479,STRIPE,MERCH_0061,USD,297.50,8.93,288.57,1,2026-02-26,SETTLED
SETTLE_009480,CHECKOUT_COM,MERCH_0047,GBP,43.49,0.93,42.56,1,2026-03-18,SETTLED
SETTLE_009481,PAYPAL,MERCH_0092,GBP,1328.99,38.84,1290.15,1,2026-01-18,SETTLED
SETTLE_009482,CHECKOUT_COM,MERCH_0079,EUR,521.25,9.04,512.21,1,2026-03-28,SETTLED
SETTLE_009483,CHECKOUT_COM,MERCH_0063,USD,438.00,8.27,429.73,1,2026-01-31,SETTLED
SETTLE_009484,STRIPE,MERCH_0023,USD,22.50,0.59,21.91,1,2026-02-03,SETTLED
SETTLE_009485,STRIPE,MERCH_0070,EUR,437.95,2.39,435.56,1,2026-01-02,SETTLED
SETTLE_009486,CHECKOUT_COM,MERCH_0049,EUR,92.00,1.74,90.26,1,2026-03-22,SETTLED
SETTLE_009487,ADYEN,MERCH_0060,EUR,489.75,6.97,482.78,1,2026-02-27,SETTLED
SETTLE_009488,CHECKOUT_COM,MERCH_0068,CAD,266.80,6.62,260.18,1,2026-03-10,SETTLED
SETTLE_009489,PAYPAL,MERCH_0052,GBP,61.49,2.08,59.41,2,2026-02-05,SETTLED
SETTLE_009490,ADYEN,MERCH_0046,EUR,885.99,12.51,873.48,1,2026-03-17,SETTLED
SETTLE_009491,CHECKOUT_COM,MERCH_0083,EUR,75.00,1.46,73.54,1,2026-03-21,SETTLED
SETTLE_009492,STRIPE,MERCH_0018,INR,9999.00,0.00,9999.00,1,2026-03-19,SETTLED
SETTLE_009493,PAYPAL,MERCH_0080,GBP,114.50,3.62,110.88,1,2026-01-05,SETTLED
SETTLE_009494,ADYEN,MERCH_0099,GBP,205.50,3.18,202.32,1,2026-02-09,SETTLED
SETTLE_009495,ADYEN,MERCH_0010,EUR,165.50,2.43,163.07,1,2026-03-01,SETTLED
SETTLE_009496,PAYPAL,MERCH_0043,USD,123.00,4.78,118.22,1,2026-02-11,SETTLED
SETTLE_009497,STRIPE,MERCH_0038,USD,373.49,3.24,370.25,1,2026-01-29,SETTLED
SETTLE_009498,CHECKOUT_COM,MERCH_0091,USD,268.75,6.38,262.37,1,2026-02-21,SETTLED
SETTLE_009499,CHECKOUT_COM,MERCH_0059,EUR,339.50,5.95,333.55,2,2026-01-05,SETTLED
SETTLE_009500,STRIPE,MERCH_0018,USD,1864.25,28.21,1836.04,1,2026-01-10,SETTLED
SETTLE_009501,STRIPE,MERCH_0007,INR,4999.00,0.00,4999.00,1,2026-02-11,SETTLED
SETTLE_009502,ADYEN,MERCH_0042,GBP,235.99,3.64,232.35,1,2026-03-09,SETTLED
SETTLE_009503,CHECKOUT_COM,MERCH_0017,USD,635.50,14.82,620.68,1,2026-02-15,SETTLED
SETTLE_009504,STRIPE,MERCH_0018,USD,70.25,0.81,69.44,1,2026-01-11,SETTLED
SETTLE_009505,ADYEN,MERCH_0053,EUR,154.49,0.69,153.80,1,2026-02-26,SETTLED
SETTLE_009506,STRIPE,MERCH_0069,EUR,66.49,1.51,64.98,1,2026-03-26,SETTLED
SETTLE_009507,STRIPE,MERCH_0059,CAD,525.99,15.55,510.44,1,2026-01-31,SETTLED
SETTLE_009508,ADYEN,MERCH_0011,USD,159.50,2.01,157.49,1,2026-01-24,SETTLED
SETTLE_009509,CHECKOUT_COM,MERCH_0024,CAD,309.49,7.65,301.84,1,2026-02-11,SETTLED
SETTLE_009510,PAYPAL,MERCH_0039,GBP,124.50,3.91,120.59,1,2026-01-18,SETTLED
SETTLE_009511,PAYPAL,MERCH_0064,EUR,43.95,1.80,42.15,1,2026-02-06,SETTLED
SETTLE_009512,STRIPE,MERCH_0044,USD,70.25,2.34,67.91,1,2026-03-27,SETTLED
SETTLE_009513,STRIPE,MERCH_0097,INR,799.00,18.98,780.02,1,2026-01-13,SETTLED
SETTLE_009514,PAYPAL,MERCH_0083,INR,799.00,11.59,787.41,1,2026-03-13,SETTLED
SETTLE_009515,STRIPE,MERCH_0091,USD,56.50,0.70,55.80,1,2026-02-09,SETTLED
SETTLE_009516,PAYPAL,MERCH_0060,INR,799.00,11.59,787.41,1,2026-04-02,SETTLED
SETTLE_009517,STRIPE,MERCH_0051,USD,133.45,4.17,129.28,1,2026-01-20,SETTLED
SETTLE_009518,STRIPE,MERCH_0019,INR,15000.00,0.00,15000.00,1,2026-01-25,SETTLED
SETTLE_009519,STRIPE,MERCH_0080,EUR,1046.95,5.43,1041.52,1,2026-01-25,SETTLED
SETTLE_009522,STRIPE,MERCH_0012,CAD,41.00,1.49,39.51,1,2026-01-11,SETTLED
SETTLE_009523,ADYEN,MERCH_0010,USD,570.25,12.10,558.15,1,2026-02-21,SETTLED
SETTLE_009524,STRIPE,MERCH_0054,EUR,1450.95,27.82,1423.13,1,2026-03-16,SETTLED
SETTLE_009526,ADYEN,MERCH_0034,EUR,21.75,0.23,21.52,1,2026-01-17,SETTLED
SETTLE_009527,STRIPE,MERCH_0076,INR,4999.00,102.98,4896.02,1,2026-03-24,SETTLED
SETTLE_009528,STRIPE,MERCH_0031,INR,3999.00,82.98,3916.02,1,2026-03-17,SETTLED
SETTLE_009529,STRIPE,MERCH_0020,USD,643.80,18.97,624.83,1,2026-02-04,SETTLED
SETTLE_009530,STRIPE,MERCH_0080,INR,27.75,1.10,26.65,1,2026-02-10,SETTLED
SETTLE_009531,ADYEN,MERCH_0092,USD,1482.25,17.89,1464.36,1,2026-03-31,SETTLED
SETTLE_009532,CHECKOUT_COM,MERCH_0039,CAD,18.25,0.66,17.59,1,2026-03-19,SETTLED
SETTLE_009533,PAYPAL,MERCH_0066,GBP,50.99,6.78,44.21,1,2026-03-02,SETTLED
SETTLE_009534,STRIPE,MERCH_0009,USD,49.25,0.99,48.26,1,2026-02-28,SETTLED
SETTLE_009535,STRIPE,MERCH_0030,EUR,576.99,3.08,573.91,1,2026-01-27,SETTLED
SETTLE_009536,ADYEN,MERCH_0087,USD,320.50,6.85,313.65,2,2026-01-30,SETTLED
SETTLE_009537,ADYEN,MERCH_0021,GBP,2571.99,38.68,2533.31,1,2026-03-08,SETTLED
SETTLE_009538,ADYEN,MERCH_0006,USD,34.00,0.83,33.17,1,2026-02-01,SETTLED
SETTLE_009539,STRIPE,MERCH_0015,USD,344.25,11.78,332.47,1,2026-01-12,SETTLED
SETTLE_009540,ADYEN,MERCH_0002,EUR,39.99,0.29,39.70,1,2026-03-13,SETTLED
SETTLE_009541,STRIPE,MERCH_0002,GBP,24.95,0.67,24.28,1,2026-03-15,SETTLED
SETTLE_009542,STRIPE,MERCH_0075,CAD,312.75,9.37,303.38,1,2026-03-04,SETTLED
SETTLE_009543,ADYEN,MERCH_0097,EUR,252.49,1.03,251.46,1,2026-01-12,SETTLED
SETTLE_009544,STRIPE,MERCH_0072,USD,25.80,0.64,25.16,1,2026-01-13,SETTLED
SETTLE_009545,STRIPE,MERCH_0052,EUR,43.80,1.08,42.72,1,2026-03-22,SETTLED
SETTLE_009546,STRIPE,MERCH_0016,CAD,456.50,13.54,442.96,1,2026-02-10,SETTLED
SETTLE_009547,ADYEN,MERCH_0081,EUR,18.00,0.21,17.79,1,2026-01-13,SETTLED
SETTLE_009548,ADYEN,MERCH_0039,EUR,32.25,0.56,31.69,1,2026-01-15,SETTLED
SETTLE_009549,STRIPE,MERCH_0086,USD,45.80,1.63,44.17,1,2026-01-28,SETTLED
SETTLE_009550,CHECKOUT_COM,MERCH_0096,EUR,3146.49,53.67,3092.82,1,2026-01-06,SETTLED
SETTLE_009552,STRIPE,MERCH_0088,USD,2353.00,19.07,2333.93,1,2026-03-30,SETTLED
SETTLE_009553,STRIPE,MERCH_0031,USD,53.25,1.05,52.20,1,2026-02-01,SETTLED
SETTLE_009554,STRIPE,MERCH_0065,GBP,1999.00,42.98,1956.02,1,2026-01-28,SETTLED
SETTLE_009555,STRIPE,MERCH_0097,GBP,66.49,1.46,65.03,1,2026-01-21,SETTLED
SETTLE_009556,CHECKOUT_COM,MERCH_0061,USD,64.75,1.69,63.06,1,2026-02-05,SETTLED
SETTLE_009558,STRIPE,MERCH_0100,GBP,19.80,0.58,19.22,1,2026-02-23,SETTLED
SETTLE_009559,STRIPE,MERCH_0065,USD,2059.49,31.14,2028.35,1,2026-02-09,SETTLED
SETTLE_009560,ADYEN,MERCH_0042,USD,39.75,0.58,39.17,1,2026-02-20,SETTLED
SETTLE_009561,STRIPE,MERCH_0049,INR,499.00,12.98,486.02,1,2026-03-09,SETTLED
SETTLE_009562,STRIPE,MERCH_0090,USD,2430.00,70.77,2359.23,1,2026-01-19,SETTLED
SETTLE_009563,PAYPAL,MERCH_0077,USD,301.80,11.02,290.78,1,2026-01-14,SETTLED
SETTLE_009564,STRIPE,MERCH_0010,EUR,26.95,0.76,26.19,1,2026-02-17,SETTLED
SETTLE_009566,STRIPE,MERCH_0086,EUR,423.00,8.29,414.71,1,2026-02-28,SETTLED
SETTLE_009567,STRIPE,MERCH_0084,INR,3999.00,0.00,3999.00,1,2026-04-01,SETTLED
SETTLE_009569,STRIPE,MERCH_0082,INR,3999.00,82.98,3916.02,1,2026-03-16,SETTLED
SETTLE_009570,ADYEN,MERCH_0083,USD,237.50,5.11,232.39,1,2026-02-12,SETTLED
SETTLE_009571,STRIPE,MERCH_0077,EUR,437.80,8.57,429.23,1,2026-01-27,SETTLED
SETTLE_009572,PAYPAL,MERCH_0076,USD,364.00,13.19,350.81,1,2026-01-08,SETTLED
SETTLE_009573,PAYPAL,MERCH_0047,EUR,190.25,6.48,183.77,1,2026-01-17,SETTLED
SETTLE_009574,ADYEN,MERCH_0056,USD,48.80,0.69,48.11,1,2026-02-01,SETTLED
SETTLE_009575,CHECKOUT_COM,MERCH_0059,EUR,447.49,7.79,439.70,1,2026-01-03,SETTLED
SETTLE_009576,PAYPAL,MERCH_0002,GBP,64.00,2.16,61.84,1,2026-02-20,SETTLED
SETTLE_009577,ADYEN,MERCH_0080,USD,412.99,5.06,407.93,1,2026-01-07,SETTLED
SETTLE_009578,PAYPAL,MERCH_0025,GBP,73.50,2.43,71.07,1,2026-02-15,SETTLED
SETTLE_009579,STRIPE,MERCH_0028,USD,2330.00,67.87,2262.13,1,2026-01-03,SETTLED
SETTLE_009580,STRIPE,MERCH_0035,GBP,33.49,0.84,32.65,1,2026-02-20,SETTLED
SETTLE_009581,CHECKOUT_COM,MERCH_0006,EUR,44.00,0.93,43.07,1,2026-02-18,SETTLED
SETTLE_009582,STRIPE,MERCH_0041,INR,299.00,8.98,290.02,1,2026-03-12,SETTLED
SETTLE_009583,STRIPE,MERCH_0016,CAD,459.75,13.63,446.12,1,2026-01-23,SETTLED
SETTLE_009584,CHECKOUT_COM,MERCH_0004,EUR,205.49,3.67,201.82,1,2026-02-23,SETTLED
SETTLE_009585,CHECKOUT_COM,MERCH_0010,GBP,537.25,9.82,527.43,1,2026-02-12,SETTLED
SETTLE_009586,ADYEN,MERCH_0075,EUR,55.95,0.35,55.60,1,2026-02-01,SETTLED
SETTLE_009587,CHECKOUT_COM,MERCH_0029,CAD,57.75,1.61,56.14,1,2026-01-27,SETTLED
SETTLE_009588,ADYEN,MERCH_0001,USD,77.25,1.74,75.51,1,2026-03-03,SETTLED
SETTLE_009589,CHECKOUT_COM,MERCH_0059,GBP,235.25,4.38,230.87,1,2026-03-16,SETTLED
SETTLE_009590,ADYEN,MERCH_0063,USD,269.50,3.33,266.17,1,2026-03-20,SETTLED
SETTLE_009591,CHECKOUT_COM,MERCH_0023,CAD,3097.25,74.55,3022.70,1,2026-03-25,SETTLED
SETTLE_009592,STRIPE,MERCH_0025,GBP,212.75,4.24,208.51,1,2026-03-05,SETTLED
SETTLE_009593,STRIPE,MERCH_0031,INR,799.00,0.00,799.00,1,2026-02-09,SETTLED
SETTLE_009594,STRIPE,MERCH_0083,EUR,56.75,0.48,56.27,1,2026-03-21,SETTLED
SETTLE_009595,PAYPAL,MERCH_0031,EUR,2721.49,87.48,2634.01,1,2026-03-27,SETTLED
SETTLE_009596,CHECKOUT_COM,MERCH_0095,CAD,80.25,2.15,78.10,1,2026-01-20,SETTLED
SETTLE_009597,ADYEN,MERCH_0030,EUR,488.99,1.86,487.13,1,2026-03-18,SETTLED
SETTLE_009598,STRIPE,MERCH_0063,USD,1804.80,14.69,1790.11,1,2026-01-26,SETTLED
SETTLE_009599,CHECKOUT_COM,MERCH_0003,CAD,187.99,4.73,183.26,1,2026-03-06,SETTLED
SETTLE_009600,CHECKOUT_COM,MERCH_0006,GBP,72.25,1.45,70.80,1,2026-02-21,SETTLED
SETTLE_009601,STRIPE,MERCH_0050,USD,1823.75,53.19,1770.56,1,2026-03-21,SETTLED
SETTLE_009602,ADYEN,MERCH_0059,EUR,345.25,4.94,340.31,1,2026-03-10,SETTLED
SETTLE_009603,STRIPE,MERCH_0065,USD,535.75,8.29,527.46,1,2026-02-11,SETTLED
SETTLE_009604,ADYEN,MERCH_0093,EUR,3014.25,10.70,3003.55,1,2026-03-29,SETTLED
SETTLE_009605,ADYEN,MERCH_0097,EUR,139.25,2.06,137.19,1,2026-01-14,SETTLED
SETTLE_009606,PAYPAL,MERCH_0041,GBP,280.75,8.44,272.31,1,2026-02-16,SETTLED
SETTLE_009607,STRIPE,MERCH_0071,INR,299.00,0.00,299.00,2,2026-03-07,SETTLED
SETTLE_009608,PAYPAL,MERCH_0094,USD,58.49,2.53,55.96,1,2026-02-08,SETTLED
SETTLE_009609,STRIPE,MERCH_0034,EUR,1580.95,30.29,1550.66,1,2026-01-09,SETTLED
SETTLE_009610,STRIPE,MERCH_0055,EUR,76.95,0.58,76.37,1,2026-01-15,SETTLED
SETTLE_009611,STRIPE,MERCH_0011,EUR,1199.99,23.05,1176.94,1,2026-03-23,SETTLED
SETTLE_009612,ADYEN,MERCH_0090,EUR,19.75,0.39,19.36,1,2026-02-15,SETTLED
SETTLE_009613,PAYPAL,MERCH_0006,USD,356.25,9.42,346.83,1,2026-03-17,SETTLED
SETTLE_009614,STRIPE,MERCH_0088,USD,649.80,5.45,644.35,1,2026-02-07,SETTLED
SETTLE_009615,STRIPE,MERCH_0061,EUR,61.95,1.43,60.52,1,2026-01-07,SETTLED
SETTLE_009616,PAYPAL,MERCH_0039,USD,56.99,2.48,54.51,1,2026-01-31,SETTLED
SETTLE_009617,STRIPE,MERCH_0034,CAD,213.50,6.49,207.01,1,2026-02-25,SETTLED
SETTLE_009618,CHECKOUT_COM,MERCH_0052,GBP,19.80,0.51,19.29,1,2026-01-27,SETTLED
SETTLE_009619,ADYEN,MERCH_0034,EUR,59.80,0.95,58.85,1,2026-03-21,SETTLED
SETTLE_009620,STRIPE,MERCH_0014,GBP,2085.00,39.82,2045.18,1,2026-01-14,SETTLED
SETTLE_009621,STRIPE,MERCH_0099,USD,506.75,7.85,498.90,1,2026-02-09,SETTLED
SETTLE_009622,STRIPE,MERCH_0016,GBP,60.95,1.36,59.59,1,2026-03-22,SETTLED
SETTLE_009623,STRIPE,MERCH_0019,GBP,144.50,2.95,141.55,1,2026-03-11,SETTLED
SETTLE_009625,STRIPE,MERCH_0025,INR,4999.00,102.98,4896.02,1,2026-02-14,SETTLED
SETTLE_009626,PAYPAL,MERCH_0099,GBP,264.80,11.98,252.82,1,2026-03-14,SETTLED
SETTLE_009627,CHECKOUT_COM,MERCH_0020,EUR,2580.50,44.05,2536.45,1,2026-01-14,SETTLED
SETTLE_009628,STRIPE,MERCH_0035,INR,499.00,12.98,486.02,1,2026-01-13,SETTLED
SETTLE_009629,PAYPAL,MERCH_0026,GBP,29.80,1.16,28.64,1,2026-03-31,SETTLED
SETTLE_009630,ADYEN,MERCH_0036,CAD,551.95,8.38,543.57,1,2026-01-20,SETTLED
SETTLE_009631,CHECKOUT_COM,MERCH_0037,EUR,63.75,1.26,62.49,1,2026-01-26,SETTLED
SETTLE_009632,STRIPE,MERCH_0045,INR,3999.00,0.00,3999.00,1,2026-01-25,SETTLED
SETTLE_009633,PAYPAL,MERCH_0014,EUR,27.95,1.28,26.67,1,2026-01-12,SETTLED
SETTLE_009634,PAYPAL,MERCH_0011,GBP,78.49,2.58,75.91,1,2026-03-21,SETTLED
SETTLE_009635,STRIPE,MERCH_0083,EUR,3136.95,61.35,3075.60,1,2026-04-01,SETTLED
SETTLE_009637,STRIPE,MERCH_0044,EUR,204.50,9.22,195.28,1,2026-02-06,SETTLED
SETTLE_009639,STRIPE,MERCH_0030,INR,499.00,12.98,486.02,1,2026-01-06,SETTLED
SETTLE_009640,ADYEN,MERCH_0001,USD,2179.49,26.25,2153.24,1,2026-03-31,SETTLED
SETTLE_009641,STRIPE,MERCH_0052,EUR,579.49,3.10,576.39,1,2026-03-14,SETTLED
SETTLE_009642,CHECKOUT_COM,MERCH_0011,GBP,67.95,1.37,66.58,1,2026-01-05,SETTLED
SETTLE_009643,ADYEN,MERCH_0068,USD,400.25,8.53,391.72,1,2026-02-13,SETTLED
SETTLE_009644,STRIPE,MERCH_0081,EUR,74.75,0.57,74.18,1,2026-03-05,SETTLED
SETTLE_009645,ADYEN,MERCH_0053,USD,2749.95,33.10,2716.85,1,2026-01-11,SETTLED
SETTLE_009646,PAYPAL,MERCH_0003,EUR,593.80,19.39,574.41,1,2026-03-09,SETTLED
SETTLE_009647,ADYEN,MERCH_0085,EUR,446.95,1.71,445.24,1,2026-03-27,SETTLED
SETTLE_009648,STRIPE,MERCH_0024,EUR,67.95,1.54,66.41,1,2026-03-21,SETTLED
SETTLE_009649,STRIPE,MERCH_0082,CAD,44.75,1.60,43.15,1,2026-03-11,SETTLED
SETTLE_009650,STRIPE,MERCH_0004,INR,2514.00,0.00,2514.00,1,2026-03-23,SETTLED
SETTLE_009651,PAYPAL,MERCH_0098,INR,1999.00,25.99,1973.01,1,2026-03-02,SETTLED
SETTLE_009652,CHECKOUT_COM,MERCH_0011,GBP,586.99,10.72,576.27,1,2026-04-01,SETTLED
SETTLE_009653,CHECKOUT_COM,MERCH_0085,EUR,42.95,0.91,42.04,1,2026-01-10,SETTLED
SETTLE_009654,STRIPE,MERCH_0083,EUR,255.50,5.10,250.40,1,2026-01-31,SETTLED
SETTLE_009655,PAYPAL,MERCH_0035,GBP,72.95,2.42,70.53,1,2026-01-25,SETTLED
SETTLE_009656,PAYPAL,MERCH_0063,INR,799.00,11.59,787.41,1,2026-03-04,SETTLED
SETTLE_009657,ADYEN,MERCH_0051,GBP,1491.50,22.47,1469.03,1,2026-02-16,SETTLED
SETTLE_009658,CHECKOUT_COM,MERCH_0049,GBP,46.99,1.00,45.99,1,2026-01-18,SETTLED
SETTLE_009659,STRIPE,MERCH_0006,USD,110.99,1.91,109.08,1,2026-01-15,SETTLED
SETTLE_009660,STRIPE,MERCH_0088,USD,514.50,7.97,506.53,1,2026-02-08,SETTLED
SETTLE_009661,CHECKOUT_COM,MERCH_0050,EUR,566.50,9.81,556.69,1,2026-01-31,SETTLED
SETTLE_009662,ADYEN,MERCH_0067,USD,129.99,2.85,127.14,1,2026-02-03,SETTLED
SETTLE_009663,STRIPE,MERCH_0057,EUR,17.25,0.58,16.67,1,2026-01-26,SETTLED
SETTLE_009664,STRIPE,MERCH_0028,USD,727.00,21.38,705.62,1,2026-03-28,SETTLED
SETTLE_009665,CHECKOUT_COM,MERCH_0065,GBP,312.95,5.78,307.17,1,2026-02-01,SETTLED
SETTLE_009666,STRIPE,MERCH_0071,CAD,616.99,14.69,602.30,1,2026-01-22,SETTLED
SETTLE_009667,STRIPE,MERCH_0048,INR,999.00,22.98,976.02,1,2026-02-09,SETTLED
SETTLE_009668,STRIPE,MERCH_0094,USD,392.50,6.14,386.36,1,2026-01-23,SETTLED
SETTLE_009669,STRIPE,MERCH_0087,EUR,48.80,0.44,48.36,1,2026-02-11,SETTLED
SETTLE_009670,STRIPE,MERCH_0009,CAD,402.00,7.89,394.11,1,2026-03-11,SETTLED
SETTLE_009672,STRIPE,MERCH_0045,USD,32.95,0.74,32.21,1,2026-03-22,SETTLED
SETTLE_009673,CHECKOUT_COM,MERCH_0041,CAD,192.49,4.84,187.65,1,2026-01-31,SETTLED
SETTLE_009674,STRIPE,MERCH_0016,USD,134.00,4.19,129.81,1,2026-03-20,SETTLED
SETTLE_009675,CHECKOUT_COM,MERCH_0091,USD,23.49,0.74,22.75,1,2026-02-24,SETTLED
SETTLE_009676,ADYEN,MERCH_0075,GBP,210.99,3.26,207.73,1,2026-01-29,SETTLED
SETTLE_009677,STRIPE,MERCH_0022,CAD,48.95,1.72,47.23,1,2026-01-29,SETTLED
SETTLE_009678,PAYPAL,MERCH_0078,INR,299.00,5.59,293.41,1,2026-02-27,SETTLED
SETTLE_009679,STRIPE,MERCH_0034,EUR,1179.00,22.65,1156.35,1,2026-03-03,SETTLED
SETTLE_009680,CHECKOUT_COM,MERCH_0004,EUR,18.95,0.50,18.45,1,2026-03-22,SETTLED
SETTLE_009681,STRIPE,MERCH_0011,INR,9999.00,202.98,9796.02,1,2026-03-25,SETTLED
SETTLE_009682,CHECKOUT_COM,MERCH_0070,USD,273.75,4.83,268.92,1,2026-01-08,SETTLED
SETTLE_009683,ADYEN,MERCH_0050,USD,258.80,3.21,255.59,1,2026-03-16,SETTLED
SETTLE_009684,ADYEN,MERCH_0039,USD,44.99,0.64,44.35,1,2026-02-26,SETTLED
SETTLE_009685,STRIPE,MERCH_0035,USD,394.25,10.16,384.09,1,2026-01-26,SETTLED
SETTLE_009686,CHECKOUT_COM,MERCH_0069,USD,119.00,2.94,116.06,1,2026-03-18,SETTLED
SETTLE_009687,STRIPE,MERCH_0059,EUR,639.50,12.40,627.10,1,2026-03-14,SETTLED
SETTLE_009688,ADYEN,MERCH_0087,USD,625.49,7.61,617.88,1,2026-02-25,SETTLED
SETTLE_009689,CHECKOUT_COM,MERCH_0072,EUR,946.80,16.28,930.52,1,2026-02-04,SETTLED
SETTLE_009690,PAYPAL,MERCH_0027,GBP,49.50,1.74,47.76,1,2026-03-20,SETTLED
SETTLE_009691,CHECKOUT_COM,MERCH_0030,EUR,20.99,0.54,20.45,1,2026-03-06,SETTLED
SETTLE_009692,PAYPAL,MERCH_0080,USD,344.75,12.52,332.23,1,2026-02-18,SETTLED
SETTLE_009693,CHECKOUT_COM,MERCH_0083,CAD,2224.99,53.62,2171.37,1,2026-02-15,SETTLED
SETTLE_009694,STRIPE,MERCH_0043,CAD,279.75,8.41,271.34,1,2026-03-30,SETTLED
SETTLE_009695,STRIPE,MERCH_0011,USD,500.49,14.81,485.68,1,2026-03-18,SETTLED
SETTLE_009696,STRIPE,MERCH_0030,EUR,17.00,0.29,16.71,1,2026-03-02,SETTLED
SETTLE_009697,ADYEN,MERCH_0007,EUR,32.80,0.57,32.23,1,2026-01-27,SETTLED
SETTLE_009698,STRIPE,MERCH_0050,USD,29.80,0.49,29.31,1,2026-03-02,SETTLED
SETTLE_009699,STRIPE,MERCH_0037,EUR,36.99,0.38,36.61,1,2026-01-08,SETTLED
SETTLE_009700,ADYEN,MERCH_0081,USD,203.75,2.54,201.21,1,2026-02-07,SETTLED
SETTLE_009701,STRIPE,MERCH_0075,EUR,148.50,8.94,139.56,1,2026-03-14,SETTLED
SETTLE_009702,PAYPAL,MERCH_0026,INR,999.00,13.99,985.01,1,2026-01-29,SETTLED
SETTLE_009703,STRIPE,MERCH_0078,GBP,73.75,1.60,72.15,2,2026-03-30,SETTLED
SETTLE_009704,STRIPE,MERCH_0005,EUR,37.95,0.39,37.56,1,2026-01-15,SETTLED
SETTLE_009705,STRIPE,MERCH_0075,CAD,25.95,1.05,24.90,1,2026-02-17,SETTLED
SETTLE_009706,PAYPAL,MERCH_0055,EUR,261.80,8.77,253.03,1,2026-02-08,SETTLED
SETTLE_009707,ADYEN,MERCH_0066,EUR,270.50,3.90,266.60,1,2026-01-29,SETTLED
SETTLE_009708,ADYEN,MERCH_0088,GBP,173.49,7.70,165.79,1,2026-03-09,SETTLED
SETTLE_009709,ADYEN,MERCH_0008,EUR,59.95,0.95,59.00,1,2026-01-07,SETTLED
SETTLE_009710,ADYEN,MERCH_0048,USD,369.49,4.53,364.96,1,2026-01-15,SETTLED
SETTLE_009711,ADYEN,MERCH_0037,USD,42.00,1.00,41.00,1,2026-03-24,SETTLED
SETTLE_009712,ADYEN,MERCH_0021,EUR,583.25,8.28,574.97,1,2026-01-27,SETTLED
SETTLE_009713,ADYEN,MERCH_0037,USD,395.80,8.43,387.37,1,2026-03-30,SETTLED
SETTLE_009714,ADYEN,MERCH_0078,USD,88.75,1.17,87.58,1,2026-02-20,SETTLED
SETTLE_009715,PAYPAL,MERCH_0083,USD,594.00,21.22,572.78,1,2026-02-18,SETTLED
SETTLE_009716,PAYPAL,MERCH_0057,INR,15000.00,182.00,14818.00,1,2026-01-14,SETTLED
SETTLE_009717,ADYEN,MERCH_0078,USD,276.00,5.92,270.08,1,2026-02-27,SETTLED
SETTLE_009718,PAYPAL,MERCH_0015,EUR,359.50,11.89,347.61,1,2026-01-29,SETTLED
SETTLE_009719,STRIPE,MERCH_0054,CAD,75.95,2.50,73.45,1,2026-03-09,SETTLED
SETTLE_009720,ADYEN,MERCH_0045,USD,47.25,1.11,46.14,1,2026-02-04,SETTLED
SETTLE_009721,STRIPE,MERCH_0047,INR,15075.00,304.50,14770.50,1,2026-03-13,SETTLED
SETTLE_009722,CHECKOUT_COM,MERCH_0002,USD,27.00,0.82,26.18,1,2026-02-17,SETTLED
SETTLE_009723,ADYEN,MERCH_0087,USD,75.49,1.01,74.48,1,2026-02-08,SETTLED
SETTLE_009724,CHECKOUT_COM,MERCH_0078,EUR,3372.95,57.52,3315.43,1,2026-02-10,SETTLED
SETTLE_009725,STRIPE,MERCH_0014,INR,1499.00,32.98,1466.02,1,2026-03-02,SETTLED
SETTLE_009726,STRIPE,MERCH_0087,INR,1499.00,0.00,1499.00,1,2026-01-28,SETTLED
SETTLE_009727,ADYEN,MERCH_0068,USD,1619.25,22.78,1596.47,1,2026-03-28,SETTLED
SETTLE_009728,STRIPE,MERCH_0024,INR,9999.00,202.98,9796.02,1,2026-01-22,SETTLED
SETTLE_009729,STRIPE,MERCH_0033,USD,81.75,1.48,80.27,1,2026-02-19,SETTLED
SETTLE_009730,PAYPAL,MERCH_0029,GBP,394.00,11.73,382.27,1,2026-03-07,SETTLED
SETTLE_009731,CHECKOUT_COM,MERCH_0039,USD,452.95,10.62,442.33,1,2026-01-09,SETTLED
SETTLE_009732,ADYEN,MERCH_0077,EUR,1316.25,4.76,1311.49,1,2026-02-14,SETTLED
SETTLE_009733,PAYPAL,MERCH_0095,USD,475.25,17.08,458.17,1,2026-01-26,SETTLED
SETTLE_009734,STRIPE,MERCH_0004,USD,3215.25,48.48,3166.77,1,2026-01-23,SETTLED
SETTLE_009735,STRIPE,MERCH_0012,USD,112.00,9.93,102.07,1,2026-02-20,SETTLED
SETTLE_009736,ADYEN,MERCH_0054,EUR,35.49,0.27,35.22,2,2026-03-25,SETTLED
SETTLE_009737,PAYPAL,MERCH_0016,USD,75.00,3.11,71.89,1,2026-02-14,SETTLED
SETTLE_009738,CHECKOUT_COM,MERCH_0091,CAD,1079.00,26.12,1052.88,1,2026-03-23,SETTLED
SETTLE_009739,STRIPE,MERCH_0085,CAD,457.00,13.55,443.45,1,2026-01-05,SETTLED
SETTLE_009740,STRIPE,MERCH_0063,INR,499.00,12.98,486.02,1,2026-03-01,SETTLED
SETTLE_009741,PAYPAL,MERCH_0050,USD,74.75,3.10,71.65,1,2026-03-01,SETTLED
SETTLE_009742,PAYPAL,MERCH_0027,INR,2499.00,31.99,2467.01,1,2026-04-01,SETTLED
SETTLE_009743,ADYEN,MERCH_0003,USD,478.50,10.17,468.33,1,2026-02-19,SETTLED
SETTLE_009744,PAYPAL,MERCH_0012,USD,435.25,15.68,419.57,1,2026-02-02,SETTLED
SETTLE_009745,STRIPE,MERCH_0082,USD,80.49,1.46,79.03,1,2026-02-25,SETTLED
SETTLE_009746,PAYPAL,MERCH_0065,USD,57.49,2.50,54.99,1,2026-02-28,SETTLED
SETTLE_009747,STRIPE,MERCH_0008,USD,162.00,2.68,159.32,1,2026-02-24,SETTLED
SETTLE_009748,CHECKOUT_COM,MERCH_0082,EUR,496.95,8.63,488.32,1,2026-01-27,SETTLED
SETTLE_009749,STRIPE,MERCH_0064,USD,327.80,2.87,324.93,1,2026-02-02,SETTLED
SETTLE_009750,STRIPE,MERCH_0025,INR,799.00,0.00,799.00,1,2026-01-10,SETTLED
SETTLE_009751,PAYPAL,MERCH_0069,GBP,1168.95,34.20,1134.75,1,2026-02-09,SETTLED
SETTLE_009752,STRIPE,MERCH_0041,USD,75.25,1.38,73.87,1,2026-03-06,SETTLED
SETTLE_009753,STRIPE,MERCH_0074,CAD,309.50,9.28,300.22,1,2026-03-08,SETTLED
SETTLE_009754,ADYEN,MERCH_0072,INR,23.95,0.46,23.49,1,2026-03-30,SETTLED
SETTLE_009755,CHECKOUT_COM,MERCH_0063,EUR,64.80,1.28,63.52,1,2026-03-23,SETTLED
SETTLE_009756,STRIPE,MERCH_0011,USD,460.99,7.16,453.83,1,2026-03-27,SETTLED
SETTLE_009757,STRIPE,MERCH_0026,EUR,20.80,8.30,12.50,1,2026-03-11,SETTLED
SETTLE_009759,STRIPE,MERCH_0060,USD,255.80,7.72,248.08,1,2026-02-22,SETTLED
SETTLE_009760,ADYEN,MERCH_0045,EUR,545.00,2.06,542.94,1,2026-02-13,SETTLED
SETTLE_009761,STRIPE,MERCH_0075,USD,371.25,3.22,368.03,1,2026-01-10,SETTLED
SETTLE_009762,STRIPE,MERCH_0001,GBP,427.95,8.33,419.62,1,2026-02-17,SETTLED
SETTLE_009763,STRIPE,MERCH_0081,CAD,40.80,1.48,39.32,1,2026-02-03,SETTLED
SETTLE_009764,PAYPAL,MERCH_0009,EUR,1553.99,50.12,1503.87,1,2026-03-01,SETTLED
SETTLE_009765,STRIPE,MERCH_0085,CAD,2613.80,76.10,2537.70,1,2026-04-01,SETTLED
SETTLE_009766,ADYEN,MERCH_0009,USD,279.80,6.00,273.80,1,2026-03-31,SETTLED
SETTLE_009767,PAYPAL,MERCH_0053,INR,799.00,11.59,787.41,1,2026-03-12,SETTLED
SETTLE_009768,STRIPE,MERCH_0097,USD,70.95,0.82,70.13,1,2026-01-26,SETTLED
SETTLE_009769,STRIPE,MERCH_0084,GBP,59.50,1.33,58.17,1,2026-02-07,SETTLED
SETTLE_009770,STRIPE,MERCH_0043,USD,590.50,17.42,573.08,1,2026-02-15,SETTLED
SETTLE_009771,STRIPE,MERCH_0078,USD,575.50,4.85,570.65,1,2026-03-06,SETTLED
SETTLE_009772,STRIPE,MERCH_0006,INR,2499.00,52.98,2446.02,1,2026-02-20,SETTLED
SETTLE_009773,ADYEN,MERCH_0064,GBP,3046.50,45.80,3000.70,1,2026-04-01,SETTLED
SETTLE_009774,STRIPE,MERCH_0006,USD,93.95,1.00,92.95,1,2026-01-06,SETTLED
SETTLE_009775,PAYPAL,MERCH_0089,INR,499.00,7.99,491.01,1,2026-02-26,SETTLED
SETTLE_009776,ADYEN,MERCH_0085,EUR,73.75,1.14,72.61,1,2026-03-19,SETTLED
SETTLE_009777,CHECKOUT_COM,MERCH_0053,USD,1900.99,43.92,1857.07,1,2026-01-09,SETTLED
SETTLE_009778,STRIPE,MERCH_0012,EUR,37.00,0.39,36.61,1,2026-01-15,SETTLED
SETTLE_009779,ADYEN,MERCH_0099,GBP,549.50,8.34,541.16,2,2026-01-12,SETTLED
SETTLE_009780,STRIPE,MERCH_0084,GBP,595.99,11.52,584.47,1,2026-01-08,SETTLED
SETTLE_009782,STRIPE,MERCH_0050,INR,2499.00,0.00,2499.00,1,2026-02-08,SETTLED
SETTLE_009783,PAYPAL,MERCH_0067,USD,49.95,2.23,47.72,1,2026-01-13,SETTLED
SETTLE_009784,STRIPE,MERCH_0096,GBP,263.25,5.20,258.05,1,2026-01-08,SETTLED
SETTLE_009785,STRIPE,MERCH_0026,INR,2499.00,0.00,2499.00,1,2026-01-08,SETTLED
SETTLE_009786,STRIPE,MERCH_0061,EUR,94.25,0.67,93.58,1,2026-02-13,SETTLED
SETTLE_009787,PAYPAL,MERCH_0009,USD,249.25,9.19,240.06,1,2026-01-10,SETTLED
SETTLE_009788,STRIPE,MERCH_0086,EUR,176.99,1.08,175.91,1,2026-03-27,SETTLED
SETTLE_009789,STRIPE,MERCH_0005,INR,4999.00,102.98,4896.02,1,2026-03-22,SETTLED
SETTLE_009790,STRIPE,MERCH_0080,USD,1840.50,53.67,1786.83,1,2026-01-10,SETTLED
SETTLE_009791,ADYEN,MERCH_0077,GBP,1725.80,25.99,1699.81,1,2026-01-09,SETTLED
SETTLE_009792,PAYPAL,MERCH_0060,INR,253.49,9.34,244.15,1,2026-03-27,SETTLED
SETTLE_009793,STRIPE,MERCH_0050,INR,999.00,22.98,976.02,1,2026-01-22,SETTLED
SETTLE_009794,ADYEN,MERCH_0047,USD,806.25,17.05,789.20,1,2026-01-19,SETTLED
SETTLE_009795,ADYEN,MERCH_0005,GBP,149.50,2.34,147.16,1,2026-03-29,SETTLED
SETTLE_009796,CHECKOUT_COM,MERCH_0018,CAD,57.00,1.59,55.41,1,2026-01-26,SETTLED
SETTLE_009797,ADYEN,MERCH_0023,USD,78.00,1.04,76.96,1,2026-01-10,SETTLED
SETTLE_009798,PAYPAL,MERCH_0070,EUR,2913.49,93.62,2819.87,1,2026-01-11,SETTLED
SETTLE_009799,CHECKOUT_COM,MERCH_0003,USD,3194.80,73.68,3121.12,1,2026-02-15,SETTLED
SETTLE_009800,STRIPE,MERCH_0052,EUR,80.99,1.79,79.20,1,2026-03-21,SETTLED
SETTLE_009801,CHECKOUT_COM,MERCH_0046,EUR,315.95,5.55,310.40,1,2026-02-25,SETTLED
SETTLE_009802,CHECKOUT_COM,MERCH_0074,CAD,420.95,10.32,410.63,1,2026-03-05,SETTLED
SETTLE_009803,ADYEN,MERCH_0093,EUR,380.00,1.48,378.52,1,2026-03-25,SETTLED
SETTLE_009804,ADYEN,MERCH_0032,USD,27.25,0.43,26.82,1,2026-03-06,SETTLED
SETTLE_009805,STRIPE,MERCH_0027,USD,490.50,14.52,475.98,1,2026-01-19,SETTLED
SETTLE_009806,CHECKOUT_COM,MERCH_0094,GBP,57.00,1.18,55.82,1,2026-03-28,SETTLED
SETTLE_009807,STRIPE,MERCH_0008,GBP,374.75,7.32,367.43,1,2026-01-02,SETTLED
SETTLE_009808,ADYEN,MERCH_0045,EUR,452.99,6.45,446.54,1,2026-03-25,SETTLED
SETTLE_009809,STRIPE,MERCH_0031,INR,3999.00,84.48,3914.52,1,2026-03-30,SETTLED
SETTLE_009810,CHECKOUT_COM,MERCH_0094,USD,2740.99,63.24,2677.75,1,2026-03-15,SETTLED
SETTLE_009811,ADYEN,MERCH_0075,USD,3340.25,40.18,3300.07,1,2026-01-10,SETTLED
SETTLE_009812,STRIPE,MERCH_0011,EUR,79.49,1.76,77.73,1,2026-01-09,SETTLED
SETTLE_009813,PAYPAL,MERCH_0044,INR,4999.00,61.99,4937.01,1,2026-03-23,SETTLED
SETTLE_009814,PAYPAL,MERCH_0018,INR,15000.00,182.00,14818.00,1,2026-01-18,SETTLED
SETTLE_009815,ADYEN,MERCH_0052,EUR,541.75,2.05,539.70,1,2026-02-27,SETTLED
SETTLE_009816,ADYEN,MERCH_0019,EUR,796.49,11.26,785.23,1,2026-01-26,SETTLED
SETTLE_009817,ADYEN,MERCH_0002,EUR,1647.75,5.92,1641.83,1,2026-01-05,SETTLED
SETTLE_009818,PAYPAL,MERCH_0006,USD,42.00,1.96,40.04,1,2026-03-23,SETTLED
SETTLE_009820,STRIPE,MERCH_0070,EUR,54.99,1.29,53.70,1,2026-03-18,SETTLED
SETTLE_009821,PAYPAL,MERCH_0064,EUR,152.80,5.28,147.52,1,2026-01-05,SETTLED
SETTLE_009822,CHECKOUT_COM,MERCH_0017,USD,553.95,12.94,541.01,1,2026-01-19,SETTLED
SETTLE_009823,PAYPAL,MERCH_0065,EUR,35.49,1.53,33.96,1,2026-02-21,SETTLED
SETTLE_009824,STRIPE,MERCH_0036,INR,335.49,10.03,325.46,1,2026-03-31,SETTLED
SETTLE_009825,STRIPE,MERCH_0074,EUR,319.50,1.80,317.70,1,2026-02-07,SETTLED
SETTLE_009826,STRIPE,MERCH_0053,GBP,646.75,12.49,634.26,2,2026-01-30,SETTLED
SETTLE_009827,STRIPE,MERCH_0029,USD,43.99,1.58,42.41,1,2026-02-16,SETTLED
SETTLE_009828,CHECKOUT_COM,MERCH_0020,CAD,45.99,1.32,44.67,1,2026-01-08,SETTLED
SETTLE_009829,CHECKOUT_COM,MERCH_0034,EUR,1951.95,33.36,1918.59,1,2026-03-09,SETTLED
SETTLE_009830,ADYEN,MERCH_0038,USD,3102.99,61.78,3041.21,1,2026-01-21,SETTLED
SETTLE_009831,STRIPE,MERCH_0032,INR,4099.00,84.98,4014.02,1,2026-02-13,SETTLED
SETTLE_009832,ADYEN,MERCH_0048,EUR,55.80,0.35,55.45,1,2026-03-27,SETTLED
SETTLE_009833,STRIPE,MERCH_0032,CAD,47.95,1.69,46.26,1,2026-01-31,SETTLED
SETTLE_009834,PAYPAL,MERCH_0020,EUR,425.25,14.00,411.25,1,2026-03-21,SETTLED
SETTLE_009835,CHECKOUT_COM,MERCH_0033,GBP,584.50,10.67,573.83,1,2026-03-16,SETTLED
SETTLE_009836,PAYPAL,MERCH_0002,INR,1514.00,20.17,1493.83,1,2026-01-23,SETTLED
SETTLE_009837,ADYEN,MERCH_0020,GBP,341.95,5.23,336.72,1,2026-03-08,SETTLED
SETTLE_009838,CHECKOUT_COM,MERCH_0013,CAD,71.95,1.95,70.00,1,2026-01-12,SETTLED
SETTLE_009839,ADYEN,MERCH_0071,GBP,244.00,6.26,237.74,1,2026-02-26,SETTLED
SETTLE_009840,PAYPAL,MERCH_0034,EUR,66.49,2.52,63.97,1,2026-03-09,SETTLED
SETTLE_009841,STRIPE,MERCH_0050,USD,18.95,0.53,18.42,1,2026-03-27,SETTLED
SETTLE_009842,ADYEN,MERCH_0052,EUR,54.80,0.88,53.92,1,2026-01-21,SETTLED
SETTLE_009843,PAYPAL,MERCH_0075,EUR,413.95,13.64,400.31,1,2026-01-02,SETTLED
SETTLE_009844,STRIPE,MERCH_0075,EUR,285.25,1.63,283.62,1,2026-02-10,SETTLED
SETTLE_009845,STRIPE,MERCH_0052,GBP,601.75,11.63,590.12,1,2026-03-21,SETTLED
SETTLE_009846,STRIPE,MERCH_0018,INR,9999.00,0.00,9999.00,1,2026-03-05,SETTLED
SETTLE_009847,ADYEN,MERCH_0026,USD,443.25,5.42,437.83,1,2026-03-26,SETTLED
SETTLE_009848,STRIPE,MERCH_0068,INR,499.00,0.00,499.00,1,2026-03-18,SETTLED
SETTLE_009849,STRIPE,MERCH_0038,USD,2034.75,30.77,2003.98,1,2026-01-24,SETTLED
SETTLE_009850,STRIPE,MERCH_0036,USD,25.75,0.46,25.29,1,2026-01-16,SETTLED
SETTLE_009851,STRIPE,MERCH_0023,INR,3999.00,0.00,3999.00,1,2026-01-08,SETTLED
SETTLE_009852,STRIPE,MERCH_0036,USD,4999.00,102.98,4896.02,1,2026-03-01,SETTLED
SETTLE_009853,STRIPE,MERCH_0050,INR,1999.00,42.98,1956.02,1,2026-01-24,SETTLED
SETTLE_009854,STRIPE,MERCH_0048,USD,1386.49,40.51,1345.98,1,2026-03-05,SETTLED
SETTLE_009855,STRIPE,MERCH_0094,USD,54.49,0.69,53.80,1,2026-03-27,SETTLED
SETTLE_009856,STRIPE,MERCH_0038,INR,9999.00,0.00,9999.00,1,2026-01-16,SETTLED
SETTLE_009857,PAYPAL,MERCH_0094,INR,499.00,7.99,491.01,1,2026-01-13,SETTLED
SETTLE_009858,STRIPE,MERCH_0075,INR,2499.00,0.00,2499.00,1,2026-01-16,SETTLED
SETTLE_009859,CHECKOUT_COM,MERCH_0046,CAD,554.50,13.53,540.97,1,2026-03-18,SETTLED
SETTLE_009860,STRIPE,MERCH_0083,EUR,50.25,1.20,49.05,1,2026-03-10,SETTLED
SETTLE_009861,STRIPE,MERCH_0067,EUR,467.25,2.54,464.71,1,2026-01-05,SETTLED
SETTLE_009862,PAYPAL,MERCH_0004,INR,299.00,5.59,293.41,1,2026-02-26,SETTLED
SETTLE_009863,STRIPE,MERCH_0088,EUR,74.00,0.57,73.43,1,2026-03-15,SETTLED
SETTLE_009864,ADYEN,MERCH_0077,EUR,563.75,2.12,561.63,1,2026-03-15,SETTLED
SETTLE_009865,STRIPE,MERCH_0097,INR,15000.00,0.00,15000.00,1,2026-01-07,SETTLED
SETTLE_009866,ADYEN,MERCH_0064,GBP,109.80,1.75,108.05,1,2026-02-15,SETTLED
SETTLE_009868,STRIPE,MERCH_0089,USD,47.00,0.63,46.37,1,2026-01-14,SETTLED
SETTLE_009869,STRIPE,MERCH_0056,EUR,221.99,4.47,217.52,1,2026-02-25,SETTLED
SETTLE_009870,ADYEN,MERCH_0036,EUR,206.75,0.87,205.88,1,2026-02-18,SETTLED
SETTLE_009871,STRIPE,MERCH_0048,INR,299.00,0.00,299.00,1,2026-03-19,SETTLED
SETTLE_009872,PAYPAL,MERCH_0033,USD,1092.49,38.62,1053.87,1,2026-02-27,SETTLED
SETTLE_009873,PAYPAL,MERCH_0029,INR,2499.00,31.99,2467.01,1,2026-03-28,SETTLED
SETTLE_009874,PAYPAL,MERCH_0016,USD,2567.25,90.09,2477.16,1,2026-02-01,SETTLED
SETTLE_009875,CHECKOUT_COM,MERCH_0076,USD,28.50,4.61,23.89,1,2026-02-26,SETTLED
SETTLE_009876,CHECKOUT_COM,MERCH_0059,GBP,2022.75,36.56,1986.19,1,2026-01-28,SETTLED
SETTLE_009877,CHECKOUT_COM,MERCH_0097,EUR,168.75,3.05,165.70,1,2026-02-10,SETTLED
SETTLE_009878,STRIPE,MERCH_0062,USD,678.00,5.67,672.33,1,2026-02-17,SETTLED
SETTLE_009879,ADYEN,MERCH_0016,EUR,21.00,0.40,20.60,1,2026-04-01,SETTLED
SETTLE_009880,STRIPE,MERCH_0057,INR,999.00,0.00,999.00,1,2026-02-20,SETTLED
SETTLE_009881,CHECKOUT_COM,MERCH_0099,USD,28.50,0.86,27.64,1,2026-03-30,SETTLED
SETTLE_009882,PAYPAL,MERCH_0056,EUR,1039.80,33.66,1006.14,1,2026-01-03,SETTLED
SETTLE_009883,STRIPE,MERCH_0079,USD,30.99,0.71,30.28,1,2026-01-27,SETTLED
SETTLE_009884,PAYPAL,MERCH_0095,USD,293.49,10.73,282.76,2,2026-01-31,SETTLED
SETTLE_009885,STRIPE,MERCH_0058,INR,9999.00,202.98,9796.02,1,2026-03-09,SETTLED
SETTLE_009886,STRIPE,MERCH_0046,INR,15000.00,0.00,15000.00,1,2026-02-12,SETTLED
SETTLE_009887,STRIPE,MERCH_0051,INR,4999.00,0.00,4999.00,1,2026-03-24,SETTLED
SETTLE_009888,STRIPE,MERCH_0071,USD,32.50,0.74,31.76,1,2026-01-26,SETTLED
SETTLE_009889,STRIPE,MERCH_0002,USD,513.95,15.20,498.75,1,2026-01-12,SETTLED
SETTLE_009890,STRIPE,MERCH_0094,USD,529.80,15.66,514.14,1,2026-01-18,SETTLED
SETTLE_009891,PAYPAL,MERCH_0023,EUR,488.49,16.02,472.47,1,2026-03-26,SETTLED
SETTLE_009892,ADYEN,MERCH_0059,GBP,34.80,0.62,34.18,1,2026-03-14,SETTLED
SETTLE_009893,ADYEN,MERCH_0055,EUR,17.25,0.21,17.04,1,2026-01-03,SETTLED
SETTLE_009894,STRIPE,MERCH_0099,CAD,62.25,2.11,60.14,1,2026-01-19,SETTLED
SETTLE_009895,STRIPE,MERCH_0021,USD,53.25,1.84,51.41,1,2026-02-05,SETTLED
SETTLE_009896,ADYEN,MERCH_0038,USD,61.99,1.42,60.57,1,2026-04-02,SETTLED
SETTLE_009898,CHECKOUT_COM,MERCH_0100,USD,70.99,1.83,69.16,1,2026-03-17,SETTLED
SETTLE_009899,ADYEN,MERCH_0023,USD,32.50,0.49,32.01,1,2026-02-20,SETTLED
SETTLE_009900,STRIPE,MERCH_0096,INR,77.49,0.59,76.90,1,2026-03-21,SETTLED
SETTLE_009901,PAYPAL,MERCH_0027,EUR,286.25,11.05,275.20,1,2026-02-04,SETTLED
SETTLE_009902,STRIPE,MERCH_0025,USD,50.99,0.66,50.33,1,2026-02-02,SETTLED
SETTLE_009903,STRIPE,MERCH_0016,USD,44.25,0.91,43.34,1,2026-03-11,SETTLED
SETTLE_009904,ADYEN,MERCH_0022,GBP,48.00,0.82,47.18,1,2026-02-17,SETTLED
SETTLE_009905,STRIPE,MERCH_0044,USD,1765.49,14.37,1751.12,1,2026-02-05,SETTLED
SETTLE_009906,PAYPAL,MERCH_0063,GBP,44.49,1.59,42.90,1,2026-03-11,SETTLED
SETTLE_009907,ADYEN,MERCH_0017,GBP,544.75,8.27,536.48,1,2026-03-23,SETTLED
SETTLE_009908,STRIPE,MERCH_0055,USD,1006.75,29.50,977.25,1,2026-02-05,SETTLED
SETTLE_009909,STRIPE,MERCH_0063,EUR,97.00,0.69,96.31,1,2026-02-14,SETTLED
SETTLE_009910,STRIPE,MERCH_0031,USD,58.75,2.00,56.75,1,2026-01-14,SETTLED
SETTLE_009911,ADYEN,MERCH_0012,USD,62.95,4.61,58.34,1,2026-02-18,SETTLED
SETTLE_009912,STRIPE,MERCH_0001,CAD,71.80,2.38,69.42,1,2026-04-01,SETTLED
SETTLE_009913,STRIPE,MERCH_0003,GBP,122.95,2.54,120.41,1,2026-03-28,SETTLED
SETTLE_009914,ADYEN,MERCH_0001,USD,502.99,6.14,496.85,1,2026-01-13,SETTLED
SETTLE_009915,PAYPAL,MERCH_0074,EUR,71.25,2.67,68.58,1,2026-03-27,SETTLED
SETTLE_009916,CHECKOUT_COM,MERCH_0036,EUR,550.95,9.55,541.40,1,2026-03-08,SETTLED
SETTLE_009917,STRIPE,MERCH_0093,CAD,342.75,10.24,332.51,1,2026-01-21,SETTLED
SETTLE_009918,PAYPAL,MERCH_0075,GBP,52.99,1.84,51.15,1,2026-01-23,SETTLED
SETTLE_009919,STRIPE,MERCH_0057,INR,9999.00,0.00,9999.00,1,2026-02-27,SETTLED
SETTLE_009920,STRIPE,MERCH_0029,CAD,466.00,13.81,452.19,1,2026-01-08,SETTLED
SETTLE_009921,STRIPE,MERCH_0089,EUR,41.49,1.04,40.45,1,2026-02-10,SETTLED
SETTLE_009922,PAYPAL,MERCH_0051,EUR,62.00,6.12,55.88,1,2026-03-24,SETTLED
SETTLE_009923,CHECKOUT_COM,MERCH_0056,CAD,34.99,1.06,33.93,1,2026-01-31,SETTLED
SETTLE_009924,ADYEN,MERCH_0047,EUR,53.75,0.86,52.89,1,2026-02-28,SETTLED
SETTLE_009925,STRIPE,MERCH_0008,USD,29.75,0.70,29.05,1,2026-03-28,SETTLED
SETTLE_009926,STRIPE,MERCH_0093,CAD,27.50,1.10,26.40,1,2026-02-02,SETTLED
SETTLE_009927,ADYEN,MERCH_0061,GBP,22.75,0.44,22.31,1,2026-03-16,SETTLED
SETTLE_009928,CHECKOUT_COM,MERCH_0066,CAD,218.49,5.46,213.03,1,2026-03-14,SETTLED
SETTLE_009929,STRIPE,MERCH_0023,INR,799.00,18.98,780.02,1,2026-02-16,SETTLED
SETTLE_009930,ADYEN,MERCH_0059,USD,21.49,0.57,20.92,1,2026-01-19,SETTLED
SETTLE_009931,PAYPAL,MERCH_0039,GBP,584.49,17.25,567.24,1,2026-02-12,SETTLED
SETTLE_009932,STRIPE,MERCH_0024,EUR,182.00,1.11,180.89,1,2026-03-25,SETTLED
SETTLE_009933,CHECKOUT_COM,MERCH_0046,GBP,200.00,3.75,196.25,1,2026-01-13,SETTLED
SETTLE_009934,STRIPE,MERCH_0078,USD,3269.99,49.30,3220.69,1,2026-01-27,SETTLED
SETTLE_009935,PAYPAL,MERCH_0063,GBP,2156.99,62.85,2094.14,1,2026-02-07,SETTLED
SETTLE_009936,STRIPE,MERCH_0040,CAD,37.50,1.39,36.11,1,2026-02-06,SETTLED
SETTLE_009937,STRIPE,MERCH_0052,USD,2041.00,59.49,1981.51,1,2026-02-12,SETTLED
SETTLE_009938,ADYEN,MERCH_0002,EUR,52.50,0.33,52.17,1,2026-02-24,SETTLED
SETTLE_009939,STRIPE,MERCH_0098,USD,36.80,0.54,36.26,1,2026-01-14,SETTLED
SETTLE_009940,ADYEN,MERCH_0035,USD,2766.00,58.21,2707.79,1,2026-03-30,SETTLED
SETTLE_009941,PAYPAL,MERCH_0029,GBP,1881.49,54.86,1826.63,1,2026-02-17,SETTLED
SETTLE_009942,STRIPE,MERCH_0047,USD,42.99,1.55,41.44,1,2026-01-05,SETTLED
SETTLE_009943,STRIPE,MERCH_0080,CAD,628.95,18.54,610.41,1,2026-01-24,SETTLED
SETTLE_009944,STRIPE,MERCH_0055,USD,354.80,5.57,349.23,1,2026-02-06,SETTLED
SETTLE_009945,STRIPE,MERCH_0060,EUR,257.95,5.15,252.80,1,2026-02-18,SETTLED
SETTLE_009946,PAYPAL,MERCH_0076,EUR,41.50,1.72,39.78,1,2026-01-09,SETTLED
SETTLE_009947,CHECKOUT_COM,MERCH_0080,USD,450.99,10.57,440.42,1,2026-02-11,SETTLED
SETTLE_009948,STRIPE,MERCH_0008,INR,3999.00,0.00,3999.00,1,2026-01-13,SETTLED
SETTLE_009949,PAYPAL,MERCH_0078,EUR,143.00,4.97,138.03,1,2026-02-09,SETTLED
SETTLE_009950,PAYPAL,MERCH_0042,USD,647.95,23.10,624.85,1,2026-02-19,SETTLED
SETTLE_009951,ADYEN,MERCH_0087,EUR,316.50,9.26,307.24,1,2026-02-24,SETTLED
SETTLE_009952,STRIPE,MERCH_0052,INR,3999.00,0.00,3999.00,1,2026-03-12,SETTLED
SETTLE_009953,STRIPE,MERCH_0078,USD,51.25,1.02,50.23,1,2026-01-26,SETTLED
SETTLE_009954,STRIPE,MERCH_0041,CAD,36.00,1.34,34.66,1,2026-01-23,SETTLED
SETTLE_009955,STRIPE,MERCH_0083,EUR,303.80,1.72,302.08,1,2026-02-09,SETTLED
SETTLE_009956,ADYEN,MERCH_0100,GBP,56.00,0.94,55.06,1,2026-03-13,SETTLED
SETTLE_009957,ADYEN,MERCH_0088,USD,1128.75,23.82,1104.93,1,2026-02-19,SETTLED
SETTLE_009958,PAYPAL,MERCH_0042,EUR,587.99,19.21,568.78,1,2026-02-21,SETTLED
SETTLE_009959,PAYPAL,MERCH_0090,GBP,644.00,18.98,625.02,1,2026-02-28,SETTLED
SETTLE_009960,CHECKOUT_COM,MERCH_0001,USD,574.25,13.41,560.84,1,2026-02-06,SETTLED
SETTLE_009961,STRIPE,MERCH_0070,GBP,18.50,0.55,17.95,1,2026-02-28,SETTLED
SETTLE_009962,PAYPAL,MERCH_0063,USD,569.50,20.37,549.13,1,2026-02-25,SETTLED
SETTLE_009963,ADYEN,MERCH_0037,GBP,111.49,1.77,109.72,1,2026-03-19,SETTLED
SETTLE_009964,ADYEN,MERCH_0095,USD,1894.99,39.91,1855.08,1,2026-01-15,SETTLED
SETTLE_009965,ADYEN,MERCH_0088,USD,509.49,6.21,503.28,1,2026-03-30,SETTLED
SETTLE_009966,CHECKOUT_COM,MERCH_0023,GBP,27.25,0.64,26.61,1,2026-01-11,SETTLED
SETTLE_009967,STRIPE,MERCH_0017,EUR,63.25,0.52,62.73,1,2026-03-10,SETTLED
SETTLE_009968,STRIPE,MERCH_0029,USD,40.95,0.58,40.37,1,2026-01-23,SETTLED
SETTLE_009969,PAYPAL,MERCH_0079,USD,339.49,12.34,327.15,1,2026-01-06,SETTLED
SETTLE_009970,CHECKOUT_COM,MERCH_0097,USD,24.95,0.77,24.18,1,2026-03-07,SETTLED
SETTLE_009971,STRIPE,MERCH_0035,EUR,287.00,5.70,281.30,2,2026-01-29,SETTLED
SETTLE_009972,CHECKOUT_COM,MERCH_0003,GBP,343.99,6.34,337.65,1,2026-03-31,SETTLED
SETTLE_009973,CHECKOUT_COM,MERCH_0084,EUR,279.00,4.92,274.08,1,2026-03-27,SETTLED
SETTLE_009974,ADYEN,MERCH_0035,EUR,32.75,0.26,32.49,1,2026-02-07,SETTLED
SETTLE_009975,STRIPE,MERCH_0016,EUR,278.80,1.59,277.21,1,2026-03-09,SETTLED
SETTLE_009976,STRIPE,MERCH_0044,GBP,73.49,1.60,71.89,1,2026-01-31,SETTLED
SETTLE_009977,STRIPE,MERCH_0054,INR,9999.00,0.00,9999.00,1,2026-01-10,SETTLED
SETTLE_009978,PAYPAL,MERCH_0079,INR,299.00,5.59,293.41,2,2026-01-24,SETTLED
SETTLE_009979,STRIPE,MERCH_0029,USD,31.95,0.81,31.14,1,2026-01-19,SETTLED
SETTLE_009980,ADYEN,MERCH_0067,EUR,2417.75,8.61,2409.14,1,2026-04-01,SETTLED
SETTLE_009981,STRIPE,MERCH_0053,EUR,233.75,9.69,224.06,1,2026-01-19,SETTLED
SETTLE_009982,STRIPE,MERCH_0082,INR,3999.00,0.00,3999.00,1,2026-01-31,SETTLED
SETTLE_009983,CHECKOUT_COM,MERCH_0091,USD,2217.75,51.21,2166.54,1,2026-02-25,SETTLED
SETTLE_009984,CHECKOUT_COM,MERCH_0002,USD,454.25,10.65,443.60,1,2026-01-23,SETTLED
SETTLE_009985,ADYEN,MERCH_0051,USD,764.25,16.17,748.08,1,2026-03-23,SETTLED
SETTLE_009986,ADYEN,MERCH_0081,USD,1022.00,12.36,1009.64,1,2026-01-26,SETTLED
SETTLE_009987,PAYPAL,MERCH_0086,EUR,73.00,2.73,70.27,1,2026-03-28,SETTLED
SETTLE_009988,CHECKOUT_COM,MERCH_0064,GBP,3335.25,60.18,3275.07,1,2026-03-29,SETTLED
SETTLE_009989,CHECKOUT_COM,MERCH_0018,CAD,56.80,1.58,55.22,1,2026-01-16,SETTLED
SETTLE_009990,STRIPE,MERCH_0032,INR,799.00,18.98,780.02,2,2026-03-07,SETTLED
SETTLE_009991,STRIPE,MERCH_0026,USD,2696.95,78.51,2618.44,1,2026-03-16,SETTLED
SETTLE_009992,ADYEN,MERCH_0050,EUR,65.00,1.02,63.98,1,2026-01-02,SETTLED
SETTLE_009993,PAYPAL,MERCH_0043,INR,345.00,12.53,332.47,1,2026-01-02,SETTLED
SETTLE_009994,ADYEN,MERCH_0039,EUR,49.75,0.81,48.94,1,2026-03-27,SETTLED
SETTLE_009995,CHECKOUT_COM,MERCH_0076,CAD,45.50,1.31,44.19,1,2026-02-10,SETTLED
SETTLE_009996,PAYPAL,MERCH_0023,INR,299.00,5.59,293.41,1,2026-03-12,SETTLED
SETTLE_009997,STRIPE,MERCH_0082,INR,3999.00,82.98,3916.02,1,2026-03-11,SETTLED
SETTLE_009998,STRIPE,MERCH_0006,CAD,70.00,2.33,67.67,1,2026-03-28,SETTLED
SETTLE_009999,ADYEN,MERCH_0065,EUR,637.49,2.38,635.11,1,2026-03-31,SETTLED
SETTLE_010000,STRIPE,MERCH_0063,USD,445.00,6.92,438.08,1,2026-01-20,SETTLED
